year,country_name,life_evaluation_3_year_average,explained_by_log_gdp_per_capita,explained_by_social_support,explained_by_healthy_life_expectancy,explained_by_freedom_to_make_life_choices,explained_by_generosity,explained_by_perceptions_of_corruption,key_iso3_year,inflation_cpi,gdp_current_usd,gdp_per_capita_current_usd,unemployment_rate_,inflation_gdp_deflator,gdp_growth_annual,current_account_balance_gdp,government_expense_of_gdp,government_revenue_of_gdp,tax_revenue_of_gdp,gross_national_income_usd,country_code
2024,Afghanistan,1.364,0.649,0.0,0.155,0.0,0.075,0.135,AFG2024,-6.601,,,13.295,,,,,,,,AFG
2023,Afghanistan,1.721,0.628,0.0,0.242,0.0,0.091,0.088,AFG2023,-4.645,17233051620.112,415.707,13.991,2.962,2.711,,,,,17315384702.895,AFG
2022,Afghanistan,1.859,0.645,0.0,0.087,0.0,0.093,0.059,AFG2022,13.712,14497243872.134,357.261,14.1,9.406,-6.24,,,,,14540297385.724,AFG
2021,Afghanistan,2.404,0.758,0.0,0.289,0.0,0.089,0.005,AFG2021,5.133,14259995441.076,356.496,11.994,2.839,-20.739,,,,,14346089107.591,AFG
2020,Afghanistan,2.523,0.37,0.0,0.126,0.0,0.122,0.01,AFG2020,5.602,19955929052.15,510.787,11.71,6.963,-2.351,-15.718,,,,20105156769.191,AFG
2019,Afghanistan,2.567,0.301,0.356,0.266,0.0,0.135,0.001,AFG2019,2.302,18799444490.113,496.603,11.185,6.521,3.912,-20.17,,,,19080662010.748,AFG
2018,Afghanistan,3.203,,,,,,,AFG2018,0.626,18053222687.413,491.337,11.196,2.071,1.189,-21.585,,,,18294513957.552,AFG
2017,Afghanistan,3.632,,,,,,,AFG2017,4.976,18753456497.816,525.47,11.184,2.404,2.647,-18.956,39.22,13.039,9.898,18961769787.455,AFG
2016,Afghanistan,3.794,,,,,,,AFG2016,4.384,18116572395.077,522.082,10.133,-2.198,2.26,-14.95,43.923,12.678,9.503,18350475875.3,AFG
2015,Afghanistan,3.36,,,,,,,AFG2015,-0.662,19134221644.732,565.57,9.052,2.448,1.451,-21.913,37.023,10.131,7.585,19249499438.746,AFG
2014,Afghanistan,3.575,,,,,,,AFG2014,4.674,20497128555.697,625.055,7.915,0.567,2.725,-15.772,44.589,8.614,6.882,20559672324.909,AFG
2012,Afghanistan,4.04,,,,,,,AFG2012,6.441,19907329777.587,651.417,7.856,7.302,12.752,-25.871,42.329,10.201,7.708,19961261595.025,AFG
2011,Afghanistan,4.258,,,,,,,AFG2011,11.804,17805098206.314,606.695,7.784,16.593,0.426,-12.62,59.485,11.51,8.917,17781511431.23,AFG
2024,Albania,5.411,1.371,1.122,0.696,0.841,0.103,0.057,ALB2024,2.214,,,10.25,,,,,,,,ALB
2023,Albania,5.304,1.438,0.924,0.638,0.69,0.138,0.049,ALB2023,4.76,23547179830.441,8575.171,10.108,6.066,3.937,-1.196,25.376,24.697,17.76,23246482646.279,ALB
2022,Albania,5.277,1.449,0.951,0.48,0.549,0.133,0.037,ALB2022,6.725,19017242585.78,6846.426,10.137,9.862,4.827,-5.872,27.003,24.732,18.061,18686023829.072,ALB
2021,Albania,5.199,1.439,0.646,0.719,0.511,0.138,0.028,ALB2021,2.041,18032010563.756,6413.283,11.474,3.444,8.97,-7.596,24.398,25.047,18.096,17780838454.984,ALB
2020,Albania,5.117,1.008,0.529,0.646,0.491,0.168,0.024,ALB2020,1.621,15241458744.869,5370.779,11.69,0.041,-3.314,-8.625,24.605,23.701,16.896,14991229141.556,ALB
2019,Albania,4.883,0.907,0.83,0.846,0.462,0.171,0.025,ALB2019,1.411,15585105131.064,5460.428,11.466,1.001,2.063,-7.821,22.878,24.846,17.931,15383523591.851,ALB
2018,Albania,4.719,,,,,,,ALB2018,2.028,15379509891.72,5365.489,12.304,2.967,4.019,-6.608,22.929,25.108,18.277,15361070727.354,ALB
2017,Albania,4.586,,,,,,,ALB2017,2.061,13019726211.737,4531.032,13.616,1.451,3.803,-7.544,23.868,25.733,18.887,13051517643.621,ALB
2016,Albania,4.644,,,,,,,ALB2016,-0.367,11861199830.84,4124.055,15.418,-0.633,3.315,-7.591,23.957,24.279,17.59,12053832974.203,ALB
2015,Albania,4.655,,,,,,,ALB2015,3.501,11386853113.019,3952.804,17.193,0.564,2.219,-8.605,24.446,24.738,18.516,11521811393.62,ALB
2014,Albania,4.959,,,,,,,ALB2014,1.626,13228147516.117,4578.633,18.055,1.55,1.774,-10.775,24.383,24.525,18.302,13349419700.417,ALB
2012,Albania,5.55,,,,,,,ALB2012,2.032,12319834195.331,4247.631,13.376,1.043,1.417,-10.2,23.008,23.051,17.483,12228069196.114,ALB
2011,Albania,5.134,,,,,,,ALB2011,3.428,12890760315.146,4437.141,13.481,2.315,2.545,-12.933,23.011,23.9,18.022,12894099798.948,ALB
2024,Algeria,5.571,1.315,1.363,0.782,0.522,0.057,0.219,DZA2024,4.046,,,11.427,,,,,,,,DZA
2023,Algeria,5.364,1.324,1.191,0.568,0.247,0.091,0.2,DZA2023,9.322,247626161016.414,5364.028,11.701,0.855,4.1,2.568,,,,244041138304.928,DZA
2022,Algeria,5.329,1.353,1.298,0.409,0.252,0.073,0.152,DZA2022,9.266,225638456572.143,4961.553,12.346,22.951,3.6,8.612,,,,220378411278.286,DZA
2021,Algeria,5.122,1.363,0.97,0.643,0.146,0.106,0.15,DZA2021,7.226,186231205262.082,4160.559,13.63,15.933,3.8,-2.423,,,,182588498523.667,DZA
2020,Algeria,4.887,0.946,0.765,0.552,0.119,0.144,0.12,DZA2020,2.415,164873415325.201,3743.542,14.057,-4.711,-5.0,-11.031,,,,162137110259.921,DZA
2019,Algeria,5.005,0.944,1.143,0.745,0.084,0.119,0.129,DZA2019,1.952,193459662090.677,4468.453,12.259,0.883,0.9,-8.764,,,,189548593096.822,DZA
2018,Algeria,5.211,,,,,,,DZA2018,4.27,194554483655.528,4577.21,12.137,6.165,1.4,-8.689,,,,190390454064.656,DZA
2017,Algeria,5.295,,,,,,,DZA2017,5.591,189880896903.073,4554.668,12.0,4.938,1.5,-11.622,,,,187682164214.748,DZA
2016,Algeria,5.872,,,,,,,DZA2016,6.398,180763839522.151,4424.985,10.202,0.857,3.9,-14.496,,,,179594281655.137,DZA
2015,Algeria,6.355,,,,,,,DZA2015,4.784,187493855609.345,4685.059,11.206,-4.987,3.2,-14.421,,,,183649437186.975,DZA
2014,Algeria,5.605,,,,,,,DZA2014,2.917,238942664192.59,6094.694,10.207,1.45,4.1,-3.877,,,,234461348665.993,DZA
2012,Algeria,5.422,,,,,,,DZA2012,8.891,227143746075.934,6033.649,10.97,8.002,2.4,5.324,,,,224964112461.511,DZA
2011,Algeria,5.368,,,,,,,DZA2011,4.524,218331946925.304,5916.314,9.96,16.909,3.0,8.095,,,,216589368243.66,DZA
2017,Angola,3.795,,,,,,,AGO2017,29.844,73690154990.731,2437.26,16.61,22.615,-0.147,-0.859,16.671,16.361,9.224,69161228469.893,AGO
2016,Angola,3.795,,,,,,,AGO2016,30.694,52761617225.925,1807.953,16.575,21.774,-2.58,-5.847,17.512,15.721,9.733,50010057163.215,AGO
2015,Angola,3.866,,,,,,,AGO2015,9.356,90496420506.596,3213.903,16.49,-3.518,0.944,-11.352,20.819,18.777,11.002,85895384573.189,AGO
2014,Angola,4.033,,,,,,,AGO2014,7.28,135966802586.713,5006.0,16.406,3.561,4.823,-2.756,27.967,30.885,13.543,127708790750.385,AGO
2012,Angola,5.589,,,,,,,AGO2012,10.278,128052915766.343,5086.027,16.562,7.256,8.542,10.809,23.45,36.225,14.823,117631162045.945,AGO
2011,Angola,4.178,,,,,,,AGO2011,13.482,111789747670.59,4615.911,16.77,31.771,3.472,11.705,26.671,44.592,16.103,102092420981.586,AGO
2024,Argentina,6.397,1.504,1.622,0.579,0.824,0.048,0.083,ARG2024,,,,7.876,,,,,,,,ARG
2023,Argentina,6.188,1.562,1.381,0.585,0.681,0.087,0.08,ARG2023,,646075277525.125,14187.483,6.139,135.369,-1.611,-3.244,,,,632729881149.353,ARG
2022,Argentina,6.024,1.59,1.388,0.427,0.587,0.088,0.082,ARG2022,,632790070063.124,13935.681,6.805,69.876,5.27,-0.641,21.907,17.927,11.123,621165221747.635,ARG
2021,Argentina,5.967,1.592,1.102,0.662,0.555,0.081,0.085,ARG2021,,486564085480.036,10738.018,8.736,53.802,10.442,1.362,22.897,18.076,11.5,476802271007.631,ARG
2020,Argentina,5.929,1.162,0.98,0.646,0.544,0.069,0.067,ARG2020,,385740508436.965,8535.599,11.461,40.083,-9.9,0.697,25.841,17.479,10.866,375344057341.93,ARG
2019,Argentina,5.975,1.028,1.373,0.85,0.521,0.07,0.06,ARG2019,,447754683615.225,9955.975,9.843,49.196,-2.001,-0.78,22.036,18.736,10.594,430166792070.565,ARG
2018,Argentina,6.086,,,,,,,ARG2018,,524819892360.176,11752.8,9.22,42.034,-2.617,-5.161,22.688,17.702,9.992,506094045059.703,ARG
2017,Argentina,6.388,,,,,,,ARG2017,,643628393281.364,14532.501,8.347,26.006,2.819,-4.84,24.283,19.337,10.94,627200463933.824,ARG
2016,Argentina,6.599,,,,,,,ARG2016,,557532320662.955,12699.962,8.085,41.119,-2.08,-2.709,26.18,21.257,12.097,545251641127.714,ARG
2015,Argentina,6.65,,,,,,,ARG2015,,594749285413.212,13679.626,7.579,26.58,2.731,-2.963,25.008,22.149,12.337,583615452086.538,ARG
2014,Argentina,6.574,,,,,,,ARG2014,,526319673731.638,12233.144,7.268,40.283,-2.513,-1.744,24.57,22.332,12.611,515532241212.846,ARG
2012,Argentina,6.562,,,,,,,ARG2012,,545982375701.128,12949.717,7.217,22.315,-1.026,-0.392,,21.182,12.953,533073608485.977,ARG
2011,Argentina,6.242,,,,,,,ARG2011,,530158122010.442,12704.283,7.18,23.703,6.004,-1.007,,20.196,12.664,515004538945.145,ARG
2024,Armenia,5.494,1.391,1.349,0.828,0.786,0.032,0.158,ARM2024,0.27,,,13.329,,,,,,,,ARM
2023,Armenia,5.455,1.444,1.154,0.603,0.65,0.051,0.173,ARM2023,1.98,24085749592.336,8053.011,13.245,2.673,8.3,-2.31,21.034,23.975,22.482,23434106610.783,ARM
2022,Armenia,5.342,1.466,1.134,0.443,0.551,0.053,0.16,ARM2022,8.641,19513506553.125,6571.974,13.379,7.986,12.6,0.332,21.163,23.456,21.827,18991671827.76,ARM
2021,Armenia,5.399,1.434,0.82,0.668,0.558,0.054,0.21,ARM2021,7.185,13878908628.938,4685.18,15.469,6.901,5.8,-3.48,24.969,23.388,22.001,13479935696.449,ARM
2020,Armenia,5.283,0.996,0.758,0.585,0.54,0.079,0.198,ARM2020,1.211,12641698583.215,4268.681,18.175,1.807,-7.2,-3.998,26.581,24.145,21.86,12439008672.029,ARM
2019,Armenia,4.677,0.808,1.035,0.776,0.378,0.107,0.105,ARM2019,1.443,13619290539.212,4597.229,18.304,1.066,7.6,-7.057,21.758,23.941,22.285,13807148386.554,ARM
2018,Armenia,4.559,,,,,,,ARM2018,2.52,12457940694.74,4196.006,18.966,2.788,5.2,-7.228,22.077,22.454,20.87,12658281183.774,ARM
2017,Armenia,4.321,,,,,,,ARM2017,0.97,11527458709.016,3869.054,17.704,2.151,7.5,-1.261,22.63,22.525,20.781,11933013892.625,ARM
2016,Armenia,4.376,,,,,,,ARM2016,-1.404,10546136235.522,3524.425,17.617,0.269,0.2,-0.957,25.712,22.835,21.277,10791195836.794,ARM
2015,Armenia,4.36,,,,,,,ARM2015,3.732,10553337518.414,3512.394,18.261,1.214,3.2,-2.662,25.078,23.092,20.931,10981745035.978,ARM
2014,Armenia,4.35,,,,,,,ARM2014,2.981,11609513246.796,3852.118,17.498,2.309,3.6,-7.768,23.988,24.515,21.599,12131729269.799,ARM
2012,Armenia,4.316,,,,,,,ARM2012,2.558,10619320682.947,3511.564,17.511,5.346,7.2,-9.962,21.374,22.598,17.492,11042356845.104,ARM
2011,Armenia,4.474,,,,,,,ARM2011,7.65,10142111824.584,3349.553,18.884,4.282,4.7,-10.44,22.568,22.726,17.219,10502185416.57,ARM
2024,Australia,6.974,1.767,1.647,0.841,0.857,0.164,0.285,AUS2024,3.162,,,4.072,,,,,,,,AUS
2023,Australia,7.057,1.854,1.461,0.692,0.756,0.225,0.323,AUS2023,5.597,1728057316695.61,64820.912,3.668,6.512,3.442,-0.3,,,,1653703105439.57,AUS
2022,Australia,7.095,1.899,1.497,0.532,0.677,0.242,0.31,AUS2022,6.594,1690858246994.43,64997.014,3.728,7.176,4.242,0.338,27.661,26.205,23.628,1626539969365.68,AUS
2021,Australia,7.162,1.9,1.203,0.772,0.676,0.258,0.341,AUS2021,2.864,1556735770437.26,60607.779,5.116,3.08,2.111,2.611,32.633,25.693,23.061,1539273615554.95,AUS
2020,Australia,7.183,1.453,1.076,0.801,0.647,0.291,0.317,AUS2020,0.847,1328414058378.38,51791.54,6.456,1.886,-0.12,1.874,30.255,25.282,22.591,1298368829650.52,AUS
2019,Australia,7.223,1.31,1.477,1.023,0.622,0.325,0.336,AUS2019,1.611,1392723834562.64,54972.702,5.159,3.468,2.172,-0.021,26.177,26.076,23.408,1345853874492.3,AUS
2018,Australia,7.228,,,,,,,AUS2018,1.911,1427809041019.44,57196.422,5.3,1.869,2.878,-2.561,26.229,25.843,23.208,1382739590115.65,AUS
2017,Australia,7.272,,,,,,,AUS2017,1.949,1325582658156.54,53901.715,5.592,3.653,2.28,-3.002,26.634,24.842,22.11,1289235106327.62,AUS
2016,Australia,7.284,,,,,,,AUS2016,1.277,1206836962281.84,49888.041,5.711,-0.663,2.759,-3.616,26.984,24.863,22.276,1178195299351.86,AUS
2015,Australia,7.313,,,,,,,AUS2015,1.508,1351296372254.31,56739.027,6.055,-0.624,2.19,-4.313,26.764,24.509,21.874,1323697450186.41,AUS
2014,Australia,7.284,,,,,,,AUS2014,2.488,1468265356427.76,62544.087,6.078,1.405,2.595,-3.093,26.258,24.363,21.898,1429834007640.0,AUS
2012,Australia,7.35,,,,,,,AUS2012,1.763,1547532281116.4,68072.873,5.225,1.806,3.917,-4.444,26.119,23.435,21.099,1500404222891.8,AUS
2011,Australia,7.345,,,,,,,AUS2011,3.304,1398610616772.97,62605.6,5.083,6.202,2.407,-3.264,25.997,22.708,20.323,1342423020459.19,AUS
2024,Austria,6.81,1.791,1.592,0.814,0.856,0.179,0.28,AUT2024,2.938,,,5.439,,,,,,,,AUT
2023,Austria,6.905,1.885,1.336,0.696,0.703,0.214,0.305,AUT2023,7.814,511685203845.001,56033.574,5.264,6.648,-0.955,1.326,46.479,44.62,25.89,510079146471.293,AUT
2022,Austria,7.097,1.927,1.382,0.535,0.63,0.191,0.31,AUT2022,8.547,471773629830.381,52176.665,4.992,4.755,5.278,-0.829,47.51,44.401,26.207,470636395218.873,AUT
2021,Austria,7.163,1.931,1.165,0.774,0.623,0.193,0.329,AUT2021,2.767,480467037338.783,53648.719,6.459,1.926,4.795,1.716,50.022,44.909,26.015,486755828420.147,AUT
2020,Austria,7.268,1.492,1.062,0.782,0.64,0.215,0.292,AUT2020,1.382,434397601557.696,48716.41,5.201,2.593,-6.318,3.351,51.159,43.762,24.666,439547216701.013,AUT
2019,Austria,7.294,1.317,1.437,1.001,0.603,0.256,0.281,AUT2019,1.531,442983642371.842,49885.995,4.56,1.474,1.755,2.384,43.907,44.283,25.81,443323100627.45,AUT
2018,Austria,7.246,,,,,,,AUT2018,1.998,452582294972.775,51194.075,4.933,1.81,2.484,0.908,44.136,44.036,25.722,450535680731.058,AUT
2017,Austria,7.139,,,,,,,AUT2017,2.081,414926138132.691,47163.743,5.561,0.975,2.272,1.244,44.865,43.989,25.762,413348647948.824,AUT
2016,Austria,7.006,,,,,,,AUT2016,0.892,393687359770.273,45061.499,6.064,1.815,2.117,2.571,45.553,44.086,25.822,395807521992.608,AUT
2015,Austria,7.119,,,,,,,AUT2015,0.897,379546097300.633,43915.228,5.802,2.293,1.304,1.588,46.332,45.578,27.216,378210199399.805,AUT
2014,Austria,7.2,,,,,,,AUT2014,1.606,438556021078.034,51314.972,5.674,2.007,0.756,2.314,47.382,45.298,26.842,443168199835.449,AUT
2012,Austria,7.369,,,,,,,AUT2012,2.486,406750487603.59,48250.406,4.909,2.092,0.628,1.51,46.583,44.474,26.183,409815209653.594,AUT
2011,Austria,7.227,,,,,,,AUT2011,3.287,428954737064.057,51116.895,4.637,1.82,2.927,1.585,45.786,43.848,25.647,433140701458.172,AUT
2024,Azerbaijan,4.875,1.428,1.03,0.707,0.785,0.076,0.179,AZE2024,2.212,,,5.594,,,,,,,,AZE
2023,Azerbaijan,4.893,1.433,0.876,0.496,0.668,0.112,0.199,AZE2023,8.785,72356176470.588,7125.909,5.636,-9.207,1.124,11.512,,,,69275529411.765,AZE
2021,Azerbaijan,5.173,1.458,1.093,0.56,0.601,0.023,0.341,AZE2021,6.65,54825411764.706,5408.045,6.04,21.589,5.616,14.962,27.144,36.519,13.421,53687352941.176,AZE
2020,Azerbaijan,5.171,1.025,0.841,0.541,0.526,0.043,0.276,AZE2020,2.76,42693000000.0,4229.911,7.24,-7.396,-4.3,-0.741,33.931,35.04,15.186,42422882352.941,AZE
2019,Azerbaijan,5.165,0.99,1.181,0.731,0.468,0.04,0.247,AZE2019,2.611,48174235294.118,4805.754,5.0,-0.241,2.5,8.705,24.284,42.814,14.219,46318529411.765,AZE
2018,Azerbaijan,5.208,,,,,,,AZE2018,2.269,47112470051.77,4739.794,4.9,12.185,1.5,12.682,21.402,39.417,12.971,44853080880.956,AZE
2017,Azerbaijan,5.201,,,,,,,AZE2017,12.936,40866627351.982,4147.198,5.0,16.172,0.2,4.122,27.959,35.076,13.164,39321618331.876,AZE
2016,Azerbaijan,5.234,,,,,,,AZE2016,12.443,37866996882.916,3880.685,5.0,14.671,-3.1,-3.601,27.196,34.92,14.556,35591412539.277,AZE
2015,Azerbaijan,5.291,,,,,,,AZE2015,4.028,53076235354.746,5500.504,4.96,-8.85,1.094,-0.419,24.789,34.184,15.603,51379123217.29,AZE
2014,Azerbaijan,5.212,,,,,,,AZE2014,1.373,75239785452.102,7890.84,4.91,-1.285,2.751,13.568,22.101,39.896,14.213,73082959455.445,AZE
2012,Azerbaijan,4.604,,,,,,,AZE2012,1.066,69679944504.197,7495.865,5.19,2.883,2.165,21.493,22.185,41.274,12.779,65735414850.219,AZE
2011,Azerbaijan,4.582,,,,,,,AZE2011,7.858,65952796427.947,7189.819,5.42,22.524,0.1,25.996,18.478,45.481,12.225,61441003132.891,AZE
2024,Bahrain,6.03,1.752,1.391,0.609,0.907,0.148,0.167,BHR2024,0.92,,,1.102,,,,,,,,BHR
2023,Bahrain,5.959,,,,,,,BHR2023,0.075,46079867021.277,29218.861,1.154,-4.144,2.981,5.858,,,,43472420212.766,BHR
2022,Bahrain,6.173,1.883,1.269,0.389,0.748,0.199,0.138,BHR2022,3.626,46680398936.17,30616.261,1.326,7.849,5.981,14.65,,,,44717632978.723,BHR
2021,Bahrain,6.647,1.854,1.029,0.625,0.693,0.199,0.155,BHR2021,-0.606,40840212765.957,27147.808,1.541,9.208,4.35,6.372,,,,38312287234.043,BHR
2020,Bahrain,6.647,1.409,0.899,0.662,0.661,0.246,0.139,BHR2020,-2.318,35837632978.723,24342.844,1.781,-5.829,-5.911,-9.054,26.109,15.454,2.823,33378590425.532,BHR
2019,Bahrain,6.227,1.297,1.315,0.839,0.61,0.287,0.127,BHR2019,1.006,40446808510.638,27259.744,1.223,0.165,2.053,-1.964,21.754,19.084,2.878,38186170212.766,BHR
2018,Bahrain,6.199,,,,,,,BHR2018,2.088,39567978723.404,26324.407,1.2,4.213,2.053,-6.153,22.47,18.655,1.093,37491914893.617,BHR
2017,Bahrain,6.105,,,,,,,BHR2017,1.387,37204813829.787,24784.769,1.194,4.616,4.954,-4.301,22.522,15.533,0.936,35215186170.213,BHR
2016,Bahrain,6.087,,,,,,,BHR2016,2.787,33884680851.064,23800.001,1.192,0.357,3.815,-4.406,24.5,14.673,0.809,32089202127.66,BHR
2015,Bahrain,6.218,,,,,,,BHR2015,1.849,32523297872.34,23734.055,1.16,-8.757,2.508,-2.313,25.329,16.469,0.99,30787393617.021,BHR
2014,Bahrain,5.96,,,,,,,BHR2014,2.648,34772526595.745,26451.797,1.141,-1.44,4.309,4.381,23.512,23.414,0.792,33139813829.787,BHR
2012,Bahrain,5.312,,,,,,,BHR2012,2.757,31963404255.319,26438.673,1.2,2.934,3.803,8.065,20.899,24.755,1.137,30955957446.808,BHR
2011,Bahrain,5.568,,,,,,,BHR2011,-0.4,29914680851.064,25032.787,1.21,9.486,1.928,10.855,21.647,24.175,1.072,26150319148.936,BHR
2024,Bangladesh,3.851,1.116,0.286,0.592,0.92,0.11,0.132,BGD2024,10.466,,,4.68,,,,,,,,BGD
2023,Bangladesh,3.886,1.122,0.249,0.513,0.775,0.14,0.167,BGD2023,9.884,437415331040.994,2551.018,4.454,6.897,5.775,-1.646,,,,454873454272.724,BGD
2022,Bangladesh,4.282,1.133,0.513,0.355,0.617,0.139,0.165,BGD2022,7.697,460131688909.301,2716.486,4.593,5.049,7.1,-3.81,,,,478360553569.206,BGD
2021,Bangladesh,5.155,1.06,0.614,0.581,0.622,0.125,0.187,BGD2021,5.546,416271647911.014,2482.849,5.327,4.121,6.939,-3.79,8.324,9.539,7.642,438182167775.955,BGD
2020,Bangladesh,5.025,0.635,0.52,0.514,0.603,0.161,0.164,BGD2020,5.691,373979442362.193,2248.851,5.436,3.841,3.448,0.319,8.148,8.641,7.002,389459167662.235,BGD
2019,Bangladesh,4.833,0.556,0.869,0.695,0.604,0.177,0.177,BGD2019,5.592,351231654603.692,2129.799,4.441,3.658,7.882,-0.839,8.272,8.856,7.639,365618637342.157,BGD
2018,Bangladesh,4.456,,,,,,,BGD2018,5.544,321362752441.78,1965.244,4.407,5.806,7.319,-2.208,7.494,8.705,7.732,334213984192.582,BGD
2017,Bangladesh,4.5,,,,,,,BGD2017,5.702,293732446624.596,1811.082,4.372,5.048,6.59,-2.038,7.64,8.071,6.997,303873962973.372,BGD
2016,Bangladesh,4.608,,,,,,,BGD2016,5.514,265224515675.034,1649.284,4.35,27.851,7.113,0.351,7.863,8.523,7.317,277650511849.492,BGD
2015,Bangladesh,4.643,,,,,,,BGD2015,6.194,195146608978.131,1224.386,4.396,5.873,6.553,1.322,9.006,9.844,8.498,207815026631.717,BGD
2014,Bangladesh,4.694,,,,,,,BGD2014,6.992,172886611653.786,1094.462,4.416,5.669,6.061,0.437,9.504,10.867,8.635,184408668144.279,BGD
2012,Bangladesh,4.804,,,,,,,BGD2012,6.218,133310747603.483,859.681,4.071,8.165,6.521,1.932,9.639,11.145,9.025,144592846556.493,BGD
2011,Bangladesh,4.807,,,,,,,BGD2011,11.395,128607482310.357,837.337,3.736,7.859,6.464,-0.126,9.844,10.463,8.686,138790366566.139,BGD
2021,Belarus,5.821,1.562,1.157,0.629,0.342,0.04,0.282,BLR2021,9.46,69673747131.87,7489.719,3.9,15.326,2.439,3.067,27.875,27.247,12.825,67115938432.45,BLR
2020,Belarus,5.534,1.124,1.007,0.56,0.326,0.07,0.199,BLR2020,5.548,61371755326.235,6542.865,4.049,11.878,-0.673,-0.291,29.928,28.103,12.023,58875118002.111,BLR
2019,Belarus,5.54,1.019,1.387,0.753,0.291,0.09,0.194,BLR2019,5.598,64410122847.351,6837.768,4.165,8.577,1.446,-1.934,28.588,29.601,13.302,62499831005.415,BLR
2018,Belarus,5.323,,,,,,,BLR2018,4.872,60031173807.72,6360.053,4.763,12.14,3.149,0.038,28.164,30.847,14.673,57861187726.0,BLR
2017,Belarus,5.483,,,,,,,BLR2017,6.032,54725302249.809,5785.534,5.648,8.623,2.532,-1.74,29.322,29.467,13.019,52669765496.998,BLR
2016,Belarus,5.569,,,,,,,BLR2016,11.837,47723545321.259,5039.776,5.844,8.342,-2.526,-3.377,29.417,28.943,13.788,45473302428.724,BLR
2015,Belarus,5.802,,,,,,,BLR2015,13.534,56454889146.609,5967.069,5.881,16.023,-3.83,-3.243,28.11,29.677,14.173,54061945285.662,BLR
2014,Belarus,5.813,,,,,,,BLR2014,18.12,78812805039.074,8341.29,5.902,18.192,1.651,-6.633,27.41,27.922,12.698,76448782777.946,BLR
2012,Belarus,5.504,,,,,,,BLR2012,59.22,65685890438.892,6953.216,5.946,75.242,1.708,-2.835,27.622,29.04,14.663,64215516438.964,BLR
2011,Belarus,5.566,,,,,,,BLR2011,53.229,61762382327.932,6527.659,6.022,70.761,5.55,-8.181,25.449,28.063,14.509,61079871266.808,BLR
2024,Belgium,6.91,1.783,1.646,0.852,0.895,0.119,0.306,BEL2024,3.143,,,5.488,,,,,,,,BEL
2023,Belgium,6.894,1.868,1.44,0.69,0.729,0.17,0.311,BEL2023,4.049,644782756682.756,54700.909,5.528,4.508,1.252,-0.698,,,,648332611927.33,BEL
2022,Belgium,6.859,1.907,1.449,0.528,0.59,0.137,0.273,BEL2022,9.598,593438820508.173,50807.205,5.57,6.844,4.233,-1.185,39.58,37.137,22.708,592448849483.465,BEL
2021,Belgium,6.805,1.907,1.106,0.764,0.492,0.049,0.204,BEL2021,2.44,598494036474.409,51655.788,6.248,2.743,6.203,1.866,41.414,37.855,23.226,607143534636.037,BEL
2020,Belgium,6.834,1.463,0.998,0.747,0.489,0.088,0.187,BEL2020,0.741,529694473501.791,45906.288,5.545,1.596,-4.793,0.875,43.657,37.027,21.862,531671614966.383,BEL
2019,Belgium,6.864,1.296,1.399,0.965,0.5,0.147,0.209,BEL2019,1.437,536726344405.489,46716.623,5.364,1.854,2.443,0.123,39.403,37.681,22.598,541049419119.999,BEL
2018,Belgium,6.923,,,,,,,BEL2018,2.053,542638913427.921,47487.21,5.941,1.717,1.878,-0.874,39.942,39.252,24.038,548107677571.921,BEL
2017,Belgium,6.927,,,,,,,BEL2017,2.126,500908767351.53,44035.324,7.09,1.983,1.474,0.702,40.104,38.959,23.535,507373706788.236,BEL
2016,Belgium,6.891,,,,,,,BEL2016,1.974,474271566739.729,41854.55,7.83,1.895,1.194,0.558,41.162,38.506,22.929,480629064768.328,BEL
2015,Belgium,6.929,,,,,,,BEL2015,0.561,461044767544.531,40893.805,8.482,1.122,1.474,1.38,41.711,40.533,24.423,468878816162.656,BEL
2014,Belgium,6.937,,,,,,,BEL2014,0.34,537987419164.351,47995.779,8.523,0.84,1.766,0.751,44.954,42.391,26.008,546624135613.253,BEL
2012,Belgium,6.967,,,,,,,BEL2012,2.84,498414364944.961,44874.171,7.542,2.206,0.216,-0.083,45.705,42.114,25.707,507665999692.266,BEL
2011,Belgium,7.113,,,,,,,BEL2011,3.532,527196649048.639,47760.83,7.14,2.293,1.931,-1.929,44.512,40.901,24.754,524167615222.764,BEL
2024,Belize,6.711,1.256,1.54,0.525,1.018,0.072,0.082,BLZ2024,3.29,,,7.0,,,,,,,,BLZ
2017,Belize,5.956,,,,,,,BLZ2017,1.148,2266300000.0,6072.583,6.596,3.033,-1.813,-6.973,22.341,23.804,21.344,2141050850.0,BLZ
2016,Belize,5.956,,,,,,,BLZ2016,0.663,2240200000.0,6142.499,7.0,2.094,0.055,-7.297,21.266,22.397,20.638,2129392150.0,BLZ
2015,Belize,5.956,,,,,,,BLZ2015,-0.862,2193050000.0,6154.496,7.578,-0.305,2.876,-7.968,20.617,22.199,19.706,2097584100.0,BLZ
2011,Belize,6.451,,,,,,,BLZ2011,1.602,1827050000.0,5582.222,8.43,4.917,-0.245,-1.092,19.953,21.472,18.366,1729864700.0,BLZ
2024,Benin,4.357,0.855,0.228,0.357,0.679,0.092,0.238,BEN2024,,,,1.722,,,,,,,,BEN
2023,Benin,4.377,0.914,0.128,0.284,0.567,0.112,0.252,BEN2023,2.731,19676049075.701,1394.373,1.657,3.385,6.353,,,,,19472109623.122,BEN
2022,Benin,4.374,0.924,0.242,0.124,0.481,0.114,0.253,BEN2022,1.351,17401746309.266,1264.708,1.685,4.139,6.253,-6.009,,,,17221911302.554,BEN
2021,Benin,4.623,0.932,0.064,0.335,0.479,0.127,0.23,BEN2021,1.734,17690083519.932,1318.835,1.779,1.619,7.155,-4.153,,,,17500751811.648,BEN
2020,Benin,5.045,0.507,0.058,0.196,0.457,0.166,0.178,BEN2020,3.023,15651545208.878,1197.501,1.502,2.878,3.849,-1.75,,,,15530454408.453,BEN
2019,Benin,5.216,0.366,0.352,0.328,0.406,0.197,0.126,BEN2019,0.733,14391686309.033,1130.821,1.214,-0.398,6.866,-3.999,,,,14320887673.973,BEN
2018,Benin,4.883,,,,,,,BEN2018,0.919,14262408079.701,1151.741,1.41,0.67,6.697,-4.549,,,,14207330367.822,BEN
2017,Benin,4.141,,,,,,,BEN2017,0.043,12701655845.961,1054.974,1.659,-0.368,5.672,-4.181,,,,12669871043.644,BEN
2016,Benin,3.657,,,,,,,BEN2016,-0.793,11821065852.127,1010.534,1.784,0.684,3.34,-2.997,,,,11783269382.72,BEN
2015,Benin,3.484,,,,,,,BEN2015,0.219,11388160997.109,1002.419,1.82,0.852,1.778,-5.964,,,,11322499745.594,BEN
2014,Benin,3.34,,,,,,,BEN2014,-0.549,13284527850.263,1204.399,1.872,-0.248,6.358,-6.668,,,,13223585565.097,BEN
2012,Benin,3.528,,,,,,,BEN2012,6.745,11141358105.985,1071.526,2.406,7.699,4.811,-5.178,,,,11074623453.149,BEN
2011,Benin,3.493,,,,,,,BEN2011,2.704,10693321370.036,1059.414,2.647,3.733,2.964,-4.833,,,,10677821370.036,BEN
2018,Bhutan,5.082,,,,,,,BTN2018,2.724,2583335721.206,3400.204,3.35,1.151,3.502,-18.509,19.388,21.748,15.804,2363147137.612,BTN
2017,Bhutan,5.082,,,,,,,BTN2017,4.955,2591358009.798,3435.288,3.016,4.35,2.087,-20.855,17.62,17.652,11.859,2378534601.609,BTN
2016,Bhutan,5.011,,,,,,,BTN2016,3.22,2357504760.598,3152.309,2.705,4.049,8.476,-26.413,17.614,17.219,11.886,2172018216.539,BTN
2015,Bhutan,5.196,,,,,,,BTN2015,4.548,2187815803.829,2954.041,2.45,3.21,6.661,-25.063,17.911,17.973,12.145,2045040204.147,BTN
2014,Bhutan,5.253,,,,,,,BTN2014,8.271,2089079570.675,2849.5,2.63,5.722,5.881,-23.469,17.032,18.188,12.505,1954089382.708,BTN
2024,Bolivia,5.868,1.173,1.356,0.346,0.817,0.067,0.052,BOL2024,5.1,,,3.091,,,,,,,,BOL
2023,Bolivia,5.784,1.217,1.179,0.488,0.719,0.1,0.061,BOL2023,2.577,45135398008.817,3686.28,3.024,-0.505,3.082,-2.547,,,,43866498008.817,BOL
2022,Bolivia,5.684,1.24,1.187,0.329,0.648,0.103,0.06,BOL2022,1.746,44008282877.961,3643.928,3.552,5.124,3.606,2.134,,,,42744582877.961,BOL
2021,Bolivia,5.6,1.256,0.88,0.555,0.627,0.112,0.064,BOL2021,0.737,40406111695.179,3384.845,5.089,3.956,6.111,3.912,,,,39377011695.179,BOL
2020,Bolivia,5.716,0.842,0.782,0.486,0.6,0.138,0.064,BOL2020,0.941,36629843805.022,3099.942,7.903,-1.854,-8.738,-0.043,,,,36212943805.022,BOL
2019,Bolivia,5.747,0.731,1.142,0.662,0.574,0.138,0.073,BOL2019,1.84,40895322843.785,3503.896,3.682,-0.693,2.217,-3.34,,,,40059428632.497,BOL
2018,Bolivia,5.779,,,,,,,BOL2018,2.272,40287647930.476,3500.726,3.519,3.056,4.224,-4.282,,,,39311992850.881,BOL
2017,Bolivia,5.752,,,,,,,BOL2017,2.823,37508642165.337,3306.303,3.655,6.061,4.195,-5.061,,,,36398995783.282,BOL
2016,Bolivia,5.823,,,,,,,BOL2016,3.623,33941126200.061,3035.873,3.498,-1.355,4.264,-5.619,,,,33320230252.159,BOL
2015,Bolivia,5.822,,,,,,,BOL2015,4.06,33000198248.129,2996.013,3.111,-4.621,4.857,-5.867,,,,31873100505.727,BOL
2014,Bolivia,5.89,,,,,,,BOL2014,5.767,32996188012.56,3041.435,2.021,2.049,5.461,1.716,,,,31298228316.467,BOL
2012,Bolivia,5.857,,,,,,,BOL2012,4.516,27084497481.91,2575.599,2.066,7.1,5.122,7.274,,,,25455219536.903,BOL
2011,Bolivia,5.633,,,,,,,BOL2011,9.884,23963164696.592,2315.521,2.255,14.602,5.204,2.242,,,,22977403393.589,BOL
2024,Bosnia and Herzegovina,6.136,1.405,1.545,0.616,0.749,0.178,0.009,BIH2024,1.692,,,10.723,,,,,,,,BIH
2023,Bosnia and Herzegovina,5.877,1.465,1.318,0.587,0.621,0.246,0.0,BIH2023,6.106,27514782476.041,8638.666,10.668,6.763,2.211,-2.322,35.395,36.678,19.112,27355539704.5,BIH
2022,Bosnia and Herzegovina,5.633,1.467,1.361,0.429,0.485,0.247,0.008,BIH2022,14.021,24534663636.178,7655.594,12.657,11.809,4.227,-4.392,33.424,35.874,19.091,24213156434.106,BIH
2021,Bosnia and Herzegovina,5.768,1.468,1.068,0.665,0.448,0.244,0.006,BIH2021,1.982,23672712242.215,7295.344,14.897,4.965,7.39,-1.475,34.859,36.771,19.098,23371644756.974,BIH
2020,Bosnia and Herzegovina,5.813,1.032,0.919,0.618,0.395,0.261,0.005,BIH2020,-1.051,20226036564.413,6130.311,15.868,0.062,-3.015,-2.84,38.361,37.45,18.751,20112988928.17,BIH
2019,Bosnia and Herzegovina,5.674,0.918,1.204,0.814,0.305,0.264,0.001,BIH2019,0.563,20482608755.379,6122.375,15.692,2.472,2.887,-2.597,34.052,37.558,19.827,20448097002.666,BIH
2018,Bosnia and Herzegovina,5.386,,,,,,,BIH2018,1.417,20484053868.925,6047.846,18.4,2.792,3.827,-3.231,34.499,38.328,20.141,20366478392.985,BIH
2017,Bosnia and Herzegovina,5.129,,,,,,,BIH2017,0.81,18326373366.11,5345.02,20.527,1.779,3.244,-4.779,33.89,38.186,19.988,18174627640.601,BIH
2016,Bosnia and Herzegovina,5.182,,,,,,,BIH2016,-1.584,17116926327.625,4928.567,25.408,1.333,3.242,-4.699,34.901,37.687,19.714,17139875880.799,BIH
2015,Bosnia and Herzegovina,5.163,,,,,,,BIH2015,-1.036,16404348871.444,4662.259,27.695,1.366,4.315,-5.035,36.478,38.135,19.7,16514883084.244,BIH
2014,Bosnia and Herzegovina,4.949,,,,,,,BIH2014,-0.897,18558733564.469,5206.066,27.517,1.0,1.154,-7.351,39.946,39.417,19.778,18710534545.225,BIH
2012,Bosnia and Herzegovina,4.813,,,,,,,BIH2012,2.053,17226735995.69,4693.789,28.01,0.796,-0.822,-8.626,39.033,39.481,20.478,17361422536.969,BIH
2011,Bosnia and Herzegovina,4.857,,,,,,,BIH2011,3.671,18644233537.109,4982.694,27.582,2.433,0.96,-9.479,38.119,38.836,20.306,18794204715.634,BIH
2024,Botswana,3.438,1.388,1.146,0.094,0.697,0.018,0.083,BWA2024,2.818,,,23.138,,,,,,,,BWA
2023,Botswana,3.383,1.445,0.969,0.241,0.567,0.014,0.082,BWA2023,5.068,19396084498.008,7820.232,23.381,2.125,2.734,-0.602,,,,19439625488.689,BWA
2022,Botswana,3.435,1.471,1.041,0.087,0.48,0.021,0.071,BWA2022,11.666,20321958850.036,8329.04,23.615,14.618,5.486,-1.142,25.091,29.456,19.649,20355187597.706,BWA
2021,Botswana,3.471,1.503,0.815,0.28,0.571,0.012,0.102,BWA2021,7.241,18750946600.142,7808.206,23.106,8.381,11.921,-1.678,28.388,32.864,22.23,18787565212.246,BWA
2020,Botswana,3.467,1.099,0.724,0.34,0.539,0.027,0.088,BWA2020,1.89,14960291105.932,6323.314,21.017,4.379,-8.729,-10.167,33.859,28.766,22.275,14982287847.97,BWA
2019,Botswana,3.479,0.998,1.086,0.494,0.509,0.033,0.102,BWA2019,2.773,16725908148.548,7172.09,20.094,0.508,3.032,-6.905,28.801,30.129,21.099,16776578168.919,BWA
2018,Botswana,3.488,,,,,,,BWA2018,3.238,17031943186.135,7407.959,19.681,0.057,4.188,0.393,29.064,30.708,21.74,15447818705.438,BWA
2017,Botswana,3.59,,,,,,,BWA2017,3.308,16105155856.771,7104.964,19.664,-2.65,4.114,5.586,28.155,33.581,23.933,14738582295.466,BWA
2016,Botswana,3.766,,,,,,,BWA2016,2.815,15082637184.05,6749.06,19.329,11.905,7.204,7.973,26.781,34.774,21.63,13792127267.58,BWA
2015,Botswana,3.974,,,,,,,BWA2015,3.062,13530748844.505,6141.204,18.93,3.73,-4.851,2.226,31.243,35.32,26.311,13076842710.509,BWA
2014,Botswana,4.332,,,,,,,BWA2014,4.402,15470088500.741,7122.364,18.514,9.604,5.695,11.075,29.132,39.942,27.093,14998439776.014,BWA
2012,Botswana,3.97,,,,,,,BWA2012,7.537,13907464500.149,6595.538,17.952,3.012,-0.171,-5.902,31.52,38.664,28.037,14164563194.283,BWA
2011,Botswana,4.581,,,,,,,BWA2011,8.46,15110643612.173,7287.383,18.054,12.653,6.839,-0.873,29.787,36.627,24.045,15016050301.299,BWA
2024,Brazil,6.494,1.391,1.519,0.48,0.83,0.089,0.127,BRA2024,4.367,,,7.634,,,,,,,,BRA
2023,Brazil,6.272,1.43,1.269,0.548,0.685,0.13,0.142,BRA2023,4.594,2173665655937.27,10294.867,7.947,4.659,2.908,-1.285,32.692,25.575,14.155,2107810132248.65,BRA
2022,Brazil,6.125,1.454,1.25,0.387,0.558,0.131,0.137,BRA2022,9.28,1951923942083.32,9281.333,9.231,8.57,3.017,-2.16,34.134,29.616,14.726,1897850563345.64,BRA
2021,Brazil,6.293,1.462,1.044,0.615,0.546,0.131,0.134,BRA2021,8.302,1670647399034.67,7972.537,13.158,13.047,4.763,-2.419,31.794,27.327,14.137,1618525227638.81,BRA
2020,Brazil,6.33,1.028,0.944,0.571,0.514,0.142,0.117,BRA2020,3.212,1476107231194.11,7074.194,13.697,6.472,-3.277,-1.688,38.481,25.699,12.719,1445311140486.1,BRA
2019,Brazil,6.376,0.953,1.363,0.766,0.483,0.132,0.107,BRA2019,3.733,1873288205186.45,9029.833,11.936,4.224,1.221,-3.47,34.787,29.152,13.738,1822994396029.28,BRA
2018,Brazil,6.3,,,,,,,BRA2018,3.665,1916933898038.36,9300.662,12.329,4.494,1.784,-2.808,35.454,28.583,13.94,1863630987992.04,BRA
2017,Brazil,6.419,,,,,,,BRA2017,3.446,2063514977334.32,10080.509,12.792,3.671,1.323,-1.224,36.248,27.825,13.605,2024937440938.73,BRA
2016,Brazil,6.635,,,,,,,BRA2016,8.739,1795693482652.52,8836.287,11.58,8.104,-3.276,-1.7,36.492,29.67,13.71,1757597118247.49,BRA
2015,Brazil,6.952,,,,,,,BRA2015,9.03,1802212206904.68,8936.197,8.538,7.566,-3.546,-3.518,36.924,29.251,13.63,1768300112266.54,BRA
2014,Brazil,6.983,,,,,,,BRA2014,6.329,2456043727198.85,12274.994,6.755,7.847,0.504,-4.499,32.069,27.372,13.49,2410276964680.96,BRA
2012,Brazil,6.849,,,,,,,BRA2012,5.403,2465227803011.57,12521.721,7.251,7.943,1.921,-3.759,30.794,29.666,14.332,2403719409196.5,BRA
2011,Brazil,6.697,,,,,,,BRA2011,6.636,2616156223977.47,13396.624,7.578,8.319,3.974,-3.195,31.306,29.101,14.851,2548928943603.92,BRA
2024,Bulgaria,5.554,1.573,1.725,0.463,0.708,0.055,0.0,BGR2024,2.447,,,4.104,,,,,,,,BGR
2023,Bulgaria,5.463,1.629,1.469,0.567,0.62,0.083,0.006,BGR2023,9.443,102407653020.606,15885.539,4.319,7.984,1.887,0.906,35.687,34.782,20.475,97396787109.073,BGR
2022,Bulgaria,5.466,1.635,1.457,0.408,0.557,0.106,0.013,BGR2022,15.325,90642851835.9,13644.202,4.268,15.918,4.039,-2.602,39.321,36.539,21.726,85735292882.524,BGR
2021,Bulgaria,5.371,1.625,1.163,0.64,0.563,0.123,0.021,BGR2021,3.298,84417951260.809,12274.078,5.267,6.967,7.781,-1.034,37.681,33.864,20.582,81048510007.861,BGR
2020,Bulgaria,5.266,1.181,1.055,0.583,0.494,0.125,0.005,BGR2020,1.672,70716821234.597,10198.539,5.125,4.341,-3.216,0.362,36.463,33.252,20.178,68161899199.907,BGR
2019,Bulgaria,5.102,1.047,1.461,0.778,0.418,0.104,0.0,BGR2019,3.104,68631726289.279,9838.601,4.23,5.235,3.789,1.655,33.132,35.901,20.557,66479976532.54,BGR
2018,Bulgaria,5.011,,,,,,,BGR2018,2.815,66289266348.65,9436.145,5.211,4.255,2.549,0.573,33.081,34.823,19.937,63875378298.412,BGR
2017,Bulgaria,4.933,,,,,,,BGR2017,2.062,59309748166.118,8381.881,6.164,4.813,2.746,3.239,31.992,32.991,20.523,57855803153.7,BGR
2016,Bulgaria,4.714,,,,,,,BGR2016,-0.799,53964253211.84,7570.932,7.575,3.324,3.027,3.1,32.027,32.169,20.333,52164956703.832,BGR
2015,Bulgaria,4.217,,,,,,,BGR2015,-0.105,50811995688.677,7078.86,9.143,2.948,3.398,0.018,34.286,33.54,20.078,49160388019.061,BGR
2014,Bulgaria,4.218,,,,,,,BGR2014,-1.418,57157782909.931,7912.275,11.424,1.341,0.949,2.19,37.943,33.362,19.567,56529038853.417,BGR
2012,Bulgaria,3.981,,,,,,,BGR2012,2.955,54288135058.793,7430.737,12.27,1.112,0.749,-0.974,30.913,30.577,18.385,53568146883.006,BGR
2011,Bulgaria,3.889,,,,,,,BGR2011,4.22,57737040780.016,7857.167,11.26,6.113,2.09,0.472,29.85,29.124,17.883,55929518183.759,BGR
2024,Burkina Faso,4.383,0.724,0.828,0.296,0.671,0.142,0.218,BFA2024,4.191,,,5.166,,,,,,,,BFA
2023,Burkina Faso,4.548,0.756,0.685,0.274,0.483,0.173,0.179,BFA2023,0.743,20324617844.526,882.69,5.348,1.998,2.96,-5.005,,,,19484760476.598,BFA
2022,Burkina Faso,4.638,0.768,0.814,0.107,0.419,0.188,0.113,BFA2022,14.29,18820218690.595,836.118,5.389,5.889,1.497,-7.46,20.816,19.688,17.673,18029664976.706,BFA
2021,Burkina Faso,4.67,0.779,0.565,0.32,0.382,0.186,0.126,BFA2021,3.654,19697516284.379,895.535,5.2,0.113,6.943,0.392,18.18,18.059,15.939,18774177401.458,BFA
2020,Burkina Faso,4.834,0.364,0.472,0.179,0.381,0.182,0.122,BFA2020,1.884,17725010532.527,825.237,5.04,6.466,2.011,4.193,17.179,16.036,13.432,17105876297.322,BFA
2019,Burkina Faso,4.769,0.302,0.929,0.313,0.322,0.186,0.126,BFA2019,-3.233,16032813503.371,764.853,4.71,0.513,5.889,-3.267,18.217,18.607,15.641,15326465624.909,BFA
2018,Burkina Faso,4.587,,,,,,,BFA2018,1.956,15890066221.288,777.466,4.695,1.074,6.605,-4.184,17.371,16.823,15.292,15387936815.325,BFA
2017,Burkina Faso,4.424,,,,,,,BFA2017,1.483,14106955615.344,709.092,4.656,1.416,6.203,-6.353,18.49,16.798,15.261,13577334630.141,BFA
2016,Burkina Faso,4.032,,,,,,,BFA2016,0.441,12833363045.337,663.742,4.587,2.604,5.958,-6.08,14.71,16.177,14.139,12261728232.19,BFA
2015,Burkina Faso,3.739,,,,,,,BFA2015,0.725,11832159315.63,630.125,4.461,-2.224,3.921,-7.568,13.197,14.976,13.28,11293125664.777,BFA
2014,Burkina Faso,3.587,,,,,,,BFA2014,-0.258,13943016076.744,764.862,4.251,-0.62,4.327,-7.165,12.879,15.465,13.664,13337500892.797,BFA
2012,Burkina Faso,4.259,,,,,,,BFA2012,3.818,12561015156.568,731.47,3.856,5.824,6.453,-1.292,12.921,15.574,13.89,12243495087.51,BFA
2011,Burkina Faso,3.926,,,,,,,BFA2011,2.76,12080295977.563,725.025,3.827,6.738,6.623,-1.328,11.036,13.941,12.219,11592644774.947,BFA
2020,Burundi,3.775,0.0,0.062,0.155,0.298,0.172,0.212,BDI2020,7.321,2649680261.443,210.008,1.03,5.967,0.327,-13.009,17.674,17.678,15.788,2664225062.413,BDI
2019,Burundi,3.775,0.0,0.404,0.295,0.275,0.187,0.212,BDI2019,-0.687,2576518879.824,210.236,1.043,0.852,1.813,-15.243,16.619,16.565,15.059,2583934017.974,BDI
2018,Burundi,3.775,,,,,,,BDI2018,-2.815,2667182199.513,224.899,1.146,-2.851,1.61,-14.591,,,,2672837528.123,BDI
2017,Burundi,2.905,,,,,,,BDI2017,16.053,2723586962.84,236.694,1.247,11.449,0.5,-13.716,17.695,17.708,14.368,2725061087.871,BDI
2016,Burundi,2.905,,,,,,,BDI2016,5.558,2644487776.501,235.286,1.347,0.973,-0.6,-12.379,17.604,14.867,13.863,2643216720.513,BDI
2015,Burundi,2.905,,,,,,,BDI2015,5.545,3104003546.265,280.967,1.442,21.319,-3.9,-11.53,18.603,13.958,13.128,3104359892.466,BDI
2014,Burundi,2.906,,,,,,,BDI2014,4.405,2705783329.805,250.54,1.572,5.306,4.241,-15.847,16.937,15.723,13.69,2698322225.855,BDI
2012,Burundi,3.706,,,,,,,BDI2012,18.161,2333341334.458,231.688,1.593,14.294,4.447,-11.192,17.938,15.973,14.496,2326835709.913,BDI
2011,Burundi,3.678,,,,,,,BDI2011,9.592,2235820809.32,230.071,1.602,8.364,4.033,-12.684,19.999,16.72,15.532,2218331580.563,BDI
2024,Cambodia,4.341,1.049,1.215,0.481,0.988,0.138,0.078,KHM2024,,,,0.27,,,,,,,,KHM
2023,Cambodia,4.341,1.011,1.019,0.442,0.863,0.17,0.071,KHM2023,2.127,42335646895.798,2429.749,0.225,1.063,4.96,1.305,,,,41383539142.858,KHM
2022,Cambodia,4.393,1.025,1.024,0.283,0.768,0.176,0.051,KHM2022,5.344,39994532959.607,2325.031,0.231,3.515,5.103,-18.958,,,,38444130462.442,KHM
2021,Cambodia,4.64,1.019,0.732,0.505,0.74,0.166,0.068,KHM2021,2.921,36790163687.442,2167.403,0.396,2.646,3.09,-29.608,13.519,13.299,11.993,35300301362.123,KHM
2020,Cambodia,4.83,0.603,0.68,0.426,0.702,0.21,0.061,KHM2020,2.94,34818073901.485,2081.739,0.172,-0.824,-3.556,-1.0,12.938,14.822,13.29,33712316726.763,KHM
2019,Cambodia,4.848,0.545,1.071,0.588,0.675,0.233,0.073,KHM2019,1.943,36685356407.721,2225.877,0.119,2.793,7.937,-8.0,11.65,16.831,14.571,35040667434.095,KHM
2018,Cambodia,4.7,,,,,,,KHM2018,2.459,33145892168.896,2036.674,0.13,3.817,8.776,-8.736,10.764,14.767,12.641,31820166406.615,KHM
2017,Cambodia,4.433,,,,,,,KHM2017,2.913,29355665909.79,1826.354,0.141,2.077,8.075,-6.157,10.799,14.02,11.928,28215504535.812,KHM
2016,Cambodia,4.168,,,,,,,KHM2016,3.019,26556545153.357,1675.196,0.716,1.58,7.906,-6.528,9.791,13.09,11.175,25507606313.362,KHM
2015,Cambodia,3.907,,,,,,,KHM2015,1.224,24174170369.074,1547.32,0.393,3.069,7.207,-6.612,8.994,12.379,10.888,23177973370.888,KHM
2014,Cambodia,3.819,,,,,,,KHM2014,3.856,22041463967.901,1431.564,0.692,3.299,8.0,-6.552,9.436,12.563,11.084,21110279792.703,KHM
2012,Cambodia,4.067,,,,,,,KHM2012,2.934,17826536699.802,1192.803,0.496,2.638,7.65,-6.803,8.336,9.964,8.737,17147398897.533,KHM
2011,Cambodia,4.101,,,,,,,KHM2011,5.478,16032622023.826,1088.982,0.577,4.951,7.287,-6.399,8.844,9.244,8.126,15499707260.598,KHM
2024,Cameroon,4.887,0.944,0.986,0.302,0.662,0.099,0.06,CMR2024,,,,3.518,,,,,,,,CMR
2023,Cameroon,4.874,0.943,0.856,0.288,0.521,0.126,0.06,CMR2023,7.383,49279410982.826,1736.861,3.613,4.66,3.248,-4.097,,,,48343641930.71,CMR
2022,Cameroon,4.973,0.965,0.871,0.118,0.405,0.144,0.059,CMR2022,6.248,44347206072.551,1604.877,3.653,6.831,3.737,-3.394,,,,43241972760.917,CMR
2021,Cameroon,5.048,0.968,0.672,0.317,0.397,0.152,0.074,CMR2021,2.272,45011937346.838,1672.327,3.973,2.921,3.339,-3.987,12.423,13.743,11.342,44281229347.682,CMR
2020,Cameroon,5.142,0.543,0.556,0.159,0.425,0.205,0.058,CMR2020,2.438,40773241177.05,1555.604,3.87,0.706,0.26,-3.709,12.06,13.122,10.871,39933227702.435,CMR
2019,Cameroon,5.085,0.504,0.9,0.27,0.439,0.198,0.054,CMR2019,2.453,39667757527.658,1555.227,3.622,1.17,3.475,-4.273,12.323,14.848,12.028,38825035814.222,CMR
2018,Cameroon,5.044,,,,,,,CMR2018,1.069,39955552189.795,1610.696,3.601,1.897,3.956,-3.527,11.367,15.151,12.347,39216305348.046,CMR
2017,Cameroon,4.975,,,,,,,CMR2017,0.64,36098547033.166,1496.09,3.568,1.025,3.541,-2.631,10.527,14.692,11.876,35436388520.412,CMR
2016,Cameroon,4.695,,,,,,,CMR2016,0.874,33814337044.376,1441.72,3.528,0.662,4.536,-3.068,11.9,14.518,11.652,33256524239.987,CMR
2015,Cameroon,4.513,,,,,,,CMR2015,2.676,32210233020.457,1415.0,3.518,0.31,5.667,-3.644,12.421,15.485,12.111,31773333681.567,CMR
2014,Cameroon,4.252,,,,,,,CMR2014,1.855,36386544706.081,1649.443,3.534,2.014,5.72,-3.853,12.86,16.333,12.285,35703010549.737,CMR
2012,Cameroon,4.42,,,,,,,CMR2012,2.735,30155062329.282,1449.099,3.835,1.942,4.626,-3.17,12.753,15.869,11.344,29710253435.342,CMR
2011,Cameroon,4.376,,,,,,,CMR2011,2.94,30630910495.217,1513.961,3.987,2.589,3.379,-2.446,,,,30327885739.024,CMR
2024,Canada,6.803,1.749,1.647,0.832,0.813,0.168,0.323,CAN2024,2.382,,,6.45,,,,,,,,CAN
2023,Canada,6.9,1.84,1.459,0.701,0.73,0.23,0.368,CAN2023,3.879,2142470914401.36,53431.186,5.415,1.535,1.249,-0.642,19.538,19.943,14.008,2112732605610.04,CAN
2022,Canada,6.961,1.881,1.484,0.541,0.656,0.218,0.364,CAN2022,6.803,2161483369422.01,55509.393,5.279,7.654,3.82,-0.292,18.497,18.163,12.826,2133340105142.4,CAN
2021,Canada,7.025,1.886,1.188,0.783,0.659,0.217,0.368,CAN2021,3.395,2007472181464.15,52496.844,7.527,7.665,5.287,-0.022,22.666,19.076,13.22,1990214506517.52,CAN
2020,Canada,7.103,1.447,1.044,0.798,0.648,0.246,0.335,CAN2020,0.717,1655684730000.19,43537.839,9.657,1.071,-5.038,-2.01,28.571,19.037,13.503,1643688332920.87,CAN
2019,Canada,7.232,1.302,1.435,1.023,0.644,0.282,0.352,CAN2019,1.949,1743725183672.52,46352.869,5.69,1.546,1.908,-1.952,18.106,18.278,12.742,1722945761061.66,CAN
2018,Canada,7.278,,,,,,,CAN2018,2.268,1725329192783.02,46539.176,5.837,1.651,2.743,-2.385,17.541,18.529,13.058,1695996608536.1,CAN
2017,Canada,7.328,,,,,,,CAN2017,1.597,1649265644244.09,45129.628,6.426,2.571,3.034,-2.803,17.607,18.01,12.612,1628291572163.23,CAN
2016,Canada,7.316,,,,,,,CAN2016,1.429,1527994741907.43,42314.062,7.038,0.717,1.039,-3.093,17.499,17.865,12.497,1509327936731.45,CAN
2015,Canada,7.404,,,,,,,CAN2015,1.125,1556508816217.14,43594.194,6.945,-0.868,0.65,-3.514,17.06,17.851,12.39,1532663548013.94,CAN
2014,Canada,7.427,,,,,,,CAN2014,1.907,1805749878439.94,50960.843,7.023,1.941,2.873,-2.319,16.402,16.979,11.808,1776572160702.32,CAN
2012,Canada,7.477,,,,,,,CAN2012,1.516,1828366481521.6,52670.345,7.392,1.218,1.756,-3.532,17.518,16.92,11.664,1795919869603.49,CAN
2011,Canada,7.499,,,,,,,CAN2011,2.912,1793326630174.52,52223.859,7.637,3.244,3.137,-2.774,17.85,16.925,11.804,1759453773319.65,CAN
2019,Central African Republic,3.476,0.041,0.0,0.0,0.293,0.254,0.028,CAF2019,2.685,2221301351.439,449.228,5.607,2.328,3.1,,9.939,8.792,8.318,2386023468.721,CAF
2018,Central African Republic,3.083,,,,,,,CAF2018,1.612,2220979146.112,455.244,5.517,-1.224,3.789,,10.123,8.818,8.64,2386745438.207,CAF
2017,Central African Republic,3.083,,,,,,,CAF2017,4.181,2072349972.682,432.324,5.534,6.444,4.527,,8.677,7.198,7.081,2177935587.591,CAF
2016,Central African Republic,2.693,,,,,,,CAF2016,4.945,1825018144.656,387.176,5.491,2.98,4.75,,9.021,7.3,6.808,1847781766.462,CAF
2014,Central African Republic,3.678,,,,,,,CAF2014,14.899,1894813389.403,409.85,5.326,11.894,0.081,,8.272,4.581,4.099,1914516900.438,CAF
2012,Central African Republic,3.623,,,,,,,CAF2012,5.478,2510126512.228,544.396,5.243,6.181,5.054,,8.184,9.554,8.172,2521348066.783,CAF
2011,Central African Republic,3.568,,,,,,,CAF2011,1.194,2437982705.121,534.057,5.281,4.009,4.195,,13.464,8.625,7.54,2447711016.35,CAF
2024,Chad,4.384,0.592,0.902,0.242,0.477,0.175,0.111,TCD2024,8.9,,,1.088,,,,,,,,TCD
2023,Chad,4.471,0.603,0.805,0.199,0.411,0.218,0.113,TCD2023,10.836,13149325362.335,680.64,1.074,-0.937,4.122,,,,,12956602270.39,TCD
2022,Chad,4.397,0.622,0.962,0.043,0.393,0.255,0.088,TCD2022,5.788,12396807588.408,671.72,1.096,15.145,2.804,,,,,12212890617.632,TCD
2021,Chad,4.251,0.662,0.506,0.225,0.18,0.182,0.077,TCD2021,-0.773,11779981332.863,660.747,1.548,7.167,-1.169,,,,,11605895381.712,TCD
2020,Chad,4.355,0.255,0.353,0.0,0.24,0.215,0.084,TCD2020,4.464,10715396042.334,622.096,1.707,-5.455,-1.6,,,,,10561570203.57,TCD
2019,Chad,4.423,0.302,0.739,0.109,0.229,0.211,0.086,TCD2019,-0.972,11314951091.728,678.142,1.084,2.856,3.247,,,,,11140998348.157,TCD
2018,Chad,4.35,,,,,,,TCD2018,4.275,11239167898.34,695.642,1.135,5.015,2.374,,,,,11075018517.446,TCD
2017,Chad,4.301,,,,,,,TCD2017,-1.537,10000394381.018,640.117,1.116,0.028,-2.989,,,,,9869508104.401,TCD
2016,Chad,3.936,,,,,,,TCD2016,-0.792,10097778098.171,668.079,1.047,-1.401,-6.256,,,,,9911697343.603,TCD
2015,Chad,3.763,,,,,,,TCD2015,4.377,10950392256.954,747.588,0.974,-8.48,2.768,,,,,10618477308.952,TCD
2014,Chad,3.667,,,,,,,TCD2014,1.682,13940767218.585,982.528,0.933,0.646,6.9,,,,,13336601200.432,TCD
2012,Chad,4.056,,,,,,,TCD2012,7.517,12367362757.134,936.141,0.9,1.097,8.883,,,,,12067689658.178,TCD
2011,Chad,3.919,,,,,,,TCD2011,2.029,12172308851.04,954.317,0.905,8.58,0.083,,,,,11856127557.813,TCD
2024,Chile,6.361,1.537,1.577,0.711,0.779,0.093,0.085,CHL2024,4.298,,,9.056,,,,,,,,CHL
2023,Chile,6.36,1.616,1.369,0.673,0.651,0.117,0.075,CHL2023,7.582,335533331669.219,17067.814,9.013,6.6,0.219,-3.546,24.578,22.945,17.719,318450116063.725,CHL
2022,Chile,6.334,1.645,1.384,0.511,0.546,0.131,0.076,CHL2022,11.644,302116539409.03,15451.132,8.249,7.914,2.059,-8.66,24.055,26.004,21.274,287702182743.647,CHL
2021,Chile,6.172,1.651,1.08,0.748,0.46,0.124,0.069,CHL2021,4.525,315515014838.539,16216.571,9.281,6.915,11.334,-7.278,30.799,24.153,19.664,297670042257.932,CHL
2020,Chile,6.172,1.2,0.946,0.678,0.438,0.159,0.07,CHL2020,3.045,254042159309.311,13114.815,10.934,9.666,-6.143,-1.949,26.242,19.938,16.196,238186960905.052,CHL
2019,Chile,6.228,1.097,1.323,0.889,0.417,0.156,0.063,CHL2019,2.558,278285058719.466,14495.717,7.493,2.568,0.634,-5.212,23.315,21.74,17.719,267848366678.638,CHL
2018,Chile,6.444,,,,,,,CHL2018,2.435,295857562991.709,15659.481,7.623,1.59,3.99,-4.484,22.618,22.174,18.396,283731132095.716,CHL
2017,Chile,6.476,,,,,,,CHL2017,2.183,276154259987.103,14879.909,7.257,4.828,1.358,-2.758,22.347,21.168,17.506,265419010571.047,CHL
2016,Chile,6.652,,,,,,,CHL2016,3.786,249344863933.461,13649.852,6.673,4.561,1.753,-2.621,22.127,20.857,17.469,242408025811.754,CHL
2015,Chile,6.705,,,,,,,CHL2015,4.349,242450355827.827,13433.92,6.313,4.954,2.152,-2.735,21.635,21.142,17.546,236499159249.766,CHL
2014,Chile,6.67,,,,,,,CHL2014,4.719,259560978231.552,14529.677,6.483,5.853,1.793,-3.46,20.675,20.656,17.045,248044111574.676,CHL
2012,Chile,6.587,,,,,,,CHL2012,3.007,267024782480.28,15241.907,6.562,0.763,6.155,-5.328,19.925,22.105,18.991,252400856602.666,CHL
2011,Chile,6.128,,,,,,,CHL2011,3.341,251382573885.594,14487.393,7.277,3.261,6.224,-4.917,19.495,22.661,18.936,229490673704.388,CHL
2024,China,5.921,1.445,1.307,0.789,0.764,0.079,0.154,CHN2024,0.218,,,4.571,,,,,,,,CHN
2023,China,5.973,1.497,1.239,0.629,0.704,0.132,0.164,CHN2023,0.235,17794783039552.0,12614.062,4.67,-0.582,5.25,1.422,,15.469,7.842,17645270585286.7,CHN
2022,China,5.818,1.51,1.249,0.468,0.666,0.115,0.145,CHN2022,1.974,17881782683707.3,12662.583,4.98,1.824,2.951,2.479,,15.012,7.701,17728564563900.7,CHN
2021,China,5.585,1.508,0.958,0.705,0.656,0.099,0.142,CHN2021,0.981,17820459508852.2,12617.505,4.55,4.552,8.448,1.98,,14.937,7.965,17696312719649.2,CHN
2020,China,5.339,1.061,0.785,0.665,0.636,0.093,0.117,CHN2020,2.419,14687744162801.0,10408.72,5.0,0.492,2.239,1.694,,14.086,8.091,14570138553468.0,CHN
2019,China,5.124,0.991,1.132,0.867,0.602,0.079,0.117,CHN2019,2.899,14279968506271.7,10143.86,4.56,1.287,5.951,0.721,,16.101,8.493,14239959159195.7,CHN
2018,China,5.191,,,,,,,CHN2018,2.075,13894907857880.6,9905.406,4.31,3.5,6.75,0.174,,16.536,9.053,13833878513962.5,CHN
2017,China,5.246,,,,,,,CHN2017,1.593,12310491333980.9,8817.046,4.47,4.233,6.947,1.533,,15.883,9.419,12294360421956.4,CHN
2016,China,5.273,,,,,,,CHN2016,2.0,11233313730348.7,8094.39,4.56,1.407,6.849,1.703,,15.63,9.123,11177613255021.7,CHN
2015,China,5.245,,,,,,,CHN2015,1.437,11061572618578.7,8016.446,4.65,-0.003,7.041,2.649,,16.043,9.377,11008790517157.1,CHN
2014,China,5.14,,,,,,,CHN2014,1.922,10475624944355.2,7636.074,4.63,1.031,7.426,2.253,,15.818,9.679,10488924466576.8,CHN
2012,China,4.978,,,,,,,CHN2012,2.62,8532185381680.59,6300.582,4.58,2.331,7.864,2.524,,11.139,10.257,8512367896275.43,CHN
2011,China,4.68,,,,,,,CHN2011,5.554,7551545703440.75,5614.386,4.55,8.076,9.551,1.802,,11.239,10.313,7481168651253.95,CHN
2024,Colombia,6.004,1.38,1.513,0.587,0.777,0.039,0.051,COL2024,6.609,,,9.608,,,,,,,,COL
2023,Colombia,5.695,1.437,1.241,0.648,0.644,0.072,0.059,COL2023,11.736,363493841244.303,6947.359,9.594,6.336,0.61,-2.372,33.592,28.632,17.703,359767496425.645,COL
2022,Colombia,5.63,1.455,1.213,0.486,0.562,0.08,0.068,COL2022,10.177,345329875078.512,6674.596,10.547,14.867,7.289,-6.146,32.419,25.43,15.277,337877677468.28,COL
2021,Colombia,5.781,1.452,0.929,0.72,0.545,0.087,0.077,COL2021,3.495,318524633225.395,6222.622,13.898,7.802,10.801,-5.635,35.664,23.547,14.446,313509201762.482,COL
2020,Colombia,6.012,1.021,0.866,0.615,0.554,0.1,0.063,COL2020,2.527,270348342541.465,5339.687,15.983,1.482,-7.186,-3.428,36.554,23.687,14.045,267833501944.668,COL
2019,Colombia,6.163,0.932,1.334,0.81,0.527,0.092,0.046,COL2019,3.523,323031701192.84,6472.545,10.28,4.003,3.187,-4.584,31.305,25.575,14.901,315981529469.142,COL
2018,Colombia,6.125,,,,,,,COL2018,3.241,334198218098.276,6816.968,9.36,4.631,2.564,-4.201,29.972,23.475,14.61,325924723780.778,COL
2017,Colombia,6.26,,,,,,,COL2017,4.314,311866875156.879,6479.532,9.086,5.134,1.359,-3.182,27.505,22.584,14.851,306527532488.183,COL
2016,Colombia,6.357,,,,,,,COL2016,7.513,282720100286.228,5959.843,8.922,5.148,2.087,-4.452,28.631,24.223,14.385,279593356364.69,COL
2015,Colombia,6.481,,,,,,,COL2015,4.99,293492370193.166,6248.515,8.572,2.449,2.956,-6.372,26.816,24.102,15.797,289667485036.838,COL
2014,Colombia,6.477,,,,,,,COL2014,2.899,381240864422.407,8187.208,8.799,2.236,4.499,-5.198,30.163,23.447,15.7,370407849663.061,COL
2012,Colombia,6.416,,,,,,,COL2012,3.169,370691143018.039,8108.598,9.959,3.617,3.913,-3.14,25.033,26.335,13.227,356514927997.962,COL
2011,Colombia,6.202,,,,,,,COL2011,3.415,334966134804.887,7400.994,10.288,6.387,6.948,-2.906,24.225,23.492,14.576,320761717459.121,COL
2024,Comoros,3.754,0.835,0.501,0.428,0.26,0.117,0.164,COM2024,,,,3.875,,,,,,,,COM
2023,Comoros,3.566,0.896,0.328,0.37,0.172,0.128,0.16,COM2023,,1352380971.241,1590.312,3.776,2.918,2.996,-1.821,,,,1355203003.613,COM
2022,Comoros,3.545,0.914,0.327,0.215,0.117,0.129,0.145,COM2022,,1242519407.776,1489.496,3.816,4.942,2.603,-0.422,,,,1248694701.425,COM
2021,Comoros,4.609,0.899,0.476,0.424,0.185,0.195,0.125,COM2021,,1296089479.92,1584.125,4.394,0.169,2.0,-0.314,,,,1302397963.155,COM
2020,Comoros,4.289,0.488,0.367,0.279,0.202,0.241,0.101,COM2020,,1225039196.611,1527.17,4.471,0.67,-0.196,-1.8,,,,1229785123.83,COM
2019,Comoros,4.289,0.416,0.723,0.437,0.181,0.259,0.1,COM2019,,1195019531.901,1519.264,3.934,4.209,1.761,-3.332,,,,1200664052.325,COM
2018,Comoros,3.973,,,,,,,COM2018,,1188797449.386,1540.711,3.942,1.836,3.642,-2.832,,,,1195077463.02,COM
2015,Comoros,3.956,,,,,,,COM2015,,966029600.862,1329.37,4.121,-0.523,1.147,-0.256,,,,971041229.263,COM
2014,Comoros,3.956,,,,,,,COM2014,,1149587661.007,1615.717,4.119,0.835,2.107,-3.78,,,,1154095453.265,COM
2012,Comoros,3.851,,,,,,,COM2012,6.315,1015843490.824,1490.315,4.17,4.27,3.168,-4.05,,,,1014150823.3,COM
2011,Comoros,3.7,,,,,,,COM2011,1.843,1023086273.533,1531.438,4.207,3.046,4.144,-5.425,,,,1022301422.438,COM
2024,Congo,5.03,1.023,0.796,0.336,0.626,0.082,0.126,COG2024,,,,19.694,,,,,,,,COG
2023,Congo,5.221,0.892,0.622,0.306,0.523,0.124,0.138,COG2023,4.302,15321055822.517,2477.978,19.898,-7.568,1.907,,,,,14546557191.485,COG
2022,Congo,5.267,0.921,0.665,0.145,0.464,0.134,0.136,COG2022,3.043,15817030154.694,2620.838,20.108,18.261,1.475,,,,,14100325791.967,COG
2021,Congo,5.075,0.95,0.405,0.355,0.431,0.13,0.146,COG2021,1.716,14825690210.916,2516.163,21.96,23.291,1.015,11.574,16.132,20.051,6.509,13175025890.137,COG
2020,Congo,5.342,0.518,0.392,0.307,0.381,0.144,0.124,COG2020,1.795,11468687464.005,1993.587,22.198,-14.0,-6.268,12.561,17.795,18.745,8.324,11405928815.104,COG
2019,Congo,5.194,0.634,0.758,0.458,0.387,0.117,0.119,COG2019,2.206,13976637779.976,2488.425,20.392,-1.317,1.124,11.679,16.227,23.638,7.102,12568374440.164,COG
2018,Congo,4.812,,,,,,,COG2018,1.153,14773900288.514,2694.434,20.701,22.234,-2.304,,16.422,23.031,6.828,13950568006.142,COG
2017,Congo,4.559,,,,,,,COG2017,0.45,11834473039.364,2211.633,20.611,12.366,-5.595,,16.04,16.308,10.135,10275915423.355,COG
2016,Congo,4.291,,,,,,,COG2016,3.191,10931328150.848,2093.107,20.223,-3.502,-8.685,-32.896,17.151,19.485,13.089,10540521863.938,COG
2015,Congo,4.236,,,,,,,COG2015,3.169,12434793867.357,2439.352,19.978,-17.254,0.415,-37.239,14.896,19.946,12.195,12368954507.054,COG
2014,Congo,3.989,,,,,,,COG2014,0.912,17919321078.028,3601.237,19.691,-6.465,6.646,3.794,12.765,31.655,9.581,18182185023.765,COG
2012,Congo,4.297,,,,,,,COG2012,5.01,17692911296.304,3732.327,19.512,11.364,9.947,13.685,11.655,32.829,7.278,16736472283.3,COG
2011,Congo,3.82,,,,,,,COG2011,1.76,15655383576.652,3396.165,19.464,10.953,2.206,13.242,10.177,38.747,8.114,14089660178.659,COG
2024,Costa Rica,7.274,1.492,1.6,0.68,0.948,0.067,0.118,CRI2024,-0.413,,,7.848,,,,,,,,CRI
2023,Costa Rica,6.955,1.561,1.373,0.661,0.797,0.109,0.123,CRI2023,0.525,86497941439.017,16942.027,8.325,-0.088,5.112,-1.433,28.909,29.339,13.912,80477795958.881,CRI
2022,Costa Rica,6.609,1.587,1.34,0.503,0.683,0.099,0.116,CRI2022,8.275,69243626028.594,13625.901,11.325,6.28,4.551,-3.281,28.762,28.891,14.354,64292147817.544,CRI
2021,Costa Rica,6.582,1.584,1.054,0.744,0.661,0.089,0.102,CRI2021,1.726,64960725734.196,12838.119,15.139,2.374,7.936,-3.176,30.825,28.206,14.041,60786873652.202,CRI
2020,Costa Rica,7.069,1.134,0.966,0.722,0.673,0.105,0.083,CRI2020,0.725,62395610760.049,12394.049,16.432,0.773,-4.273,-1.045,31.89,27.184,12.238,58780239945.365,CRI
2019,Costa Rica,7.121,0.981,1.375,0.94,0.645,0.131,0.096,CRI2019,2.096,64417670521.354,12884.686,10.807,2.567,2.418,-1.19,29.457,27.535,13.32,60575320937.032,CRI
2018,Costa Rica,7.167,,,,,,,CRI2018,2.221,62420164991.537,12590.249,9.01,2.192,2.616,-2.992,28.919,24.317,13.182,59042419843.984,CRI
2017,Costa Rica,7.072,,,,,,,CRI2017,1.626,60516044656.521,12317.09,7.729,2.859,4.158,-3.617,25.397,23.319,13.244,57350348728.764,CRI
2016,Costa Rica,7.079,,,,,,,CRI2016,-0.017,58847019609.655,12091.03,8.085,1.959,4.204,-2.137,27.147,24.008,13.511,56365195550.623,CRI
2015,Costa Rica,7.087,,,,,,,CRI2015,0.802,56441920820.519,11714.711,8.415,3.955,3.652,-3.404,28.555,23.457,13.254,54026905533.744,CRI
2014,Costa Rica,7.226,,,,,,,CRI2014,4.519,52016408854.266,10911.498,8.499,6.207,3.542,-4.716,26.736,23.071,13.046,49869412874.334,CRI
2012,Costa Rica,7.257,,,,,,,CRI2012,4.495,47231655431.736,10126.999,9.11,4.734,4.883,-5.105,25.945,23.362,13.105,45751076217.868,CRI
2011,Costa Rica,7.251,,,,,,,CRI2011,4.878,42762613698.964,9276.391,9.518,4.593,4.403,-5.297,25.379,23.298,13.209,41322445055.458,CRI
2024,Côte d’Ivoire,5.102,1.038,0.76,0.206,0.661,0.1,0.162,CIV2024,3.466,,,2.288,,,,,,,,CIV
2023,Côte d’Ivoire,5.08,1.08,0.578,0.288,0.547,0.12,0.164,CIV2023,4.387,78875489245.054,2530.847,2.27,2.922,6.2,,18.313,13.691,13.352,75699486555.338,CIV
2022,Côte d’Ivoire,5.053,1.094,0.584,0.12,0.467,0.138,0.131,CIV2022,5.276,70173140101.432,2308.707,2.306,2.086,6.218,-7.686,18.61,12.174,11.945,67874161725.943,CIV
2021,Côte d’Ivoire,5.235,1.094,0.442,0.322,0.451,0.149,0.124,CIV2021,4.092,72794636653.779,2455.981,2.63,3.93,7.063,-3.948,16.377,12.664,12.389,70557249154.882,CIV
2020,Côte d’Ivoire,5.306,0.669,0.409,0.052,0.438,0.177,0.092,CIV2020,2.425,63027852805.42,2179.729,2.584,1.828,0.7,-3.132,16.032,12.112,11.787,61181445318.324,CIV
2019,Côte d’Ivoire,5.233,0.537,0.8,0.155,0.397,0.17,0.093,CIV2019,-1.107,60382894697.356,2141.768,2.401,1.983,6.721,-2.234,13.627,11.963,11.665,58700458323.694,CIV
2018,Côte d’Ivoire,4.944,,,,,,,CIV2018,0.359,58522477786.689,2130.866,2.85,1.682,4.843,-3.904,14.737,11.967,11.666,56893409586.384,CIV
2017,Côte d’Ivoire,4.671,,,,,,,CIV2017,0.686,52512343996.69,1964.299,3.272,-1.042,7.411,-1.998,14.947,11.955,11.756,50973205770.879,CIV
2016,Côte d’Ivoire,4.18,,,,,,,CIV2016,0.723,48407761036.824,1862.596,1.896,-1.18,7.173,-0.856,13.4,11.731,11.46,47331529982.55,CIV
2015,Côte d’Ivoire,3.916,,,,,,,CIV2015,1.251,45815005169.265,1814.719,2.579,4.776,7.195,-0.44,13.455,12.164,11.176,44807751702.504,CIV
2014,Côte d’Ivoire,3.655,,,,,,,CIV2014,0.449,48843005613.709,1991.365,3.285,4.407,9.372,1.046,9.216,10.644,10.117,47933652024.974,CIV
2011,Côte d’Ivoire,4.197,,,,,,,CIV2011,4.912,36693710801.398,1596.628,7.135,5.709,-5.37,7.266,9.61,8.66,7.571,24425274888.759,CIV
2024,Croatia,5.87,1.644,1.673,0.669,0.478,0.022,0.065,HRV2024,,,,5.236,,,,,,,,HRV
2023,Croatia,5.942,1.71,1.445,0.637,0.469,0.064,0.043,HRV2023,7.941,84393795502.442,21865.456,6.086,11.74,3.303,0.754,38.681,35.592,21.492,84099779090.476,HRV
2022,Croatia,6.125,1.727,1.455,0.475,0.5,0.087,0.003,HRV2022,10.781,71198635101.951,18466.096,6.96,8.013,7.288,-3.681,37.837,38.256,21.675,70919879052.469,HRV
2021,Croatia,6.125,1.705,1.183,0.709,0.535,0.109,0.0,HRV2021,2.555,69006802298.696,17789.93,7.608,2.081,12.632,0.808,40.658,38.962,21.071,68667460258.325,HRV
2020,Croatia,5.882,1.251,1.039,0.703,0.453,0.111,0.0,HRV2020,0.155,57963370885.08,14808.462,7.507,0.803,-8.312,-0.795,44.894,39.204,20.874,58907901172.24,HRV
2019,Croatia,5.505,1.109,1.311,0.901,0.381,0.114,0.012,HRV2019,0.772,61467582193.682,15563.817,6.617,1.988,3.1,2.639,38.468,39.077,21.973,61266599944.473,HRV
2018,Croatia,5.432,,,,,,,HRV2018,1.5,61668130122.588,15460.418,8.432,2.026,2.905,1.219,38.294,37.878,21.787,61012800387.368,HRV
2017,Croatia,5.321,,,,,,,HRV2017,1.129,56186190437.996,13902.631,11.208,1.232,3.281,4.05,39.046,38.664,22.017,56015572345.403,HRV
2016,Croatia,5.293,,,,,,,HRV2016,-1.125,52654855638.106,12821.174,13.103,0.015,3.461,2.463,40.086,38.606,21.902,51687937114.799,HRV
2015,Croatia,5.488,,,,,,,HRV2015,-0.464,51005200669.694,12285.303,16.175,0.124,2.323,2.816,41.534,37.796,21.414,50921927822.595,HRV
2014,Croatia,5.759,,,,,,,HRV2014,-0.215,59612144078.413,14187.969,17.29,0.127,-0.557,0.394,42.128,36.532,20.381,58743509682.768,HRV
2012,Croatia,5.661,,,,,,,HRV2012,3.412,57551963753.21,13508.684,15.935,1.411,-2.254,-0.361,40.228,34.718,20.128,55633820700.961,HRV
2011,Croatia,5.623,,,,,,,HRV2011,2.273,62903737379.783,14694.999,13.678,1.669,-0.098,-1.662,42.018,34.472,19.644,60863146670.824,HRV
2011,Cuba,5.418,,,,,,,CUB2011,,68990000000.0,6104.461,3.18,4.324,2.802,,,,,67926000000.0,CUB
2024,Cyprus,5.942,1.72,1.348,0.84,0.612,0.108,0.041,CYP2024,1.8,,,5.602,,,,,,,,CYP
2023,Cyprus,6.068,1.794,1.217,0.744,0.529,0.124,0.049,CYP2023,3.541,33886930712.339,36551.418,6.098,3.83,2.612,-9.426,39.808,41.259,24.082,30644231434.626,CYP
2022,Cyprus,6.13,1.824,1.224,0.58,0.455,0.104,0.05,CYP2022,8.395,30976176886.852,33938.945,6.806,6.689,7.366,-5.518,36.483,38.375,23.133,28521267364.768,CYP
2021,Cyprus,6.221,1.815,0.909,0.819,0.448,0.123,0.062,CYP2021,2.446,30372874319.628,33734.293,7.513,3.044,11.388,-5.449,40.678,38.256,22.552,27682692012.007,CYP
2020,Cyprus,6.223,1.377,0.765,0.801,0.464,0.178,0.061,CYP2020,-0.638,25555093854.297,28649.016,7.755,-1.208,-3.221,-9.705,43.695,38.373,21.94,23839852610.947,CYP
2019,Cyprus,6.159,1.213,1.149,1.026,0.459,0.228,0.051,CYP2019,0.25,26196667099.53,29703.053,7.155,1.35,5.876,-5.524,38.506,39.321,23.075,24793491597.222,CYP
2018,Cyprus,6.046,,,,,,,CYP2018,1.435,25754001367.545,29599.986,8.504,1.026,6.272,-3.741,40.341,38.318,23.833,24823400132.031,CYP
2017,Cyprus,5.762,,,,,,,CYP2017,0.532,22946570628.758,26696.99,11.155,1.02,5.751,-4.912,36.846,38.412,23.82,22248590723.515,CYP
2016,Cyprus,5.621,,,,,,,CYP2016,-1.429,21046462280.598,24715.154,13.006,-0.575,6.574,-3.87,38.138,38.324,23.516,20211956551.818,CYP
2015,Cyprus,5.546,,,,,,,CYP2015,-2.097,19909278416.858,23487.229,15.026,-0.754,3.419,-0.244,41.727,40.425,24.047,19774901919.014,CYP
2014,Cyprus,5.689,,,,,,,CYP2014,-1.355,23225918259.982,27244.352,16.277,-1.338,-1.776,-4.076,50.883,41.524,24.716,22592071770.945,CYP
2012,Cyprus,6.466,,,,,,,CYP2012,2.389,25047436974.682,28991.936,12.097,1.679,-3.447,-3.869,52.643,37.796,23.335,24872764788.562,CYP
2011,Cyprus,6.416,,,,,,,CYP2011,3.289,27641547909.701,32485.797,7.942,1.616,0.417,-2.093,41.871,37.425,23.15,28366739790.706,CYP
2024,Czechia,6.775,1.692,1.716,0.658,0.916,0.118,0.084,CZE2024,2.435,,,2.506,,,,,,,,CZE
2023,Czechia,6.822,1.783,1.511,0.638,0.787,0.177,0.068,CZE2023,10.661,343207874553.734,31591.177,2.579,8.159,-0.085,0.302,,,,317869839762.542,CZE
2022,Czechia,6.845,1.823,1.544,0.477,0.693,0.158,0.05,CZE2022,15.1,301831228325.556,28282.224,2.224,8.671,2.847,-4.52,34.443,30.221,12.642,277349488376.076,CZE
2021,Czechia,6.92,1.815,1.26,0.715,0.66,0.158,0.048,CZE2021,3.84,290972714482.313,27696.462,2.803,4.034,4.029,-2.046,36.846,30.781,12.936,270290707240.003,CZE
2020,Czechia,6.965,1.37,1.09,0.703,0.58,0.052,0.046,CZE2020,3.161,251109660602.536,23472.892,2.55,4.516,-5.305,1.785,37.642,31.409,14.073,233709848019.733,CZE
2019,Czechia,6.911,1.212,1.405,0.895,0.506,0.046,0.05,CZE2019,2.848,256794209028.77,24062.719,2.015,3.841,3.566,0.356,32.04,31.472,14.525,237284304854.517,CZE
2018,Czechia,6.852,,,,,,,CZE2018,2.149,251992360762.236,23705.933,2.246,2.813,2.83,0.452,31.828,31.749,14.657,235330815043.776,CZE
2017,Czechia,6.711,,,,,,,CZE2017,2.451,221563575696.217,20913.198,2.893,1.684,5.174,1.353,31.386,31.325,14.807,206250524034.28,CZE
2016,Czechia,6.609,,,,,,,CZE2016,0.684,198160659303.939,18753.969,3.952,1.491,2.581,1.747,32.523,31.491,14.771,183030984148.2,CZE
2015,Czechia,6.596,,,,,,,CZE2015,0.309,189107698561.919,17931.599,5.048,1.235,4.959,0.447,33.069,31.128,14.686,175136907363.179,CZE
2014,Czechia,6.505,,,,,,,CZE2014,0.344,210911285077.683,20038.416,6.108,2.707,2.245,0.217,34.217,30.827,14.323,194987353968.445,CZE
2012,Czechia,6.29,,,,,,,CZE2012,3.288,210363223087.728,20014.035,6.979,1.343,-0.771,-1.501,36.347,31.712,14.822,195428016856.085,CZE
2011,Czechia,6.36,,,,,,,CZE2011,1.917,231429378717.312,22049.108,6.712,-0.221,1.772,-2.169,34.652,31.208,14.403,211036199499.884,CZE
2024,Denmark,7.521,1.825,1.748,0.82,0.955,0.15,0.488,DNK2024,1.372,,,5.587,,,,,,,,DNK
2023,Denmark,7.583,1.908,1.52,0.699,0.823,0.204,0.548,DNK2023,3.305,407091920305.404,68453.877,5.094,-3.789,2.495,9.841,33.139,36.699,31.404,418673805445.712,DNK
2022,Denmark,7.586,1.949,1.548,0.537,0.734,0.208,0.525,DNK2022,7.697,401945576107.963,68091.319,4.434,9.097,1.54,11.566,32.018,35.787,30.669,414709867315.259,DNK
2021,Denmark,7.636,1.953,1.243,0.777,0.719,0.188,0.532,DNK2021,1.853,408378204639.999,69727.987,5.043,2.769,7.382,8.659,36.216,40.374,35.004,424501033300.764,DNK
2020,Denmark,7.62,1.502,1.108,0.763,0.686,0.208,0.485,DNK2020,0.421,355631021931.621,60985.489,5.637,2.827,-1.78,7.231,38.759,39.212,34.471,367136215276.414,DNK
2019,Denmark,7.646,1.327,1.503,0.979,0.665,0.243,0.495,DNK2019,0.758,345401473012.615,59404.266,5.018,0.951,1.711,7.425,35.294,39.777,34.977,355443582780.668,DNK
2018,Denmark,7.6,,,,,,,DNK2018,0.814,355293374912.393,61324.767,5.131,0.593,1.86,6.245,36.177,37.429,32.384,365236933204.871,DNK
2017,Denmark,7.555,,,,,,,DNK2017,1.147,331610593961.988,57521.551,5.833,1.101,3.056,7.36,36.281,38.088,33.28,338899001120.246,DNK
2016,Denmark,7.522,,,,,,,DNK2016,0.25,312181849372.233,54500.926,5.989,0.427,3.073,7.079,37.375,38.036,33.49,320020671940.78,DNK
2015,Denmark,7.526,,,,,,,DNK2015,0.452,301758922337.637,53094.013,6.278,0.409,2.104,7.954,39.468,38.904,34.156,311066436036.952,DNK
2014,Denmark,7.527,,,,,,,DNK2014,0.564,352832602064.452,62520.451,6.925,1.019,1.278,8.337,39.853,41.875,36.585,365645289652.797,DNK
2012,Denmark,7.693,,,,,,,DNK2012,2.398,326792574244.963,58443.775,7.798,2.408,-0.005,6.041,42.574,39.932,33.515,334180090640.392,DNK
2011,Denmark,7.856,,,,,,,DNK2011,2.759,344315595263.175,61809.738,7.769,0.646,1.311,6.339,41.355,39.728,32.809,351569643417.089,DNK
2014,Djibouti,4.369,,,,,,,DJI2014,1.342,2214679081.257,2208.678,26.173,1.262,7.062,23.958,,,,2263292357.122,DJI
2012,Djibouti,4.69,,,,,,,DJI2012,3.731,1353632941.521,1400.194,26.187,,,-10.931,,,,1417840322.753,DJI
2011,Djibouti,4.957,,,,,,,DJI2011,5.069,1239144501.775,1306.346,26.314,,,-13.868,,,,1247888544.404,DJI
2024,Dominican Republic,5.846,1.457,1.5,0.615,0.866,0.063,0.186,DOM2024,3.302,,,5.473,,,,,,,,DOM
2023,Dominican Republic,5.823,1.517,1.272,0.511,0.73,0.086,0.196,DOM2023,4.786,121444279313.931,10717.628,5.555,6.424,2.361,-3.604,,,,116006679313.854,DOM
2022,Dominican Republic,5.569,1.536,1.227,0.351,0.623,0.083,0.195,DOM2022,8.811,113537368176.13,10109.523,5.504,10.714,4.858,-5.768,17.679,16.084,13.82,109226368176.13,DOM
2021,Dominican Republic,5.737,1.538,1.003,0.577,0.606,0.084,0.179,DOM2021,8.243,94243425938.365,8472.48,7.702,7.777,12.272,-2.849,17.806,16.368,14.377,89532925938.863,DOM
2020,Dominican Republic,5.545,1.106,0.879,0.555,0.581,0.101,0.144,DOM2020,3.781,78844656298.178,7162.292,6.126,4.724,-6.72,-1.686,21.398,14.661,12.39,75019656298.62,DOM
2019,Dominican Republic,5.689,0.983,1.329,0.742,0.563,0.112,0.116,DOM2019,1.811,88941372558.24,8164.221,6.356,2.526,5.052,-1.336,15.864,15.458,13.303,84872472558.556,DOM
2018,Dominican Republic,5.425,,,,,,,DOM2018,3.564,85555390139.118,7934.981,5.861,4.121,6.983,-1.545,15.705,15.209,13.025,81863690138.272,DOM
2017,Dominican Republic,5.302,,,,,,,DOM2017,3.28,79998046305.79,7499.693,5.832,4.181,4.667,-0.166,16.019,15.162,13.031,76204246305.378,DOM
2016,Dominican Republic,5.23,,,,,,,DOM2016,1.614,75704647877.656,7174.823,7.284,1.994,6.659,-1.076,16.149,14.903,12.911,72451547877.144,DOM
2015,Dominican Republic,5.155,,,,,,,DOM2015,0.837,71164826836.528,6819.932,7.605,2.472,6.927,-1.799,15.205,17.578,12.812,68228426835.72,DOM
2014,Dominican Republic,4.885,,,,,,,DOM2014,2.999,67179955677.279,6512.508,6.719,4.321,7.05,-3.23,15.642,15.041,13.386,63932555677.284,DOM
2012,Dominican Republic,4.963,,,,,,,DOM2012,3.694,60681535652.537,6025.726,6.722,5.098,2.717,-6.543,15.835,14.543,13.026,58281935652.018,DOM
2011,Dominican Republic,5.036,,,,,,,DOM2011,5.797,58029773599.455,5834.706,6.087,8.061,3.133,-7.511,14.016,13.734,12.298,55775273598.996,DOM
2024,DR Congo,3.469,0.544,0.929,0.278,0.6,0.151,0.061,COD2024,,,,4.556,,,,,,,,COD
2023,DR Congo,3.295,0.534,0.665,0.262,0.473,0.189,0.072,COD2023,,66383287002.987,627.502,4.484,13.172,8.561,-5.849,,,,64288287002.987,COD
2022,DR Congo,3.207,0.531,0.784,0.105,0.375,0.183,0.068,COD2022,,65801547619.582,642.612,4.522,10.106,8.924,-4.784,13.323,14.165,11.411,62284414213.453,COD
2019,DR Congo,4.311,0.062,0.833,0.277,0.365,0.254,0.081,COD2019,,51775829877.209,557.044,4.591,5.895,4.385,-3.27,7.982,7.706,6.377,48961721320.982,COD
2018,DR Congo,4.418,,,,,,,COD2018,,47568210009.817,528.256,4.618,30.999,5.821,-3.516,9.884,8.719,7.295,45864379355.536,COD
2017,DR Congo,4.245,,,,,,,COD2017,,38019264794.826,436.585,4.601,43.069,3.727,-3.265,7.737,7.977,6.591,36945658210.5,COD
2016,DR Congo,4.28,,,,,,,COD2016,2.886,37134801555.332,442.31,4.521,4.349,2.399,-4.051,12.35,9.262,7.952,36345366908.664,COD
2015,DR Congo,4.272,,,,,,,COD2015,0.744,37917706497.179,467.915,4.439,-1.156,6.916,-3.913,12.548,10.756,9.103,35126777862.432,COD
2014,DR Congo,4.517,,,,,,,COD2014,1.243,35909040925.938,458.005,4.436,0.994,9.47,-4.797,12.267,11.057,8.637,32869069802.463,COD
2012,DR Congo,4.578,,,,,,,COD2012,9.722,29306235285.26,400.06,4.485,5.94,7.087,-4.301,14.22,12.548,8.857,27710051425.574,COD
2011,DR Congo,3.984,,,,,,,COD2011,15.317,25839749199.367,364.714,4.315,13.792,6.875,-4.956,,,,24543304631.594,COD
2024,Ecuador,5.965,1.299,1.32,0.702,0.712,0.058,0.066,ECU2024,1.547,,,4.773,,,,,,,,ECU
2023,Ecuador,5.725,1.315,1.151,0.64,0.606,0.087,0.078,ECU2023,2.216,118844826000.0,6609.804,3.51,-0.408,2.355,1.974,,,,116197121700.0,ECU
2022,Ecuador,5.559,1.343,1.173,0.476,0.56,0.079,0.069,ECU2022,3.466,116586079000.0,6540.998,3.761,2.196,6.186,1.833,30.318,30.842,13.038,114677350000.0,ECU
2021,Ecuador,5.533,1.352,0.879,0.708,0.565,0.08,0.083,ECU2021,0.133,107435101000.0,6075.803,4.552,2.049,9.818,2.735,31.85,29.601,12.706,105704005400.0,ECU
2020,Ecuador,5.764,0.935,0.806,0.64,0.56,0.107,0.062,ECU2020,-0.339,95865472000.0,5463.645,6.127,-1.826,-9.245,2.091,34.04,27.121,12.941,92538070200.0,ECU
2019,Ecuador,5.925,0.853,1.221,0.839,0.555,0.115,0.087,ECU2019,0.266,107595829000.0,6205.058,3.812,-0.057,0.165,-0.507,33.147,29.66,13.401,104536017000.0,ECU
2018,Ecuador,6.028,,,,,,,ECU2018,-0.224,107478962000.0,6303.919,3.53,1.819,1.044,-1.534,33.725,31.206,14.293,104610030900.0,ECU
2017,Ecuador,5.973,,,,,,,ECU2017,0.417,104467486000.0,6233.322,3.836,0.932,5.97,-0.388,31.519,27.986,13.689,102098707100.0,ECU
2016,Ecuador,6.008,,,,,,,ECU2016,1.728,97671433000.0,5917.638,4.597,1.171,-0.688,0.922,35.055,28.641,14.542,95796699000.0,ECU
2015,Ecuador,5.976,,,,,,,ECU2015,3.967,97209558000.0,5976.16,3.616,-5.476,0.12,-2.285,34.076,30.846,16.389,95498179000.0,ECU
2014,Ecuador,5.975,,,,,,,ECU2014,3.589,102717794000.0,6405.8,3.48,2.053,4.226,-0.651,33.327,28.89,14.021,101189491000.0,ECU
2012,Ecuador,5.865,,,,,,,ECU2012,5.102,87735048000.0,5634.084,3.235,5.003,5.783,-0.167,,,,86468104000.0,ECU
2011,Ecuador,5.425,,,,,,,ECU2011,4.475,78986648000.0,5153.692,3.458,6.838,8.481,-0.507,,,,77743317000.0,ECU
2024,Egypt,3.817,1.347,1.075,0.473,0.593,0.018,0.103,EGY2024,,,,7.198,,,,,,,,EGY
2023,Egypt,3.977,1.37,0.996,0.488,0.49,0.025,0.259,EGY2023,33.885,396002496996.96,3457.457,7.334,24.825,3.759,-3.173,,,,378684096996.935,EGY
2022,Egypt,4.17,1.377,0.972,0.326,0.467,0.038,0.25,EGY2022,13.896,476747720364.742,4233.308,7.344,10.426,6.588,-2.21,,,,460984520364.742,EGY
2021,Egypt,4.288,1.388,0.732,0.548,0.469,0.041,0.254,EGY2021,5.214,424671765455.704,3827.354,7.441,4.847,3.291,-4.382,,,,412272565455.704,EGY
2020,Egypt,4.283,0.954,0.647,0.426,0.446,0.069,0.092,EGY2020,5.045,383817841547.099,3511.114,7.974,6.177,3.55,-3.709,,,,372463841547.099,EGY
2019,Egypt,4.151,0.875,0.983,0.597,0.374,0.069,0.095,EGY2019,9.153,318678815489.749,2962.989,7.851,13.618,5.552,-3.208,,,,307669215489.749,EGY
2018,Egypt,4.166,,,,,,,EGY2018,14.401,262588632526.73,2484.703,9.855,21.175,5.331,-2.932,,,,256309032526.73,EGY
2017,Egypt,4.419,,,,,,,EGY2017,29.507,248362771739.13,2395.103,11.767,29.518,4.181,-3.197,,,,243794271739.13,EGY
2016,Egypt,4.735,,,,,,,EGY2016,13.814,332441717791.411,3270.629,12.45,6.246,4.347,-6.165,,,,327970017791.411,EGY
2015,Egypt,4.362,,,,,,,EGY2015,10.37,329366576819.407,3306.982,13.052,9.931,4.372,-5.235,30.23,20.989,12.519,323665676819.407,EGY
2014,Egypt,4.194,,,,,,,EGY2014,10.07,305595408895.265,3133.391,13.105,11.248,2.916,-1.948,32.921,19.877,12.22,298332708895.265,EGY
2012,Egypt,4.273,,,,,,,EGY2012,7.112,279116666666.667,2996.068,12.597,19.483,2.226,-2.498,28.689,20.228,12.385,272637266666.667,EGY
2011,Egypt,4.853,,,,,,,EGY2011,10.065,235989672977.625,2590.644,11.849,11.663,1.765,-2.324,29.19,21.931,14.009,229940172977.625,EGY
2024,El Salvador,6.492,1.222,1.228,0.559,0.955,0.054,0.264,SLV2024,0.854,,,2.839,,,,,,,,SLV
2023,El Salvador,6.469,1.265,1.08,0.549,0.816,0.083,0.253,SLV2023,4.046,34015620000.0,5391.069,2.992,2.729,3.511,-1.369,27.549,25.927,20.607,31873990000.0,SLV
2022,El Salvador,6.122,1.278,1.044,0.383,0.713,0.079,0.222,SLV2022,7.199,31988920000.0,5093.518,2.999,7.143,2.8,-6.822,27.293,28.087,21.084,30006450000.0,SLV
2021,El Salvador,6.12,1.265,0.768,0.607,0.666,0.089,0.212,SLV2021,3.467,29043140000.0,4642.607,4.327,4.142,11.905,-4.306,29.507,28.575,19.69,27355140000.0,SLV
2020,El Salvador,6.061,0.845,0.675,0.565,0.615,0.116,0.16,SLV2020,-0.372,24921190000.0,3997.193,5.008,0.654,-7.893,1.11,33.945,23.559,18.391,23543800000.0,SLV
2019,El Salvador,6.348,0.749,1.149,0.753,0.524,0.119,0.117,SLV2019,0.075,26881140000.0,4320.117,4.17,0.848,2.437,-0.422,24.759,24.102,18.081,25540040000.0,SLV
2018,El Salvador,6.253,,,,,,,SLV2018,1.09,26020850000.0,4183.546,4.006,1.716,2.412,-3.302,24.727,24.949,18.129,24550760000.0,SLV
2017,El Salvador,6.167,,,,,,,SLV2017,1.012,24979190000.0,4020.127,4.385,0.987,2.248,-1.86,24.844,25.097,17.754,23591570000.0,SLV
2016,El Salvador,6.003,,,,,,,SLV2016,0.604,24191430000.0,3901.34,4.418,0.658,2.539,-2.274,23.208,23.689,17.355,22945050000.0,SLV
2015,El Salvador,6.068,,,,,,,SLV2015,-0.731,23438240000.0,3790.341,3.998,1.308,2.4,-3.216,22.763,20.815,16.753,22346390000.0,SLV
2014,El Salvador,6.13,,,,,,,SLV2014,1.141,22593470000.0,3666.012,4.154,0.993,1.729,-5.371,22.77,20.592,16.709,21558030000.0,SLV
2012,El Salvador,5.809,,,,,,,SLV2012,1.73,21386150000.0,3497.913,3.843,2.476,2.888,-5.797,22.902,22.656,16.182,20515590000.0,SLV
2011,El Salvador,5.956,,,,,,,SLV2011,5.129,20283780000.0,3330.6,4.297,5.953,3.774,-5.481,24.89,23.228,15.344,19665540000.0,SLV
2024,Estonia,6.417,1.65,1.716,0.642,0.902,0.128,0.378,EST2024,3.521,,,7.828,,,,,,,,EST
2023,Estonia,6.448,1.752,1.527,0.657,0.805,0.166,0.401,EST2023,9.159,41291245222.195,30133.304,6.378,8.055,-3.023,-1.75,37.852,36.296,21.421,40050178864.918,EST
2022,Estonia,6.455,1.798,1.526,0.494,0.728,0.153,0.372,EST2022,19.398,38376046174.971,28451.148,5.571,15.782,0.06,-3.898,35.279,34.968,21.017,36987912194.942,EST
2021,Estonia,6.341,1.793,1.232,0.728,0.689,0.123,0.333,EST2021,4.653,37204563051.472,27953.767,6.178,5.372,7.154,-3.728,38.232,35.641,21.74,36275709776.356,EST
2020,Estonia,6.189,1.344,1.079,0.64,0.641,0.119,0.263,EST2020,-0.445,31820771493.897,23933.994,6.956,0.753,-2.884,-2.731,40.908,35.203,20.722,30896975845.136,EST
2019,Estonia,6.022,1.192,1.453,0.843,0.577,0.125,0.202,EST2019,2.277,31873748770.031,24021.25,4.514,3.823,3.727,2.009,35.651,35.203,21.063,30681549837.647,EST
2018,Estonia,5.893,,,,,,,EST2018,3.436,31222632740.725,23618.136,5.412,4.849,3.7,0.564,35.217,34.427,20.833,29976050226.902,EST
2017,Estonia,5.739,,,,,,,EST2017,3.417,27469461919.119,20851.522,5.807,3.741,5.635,1.7,34.698,34.679,20.868,26262150181.882,EST
2016,Estonia,5.611,,,,,,,EST2016,0.149,24561027787.79,18666.374,6.882,2.439,3.093,0.996,35.821,35.441,21.677,23537298481.751,EST
2015,Estonia,5.517,,,,,,,EST2015,-0.492,23311847750.939,17722.156,6.412,1.306,1.838,1.463,35.821,35.534,21.566,22387751107.031,EST
2014,Estonia,5.429,,,,,,,EST2014,-0.106,27055689003.004,20581.79,7.352,2.857,3.323,0.518,33.615,34.633,20.705,25876006876.549,EST
2012,Estonia,5.426,,,,,,,EST2012,3.933,23237406116.399,17568.214,10.021,4.206,3.672,-1.858,34.196,34.204,20.162,22063932819.844,EST
2011,Estonia,5.33,,,,,,,EST2011,4.982,23303915794.757,17555.546,12.328,5.539,7.607,1.305,34.853,33.517,19.446,22028387855.058,EST
2024,Eswatini,3.774,1.183,1.152,0.038,0.428,0.054,0.13,SWZ2024,,,,34.4,,,,,,,,SWZ
2023,Eswatini,3.502,1.255,0.925,0.176,0.284,0.059,0.116,SWZ2023,,4442875788.085,3610.609,35.086,1.62,5.015,2.42,,,,4134403562.19,SWZ
2021,Eswatini,4.396,1.274,0.786,0.197,0.259,0.038,0.154,SWZ2021,,4737671576.329,3926.487,34.153,0.168,3.399,2.645,24.976,25.456,24.704,4375150957.812,SWZ
2024,Ethiopia,3.898,0.757,1.051,0.416,0.54,0.182,0.1,ETH2024,,,,3.398,,,,,,,,ETH
2023,Ethiopia,3.861,0.792,0.915,0.42,0.441,0.27,0.101,ETH2023,30.219,163697927593.982,1272.016,3.402,33.021,6.498,-2.925,6.122,4.505,3.931,163284493254.474,ETH
2022,Ethiopia,4.091,0.793,1.114,0.25,0.451,0.283,0.101,ETH2022,33.89,126772703047.701,1011.073,3.409,34.667,5.321,-4.071,7.302,5.056,4.497,126199025534.765,ETH
2021,Ethiopia,4.241,0.788,0.809,0.457,0.472,0.205,0.136,ETH2021,26.84,111261882958.426,910.948,3.935,21.763,5.642,-4.051,8.417,6.555,5.325,110688250515.368,ETH
2020,Ethiopia,4.275,0.37,0.679,0.331,0.451,0.241,0.114,ETH2020,20.356,107657734392.446,905.313,3.994,18.255,6.06,-2.525,8.412,7.105,6.196,107045139885.794,ETH
2019,Ethiopia,4.186,0.315,1.001,0.484,0.413,0.228,0.117,ETH2019,15.81,95912607722.303,828.709,2.917,12.86,8.364,-5.239,9.705,7.788,6.662,95323016753.822,ETH
2018,Ethiopia,4.286,,,,,,,ETH2018,13.833,84269196625.878,747.968,2.802,12.382,6.816,-5.472,10.817,8.973,7.52,83891882898.151,ETH
2017,Ethiopia,4.35,,,,,,,ETH2017,10.687,81770886825.605,745.632,2.662,6.677,9.564,-7.25,11.233,9.445,7.604,81285285937.504,ETH
2016,Ethiopia,4.46,,,,,,,ETH2016,6.628,74296745207.872,696.196,2.554,10.398,9.433,-10.64,10.089,9.358,8.087,74054063837.424,ETH
2015,Ethiopia,4.508,,,,,,,ETH2015,9.569,64589328550.595,621.846,2.443,10.837,10.392,-11.715,10.378,9.943,8.351,64326828327.91,ETH
2014,Ethiopia,4.512,,,,,,,ETH2014,6.89,55612228233.518,549.987,2.359,10.982,10.257,-10.378,9.552,9.737,8.812,55459432981.044,ETH
2012,Ethiopia,4.561,,,,,,,ETH2012,23.6,43310721414.083,452.101,2.255,33.541,8.648,-7.107,8.466,11.07,9.378,43214529006.085,ETH
2011,Ethiopia,4.064,,,,,,,ETH2011,33.25,31952763089.33,343.025,2.275,20.062,11.178,-3.304,10.584,10.876,9.209,31883271774.194,ETH
2024,Finland,7.736,1.749,1.783,0.824,0.986,0.11,0.502,FIN2024,1.566,,,8.26,,,,,,,,FIN
2023,Finland,7.741,1.844,1.572,0.695,0.859,0.142,0.546,FIN2023,6.251,295532341254.907,52925.69,7.151,3.914,-1.164,-0.534,44.854,42.066,25.332,297129375017.652,FIN
2022,Finland,7.804,1.888,1.585,0.535,0.772,0.126,0.535,FIN2022,7.124,280241515774.32,50438.475,6.719,5.449,1.45,-2.507,37.936,37.183,21.2,284510574953.308,FIN
2021,Finland,7.821,1.892,1.258,0.775,0.736,0.109,0.534,FIN2021,2.195,294223210496.119,53099.135,7.617,2.435,2.735,0.327,40.103,37.023,20.83,301103210879.84,FIN
2020,Finland,7.842,1.446,1.106,0.741,0.691,0.124,0.481,FIN2020,0.291,270000311606.226,48828.685,7.759,1.638,-2.491,0.53,41.482,35.47,20.006,276322367069.261,FIN
2019,Finland,7.809,1.285,1.5,0.961,0.662,0.16,0.478,FIN2019,1.024,267014821129.411,48358.181,6.695,1.482,1.35,-0.155,37.31,36.881,20.785,269899706941.176,FIN
2018,Finland,7.769,,,,,,,FIN2018,1.084,273869255596.078,49654.25,7.361,1.987,1.193,-1.638,37.678,37.015,20.964,276815737098.039,FIN
2017,Finland,7.632,,,,,,,FIN2017,0.754,253846138440.0,46085.017,8.64,0.836,3.303,-0.614,38.173,36.995,20.881,255775633889.412,FIN
2016,Finland,7.469,,,,,,,FIN2016,0.357,238777818792.608,43451.256,8.818,0.055,2.572,-1.982,39.939,37.972,20.987,241867185380.545,FIN
2015,Finland,7.413,,,,,,,FIN2015,-0.208,233210733506.25,42560.346,9.376,1.633,0.467,-0.912,40.683,37.619,20.587,236841059684.375,FIN
2014,Finland,7.406,,,,,,,FIN2014,1.041,273478528954.901,50073.776,8.663,1.645,-0.478,-1.403,40.793,37.761,20.736,277614151896.47,FIN
2012,Finland,7.389,,,,,,,FIN2012,2.808,257443384492.969,47551.674,7.689,2.945,-1.523,-2.254,39.073,37.367,20.202,259497761579.297,FIN
2011,Finland,7.579,,,,,,,FIN2011,3.417,275126915515.565,51060.324,7.781,2.601,2.39,-1.56,37.995,36.845,20.053,276659458249.028,FIN
2024,France,6.593,1.733,1.535,0.832,0.743,0.099,0.264,FRA2024,1.999,,,7.37,,,,,,,,FRA
2023,France,6.609,1.818,1.348,0.727,0.65,0.112,0.281,FRA2023,4.878,3051831611384.76,44690.935,7.335,5.304,0.936,-0.994,47.326,42.275,23.11,3091101307415.06,FRA
2022,France,6.661,1.856,1.433,0.566,0.582,0.083,0.27,FRA2022,5.222,2796302210398.84,41082.812,7.308,3.221,2.571,-1.183,48.834,44.255,24.534,2828314888998.07,FRA
2021,France,6.687,1.863,1.219,0.808,0.567,0.07,0.266,FRA2021,1.642,2966433692008.09,43725.1,7.874,1.222,6.882,0.244,49.994,43.505,23.979,3024516531073.59,FRA
2020,France,6.69,1.421,1.081,0.804,0.536,0.092,0.235,FRA2020,0.476,2647926055110.05,39169.861,8.009,2.978,-7.441,-2.003,51.964,43.322,24.789,2667982790343.98,FRA
2019,France,6.664,1.268,1.459,1.03,0.514,0.113,0.227,FRA2019,1.108,2722793515171.76,40408.285,8.415,1.211,2.027,0.587,45.89,43.655,24.661,2787416524619.6,FRA
2018,France,6.592,,,,,,,FRA2018,1.851,2781576320884.39,41418.177,9.018,1.115,1.646,-0.736,47.1,44.726,24.31,2855661376338.82,FRA
2017,France,6.489,,,,,,,FRA2017,1.032,2588868323334.71,38687.163,9.409,0.586,2.084,-0.475,48.466,45.085,23.786,2653805221561.18,FRA
2016,France,6.442,,,,,,,FRA2016,0.183,2470407619777.13,37024.216,10.057,0.517,0.86,-0.539,48.15,44.451,23.146,2525276585700.01,FRA
2015,France,6.478,,,,,,,FRA2015,0.038,2442483452642.5,36702.432,10.354,1.134,1.067,-0.335,48.449,44.653,23.297,2491864986670.7,FRA
2014,France,6.575,,,,,,,FRA2014,0.508,2861236112552.42,43148.046,10.273,0.571,0.998,-0.963,49.121,44.932,23.156,2917864654134.5,FRA
2012,France,6.764,,,,,,,FRA2012,1.954,2683007095787.23,40863.581,9.841,1.082,0.184,-1.225,48.537,43.879,22.609,2742349300400.39,FRA
2011,France,6.746,,,,,,,FRA2011,2.112,2870408553990.28,43929.784,9.228,0.851,2.438,-1.028,47.928,42.969,21.826,2941328117344.36,FRA
2024,Gabon,5.12,1.386,1.224,0.387,0.651,0.042,0.086,GAB2024,1.173,,,20.061,,,,,,,,GAB
2023,Gabon,5.106,1.403,1.038,0.344,0.516,0.045,0.1,GAB2023,3.629,19388402541.67,7802.837,20.278,-9.964,2.446,,,,,18421276707.584,GAB
2022,Gabon,5.035,1.438,1.021,0.183,0.346,0.036,0.102,GAB2022,4.231,20440655695.18,8409.207,20.399,14.758,3.038,,,,,19032454429.114,GAB
2021,Gabon,4.958,1.459,0.738,0.396,0.343,0.032,0.099,GAB2021,1.087,19444935097.24,8181.409,21.218,20.338,1.468,,14.052,15.115,9.49,17052331403.488,GAB
2020,Gabon,4.852,1.037,0.707,0.362,0.424,0.058,0.064,GAB2020,1.353,15342236163.986,6605.803,21.27,-9.01,-1.838,,16.445,17.42,12.427,14503352825.439,GAB
2019,Gabon,4.829,0.988,1.106,0.523,0.369,0.052,0.056,GAB2019,2.465,16874405465.391,7441.179,20.358,1.547,3.921,,13.542,19.407,11.48,15511133840.558,GAB
2018,Gabon,4.799,,,,,,,GAB2018,4.749,16867326401.963,7624.278,20.439,7.177,0.838,,13.698,16.782,10.215,15754973543.463,GAB
2017,Gabon,4.758,,,,,,,GAB2017,2.652,14929487485.162,6921.734,20.303,3.82,0.473,,15.667,17.655,11.085,13985728543.24,GAB
2016,Gabon,4.465,,,,,,,GAB2016,2.107,14023890265.366,6677.07,20.134,-4.27,2.091,,17.085,17.392,11.468,12934874984.943,GAB
2015,Gabon,4.121,,,,,,,GAB2015,-0.339,14383107762.695,7047.127,19.978,-8.927,3.879,0.98,17.185,20.075,12.83,13188718895.917,GAB
2014,Gabon,3.896,,,,,,,GAB2014,4.69,18203966895.843,9201.363,19.916,-0.851,4.315,6.109,15.253,25.665,15.105,17256249272.897,GAB
2012,Gabon,4.114,,,,,,,GAB2012,2.652,17170464016.059,9296.966,19.728,-2.942,5.251,11.518,16.28,29.792,14.061,15456970450.536,GAB
2024,Gambia,4.423,0.778,0.958,0.348,0.611,0.255,0.045,GMB2024,,,,6.496,,,,,,,,GMB
2023,Gambia,4.485,0.75,0.684,0.33,0.459,0.324,0.048,GMB2023,16.974,2396111021.641,888.157,6.479,15.602,4.798,-8.519,,,,2365211021.641,GMB
2022,Gambia,4.279,0.761,0.614,0.174,0.286,0.332,0.033,GMB2022,11.513,2204734527.881,836.245,6.076,8.817,5.493,-4.094,,,,2173634527.766,GMB
2021,Gambia,5.164,0.785,0.621,0.369,0.367,0.388,0.103,GMB2021,7.37,2014158842.146,781.891,6.269,7.382,5.256,-4.313,,,,1963778533.684,GMB
2020,Gambia,5.051,0.367,0.511,0.21,0.384,0.465,0.123,GMB2020,5.931,1812170891.191,720.335,5.892,2.189,0.591,-4.776,,,,1785259979.97,GMB
2019,Gambia,4.751,0.257,0.883,0.353,0.403,0.426,0.158,GMB2019,7.116,1813609692.5,738.187,4.538,6.252,6.222,-2.044,,,,1783609669.129,GMB
2018,Gambia,4.516,,,,,,,GMB2018,6.521,1670671327.817,696.22,4.127,6.952,7.235,-8.083,,,,1641472104.635,GMB
2024,Georgia,5.4,1.444,1.275,0.482,0.844,0.0,0.172,GEO2024,1.11,,,11.48,,,,,,,,GEO
2023,Georgia,5.185,1.467,0.99,0.524,0.68,0.0,0.174,GEO2023,2.488,30777833585.444,8283.67,11.537,2.948,7.832,-5.551,25.242,27.967,23.599,28388158127.409,GEO
2022,Georgia,5.109,1.477,0.947,0.366,0.539,0.0,0.201,GEO2022,11.898,24984568959.605,6729.847,11.647,8.135,10.959,-4.421,24.936,26.489,22.902,23246873362.595,GEO
2021,Georgia,4.973,1.467,0.612,0.595,0.508,0.0,0.208,GEO2021,9.567,18853115588.811,5083.607,11.791,10.23,10.644,-10.305,27.204,24.855,21.473,17678574249.433,GEO
2020,Georgia,4.891,1.03,0.47,0.498,0.488,0.032,0.181,GEO2020,5.202,16010869215.68,4300.857,11.73,6.848,-6.29,-12.434,29.009,24.602,21.181,15254265041.644,GEO
2019,Georgia,4.673,0.847,0.731,0.695,0.485,0.048,0.174,GEO2019,4.853,17638337116.913,4741.283,11.565,3.996,5.381,-5.994,24.364,26.1,22.897,16841958711.691,GEO
2018,Georgia,4.519,,,,,,,GEO2018,2.615,17902544880.647,4804.055,12.667,3.485,6.062,-6.659,23.718,25.406,22.048,17228317459.065,GEO
2017,Georgia,4.34,,,,,,,GEO2017,6.035,16473125375.068,4418.752,13.939,7.547,5.16,-7.951,26.862,28.031,23.014,15681941286.498,GEO
2016,Georgia,4.286,,,,,,,GEO2016,2.135,15444548901.964,4143.401,16.604,2.275,3.45,-12.242,28.675,27.83,23.042,14744998637.358,GEO
2015,Georgia,4.252,,,,,,,GEO2015,4.004,15223796148.84,4086.622,16.506,5.377,3.351,-11.607,27.688,27.151,22.348,14880351881.735,GEO
2014,Georgia,4.297,,,,,,,GEO2014,3.069,17966015109.304,4830.335,17.439,4.59,4.09,-9.931,26.237,25.454,22.053,17737747151.643,GEO
2012,Georgia,4.187,,,,,,,GEO2012,-0.944,16894392033.226,4530.695,19.653,0.291,6.579,-11.144,24.273,24.609,23.089,16722078802.949,GEO
2011,Georgia,3.892,,,,,,,GEO2011,8.543,15475290469.287,4119.668,19.632,9.172,7.934,-11.91,23.14,23.902,22.661,15049331839.11,GEO
2024,Germany,6.753,1.785,1.625,0.776,0.858,0.148,0.351,DEU2024,2.256,,,3.406,,,,,,,,DEU
2023,Germany,6.719,1.871,1.39,0.702,0.7,0.174,0.368,DEU2023,5.946,4525703903627.53,54343.227,3.068,6.143,-0.266,5.803,,,,4636236589068.71,DEU
2022,Germany,6.892,1.919,1.401,0.539,0.618,0.153,0.365,DEU2022,6.873,4163596357879.39,49686.115,3.12,6.092,1.37,4.438,31.455,28.297,11.011,4241258694941.65,DEU
2021,Germany,7.034,1.924,1.088,0.776,0.585,0.163,0.358,DEU2021,3.067,4348297440387.53,52265.654,3.594,2.803,3.67,6.932,32.721,28.62,11.023,4443312883197.6,DEU
2020,Germany,7.155,1.48,0.993,0.757,0.6,0.195,0.306,DEU2020,0.145,3940142541354.1,47379.765,3.881,1.755,-4.095,6.35,32.161,28.574,10.411,3998734917350.98,DEU
2019,Germany,7.076,1.314,1.369,0.972,0.564,0.252,0.309,DEU2019,1.446,3957208055215.68,47623.866,3.163,2.016,0.988,7.88,27.899,28.667,11.214,4034728306596.07,DEU
2018,Germany,6.985,,,,,,,DEU2018,1.732,4052008447223.53,48874.86,3.384,1.865,1.116,8.445,27.388,28.385,11.238,4108434453701.96,DEU
2017,Germany,6.965,,,,,,,DEU2017,1.509,3763092263752.95,45526.6,3.781,1.468,2.716,8.084,27.539,28.008,11.2,3778789183700.01,DEU
2016,Germany,6.951,,,,,,,DEU2016,0.492,3537784107980.55,42961.036,4.104,1.256,2.295,8.9,27.367,27.86,11.079,3555930677612.46,DEU
2015,Germany,6.994,,,,,,,DEU2015,0.514,3423568450957.03,41911.011,4.612,1.685,1.653,8.1,27.449,27.957,11.257,3434101056827.73,DEU
2014,Germany,6.75,,,,,,,DEU2014,0.907,3965800686309.79,48971.082,4.979,1.901,2.169,7.192,27.51,27.95,11.26,3967012279025.08,DEU
2012,Germany,6.672,,,,,,,DEU2012,2.008,3597896500945.31,44735.588,5.372,1.432,0.474,7.193,27.934,27.993,11.394,3611772218601.56,DEU
2011,Germany,6.572,,,,,,,DEU2011,2.075,3824828563521.41,47646.582,5.967,1.232,3.758,6.259,28.305,27.764,11.255,3845325104620.63,DEU
2024,Ghana,4.34,1.053,1.01,0.438,0.771,0.139,0.025,GHA2024,22.848,,,3.007,,,,,,,,GHA
2023,Ghana,4.289,1.077,0.747,0.36,0.623,0.183,0.028,GHA2023,38.107,76370396722.154,2260.287,3.063,33.08,2.945,1.842,,,,75420372240.302,GHA
2022,Ghana,4.605,1.101,0.756,0.197,0.526,0.211,0.035,GHA2022,31.256,74263364041.874,2240.279,3.084,28.168,3.818,-2.344,22.679,15.551,12.298,72989253312.219,GHA
2021,Ghana,4.872,1.112,0.595,0.409,0.5,0.23,0.056,GHA2021,9.971,79524421861.274,2445.501,3.384,12.106,5.076,-3.196,20.751,14.926,12.245,77088309092.788,GHA
2020,Ghana,5.088,0.68,0.595,0.287,0.517,0.268,0.058,GHA2020,9.887,70043099675.68,2196.548,3.313,9.366,0.514,-3.047,21.884,13.755,11.34,70776526813.05,GHA
2019,Ghana,5.148,0.576,0.966,0.432,0.477,0.261,0.057,GHA2019,7.144,68337969247.707,2186.189,3.16,8.481,6.508,-2.728,17.511,14.695,11.997,65527721243.302,GHA
2018,Ghana,4.996,,,,,,,GHA2018,7.809,67298914624.372,2196.613,3.253,10.568,6.2,-3.038,17.602,15.069,12.244,64269886147.656,GHA
2017,Ghana,4.657,,,,,,,GHA2017,12.372,60405924078.728,2012.97,3.369,10.677,8.129,-3.315,17.355,14.521,11.577,57431261824.701,GHA
2016,Ghana,4.12,,,,,,,GHA2016,17.455,56164929304.875,1913.187,5.232,15.749,3.373,-5.042,18.29,14.159,11.058,53961346502.918,GHA
2015,Ghana,4.276,,,,,,,GHA2015,17.15,49406010054.266,1721.7,6.806,13.253,2.121,-5.715,17.364,14.53,11.691,47920547875.138,GHA
2014,Ghana,4.633,,,,,,,GHA2014,15.49,54783319817.37,1953.645,4.415,23.94,2.856,-6.744,18.204,14.215,11.252,51920567774.009,GHA
2012,Ghana,5.091,,,,,,,GHA2012,11.186,41271701060.954,1543.775,3.141,15.205,9.293,-11.901,26.884,19.339,15.368,39175664473.082,GHA
2011,Ghana,4.705,,,,,,,GHA2011,8.728,39336668080.559,1507.436,4.227,13.915,14.047,-9.003,21.141,19.372,14.866,38113676481.71,GHA
2024,Greece,5.776,1.608,1.438,0.725,0.396,0.003,0.063,GRC2024,2.741,,,10.133,,,,,,,,GRC
2023,Greece,5.934,1.684,1.276,0.696,0.337,0.018,0.093,GRC2023,3.465,243498333237.802,23400.728,11.066,5.875,2.332,-6.163,47.195,43.237,26.634,238668954547.047,GRC
2022,Greece,5.931,1.708,1.247,0.535,0.248,0.008,0.097,GRC2022,9.645,218880566444.349,20971.835,12.426,6.496,5.744,-10.336,50.595,45.058,27.669,215323644043.481,GRC
2021,Greece,5.948,1.703,0.98,0.774,0.249,0.015,0.108,GRC2021,1.224,218303801895.326,20654.7,14.656,1.393,8.654,-6.348,54.833,43.95,25.578,213013301589.942,GRC
2020,Greece,5.723,1.273,0.811,0.76,0.243,0.0,0.074,GRC2020,-1.248,191362985554.861,17886.733,15.899,-0.364,-9.196,-6.487,58.07,44.002,24.992,187724248007.129,GRC
2019,Greece,5.515,1.128,1.169,0.979,0.174,0.0,0.049,GRC2019,0.253,207305649887.019,19335.36,17.045,0.245,2.277,-1.501,46.926,44.015,25.932,203407936304.627,GRC
2018,Greece,5.287,,,,,,,GRC2018,0.626,213298873494.394,19873.402,19.179,-0.235,2.065,-2.929,48.022,45.669,27.108,209711639142.139,GRC
2017,Greece,5.358,,,,,,,GRC2017,1.121,200381103984.298,18631.993,21.413,0.204,1.473,-1.8,47.67,45.684,26.743,198842523409.192,GRC
2016,Greece,5.227,,,,,,,GRC2016,-0.826,193097239005.87,17919.243,23.514,-0.49,-0.032,-1.689,48.855,46.394,27.035,192207306613.596,GRC
2015,Greece,5.033,,,,,,,GRC2015,-1.736,194567373678.099,17980.73,24.981,-0.175,-0.228,-0.828,52.211,43.851,25.396,195524237566.206,GRC
2014,Greece,4.857,,,,,,,GRC2014,-1.312,233911581521.062,21474.726,26.708,-1.923,0.792,-1.597,49.748,43.194,25.399,236986597189.975,GRC
2012,Greece,5.435,,,,,,,GRC2012,1.502,238841140018.233,21624.346,24.731,-0.335,-8.331,-2.584,57.376,44.34,24.954,244054444999.141,GRC
2011,Greece,6.133,,,,,,,GRC2011,3.33,283228079776.041,25504.787,17.973,0.977,-9.877,-10.098,54.784,40.74,22.459,275151260812.938,GRC
2024,Guatemala,6.362,1.249,1.33,0.376,0.882,0.075,0.085,GTM2024,2.869,,,2.219,,,,,,,,GTM
2023,Guatemala,6.287,1.26,1.169,0.467,0.735,0.105,0.078,GTM2023,6.207,104450210572.012,5762.822,2.344,6.642,3.527,3.117,13.49,12.84,11.559,102563749565.884,GTM
2022,Guatemala,6.15,1.287,1.188,0.31,0.631,0.106,0.066,GTM2022,6.885,95630524813.106,5358.09,3.051,6.315,4.2,1.252,13.995,12.895,11.82,93633153318.352,GTM
2021,Guatemala,6.262,1.274,0.831,0.522,0.662,0.112,0.115,GTM2021,4.261,86478835636.381,4913.947,2.174,3.166,8.033,2.186,13.272,12.656,11.556,84342291465.078,GTM
2020,Guatemala,6.435,0.845,0.79,0.519,0.638,0.163,0.105,GTM2020,3.214,77719464220.73,4477.618,2.955,2.872,-1.786,5.041,14.998,11.119,9.955,76315720435.399,GTM
2019,Guatemala,6.399,0.754,1.174,0.706,0.613,0.171,0.098,GTM2019,3.7,77172317258.648,4511.998,2.193,3.566,4.018,2.36,13.127,11.716,10.435,75768261350.517,GTM
2018,Guatemala,6.436,,,,,,,GTM2018,3.752,73328365862.433,4352.947,2.283,1.272,3.407,0.886,12.982,11.778,10.561,71826156760.757,GTM
2017,Guatemala,6.382,,,,,,,GTM2017,4.425,71653754066.276,4324.996,2.462,1.748,3.08,1.196,12.894,11.886,10.636,70152653689.694,GTM
2016,Guatemala,6.454,,,,,,,GTM2016,4.448,66053403469.002,4060.138,2.583,2.707,2.678,0.965,12.796,11.978,10.422,64628103061.907,GTM
2015,Guatemala,6.324,,,,,,,GTM2015,2.389,62186064718.742,3893.505,2.506,2.232,4.092,-1.244,12.736,11.668,10.358,60699664551.005,GTM
2014,Guatemala,6.123,,,,,,,GTM2014,3.418,57852153058.502,3689.145,2.717,2.86,4.444,-3.3,13.284,12.275,10.778,56335052823.68,GTM
2012,Guatemala,5.965,,,,,,,GTM2012,3.782,49593929487.126,3286.62,2.765,3.378,2.975,-3.725,13.171,11.654,11.01,48568929273.304,GTM
2011,Guatemala,6.277,,,,,,,GTM2011,6.214,46876006272.239,3168.984,3.172,6.895,4.164,-3.37,12.745,11.589,11.018,45572706218.215,GTM
2024,Guinea,4.929,0.873,0.791,0.306,0.676,0.157,0.098,GIN2024,8.123,,,5.23,,,,,,,,GIN
2023,Guinea,5.023,0.831,0.622,0.236,0.521,0.21,0.107,GIN2023,7.805,22199409741.258,1541.041,5.244,3.922,6.745,10.306,,,,20265865041.919,GIN
2022,Guinea,5.072,0.844,0.776,0.072,0.369,0.204,0.102,GIN2022,10.493,19910452541.922,1416.596,5.267,2.806,3.972,16.827,,,,19564303529.378,GIN
2021,Guinea,4.891,0.848,0.566,0.275,0.334,0.214,0.116,GIN2021,12.597,17069115737.826,1244.966,5.827,11.986,5.582,27.176,,,,16378939819.792,GIN
2020,Guinea,4.984,0.42,0.399,0.206,0.384,0.25,0.111,GIN2020,10.602,14088693742.946,1053.661,6.018,4.25,4.705,19.056,,,,13942249439.385,GIN
2019,Guinea,4.949,0.39,0.751,0.334,0.372,0.249,0.112,GIN2019,9.47,13442861496.445,1031.341,5.018,9.403,5.617,-2.34,,,,13328776519.414,GIN
2018,Guinea,4.534,,,,,,,GIN2018,9.828,11857030366.789,933.274,4.787,7.059,6.358,-1.606,,,,11675180326.704,GIN
2017,Guinea,3.964,,,,,,,GIN2017,8.914,10324668271.136,833.599,4.826,10.357,10.3,5.03,,,,10274041364.6,GIN
2016,Guinea,3.507,,,,,,,GIN2016,8.173,8595955222.497,711.997,5.013,5.669,10.821,-31.933,,,,8493617258.449,GIN
2015,Guinea,3.607,,,,,,,GIN2015,11.78,8794201742.846,747.357,5.224,2.972,3.826,-11.601,,,,8650895056.712,GIN
2014,Guinea,3.656,,,,,,,GIN2014,6.151,8778473372.821,765.147,5.09,2.616,3.697,-11.183,,,,8566213820.861,GIN
2012,Guinea,3.847,,,,,,,GIN2012,15.226,7638044556.847,699.353,4.884,11.516,5.915,-13.598,,,,7516064556.845,GIN
2011,Guinea,4.171,,,,,,,GIN2011,21.317,6785137203.332,636.695,5.094,8.999,5.612,-17.117,,,,6651747203.332,GIN
2011,Guyana,5.993,,,,,,,GUY2011,4.978,3691384317.522,4947.222,11.819,2.409,5.196,-10.085,,,,3682055317.313,GUY
2020,Haiti,3.615,0.294,0.173,0.227,0.257,0.463,0.139,HTI2020,22.796,14508222518.302,1290.325,15.546,18.685,-3.306,0.355,,,,14536821917.315,HTI
2019,Haiti,3.721,0.285,0.647,0.374,0.169,0.464,0.162,HTI2019,18.704,15016090929.512,1352.172,14.057,19.8,-1.723,-1.123,,,,15065747025.928,HTI
2018,Haiti,3.597,,,,,,,HTI2018,12.481,16403864617.846,1496.38,13.878,6.536,1.668,-2.89,,,,16454143146.865,HTI
2017,Haiti,3.582,,,,,,,HTI2017,10.68,15093357161.15,1395.239,13.881,13.78,2.51,-2.153,,,,15151864668.199,HTI
2016,Haiti,3.603,,,,,,,HTI2016,11.503,14069277526.228,1318.403,13.852,15.703,1.812,-1.691,,,,14117174028.158,HTI
2015,Haiti,4.028,,,,,,,HTI2015,6.732,14849629308.602,1411.127,13.724,5.206,1.4,-1.823,,,,14890262233.936,HTI
2014,Haiti,4.518,,,,,,,HTI2014,3.438,15146883497.633,1460.189,13.755,2.219,2.889,-4.956,,,,15195978881.056,HTI
2012,Haiti,4.341,,,,,,,HTI2012,5.018,13708925477.13,1361.394,14.1,8.208,0.502,-3.145,,,,13763468551.058,HTI
2011,Haiti,3.789,,,,,,,HTI2011,6.333,13008746038.887,1312.04,14.485,4.321,5.098,-2.488,,,,13046543752.346,HTI
2024,Honduras,5.964,1.036,1.187,0.436,0.862,0.134,0.079,HND2024,4.606,,,6.061,,,,,,,,HND
2023,Honduras,5.968,1.091,1.035,0.502,0.72,0.175,0.081,HND2023,6.663,34400509852.044,3231.657,6.07,6.179,3.583,-4.037,,,,31872841684.136,HND
2022,Honduras,6.023,1.115,1.072,0.341,0.613,0.189,0.062,HND2022,9.09,31426041806.798,3003.29,8.774,9.312,4.144,-6.698,,,,28961571884.263,HND
2021,Honduras,6.022,1.111,0.885,0.555,0.582,0.202,0.076,HND2021,4.481,28144331506.615,2735.148,8.506,4.606,12.565,-5.464,,,,25771440693.968,HND
2020,Honduras,5.919,0.703,0.787,0.593,0.578,0.241,0.083,HND2020,3.468,23352232483.755,2307.615,10.982,3.402,-8.965,2.851,24.392,22.21,15.066,21695036274.889,HND
2019,Honduras,5.953,0.599,1.187,0.792,0.568,0.257,0.087,HND2019,4.366,24882225741.812,2502.327,5.698,3.359,2.56,-2.656,,,,22895236635.688,HND
2018,Honduras,5.86,,,,,,,HND2018,4.347,24067750760.499,2464.642,5.648,1.947,3.845,-6.572,,,,22173255705.374,HND
2017,Honduras,5.504,,,,,,,HND2017,3.934,23136247990.598,2413.008,5.528,4.513,4.843,-1.246,,,,21719792887.018,HND
2016,Honduras,5.181,,,,,,,HND2016,2.725,21717604952.184,2307.345,6.727,3.678,3.893,-3.143,,,,20198525790.52,HND
2015,Honduras,4.871,,,,,,,HND2015,3.158,20979791685.416,2271.203,6.147,6.933,3.84,-4.671,21.976,23.363,17.344,19549522844.999,HND
2014,Honduras,4.788,,,,,,,HND2014,6.129,19756533971.87,2179.882,7.078,6.849,3.058,-6.945,24.242,23.113,16.543,18168820189.947,HND
2012,Honduras,5.142,,,,,,,HND2012,5.196,18528554397.57,2126.035,3.755,3.58,4.129,-8.531,23.499,21.187,14.747,17246974067.095,HND
2011,Honduras,5.564,,,,,,,HND2011,6.762,17710275685.407,2073.661,4.474,7.807,3.836,-7.954,22.504,20.895,14.788,16768716965.808,HND
2024,Hong Kong SAR of China,5.491,1.79,1.41,0.948,0.674,0.116,0.386,HKG2024,1.73,,,2.793,,,,,,,,HKG
2023,Hong Kong SAR of China,5.316,1.909,1.184,0.857,0.485,0.147,0.402,HKG2023,2.097,380812234827.832,50531.739,2.949,2.778,3.277,8.492,,,,414999751583.194,HKG
2022,Hong Kong SAR of China,5.308,1.951,1.201,0.702,0.407,0.123,0.39,HKG2022,1.881,358681066274.469,48826.053,4.318,1.689,-3.684,10.183,,,,382402060827.562,HKG
2021,Hong Kong SAR of China,5.425,1.957,0.954,0.942,0.4,0.147,0.383,HKG2021,1.569,368954169748.818,49770.564,5.174,0.684,6.454,11.833,,,,394520310037.629,HKG
2020,Hong Kong SAR of China,5.477,1.525,0.841,0.893,0.408,0.232,0.342,HKG2020,0.251,344943149590.058,46109.23,5.808,0.638,-6.545,6.994,,,,365064198422.111,HKG
2019,Hong Kong SAR of China,5.51,1.377,1.244,1.137,0.459,0.288,0.332,HKG2019,2.883,363074545072.389,48359.001,2.917,2.045,-1.672,5.854,,,,381415346793.49,HKG
2018,Hong Kong SAR of China,5.43,,,,,,,HKG2018,2.406,361731070995.726,48537.567,2.805,3.66,2.847,3.736,,,,378930152452.638,HKG
2017,Hong Kong SAR of China,5.43,,,,,,,HKG2017,1.494,341273289534.466,46160.43,3.124,2.881,3.796,4.577,,,,356100574860.134,HKG
2016,Hong Kong SAR of China,5.472,,,,,,,HKG2016,2.409,320860317562.562,43734.198,3.392,1.638,2.175,3.954,,,,328924087732.294,HKG
2015,Hong Kong SAR of China,5.458,,,,,,,HKG2015,2.991,309385622601.348,42432.162,3.314,3.644,2.388,3.318,,,,315110265423.937,HKG
2014,Hong Kong SAR of China,5.474,,,,,,,HKG2014,4.424,291459995978.893,40315.374,3.296,2.85,2.762,1.392,,,,297470635792.782,HKG
2012,Hong Kong SAR of China,5.523,,,,,,,HKG2012,4.054,262628865879.697,36730.796,3.285,3.545,1.7,1.579,,,,266426366710.299,HKG
2011,Hong Kong SAR of China,5.424,,,,,,,HKG2011,5.305,248513617677.287,35142.488,3.422,3.898,4.815,5.556,,,,255300102774.923,HKG
2024,Hungary,5.915,1.638,1.742,0.587,0.681,0.099,0.057,HUN2024,3.704,,,4.434,,,,,,,,HUN
2023,Hungary,6.017,1.722,1.528,0.596,0.581,0.123,0.067,HUN2023,17.125,212388906458.724,22141.867,4.107,14.749,-0.908,0.788,,,,204857214604.962,HUN
2022,Hungary,6.041,1.754,1.519,0.435,0.501,0.105,0.065,HUN2022,14.608,177006128624.627,18353.298,3.609,14.231,4.583,-8.321,42.417,37.944,23.428,171906025966.474,HUN
2021,Hungary,6.086,1.748,1.233,0.668,0.485,0.078,0.064,HUN2021,5.111,182109999477.691,18755.102,4.045,6.439,7.061,-3.878,42.539,35.974,21.483,176321181848.921,HUN
2020,Hungary,5.992,1.301,1.083,0.615,0.454,0.067,0.04,HUN2020,3.327,157288955508.176,16131.954,4.25,6.389,-4.487,-0.856,44.427,38.01,22.856,153532999274.884,HUN
2019,Hungary,6.0,1.164,1.423,0.807,0.386,0.07,0.028,HUN2019,3.339,164020460331.659,16786.214,3.419,4.785,4.864,-0.61,39.546,38.082,22.364,159691089245.166,HUN
2018,Hungary,5.758,,,,,,,HUN2018,2.85,160565642983.587,16425.205,3.708,4.847,5.362,0.342,39.851,38.436,22.535,154276621414.076,HUN
2017,Hungary,5.62,,,,,,,HUN2017,2.348,143112196040.326,14621.24,4.156,4.03,4.272,1.722,42.082,39.747,22.881,137321995627.354,HUN
2016,Hungary,5.324,,,,,,,HUN2016,0.395,128609822750.039,13104.7,5.115,1.32,2.201,4.415,43.517,40.611,23.067,125141112045.183,HUN
2015,Hungary,5.145,,,,,,,HUN2015,-0.062,125174166987.372,12717.039,6.813,2.776,3.707,2.12,43.27,40.221,23.235,119182529780.817,HUN
2014,Hungary,4.8,,,,,,,HUN2014,-0.228,141033843265.669,14294.258,7.725,3.693,4.232,0.748,45.022,40.061,23.018,134668476150.214,HUN
2012,Hungary,4.775,,,,,,,HUN2012,5.652,128814279315.132,12984.837,11.003,2.893,-1.25,1.076,44.6,40.34,22.868,123360599722.351,HUN
2011,Hungary,4.943,,,,,,,HUN2011,3.93,141942264554.475,14234.472,11.029,1.929,1.867,0.428,44.982,37.277,21.042,135068573275.969,HUN
2024,Iceland,7.515,1.799,1.84,0.873,0.971,0.201,0.173,ISL2024,5.857,,,3.107,,,,,,,,ISL
2023,Iceland,7.525,1.881,1.617,0.718,0.819,0.258,0.182,ISL2023,8.736,31325116556.381,79636.955,3.518,5.699,5.037,0.928,32.435,31.825,23.436,31871436144.823,ISL
2022,Iceland,7.53,1.926,1.62,0.559,0.738,0.25,0.187,ISL2022,8.309,28770206626.556,75314.086,3.789,8.885,8.993,-2.427,33.015,31.089,22.468,28515019178.242,ISL
2021,Iceland,7.557,1.936,1.32,0.803,0.718,0.27,0.191,ISL2021,4.444,25825287184.382,69325.908,6.029,6.372,5.254,-2.794,35.217,28.832,21.39,25842739234.872,ISL
2020,Iceland,7.554,1.482,1.172,0.772,0.698,0.293,0.17,ISL2020,2.848,21629953194.066,59023.566,5.478,4.016,-6.94,1.127,37.034,29.467,22.402,22327335577.318,ISL
2019,Iceland,7.504,1.327,1.548,1.001,0.662,0.362,0.145,ISL2019,3.014,24681343649.295,68452.236,3.507,4.457,1.861,6.543,31.071,30.43,21.932,25374511608.155,ISL
2018,Iceland,7.494,,,,,,,ISL2018,2.683,26260850582.069,74452.189,2.704,2.632,4.889,4.281,30.865,33.015,22.978,26701147667.689,ISL
2017,Iceland,7.495,,,,,,,ISL2017,1.76,24728285177.46,72010.149,2.742,0.937,4.195,4.257,31.45,33.787,23.923,24848957647.005,ISL
2016,Iceland,7.504,,,,,,,ISL2016,1.697,20793168030.952,61987.926,2.978,2.261,6.304,8.272,35.489,47.968,37.613,21200175322.784,ISL
2015,Iceland,7.501,,,,,,,ISL2015,1.633,17517210519.091,52951.682,3.979,6.055,4.437,5.628,32.211,32.363,22.689,17486094485.218,ISL
2014,Iceland,7.561,,,,,,,ISL2014,2.045,17867662177.891,54576.745,4.897,4.142,1.687,4.346,34.334,35.204,24.492,17641035407.378,ISL
2012,Iceland,7.355,,,,,,,ISL2012,5.186,14751508133.544,45995.548,6.0,3.441,1.064,-3.516,37.069,34.109,21.503,13461900235.838,ISL
2011,Iceland,6.888,,,,,,,ISL2011,4.001,15221622925.932,47714.592,7.028,3.097,1.846,-4.704,38.454,33.137,20.582,13450225651.451,ISL
2024,India,4.389,1.149,0.86,0.316,0.914,0.141,0.12,IND2024,4.953,,,4.202,,,,,,,,IND
2023,India,4.054,1.166,0.653,0.417,0.767,0.174,0.122,IND2023,5.649,3567551674623.01,2480.792,4.172,1.334,8.153,-0.896,,,,3515454309538.94,IND
2022,India,4.036,1.159,0.674,0.252,0.685,0.175,0.111,IND2022,6.699,3353470496886.33,2352.614,4.822,6.748,6.987,-2.357,13.304,9.09,6.72,3307391497374.74,IND
2021,India,3.777,1.167,0.376,0.471,0.647,0.198,0.123,IND2021,5.131,3167270623260.47,2239.614,6.38,8.355,9.69,-1.055,,,,3129982849042.07,IND
2020,India,3.819,0.741,0.316,0.383,0.622,0.246,0.106,IND2020,6.623,2674851578587.27,1907.043,7.859,4.815,-5.778,1.224,,,,2638922006729.05,IND
2019,India,3.573,0.731,0.644,0.541,0.581,0.237,0.106,IND2019,3.73,2835606256558.19,2041.429,6.51,2.406,3.871,-1.05,,,,2808367623254.15,IND
2018,India,4.015,,,,,,,IND2018,3.939,2702929641648.74,1966.255,7.652,3.884,6.454,-2.427,15.663,13.189,12.017,2673994276922.32,IND
2017,India,4.19,,,,,,,IND2017,3.328,2651474262755.45,1950.105,7.618,3.969,6.795,-1.439,15.614,12.727,11.387,2622801076651.03,IND
2016,India,4.315,,,,,,,IND2016,4.948,2294796885663.16,1707.509,7.601,3.238,8.256,-0.528,15.272,12.851,11.148,2268496715258.31,IND
2015,India,4.404,,,,,,,IND2015,4.907,2103588360044.94,1583.998,7.631,2.28,7.996,-1.068,15.126,12.415,10.57,2079182865637.81,IND
2014,India,4.565,,,,,,,IND2014,6.666,2039126479154.52,1553.884,7.674,3.332,7.41,-1.34,14.803,11.551,9.985,2015014420953.0,IND
2012,India,4.772,,,,,,,IND2012,9.479,1827637590410.41,1429.322,7.666,7.934,5.456,-5.005,16.167,12.6,10.837,1806177396650.21,IND
2011,India,4.975,,,,,,,IND2011,8.912,1823051829894.55,1445.461,7.616,8.734,5.241,-3.429,14.49,11.496,10.177,1807020595447.34,IND
2024,Indonesia,5.617,1.288,1.372,0.454,0.918,0.323,0.044,IDN2024,,,,3.3,,,,,,,,IDN
2023,Indonesia,5.568,1.361,1.184,0.472,0.779,0.399,0.055,IDN2023,3.67,1371171152331.16,4876.314,3.308,1.533,5.048,-0.149,,,,1335866354417.72,IDN
2022,Indonesia,5.277,1.384,1.169,0.314,0.663,0.422,0.038,IDN2022,4.209,1319076267291.51,4730.745,3.462,9.567,5.307,1.002,,,,1282833043151.33,IDN
2021,Indonesia,5.24,1.382,0.883,0.539,0.62,0.468,0.047,IDN2021,1.56,1186509691070.97,4287.173,3.827,6.004,3.703,0.296,,,,1154297486846.38,IDN
2020,Indonesia,5.345,0.954,0.786,0.433,0.598,0.541,0.046,IDN2020,1.921,1059054842711.55,3853.703,4.255,-0.402,-2.066,-0.419,,,,1029975056940.17,IDN
2019,Indonesia,5.286,0.892,1.155,0.61,0.568,0.543,0.038,IDN2019,3.031,1119099871385.79,4106.949,3.59,1.598,5.019,-2.706,,,,1085078650200.79,IDN
2018,Indonesia,5.192,,,,,,,IDN2018,3.198,1042271532953.49,3860.954,4.387,3.818,5.174,-2.939,,,,1011212626719.05,IDN
2017,Indonesia,5.093,,,,,,,IDN2017,3.809,1015618744168.08,3798.883,3.783,4.293,5.07,-1.595,,,,983437956204.835,IDN
2016,Indonesia,5.262,,,,,,,IDN2016,3.526,931877364034.196,3521.469,4.301,2.439,5.033,-1.819,,,,902045435910.081,IDN
2015,Indonesia,5.314,,,,,,,IDN2015,6.363,860854232717.718,3288.223,4.514,3.98,4.876,-2.035,,,,832298853355.383,IDN
2014,Indonesia,5.399,,,,,,,IDN2014,6.395,890814755511.014,3441.068,4.049,5.443,5.007,-3.088,,,,860946502311.299,IDN
2012,Indonesia,5.348,,,,,,,IDN2012,4.279,917869913364.917,3632.273,4.468,3.754,6.03,-2.66,,,,891961469678.016,IDN
2011,Indonesia,5.159,,,,,,,IDN2011,5.356,892969104529.572,3579.464,5.153,7.466,6.17,0.189,,,,868239118588.313,IDN
2024,Iran,5.093,1.33,1.367,0.609,0.456,0.202,0.122,IRN2024,,,,9.192,,,,,,,,IRN
2023,Iran,4.923,1.435,1.136,0.571,0.366,0.235,0.123,IRN2023,44.579,404625655204.619,4465.638,9.041,30.493,5.045,,,,,404153752602.602,IRN
2022,Iran,4.876,1.465,1.102,0.411,0.281,0.229,0.13,IRN2022,43.488,394362621793.035,4405.093,9.085,50.585,3.777,,,,,393776608248.051,IRN
2021,Iran,4.888,1.41,0.741,0.642,0.281,0.241,0.146,IRN2021,43.389,383436202446.695,4334.793,9.282,56.32,4.72,,,,,383309265851.262,IRN
2020,Iran,4.721,1.03,0.557,0.561,0.275,0.33,0.144,IRN2020,30.594,262186179355.944,2988.781,9.687,44.265,3.33,,,,,261745239277.174,IRN
2019,Iran,4.672,1.029,0.886,0.749,0.301,0.277,0.143,IRN2019,39.907,333519146339.191,3831.279,10.74,30.535,-3.071,,,,,333580960831.753,IRN
2018,Iran,4.548,,,,,,,IRN2018,18.014,398880231367.268,4631.787,12.195,31.641,-1.838,,,,,400959595538.411,IRN
2017,Iran,4.707,,,,,,,IRN2017,8.045,489168731811.147,5753.115,12.232,13.035,2.759,,,,,489767735736.786,IRN
2016,Iran,4.692,,,,,,,IRN2016,7.245,459042684192.698,5477.037,12.618,9.4,8.815,,,,,459572277672.439,IRN
2015,Iran,4.813,,,,,,,IRN2015,12.485,409191686496.677,4952.734,11.166,0.197,-1.425,,,,,409496710332.525,IRN
2014,Iran,4.686,,,,,,,IRN2014,16.607,462284793280.825,5672.064,10.68,9.759,4.985,,,,,464664338145.23,IRN
2012,Iran,4.643,,,,,,,IRN2012,27.257,644019315003.54,8114.081,12.275,18.954,-3.747,,,,,648228253786.387,IRN
2011,Iran,5.149,,,,,,,IRN2011,26.293,629082257472.368,8025.687,12.491,33.41,2.646,,,,,629549226632.111,IRN
2024,Iraq,4.976,1.261,1.275,0.589,0.503,0.1,0.069,IRQ2024,,,,15.524,,,,,,,,IRQ
2023,Iraq,5.166,1.249,0.996,0.498,0.425,0.141,0.048,IRQ2023,4.358,250842782139.464,5565.126,15.447,-18.189,-2.936,11.312,,,,251816082139.464,IRQ
2022,Iraq,4.941,1.281,0.953,0.324,0.351,0.134,0.038,IRQ2022,4.995,286640340965.517,6504.124,15.511,26.994,7.64,20.238,,,,285694140965.517,IRQ
2021,Iraq,4.941,1.289,0.682,0.554,0.328,0.147,0.046,IRQ2021,6.042,209691945713.103,4868.494,16.173,38.9,1.502,11.715,,,,207627745713.103,IRQ
2020,Iraq,4.854,0.91,0.638,0.381,0.302,0.153,0.041,IRQ2020,0.574,180898797516.874,4295.189,15.778,-11.22,-12.037,-3.486,,,,179091897517.38,IRQ
2019,Iraq,4.785,0.982,1.011,0.529,0.284,0.153,0.073,IRQ2019,-0.199,233636097800.338,5671.857,14.109,-2.674,5.514,6.747,27.612,38.604,1.345,232469897800.338,IRQ
2018,Iraq,4.437,,,,,,,IRQ2018,0.367,227367469034.031,5646.689,13.49,18.204,2.634,15.116,24.483,39.061,1.984,225613469034.031,IRQ
2017,Iraq,4.456,,,,,,,IRQ2017,0.184,187217660050.676,4759.285,13.02,14.65,-1.82,7.955,25.975,34.564,2.687,185776960050.676,IRQ
2016,Iraq,4.497,,,,,,,IRQ2016,0.557,166743557747.671,4334.421,10.82,-11.104,13.787,1.294,26.56,27.585,2.078,165182357747.671,IRQ
2015,Iraq,4.575,,,,,,,IRQ2015,1.393,166774104959.102,4440.142,10.842,-28.76,2.607,-1.656,27.031,30.596,1.321,165257898273.689,IRQ
2014,Iraq,4.677,,,,,,,IRQ2014,2.236,228415656174.957,6249.392,10.59,-4.807,2.264,6.942,25.709,39.169,0.915,227112056174.957,IRQ
2012,Iraq,4.817,,,,,,,IRQ2012,6.089,218002476129.472,6477.596,7.965,2.67,13.936,13.551,,,,219061676129.629,IRQ
2011,Iraq,4.882,,,,,,,IRQ2011,5.801,185749664444.444,5775.542,8.191,24.689,7.546,14.065,,,,185512264444.444,IRQ
2024,Ireland,6.889,1.988,1.659,0.823,0.906,0.179,0.382,IRL2024,2.113,,,4.369,,,,,,,,IRL
2023,Ireland,6.838,2.129,1.39,0.7,0.758,0.205,0.418,IRL2023,6.299,551394889339.778,103887.8,4.288,3.622,-5.53,8.115,,,,419845585586.835,IRL
2022,Ireland,6.911,2.152,1.425,0.539,0.656,0.186,0.409,IRL2022,7.829,548570250341.987,106194.756,4.501,6.763,8.62,8.828,19.235,21.561,16.786,382869674217.081,IRL
2021,Ireland,7.041,2.129,1.166,0.779,0.627,0.19,0.408,IRL2021,2.34,531306516907.984,105561.137,6.364,1.098,16.256,12.256,22.221,21.409,16.593,383333737150.831,IRL
2020,Ireland,7.085,1.644,1.092,0.753,0.606,0.238,0.367,IRL2020,-0.326,436555518400.451,87567.115,5.623,-1.924,7.158,-6.713,25.094,21.12,15.905,324405107692.09,IRL
2019,Ireland,7.094,1.447,1.471,0.976,0.588,0.295,0.373,IRL2019,0.938,407124824064.995,82508.466,4.95,3.392,5.041,-20.562,22.003,23.356,17.357,309776780487.207,IRL
2018,Ireland,7.021,,,,,,,IRL2018,0.471,395461216460.418,81248.314,5.741,0.924,7.544,4.537,23.073,23.875,17.64,300093279897.474,IRL
2017,Ireland,6.977,,,,,,,IRL2017,0.362,348532394023.595,72499.327,6.713,1.5,10.05,1.648,23.736,23.972,17.613,268367803612.568,IRL
2016,Ireland,6.977,,,,,,,IRL2016,0.02,305733136180.907,64292.66,8.374,0.119,1.223,-1.19,25.714,25.661,18.631,243380813400.78,IRL
2015,Ireland,6.907,,,,,,,IRL2015,-0.331,302391428540.035,64311.823,9.908,8.908,24.616,6.166,26.563,25.053,18.111,225197829191.13,IRL
2014,Ireland,6.94,,,,,,,IRL2014,0.191,266787238499.03,57278.259,11.858,0.261,9.336,2.075,34.355,31.634,22.46,219734367164.689,IRL
2012,Ireland,7.076,,,,,,,IRL2012,1.695,227270922957.327,49411.739,15.451,2.435,-0.399,-3.392,39.923,32.07,22.307,181973474361.183,IRL
2011,Ireland,7.284,,,,,,,IRL2011,2.549,241337364609.738,52692.781,15.354,1.865,1.649,1.172,44.404,31.601,21.646,194723926224.465,IRL
2024,Israel,7.234,1.695,1.743,0.824,0.74,0.144,0.193,ISR2024,3.071,,,3.15,,,,,,,,ISR
2023,Israel,7.341,1.803,1.513,0.74,0.641,0.153,0.193,ISR2023,4.225,513611100815.691,52642.427,3.596,4.266,2.423,3.622,37.333,30.279,22.075,506703670405.958,ISR
2022,Israel,7.473,1.833,1.521,0.577,0.569,0.124,0.158,ISR2022,4.394,525000415276.678,54930.726,3.695,4.726,6.47,3.258,35.258,33.254,25.01,520492108611.226,ISR
2021,Israel,7.364,1.826,1.221,0.818,0.568,0.155,0.143,ISR2021,1.51,489708278893.053,52255.616,4.812,2.07,9.344,3.259,38.202,32.693,24.571,482170209223.983,ISR
2020,Israel,7.157,1.376,1.074,0.788,0.509,0.208,0.119,ISR2020,-0.614,411728563086.632,44679.772,4.169,0.971,-1.465,4.053,41.699,30.318,21.987,407899013182.635,ISR
2019,Israel,7.129,1.216,1.403,1.008,0.421,0.267,0.1,ISR2019,0.85,399651065197.871,44140.829,3.731,1.902,3.785,3.344,35.338,30.831,22.271,397736725276.623,ISR
2018,Israel,7.139,,,,,,,ISR2018,0.794,375149611117.199,42233.261,3.917,0.654,4.074,2.906,35.929,31.474,22.789,374876745460.837,ISR
2017,Israel,7.19,,,,,,,ISR2017,0.259,357227098125.658,40997.911,4.14,0.04,4.273,3.697,35.667,33.063,24.311,355438750393.854,ISR
2016,Israel,7.213,,,,,,,ISR2016,-0.552,320958936788.842,37556.627,4.723,0.378,4.367,3.969,34.583,31.647,23.124,318071673537.759,ISR
2015,Israel,7.267,,,,,,,ISR2015,-0.601,302722655203.465,36123.991,5.176,2.335,2.314,5.331,34.543,31.876,23.12,300150272715.578,ISR
2014,Israel,7.278,,,,,,,ISR2014,0.48,314090281098.682,38230.495,5.789,0.658,3.885,4.177,34.977,31.628,22.872,312212949125.541,ISR
2012,Israel,7.301,,,,,,,ISR2012,1.679,262917911696.944,33236.573,6.762,3.329,2.541,0.374,36.343,30.601,21.66,256294768864.588,ISR
2011,Israel,7.199,,,,,,,ISR2011,3.485,267406179630.431,34433.823,7.139,1.467,5.563,1.701,36.201,31.312,22.252,263882192674.99,ISR
2024,Italy,6.415,1.724,1.526,0.852,0.641,0.082,0.071,ITA2024,0.982,,,6.778,,,,,,,,ITA
2023,Italy,6.324,1.8,1.328,0.72,0.513,0.112,0.074,ITA2023,5.622,2300941152991.81,39003.316,7.627,5.819,0.698,-0.011,47.605,39.342,24.878,2250908366681.8,ITA
2022,Italy,6.405,1.832,1.365,0.559,0.438,0.097,0.063,ITA2022,8.201,2102995942720.44,35635.744,8.069,3.56,4.662,-1.559,48.395,39.628,24.619,2085487745453.12,ITA
2021,Italy,6.467,1.834,1.052,0.801,0.412,0.085,0.059,ITA2021,1.874,2179207773596.09,36852.543,9.497,1.283,8.931,2.366,49.653,40.335,24.877,2182382012040.27,ITA
2020,Italy,6.483,1.393,0.94,0.798,0.379,0.133,0.047,ITA2020,-0.138,1907481094079.23,32091.487,9.164,1.577,-8.868,3.937,50.344,40.595,24.846,1921655176693.23,ITA
2019,Italy,6.387,1.236,1.347,1.023,0.321,0.17,0.04,ITA2019,0.611,2019606796583.53,33812.789,9.951,1.047,0.429,3.234,42.295,40.086,24.662,2027301728521.57,ITA
2018,Italy,6.223,,,,,,,ITA2018,1.137,2099435266458.67,34746.344,10.61,1.071,0.827,2.571,42.503,39.29,24.244,2115040163160.31,ITA
2017,Italy,6.0,,,,,,,ITA2017,1.227,1970720904584.71,32554.147,11.211,0.71,1.604,2.48,42.947,39.424,24.697,1972735013154.24,ITA
2016,Italy,5.964,,,,,,,ITA2016,-0.094,1887111188176.93,31126.325,11.688,1.248,1.236,2.461,43.201,39.889,25.083,1882461088199.89,ITA
2015,Italy,5.977,,,,,,,ITA2015,0.039,1845428048839.1,30387.129,11.896,0.783,0.886,1.233,43.529,39.818,24.839,1823940445540.23,ITA
2014,Italy,5.948,,,,,,,ITA2014,0.241,2173255507985.84,35750.72,12.683,0.903,-0.001,1.71,43.57,39.933,24.969,2162198263107.91,ITA
2012,Italy,6.021,,,,,,,ITA2012,3.041,2097929495121.68,35235.799,10.655,1.702,-3.125,-0.215,43.499,39.754,24.911,2084406708913.59,ITA
2011,Italy,6.578,,,,,,,ITA2011,2.781,2306974020278.21,38851.388,8.359,1.729,0.695,-2.742,41.828,38.368,23.691,2289189703989.3,ITA
2024,Jamaica,5.87,1.182,1.545,0.504,0.869,0.075,0.019,JAM2024,5.412,,,4.885,,,,,,,,JAM
2023,Jamaica,5.842,1.28,1.324,0.567,0.647,0.089,0.028,JAM2023,6.474,19423355409.232,6839.725,4.4,11.687,2.2,2.929,,,,19134255409.232,JAM
2022,Jamaica,5.703,1.305,1.329,0.411,0.587,0.079,0.039,JAM2022,10.35,17097760723.92,6022.153,4.083,12.798,5.222,-0.798,,,,16744360723.92,JAM
2021,Jamaica,5.85,1.296,1.045,0.646,0.567,0.08,0.053,JAM2021,5.863,14657586127.033,5165.338,5.188,7.426,4.601,1.018,,,,14238986127.033,JAM
2020,Jamaica,6.309,0.891,0.932,0.599,0.618,0.099,0.035,JAM2020,5.227,13812421803.408,4879.44,6.501,3.464,-9.92,-1.136,29.83,29.254,25.709,13358021803.408,JAM
2019,Jamaica,5.89,0.779,1.408,0.788,0.553,0.116,0.03,JAM2019,3.905,15830766570.727,5607.243,4.987,3.183,0.892,-1.912,25.79,30.788,27.454,15389266570.727,JAM
2018,Jamaica,5.89,,,,,,,JAM2018,3.737,15730792835.581,5578.103,5.47,4.993,1.89,-1.493,26.558,31.027,26.781,15134792835.581,JAM
2017,Jamaica,5.89,,,,,,,JAM2017,4.378,14808985171.344,5259.313,7.399,6.55,0.997,-2.684,26.662,29.592,26.221,14387985171.344,JAM
2016,Jamaica,5.311,,,,,,,JAM2016,2.351,14077096714.128,5009.795,8.634,4.664,1.375,-0.309,26.201,28.387,26.027,13482096714.128,JAM
2015,Jamaica,5.51,,,,,,,JAM2015,3.692,14188936958.434,5062.896,8.825,6.655,0.921,-3.031,25.786,27.465,24.815,13748936958.434,JAM
2014,Jamaica,5.709,,,,,,,JAM2014,8.274,13899217721.682,4975.113,9.046,6.93,0.69,-8.017,25.68,26.702,24.053,13600817721.682,JAM
2012,Jamaica,5.374,,,,,,,JAM2012,6.874,14807086555.528,5340.833,8.695,6.572,-0.614,-9.726,27.51,26.229,24.333,14607486110.222,JAM
2011,Jamaica,6.208,,,,,,,JAM2011,7.556,14444661522.146,5232.636,8.034,5.796,1.73,-14.283,28.201,25.965,23.364,13926261521.206,JAM
2024,Japan,6.147,1.678,1.55,0.921,0.746,0.014,0.2,JPN2024,2.739,,,2.563,,,,,,,,JPN
2023,Japan,6.06,1.786,1.354,0.785,0.632,0.023,0.219,JPN2023,3.268,4204494802431.55,33766.527,2.6,3.793,1.679,3.786,,,,4453892010756.24,JPN
2022,Japan,6.129,1.825,1.396,0.622,0.556,0.009,0.207,JPN2022,2.498,4256410760723.75,34017.272,2.6,0.334,0.955,2.118,20.961,,,4515110236512.52,JPN
2021,Japan,6.039,1.835,1.089,0.866,0.537,0.007,0.218,JPN2021,-0.233,5034620784584.98,40058.537,2.828,-0.19,2.559,3.903,21.638,,,5275289207258.22,JPN
2020,Japan,5.94,1.389,0.949,0.838,0.504,0.02,0.192,JPN2020,-0.025,5055587093501.59,40040.766,2.809,0.941,-4.147,2.968,23.599,,,5241005753827.88,JPN
2019,Japan,5.871,1.267,1.332,1.073,0.495,0.036,0.181,JPN2019,0.469,5117993853016.51,40415.957,2.351,0.635,-0.402,3.451,16.424,,,5318494421653.03,JPN
2018,Japan,5.886,,,,,,,JPN2018,0.989,5040880939324.86,39751.133,2.467,-0.0,0.643,3.517,16.071,,,5233677416722.46,JPN
2017,Japan,5.915,,,,,,,JPN2017,0.484,4930837369151.42,38834.053,2.822,-0.074,1.675,4.12,16.195,,,5113251596855.53,JPN
2016,Japan,5.92,,,,,,,JPN2016,-0.127,5003677627544.24,39375.473,3.132,0.42,0.754,3.938,16.711,,,5177794688417.2,JPN
2015,Japan,5.921,,,,,,,JPN2015,0.795,4444930651964.18,34960.639,3.385,2.111,1.561,3.07,16.974,,,4619771168713.41,JPN
2014,Japan,5.987,,,,,,,JPN2014,2.759,4896994405353.29,38475.395,3.589,1.686,0.296,0.742,17.574,,,5079021304760.51,JPN
2012,Japan,6.064,,,,,,,JPN2012,-0.044,6272362996105.03,49145.28,4.358,-0.756,1.375,0.958,18.112,,,6445536590964.04,JPN
2011,Japan,6.059,,,,,,,JPN2011,-0.272,6233147172341.35,48760.079,4.55,-1.622,0.024,2.079,18.596,,,6414396892358.66,JPN
2024,Jordan,4.31,1.158,1.202,0.573,0.7,0.051,0.164,JOR2024,,,,17.996,,,,,,,,JOR
2023,Jordan,4.186,1.262,0.983,0.594,0.593,0.059,0.189,JOR2023,2.085,50967475352.113,4455.505,17.969,1.79,2.678,-3.748,28.505,23.302,17.09,50463109154.93,JOR
2022,Jordan,4.12,1.292,0.98,0.438,0.517,0.056,0.173,JOR2022,4.229,48764963380.282,4332.252,18.2,2.616,2.647,-7.823,28.796,23.458,17.468,48259188732.394,JOR
2021,Jordan,4.152,1.324,0.724,0.675,0.476,0.058,0.2,JOR2021,1.346,46296100140.845,4183.5,19.837,2.204,3.656,-8.03,,,,46064410000.0,JOR
2020,Jordan,4.395,0.89,0.685,0.583,0.455,0.079,0.15,JOR2020,0.333,43700383098.592,4022.04,19.213,-0.709,-1.103,-5.732,28.165,20.105,15.981,43576298591.549,JOR
2019,Jordan,4.633,0.785,1.14,0.778,0.425,0.091,0.152,JOR2019,0.762,44503006338.028,4170.114,16.801,0.844,1.751,-1.737,26.248,22.046,14.814,44510471126.761,JOR
2018,Jordan,4.906,,,,,,,JOR2018,4.462,43370860704.225,4145.44,18.257,2.273,1.919,-6.831,26.292,23.434,14.729,43171142394.366,JOR
2017,Jordan,5.161,,,,,,,JOR2017,3.324,41608435915.493,4065.616,18.12,1.784,2.474,-10.558,25.559,22.738,14.702,41401816901.408,JOR
2016,Jordan,5.336,,,,,,,JOR2016,-0.778,39892551126.761,3986.717,15.275,1.362,1.994,-9.656,25.858,22.009,15.021,39586916901.408,JOR
2015,Jordan,5.303,,,,,,,JOR2015,-0.877,38587017887.324,4042.757,13.075,2.17,2.497,-8.992,25.715,21.572,14.951,38153862957.746,JOR
2014,Jordan,5.192,,,,,,,JOR2014,2.899,36847643521.127,4191.181,11.9,3.445,3.384,-7.078,27.488,23.053,15.432,36430961830.986,JOR
2012,Jordan,5.414,,,,,,,JOR2012,4.515,31634561690.141,4169.505,12.2,4.607,2.429,-14.893,28.875,21.046,14.921,31246533521.127,JOR
2011,Jordan,5.706,,,,,,,JOR2011,4.162,29524149154.93,3946.855,12.9,5.911,2.737,-10.012,28.848,20.031,14.608,29259642112.676,JOR
2024,Kazakhstan,6.378,1.586,1.688,0.504,0.878,0.111,0.118,KAZ2024,4.857,,,4.794,,,,,,,,KAZ
2023,Kazakhstan,6.188,1.622,1.457,0.556,0.733,0.149,0.12,KAZ2023,14.725,262641892078.524,12918.866,4.821,9.858,5.1,-3.42,17.393,16.486,11.856,236494030772.199,KAZ
2022,Kazakhstan,6.144,1.664,1.491,0.389,0.628,0.136,0.149,KAZ2022,15.028,225496328925.494,11255.34,4.86,19.769,3.2,2.854,16.165,16.888,12.062,199981133856.769,KAZ
2021,Kazakhstan,6.234,1.668,1.22,0.611,0.584,0.134,0.157,KAZ2021,8.041,197112255360.612,9983.601,5.546,13.93,4.3,-1.359,17.117,12.338,9.447,172923312214.507,KAZ
2020,Kazakhstan,6.152,1.23,1.103,0.527,0.573,0.143,0.132,KAZ2020,6.718,171082365861.423,8781.508,4.89,4.211,-2.5,-6.462,16.833,11.842,8.319,156009669230.591,KAZ
2019,Kazakhstan,6.058,1.123,1.453,0.699,0.497,0.154,0.11,KAZ2019,5.334,181667184854.501,9457.126,4.8,7.633,4.5,-3.868,16.064,14.939,11.787,158974562541.081,KAZ
2018,Kazakhstan,5.809,,,,,,,KAZ2018,6.164,179339977690.485,9472.485,4.85,9.206,4.1,-0.985,14.705,16.004,11.718,157278679804.064,KAZ
2017,Kazakhstan,5.79,,,,,,,KAZ2017,7.443,166805788827.233,8943.084,4.9,11.211,4.1,-2.054,19.026,16.167,10.303,148657290109.179,KAZ
2016,Kazakhstan,5.819,,,,,,,KAZ2016,14.361,137278320084.171,7475.567,4.96,13.638,1.1,-5.073,16.331,13.748,9.924,123828020084.171,KAZ
2015,Kazakhstan,5.919,,,,,,,KAZ2015,6.678,184388404706.042,10196.123,4.93,1.824,1.2,-5.412,15.487,13.666,9.836,172770506433.204,KAZ
2014,Kazakhstan,5.855,,,,,,,KAZ2014,6.849,221415613595.469,12427.709,5.06,5.771,4.2,-1.288,15.309,19.454,14.193,198714509414.101,KAZ
2012,Kazakhstan,5.671,,,,,,,KAZ2012,5.196,207998568865.789,12018.797,5.29,4.786,4.8,1.264,15.796,22.524,13.312,179881468864.113,KAZ
2011,Kazakhstan,5.594,,,,,,,KAZ2011,8.453,192626464617.071,11287.146,5.39,20.543,7.4,7.303,15.207,24.003,18.258,164881370862.216,KAZ
2024,Kenya,4.51,0.994,1.047,0.448,0.649,0.22,0.073,KEN2024,4.49,,,5.434,,,,,,,,KEN
2023,Kenya,4.47,1.037,0.895,0.353,0.519,0.282,0.069,KEN2023,7.671,108038588970.595,1952.305,5.567,6.108,5.556,-3.996,27.706,18.546,13.993,106151840150.547,KEN
2022,Kenya,4.487,1.051,0.881,0.19,0.418,0.291,0.055,KEN2022,7.66,114448978152.637,2109.563,5.707,6.957,4.86,-5.146,25.063,17.883,14.599,112689233872.207,KEN
2021,Kenya,4.543,1.032,0.605,0.401,0.44,0.322,0.082,KEN2021,6.108,109703658904.994,2061.356,5.693,4.331,7.59,-5.102,23.591,17.345,13.555,108174641713.497,KEN
2020,Kenya,4.607,0.603,0.508,0.385,0.483,0.375,0.073,KEN2020,5.405,100657505750.545,1927.665,5.619,4.949,-0.273,-3.706,19.994,17.659,14.3,99981709856.894,KEN
2019,Kenya,4.583,0.476,0.905,0.536,0.519,0.394,0.067,KEN2019,5.24,100378436207.371,1960.408,5.014,4.275,5.114,-5.239,18.798,19.098,15.1,98773632628.933,KEN
2018,Kenya,4.509,,,,,,,KEN2018,4.69,92202979985.286,1836.453,4.284,4.215,5.648,-5.411,23.635,18.679,14.361,90812279975.038,KEN
2017,Kenya,4.41,,,,,,,KEN2017,8.006,82036510877.26,1667.484,3.541,7.582,3.838,-6.997,25.129,21.146,15.052,80475458830.12,KEN
2016,Kenya,4.553,,,,,,,KEN2016,6.297,74815144163.893,1554.126,2.757,5.85,4.214,-5.397,22.191,19.066,14.966,73804818194.574,KEN
2015,Kenya,4.356,,,,,,,KEN2015,6.582,70120446896.836,1489.12,2.762,9.239,4.968,-6.305,20.715,19.352,14.839,63195136105.883,KEN
2014,Kenya,4.419,,,,,,,KEN2014,6.878,68285796514.29,1482.816,2.768,7.635,5.02,-9.34,20.537,19.562,15.187,60579831275.536,KEN
2012,Kenya,4.403,,,,,,,KEN2012,9.378,56396704671.578,1285.005,2.682,9.523,4.569,-7.476,,,,50187341471.216,KEN
2011,Kenya,4.18,,,,,,,KEN2011,14.022,46869473150.61,1096.145,2.704,10.065,5.121,-8.149,,,,41961926464.549,KEN
2024,Kosovo,6.659,1.281,1.454,0.896,0.893,0.201,0.087,XKX2024,1.619,,,,,,,,,,,XKX
2023,Kosovo,6.561,1.364,1.277,0.599,0.739,0.254,0.073,XKX2023,4.944,10468219225.487,5960.158,,4.564,4.068,-7.5,,,,10683305468.742,XKX
2022,Kosovo,6.368,1.374,1.269,0.372,0.639,0.275,0.045,XKX2022,11.581,9354903061.89,5290.947,,7.199,4.278,-10.511,,,,9476376882.921,XKX
2021,Kosovo,6.455,1.362,0.949,0.569,0.599,0.309,0.035,XKX2021,3.354,9413403724.019,5270.427,,6.116,10.746,-8.693,,,,9592462889.338,XKX
2020,Kosovo,6.372,0.937,0.807,0.483,0.593,0.356,0.014,XKX2020,0.198,7717145217.812,4310.888,,1.381,-5.34,-7.012,,,,7904028034.987,XKX
2019,Kosovo,6.325,0.84,1.184,0.673,0.557,0.325,0.009,XKX2019,2.676,7899737577.473,4415.997,,0.963,4.757,-5.661,,,,8079554105.614,XKX
2018,Kosovo,6.1,,,,,,,XKX2018,1.054,7878759714.823,4384.186,,1.499,3.407,-7.622,,,,8012300817.338,XKX
2017,Kosovo,5.662,,,,,,,XKX2017,1.488,7180764703.357,4009.318,,0.44,4.826,-5.263,,,,7324662733.872,XKX
2016,Kosovo,5.279,,,,,,,XKX2016,0.273,6682677289.99,3759.45,,0.779,5.572,-7.934,,,,6765147256.927,XKX
2015,Kosovo,5.401,,,,,,,XKX2015,-0.537,6295848422.716,3520.629,,0.608,5.916,-8.694,,,,6398632302.817,XKX
2014,Kosovo,5.589,,,,,,,XKX2014,0.429,7074394734.884,3902.494,,1.601,3.349,-7.091,,,,7225543489.813,XKX
2012,Kosovo,5.222,,,,,,,XKX2012,2.477,6163484244.634,3410.656,,3.525,1.712,-6.161,,,,6360842590.237,XKX
2011,Kosovo,5.42,,,,,,,XKX2011,7.336,6341613609.98,3538.948,,6.304,6.32,-13.332,,,,6496425181.024,XKX
2024,Kuwait,6.629,1.691,1.481,0.766,0.934,0.143,0.167,KWT2024,2.899,,,2.144,,,,,,,,KWT
2023,Kuwait,6.951,1.845,1.364,0.661,0.827,0.2,0.172,KWT2023,3.642,163704878875.85,33729.799,2.127,-7.357,-3.64,31.396,,,,195985100891.899,KWT
2021,Kuwait,6.106,1.904,0.983,0.747,0.617,0.087,0.147,KWT2021,3.424,148459291453.471,34043.542,3.002,28.777,2.261,23.537,,,,172593781562.64,KWT
2020,Kuwait,6.106,1.461,0.857,0.58,0.591,0.12,0.13,KWT2020,2.102,111045470461.207,25236.076,3.557,-16.459,-4.817,19.838,,,,127412093261.493,KWT
2019,Kuwait,6.102,1.425,1.245,0.776,0.57,0.133,0.113,KWT2019,1.092,140856394870.02,31707.874,2.251,-0.11,2.264,21.479,,,,161059878933.509,KWT
2018,Kuwait,6.021,,,,,,,KWT2018,0.543,138646316321.596,32067.962,2.204,11.299,2.743,17.346,,,,156983445241.041,KWT
2017,Kuwait,6.083,,,,,,,KWT2017,2.172,120687539675.517,29047.654,2.227,16.231,-4.712,6.427,,,,139464096588.1,KWT
2016,Kuwait,6.105,,,,,,,KWT2016,3.198,109406674087.947,27323.689,2.16,-6.838,2.926,0.587,,,,122185300046.006,KWT
2015,Kuwait,6.239,,,,,,,KWT2015,3.272,114585555830.916,29882.213,2.2,-25.958,0.593,7.492,,,,127279526145.746,KWT
2014,Kuwait,6.295,,,,,,,KWT2014,2.909,162650450784.686,44368.781,2.9,-6.758,0.501,33.179,,,,178291579838.843,KWT
2012,Kuwait,6.515,,,,,,,KWT2012,3.255,174047662555.419,52155.223,2.231,7.487,6.626,45.46,,,,183196516346.594,KWT
2011,Kuwait,6.574,,,,,,,KWT2011,4.839,154039231299.128,49169.606,2.053,17.228,9.629,42.941,,,,163069653850.474,KWT
2024,Kyrgyzstan,5.858,1.032,1.715,0.647,0.981,0.169,0.053,KGZ2024,,,,3.289,,,,,,,,KGZ
2023,Kyrgyzstan,5.714,1.054,1.477,0.588,0.834,0.225,0.03,KGZ2023,10.753,13987627908.838,1970.158,3.991,13.416,6.151,,25.727,33.283,21.281,13793509245.948,KGZ
2022,Kyrgyzstan,5.825,1.061,1.439,0.417,0.735,0.234,0.018,KGZ2022,13.923,12134931017.946,1739.72,4.043,19.657,8.968,-42.684,23.832,29.879,19.542,11864509827.153,KGZ
2021,Kyrgyzstan,5.828,1.069,1.109,0.638,0.693,0.208,0.025,KGZ2021,11.905,9249133946.265,1349.997,4.096,15.993,5.507,-7.976,23.405,27.312,16.491,8626877845.066,KGZ
2020,Kyrgyzstan,5.744,0.665,0.971,0.501,0.673,0.266,0.02,KGZ2020,6.325,8270468614.241,1229.518,4.63,5.34,-7.149,4.525,25.776,24.629,14.036,8014044231.285,KGZ
2019,Kyrgyzstan,5.542,0.513,1.341,0.681,0.615,0.301,0.03,KGZ2019,1.134,9371275264.367,1421.999,4.295,9.811,4.601,-11.384,23.212,25.811,15.964,8591968638.366,KGZ
2018,Kyrgyzstan,5.261,,,,,,,KGZ2018,1.543,8271106235.416,1283.52,3.67,3.447,3.758,-11.628,25.485,28.004,17.999,8020105523.914,KGZ
2017,Kyrgyzstan,5.131,,,,,,,KGZ2017,3.175,7702938379.42,1221.391,3.57,6.327,4.74,-6.953,26.05,27.97,17.046,7331338207.041,KGZ
2016,Kyrgyzstan,5.004,,,,,,,KGZ2016,0.389,6813095379.119,1103.275,3.474,6.051,4.336,-11.628,27.035,28.131,16.949,6455295204.83,KGZ
2015,Kyrgyzstan,5.185,,,,,,,KGZ2015,6.503,6678177511.663,1105.652,3.338,3.427,3.876,-15.759,27.242,30.066,16.802,6417477543.552,KGZ
2014,Kyrgyzstan,5.286,,,,,,,KGZ2014,7.534,7468102412.682,1264.527,3.262,8.415,4.024,-17.424,25.998,29.449,17.549,7159302170.583,KGZ
2012,Kyrgyzstan,5.042,,,,,,,KGZ2012,2.768,6605142884.362,1168.622,3.114,8.656,-0.088,-15.525,,,,6435842809.788,KGZ
2011,Kyrgyzstan,4.828,,,,,,,KGZ2011,16.636,6197765984.285,1117.402,2.999,22.482,5.956,-7.697,,,,5538865998.781,KGZ
2024,Lao PDR,5.301,1.122,1.01,0.493,0.916,0.145,0.164,LAO2024,23.131,,,1.218,,,,,,,,LAO
2023,Lao PDR,5.139,1.208,0.846,0.423,0.796,0.17,0.167,LAO2023,31.23,15843155731.255,2066.95,1.188,24.422,3.746,2.553,,,,14685693869.025,LAO
2022,Lao PDR,5.111,1.232,0.853,0.257,0.715,0.185,0.162,LAO2022,22.956,15468785203.753,2046.404,1.209,15.774,2.707,-2.966,10.316,13.914,12.113,14311266175.742,LAO
2021,Lao PDR,5.14,1.239,0.654,0.479,0.679,0.197,0.184,LAO2021,3.756,18827148530.935,2526.051,2.066,3.713,2.528,2.293,10.763,12.821,10.391,17754927767.604,LAO
2020,Lao PDR,5.03,0.808,0.598,0.33,0.643,0.268,0.179,LAO2020,5.104,18981805250.242,2583.777,2.361,5.035,0.503,-1.604,11.448,11.22,9.402,17853654979.943,LAO
2019,Lao PDR,4.889,0.715,0.987,0.486,0.612,0.273,0.194,LAO2019,3.323,18740561512.556,2589.321,2.537,1.197,5.458,-7.041,12.448,13.961,11.466,17656111399.749,LAO
2018,Lao PDR,4.796,,,,,,,LAO2018,2.04,18141641089.796,2545.108,2.9,1.92,6.248,-9.089,12.31,14.322,11.721,17355911535.641,LAO
2017,Lao PDR,4.623,,,,,,,LAO2017,0.825,17071155481.499,2432.431,3.268,1.852,6.893,-7.38,12.336,14.621,12.239,16170183136.76,LAO
2015,Lao PDR,4.876,,,,,,,LAO2015,1.277,14426380125.649,2121.013,2.494,2.348,7.27,-15.718,14.892,15.807,13.506,13784824955.513,LAO
2014,Lao PDR,4.876,,,,,,,LAO2014,4.129,13279245886.385,1981.039,2.119,5.727,7.612,-14.492,15.486,16.093,13.83,12693401481.315,LAO
2012,Lao PDR,4.787,,,,,,,LAO2012,4.255,10192846339.403,1563.565,1.399,7.529,8.026,-7.313,10.985,15.228,13.605,9584409923.897,LAO
2011,Lao PDR,5.161,,,,,,,LAO2011,7.569,8750104617.173,1361.547,1.055,10.469,8.039,-2.358,10.743,14.491,13.146,8157259575.129,LAO
2024,Latvia,6.207,1.619,1.711,0.503,0.789,0.108,0.082,LVA2024,1.266,,,6.72,,,,,,,,LVA
2023,Latvia,6.234,1.7,1.508,0.564,0.666,0.127,0.078,LVA2023,8.938,42247850064.512,22502.843,6.465,6.407,1.707,-3.936,34.626,32.393,16.842,43719961550.325,LVA
2022,Latvia,6.213,1.737,1.505,0.405,0.58,0.107,0.071,LVA2022,17.31,38018905782.397,20229.461,6.815,9.836,1.813,-5.477,36.339,30.926,17.148,40324774809.704,LVA
2021,Latvia,6.18,1.732,1.221,0.637,0.502,0.075,0.09,LVA2021,3.276,38185125732.945,20262.843,7.513,3.298,6.947,-4.136,38.525,30.802,16.453,38710728430.302,LVA
2020,Latvia,6.032,1.285,1.047,0.587,0.405,0.082,0.089,LVA2020,0.219,33379927434.615,17564.232,8.098,2.393,-3.469,3.093,36.219,31.352,16.282,34385289591.908,LVA
2019,Latvia,5.95,1.141,1.414,0.778,0.329,0.075,0.09,LVA2019,2.811,33099503950.847,17294.975,6.312,4.316,0.675,-0.174,31.765,29.645,16.2,33726980608.337,LVA
2018,Latvia,5.94,,,,,,,LVA2018,2.534,33247935477.358,17252.171,7.412,3.74,4.31,-0.384,30.651,29.498,16.2,33883344508.494,LVA
2017,Latvia,5.933,,,,,,,LVA2017,2.93,29391059767.426,15132.496,8.715,2.709,3.399,1.533,30.426,29.584,17.206,30407324342.822,LVA
2016,Latvia,5.85,,,,,,,LVA2016,0.141,27117105059.508,13838.527,9.643,0.608,2.552,1.757,30.689,29.859,17.232,28043520978.381,LVA
2015,Latvia,5.56,,,,,,,LVA2015,0.174,26344565876.89,13321.975,9.873,0.387,3.783,-0.126,31.234,28.814,16.374,27135722905.27,LVA
2014,Latvia,5.098,,,,,,,LVA2014,0.62,30277203767.406,15185.815,10.846,1.67,2.095,-1.541,32.282,28.961,16.174,31426977355.703,LVA
2012,Latvia,5.046,,,,,,,LVA2012,2.258,27116149948.668,13329.35,15.047,2.879,7.305,-3.87,31.934,28.79,15.447,27972506725.584,LVA
2011,Latvia,4.762,,,,,,,LVA2011,4.371,26575547900.825,12902.574,16.206,4.708,3.036,-3.55,35.15,28.553,15.035,27444998699.803,LVA
2024,Lebanon,3.188,1.223,0.984,0.44,0.279,0.071,0.041,LBN2024,,,,,,,,,,,,LBN
2023,Lebanon,2.707,1.377,0.577,0.556,0.173,0.068,0.029,LBN2023,221.342,,,11.543,,,-28.104,,,,,LBN
2022,Lebanon,2.392,1.417,0.476,0.398,0.123,0.061,0.027,LBN2022,171.205,20992421948.808,3654.358,11.6,112.149,-0.622,-34.606,,,,20158671948.808,LBN
2021,Lebanon,2.955,1.392,0.498,0.631,0.103,0.082,0.034,LBN2021,154.756,23131941556.784,4045.374,12.669,150.001,-7.001,-19.698,6.296,6.868,5.685,21239241556.784,LBN
2020,Lebanon,4.584,1.045,0.868,0.595,0.175,0.14,0.026,LBN2020,84.864,31712128253.796,5561.192,13.284,85.542,-21.4,-8.762,14.945,11.557,8.902,30697478253.796,LBN
2019,Lebanon,4.772,0.889,1.192,0.789,0.186,0.159,0.022,LBN2019,3.005,51605959131.274,8905.88,11.301,4.095,-6.915,-21.828,29.188,19.338,15.405,50358759131.274,LBN
2018,Lebanon,5.197,,,,,,,LBN2018,6.077,54901519155.556,9174.537,10.745,5.522,-1.885,-24.347,29.346,19.269,15.325,53788969155.556,LBN
2017,Lebanon,5.199,,,,,,,LBN2017,4.321,53027680685.904,8608.211,10.251,2.749,0.903,-22.882,25.984,19.968,15.36,52818460685.904,LBN
2016,Lebanon,5.225,,,,,,,LBN2016,-0.783,51147308774.129,8089.012,9.786,0.871,1.555,-20.478,25.847,17.74,13.525,50329518774.129,LBN
2015,Lebanon,5.129,,,,,,,LBN2015,-3.749,49929337836.816,7714.11,9.306,3.336,0.462,-17.108,22.898,17.125,13.465,49420827836.816,LBN
2014,Lebanon,4.839,,,,,,,LBN2014,1.855,48095213746.6,7577.641,8.833,0.105,2.484,-26.23,25.947,19.918,14.11,47517903746.6,LBN
2012,Lebanon,4.931,,,,,,,LBN2012,6.581,44016799515.755,8406.984,7.937,7.486,2.565,-23.438,26.799,19.944,15.198,43812619515.755,LBN
2011,Lebanon,5.049,,,,,,,LBN2011,4.971,39927125961.526,7834.963,7.349,2.965,0.867,-13.834,26.397,21.86,16.377,39687755961.526,LBN
2024,Lesotho,3.757,0.737,1.131,0.0,0.606,0.065,0.072,LSO2024,6.105,,,16.147,,,,,,,,LSO
2023,Lesotho,3.186,0.771,0.851,0.0,0.523,0.082,0.085,LSO2023,6.342,2117962450.795,916.283,16.457,-0.368,1.827,-6.991,,,,2576299023.471,LSO
2021,Lesotho,3.512,0.839,0.848,0.0,0.419,0.076,0.018,LSO2021,6.048,2412130056.559,1066.586,18.23,3.124,2.267,-8.128,38.105,37.581,31.87,2813524924.219,LSO
2020,Lesotho,3.512,0.451,0.731,0.007,0.405,0.103,0.015,LSO2020,4.978,2053699870.072,918.583,18.399,6.548,-8.156,-5.89,43.288,41.392,35.994,2441757550.0,LSO
2019,Lesotho,3.653,0.455,1.089,0.101,0.409,0.103,0.05,LSO2019,5.187,2390702295.828,1082.057,16.876,3.575,-1.418,-7.458,39.246,36.804,32.542,2852674377.633,LSO
2018,Lesotho,3.802,,,,,,,LSO2018,4.752,2556247291.998,1170.656,16.625,11.723,-1.481,-5.624,39.25,37.024,31.815,3042775635.892,LSO
2017,Lesotho,3.808,,,,,,,LSO2017,4.448,2306741672.29,1069.367,16.401,2.019,-3.138,-9.011,39.715,38.328,33.007,2620025914.527,LSO
2016,Lesotho,3.808,,,,,,,LSO2016,6.597,2114426452.202,992.492,16.17,-0.292,3.609,-10.502,40.584,35.415,29.286,2400601096.793,LSO
2014,Lesotho,4.898,,,,,,,LSO2014,5.37,2441063054.058,1173.538,16.104,14.035,1.711,-8.42,38.322,42.029,36.328,2719632972.795,LSO
2012,Lesotho,4.898,,,,,,,LSO2012,6.051,2477702216.269,1217.931,15.813,2.182,6.334,-18.765,40.055,43.766,38.084,2892666013.151,LSO
2024,Liberia,4.277,0.582,0.888,0.324,0.653,0.143,0.068,LBR2024,,,,2.882,,,,,,,,LBR
2023,Liberia,4.269,0.619,0.673,0.301,0.546,0.178,0.075,LBR2023,10.094,4240000000.0,771.887,2.933,1.231,4.684,,,,,3967000000.0,LBR
2022,Liberia,4.042,0.628,0.644,0.141,0.471,0.219,0.071,LBR2022,7.593,4001047000.0,744.617,2.977,8.666,4.808,1.62,,,,3751047000.0,LBR
2021,Liberia,5.122,0.636,0.67,0.309,0.405,0.178,0.08,LBR2021,7.816,3513049500.0,667.966,3.845,5.354,4.987,-2.896,,,,3295000000.0,LBR
2020,Liberia,4.625,0.228,0.58,0.253,0.43,0.221,0.057,LBR2020,16.956,3176126300.0,616.788,4.109,-1.381,-2.982,-8.657,,,,2887982500.0,LBR
2019,Liberia,4.558,0.174,0.921,0.392,0.406,0.227,0.051,LBR2019,26.966,3319596500.0,658.164,3.068,-0.56,-2.467,-19.683,,,,2965834700.0,LBR
2018,Liberia,3.975,,,,,,,LBR2018,23.564,3422754800.0,692.203,3.056,-0.21,1.158,-19.694,,,,2985754800.0,LBR
2017,Liberia,3.495,,,,,,,LBR2017,12.42,3390703400.0,699.269,3.066,-2.618,2.455,-16.68,,,,3087813500.0,LBR
2016,Liberia,3.533,,,,,,,LBR2016,8.834,3398419600.0,714.613,3.081,6.973,-1.555,-8.123,,,,3117419600.0,LBR
2015,Liberia,3.622,,,,,,,LBR2015,7.749,3227075700.0,692.59,2.557,0.063,-0.019,5.302,,,,2947075700.0,LBR
2014,Liberia,4.571,,,,,,,LBR2014,9.861,3225652000.0,706.714,2.079,0.818,0.701,-19.92,,,,2892652000.0,LBR
2012,Liberia,4.196,,,,,,,LBR2012,6.832,2791614000.0,638.369,2.146,7.797,7.994,-59.996,,,12.972,2529644000.0,LBR
2011,Liberia,4.04,,,,,,,LBR2011,8.488,2398000000.0,568.088,2.211,10.923,8.201,-52.485,,,11.149,2273155200.0,LBR
2024,Libya,5.82,1.247,1.309,0.549,0.724,0.111,0.214,LBY2024,2.126,,,18.615,,,,,,,,LBY
2023,Libya,5.866,1.526,1.1,0.55,0.592,0.111,0.204,LBY2023,2.373,45096462972.401,6172.812,18.753,-5.341,10.156,,,,,45309062967.041,LBY
2021,Libya,5.33,1.476,0.943,0.606,0.477,0.106,0.179,LBY2021,2.868,35217995647.286,4935.828,19.641,90.406,28.333,16.115,,,,34577448955.293,LBY
2020,Libya,5.41,1.044,0.821,0.435,0.474,0.131,0.174,LBY2020,1.447,46854285440.642,6650.338,19.613,-4.754,-29.455,-10.202,,,,47692571365.201,LBY
2019,Libya,5.489,1.022,1.196,0.616,0.451,0.143,0.172,LBY2019,-2.162,69254496471.694,9963.195,19.05,4.176,-11.196,6.956,,,,71084266693.748,LBY
2018,Libya,5.525,,,,,,,LBY2018,13.17,76686029772.148,11196.585,18.836,3.598,7.941,14.704,,,,77676603170.626,LBY
2017,Libya,5.566,,,,,,,LBY2017,25.804,67157452181.774,9965.832,19.02,1.807,32.492,6.591,,,,68439540256.274,LBY
2016,Libya,5.525,,,,,,,LBY2016,25.854,49912073701.298,7525.803,19.522,4.692,-1.491,-9.427,,,,50662881580.357,LBY
2015,Libya,5.615,,,,,,,LBY2015,10.402,48717501321.305,7458.489,19.676,-7.041,-0.843,-19.184,,,,49953808617.082,LBY
2014,Libya,5.754,,,,,,,LBY2014,2.433,57372355592.022,8926.421,19.308,-1.007,-23.043,-33.175,,,,57954482938.568,LBY
2012,Libya,5.34,,,,,,,LBY2012,6.06,92540938129.132,14975.89,19.03,5.982,86.827,25.758,,,,90611575226.289,LBY
2011,Libya,5.178,,,,,,,LBY2011,15.518,48169263294.101,7593.839,19.478,24.343,-50.339,6.627,,,,48225057019.063,LBY
2024,Lithuania,6.829,1.684,1.699,0.592,0.702,0.031,0.123,LTU2024,0.716,,,7.504,,,,,,,,LTU
2023,Lithuania,6.818,1.766,1.454,0.598,0.533,0.044,0.116,LTU2023,9.117,79789877416.168,27786.006,6.841,9.022,0.342,1.101,34.1,34.043,21.418,76751468656.028,LTU
2022,Lithuania,6.763,1.808,1.511,0.432,0.487,0.059,0.089,LTU2022,19.705,71033884499.782,25085.784,5.955,16.067,2.538,-6.085,34.046,33.134,21.282,68451885058.584,LTU
2021,Lithuania,6.446,1.804,1.204,0.659,0.496,0.053,0.077,LTU2021,4.684,67037321008.968,23934.728,7.112,6.0,6.38,1.469,35.189,33.467,21.274,64252038543.154,LTU
2020,Lithuania,6.255,1.35,1.065,0.612,0.476,0.056,0.073,LTU2020,1.2,57412038533.272,20541.825,8.487,2.039,0.043,7.225,38.909,32.797,20.503,55325495240.973,LTU
2019,Lithuania,6.215,1.194,1.433,0.795,0.42,0.054,0.081,LTU2019,2.335,55122066225.796,19727.761,6.255,2.376,4.677,3.738,32.384,31.938,20.089,52901803474.706,LTU
2018,Lithuania,6.149,,,,,,,LTU2018,2.698,54261795148.537,19368.539,6.147,3.593,4.918,0.31,31.678,31.554,16.752,52084496480.765,LTU
2017,Lithuania,5.952,,,,,,,LTU2017,3.723,47756764508.446,16884.71,7.073,4.096,4.612,1.087,31.072,31.201,16.764,46031954861.718,LTU
2016,Lithuania,5.902,,,,,,,LTU2016,0.906,42970749245.034,14981.621,7.862,0.987,2.672,-1.015,32.684,31.775,17.1,41513241212.62,LTU
2015,Lithuania,5.813,,,,,,,LTU2015,-0.884,41540954817.204,14300.255,9.12,-0.002,2.833,-2.517,32.669,30.869,16.758,39940688841.875,LTU
2014,Lithuania,5.833,,,,,,,LTU2014,0.104,48306546656.928,16473.568,10.698,0.609,3.773,3.547,32.757,29.567,16.034,47960568992.364,LTU
2012,Lithuania,5.426,,,,,,,LTU2012,3.09,42709372066.863,14294.718,13.365,2.505,4.383,-1.607,34.125,29.19,15.685,41584616578.174,LTU
2011,Lithuania,5.588,,,,,,,LTU2011,4.13,43186501862.791,14261.843,15.39,5.622,6.324,-3.687,36.839,29.219,15.666,42261715400.66,LTU
2024,Luxembourg,7.122,2.028,1.558,0.864,0.931,0.117,0.397,LUX2024,2.051,,,5.935,,,,,,,,LUX
2023,Luxembourg,7.122,2.141,1.355,0.708,0.801,0.146,0.432,LUX2023,3.741,85755006123.598,128678.19,5.184,3.43,-1.096,11.499,43.726,44.263,27.797,55813004025.644,LUX
2022,Luxembourg,7.228,2.2,1.357,0.549,0.71,0.149,0.418,LUX2022,6.336,81641807865.759,125006.022,4.588,5.684,1.38,9.197,40.478,41.523,26.408,54993885553.502,LUX
2021,Luxembourg,7.404,2.209,1.155,0.79,0.7,0.12,0.388,LUX2021,2.527,85584105993.875,133711.794,5.571,4.644,7.168,6.536,39.375,41.157,26.246,58630447829.069,LUX
2020,Luxembourg,7.324,1.751,1.003,0.76,0.639,0.166,0.353,LUX2020,0.82,73699366700.213,116905.37,6.766,4.301,-0.91,5.097,42.887,41.136,25.676,51783516552.218,LUX
2019,Luxembourg,7.238,1.537,1.388,0.986,0.61,0.196,0.367,LUX2019,1.743,69890505323.584,112726.44,5.592,0.901,2.916,8.619,39.469,42.573,26.881,47877349992.941,LUX
2018,Luxembourg,7.09,,,,,,,LUX2018,1.528,71000359760.461,116786.512,5.589,2.111,1.219,8.33,38.874,42.485,26.918,50751283867.922,LUX
2017,Luxembourg,6.91,,,,,,,LUX2017,1.731,65712180342.984,110193.214,5.523,2.143,1.317,6.18,37.759,39.931,24.518,47031112675.059,LUX
2016,Luxembourg,6.863,,,,,,,LUX2016,0.291,62216885435.949,106899.294,6.669,-1.108,4.978,7.415,36.835,39.521,23.768,41225831605.564,LUX
2015,Luxembourg,6.871,,,,,,,LUX2015,0.475,60071584216.138,105462.013,6.796,2.219,2.27,5.621,37.215,39.439,23.322,38657980989.023,LUX
2014,Luxembourg,6.946,,,,,,,LUX2014,0.629,68804811897.644,123678.702,6.044,2.797,2.623,4.929,37.737,39.72,24.745,49979926556.902,LUX
2012,Luxembourg,7.054,,,,,,,LUX2012,2.663,59776383527.36,112584.676,5.03,3.266,1.65,5.255,38.617,39.787,24.428,45915520597.734,LUX
2011,Luxembourg,7.051,,,,,,,LUX2011,3.411,61696281326.245,119025.057,5.122,3.449,1.044,5.63,37.758,39.468,23.987,42768242732.49,LUX
2024,Madagascar,4.157,0.588,0.938,0.341,0.292,0.131,0.118,MDG2024,,,,3.012,,,,,,,,MDG
2023,Madagascar,4.228,0.628,0.823,0.333,0.25,0.172,0.123,MDG2023,9.874,15790113246.748,506.159,3.069,8.694,3.8,,,,,15444839759.942,MDG
2022,Madagascar,4.019,0.632,0.779,0.178,0.187,0.177,0.134,MDG2022,8.161,15134700203.05,497.243,3.186,6.933,4.0,-5.48,10.062,10.321,9.357,14765327495.31,MDG
2021,Madagascar,4.339,0.67,0.645,0.378,0.202,0.143,0.154,MDG2021,5.812,14554754116.543,490.206,3.487,6.641,5.74,-4.96,10.543,11.062,10.239,14294802412.89,MDG
2020,Madagascar,4.208,0.266,0.503,0.341,0.207,0.185,0.087,MDG2020,4.202,13051441203.947,450.772,3.284,4.311,-7.138,-4.778,11.798,10.607,9.521,12717776244.331,MDG
2019,Madagascar,4.166,0.245,0.824,0.501,0.193,0.191,0.076,MDG2019,5.611,14104664678.506,499.819,2.469,6.522,4.411,-2.136,10.133,11.568,10.532,13612309667.837,MDG
2018,Madagascar,3.933,,,,,,,MDG2018,8.594,13760033282.292,500.457,2.297,8.298,3.194,0.713,9.832,11.441,10.283,13299570422.211,MDG
2017,Madagascar,3.774,,,,,,,MDG2017,8.609,13176313593.551,491.867,2.119,4.962,3.933,-0.229,10.589,10.875,10.028,12760046042.02,MDG
2016,Madagascar,3.644,,,,,,,MDG2016,6.036,11848613858.442,453.971,1.947,8.96,3.993,0.378,9.317,10.05,9.245,11379471782.222,MDG
2015,Madagascar,3.695,,,,,,,MDG2015,7.404,11323020701.302,445.32,1.785,6.504,3.132,-2.259,9.559,9.79,8.945,10894778487.749,MDG
2014,Madagascar,3.681,,,,,,,MDG2014,6.08,12522957399.228,505.685,1.386,6.732,3.339,-0.649,9.853,9.292,8.441,12173057216.308,MDG
2012,Madagascar,3.966,,,,,,,MDG2012,5.714,11578975061.948,493.511,0.599,5.466,3.011,-7.463,8.757,9.166,8.368,11207841557.623,MDG
2011,Madagascar,4.309,,,,,,,MDG2011,9.483,11551819617.874,506.164,2.512,10.386,1.578,-6.728,8.935,9.695,8.71,11339961188.919,MDG
2024,Malawi,3.26,0.588,0.489,0.28,0.677,0.115,0.136,MWI2024,32.18,,,5.045,,,,,,,,MWI
2023,Malawi,3.421,0.617,0.41,0.349,0.571,0.135,0.136,MWI2023,28.79,12712150082.079,602.344,5.033,22.807,1.892,-17.905,,,,12349147692.614,MWI
2022,Malawi,3.495,0.637,0.479,0.189,0.49,0.139,0.129,MWI2022,20.954,12429060150.742,604.27,5.037,17.167,0.921,-17.846,20.174,14.136,13.504,12054582591.864,MWI
2021,Malawi,3.75,0.648,0.279,0.388,0.477,0.14,0.157,MWI2021,9.33,12378129750.987,617.448,5.662,8.153,4.558,-15.492,17.187,12.288,11.588,12006215738.734,MWI
2020,Malawi,3.6,0.113,0.168,0.298,0.484,0.213,0.134,MWI2020,8.626,11769313597.854,602.507,5.728,6.218,0.794,-13.923,16.494,12.907,12.131,11440171500.767,MWI
2019,Malawi,3.538,0.177,0.53,0.446,0.487,0.213,0.132,MWI2019,9.371,11051865579.812,580.89,4.966,7.729,5.717,-11.953,14.74,12.42,11.975,10785451582.33,MWI
2018,Malawi,3.41,,,,,,,MWI2018,12.42,9879231591.524,533.203,5.014,6.152,4.354,-17.259,14.922,12.953,12.176,9558096354.047,MWI
2017,Malawi,3.587,,,,,,,MWI2017,11.543,8943543793.584,495.77,5.039,10.577,4.0,-17.421,13.244,13.057,12.184,8735399094.037,MWI
2016,Malawi,3.97,,,,,,,MWI2016,21.711,7909868618.464,450.506,5.007,20.293,2.5,-12.713,12.329,11.169,10.639,7886787909.555,MWI
2015,Malawi,4.156,,,,,,,MWI2015,21.867,9219474379.315,539.605,4.954,19.815,2.8,-11.545,12.908,11.511,10.537,8999698474.697,MWI
2014,Malawi,4.292,,,,,,,MWI2014,23.792,8801326169.145,529.513,4.967,20.969,5.625,-12.822,14.065,11.796,10.949,8640515834.706,MWI
2012,Malawi,4.113,,,,,,,MWI2012,21.271,8773203178.165,558.462,4.952,17.64,1.9,-8.488,11.872,9.822,9.316,8638482884.796,MWI
2011,Malawi,4.624,,,,,,,MWI2011,7.623,11648142958.365,763.061,4.842,13.99,4.933,-9.759,12.526,11.401,10.618,11532861683.348,MWI
2024,Malaysia,5.955,1.571,1.315,0.446,0.991,0.181,0.11,MYS2024,1.834,,,3.826,,,,,,,,MYS
2023,Malaysia,5.975,1.646,1.143,0.54,0.829,0.226,0.119,MYS2023,2.489,399705169318.477,11379.086,3.869,-1.872,3.555,1.565,17.019,17.278,12.573,388101205732.467,MYS
2022,Malaysia,6.012,1.665,1.155,0.385,0.659,0.222,0.122,MYS2022,3.379,407605841348.235,11748.092,3.93,6.403,8.862,3.125,17.906,16.409,11.637,394667473818.317,MYS
2021,Malaysia,5.711,1.689,0.938,0.62,0.654,0.213,0.126,MYS2021,2.477,373784823672.946,10903.112,4.64,5.676,3.315,3.877,17.254,15.093,11.216,363611089241.775,MYS
2020,Malaysia,5.384,1.259,0.797,0.587,0.624,0.27,0.064,MYS2020,-1.139,337456163961.211,9957.526,4.54,-0.818,-5.457,4.19,18.472,15.867,10.885,330671265155.887,MYS
2019,Malaysia,5.384,1.168,1.174,0.789,0.597,0.275,0.062,MYS2019,0.663,365177721021.516,10920.192,3.26,0.072,4.413,3.504,17.357,17.479,11.936,355643356741.268,MYS
2018,Malaysia,5.339,,,,,,,MYS2018,0.885,358788845712.53,10901.802,3.3,0.625,4.843,2.237,15.922,16.086,12.023,347616421527.931,MYS
2017,Malaysia,6.322,,,,,,,MYS2017,3.871,319109094160.343,9862.548,3.41,3.779,5.813,2.808,15.826,16.061,12.946,310119720279.85,MYS
2016,Malaysia,6.084,,,,,,,MYS2016,2.091,301256033870.334,9476.534,3.44,1.658,4.45,2.368,16.764,16.998,13.551,292917092605.123,MYS
2015,Malaysia,6.005,,,,,,,MYS2015,2.104,301355266964.947,9648.68,3.1,1.218,5.092,3.009,18.291,18.615,14.057,293133023632.862,MYS
2014,Malaysia,5.77,,,,,,,MYS2014,3.143,338066095097.254,11013.311,2.88,2.467,6.007,4.392,19.684,19.94,14.841,326875882255.886,MYS
2012,Malaysia,5.76,,,,,,,MYS2012,1.664,314443047642.111,10600.574,3.1,1.0,5.473,5.189,20.98,21.407,15.613,302839192295.004,MYS
2011,Malaysia,5.823,,,,,,,MYS2011,3.174,297951668674.835,10217.107,3.05,5.412,5.294,10.905,19.735,20.337,14.794,290892852065.831,MYS
2020,Maldives,5.198,1.115,1.015,0.697,0.575,0.204,0.073,MDV2020,-1.37,3712604583.367,7393.889,5.434,-3.365,-32.909,-35.748,35.346,24.706,20.112,3406811511.663,MDV
2019,Maldives,5.198,0.938,1.402,0.914,0.548,0.224,0.072,MDV2019,0.22,5726094799.377,11740.272,4.562,-1.31,7.298,-25.817,25.413,24.825,19.941,5166269608.417,MDV
2024,Mali,4.345,0.709,0.908,0.318,0.767,0.093,0.114,MLI2024,3.206,,,3.06,,,,,,,,MLI
2023,Mali,4.232,0.747,0.688,0.267,0.586,0.12,0.09,MLI2023,2.059,20661794596.087,869.27,2.956,2.226,4.657,-7.794,,,,19697353849.248,MLI
2022,Mali,4.198,0.763,0.637,0.106,0.441,0.121,0.059,MLI2022,9.621,18780322203.758,813.965,2.387,5.728,3.475,-7.856,,,,17997835632.059,MLI
2021,Mali,4.479,0.792,0.483,0.311,0.35,0.128,0.042,MLI2021,3.926,19309463508.038,862.467,3.966,3.359,3.053,-7.605,,,,18419319470.469,MLI
2020,Mali,4.723,0.387,0.59,0.11,0.384,0.164,0.072,MLI2020,0.438,17465392764.371,804.344,3.528,0.532,-1.235,-2.174,14.501,15.006,14.165,16726618026.267,MLI
2019,Mali,4.729,0.352,0.973,0.235,0.378,0.17,0.062,MLI2019,-1.658,17280250810.032,820.197,3.29,1.931,4.756,-7.458,12.858,15.434,14.501,16584807149.375,MLI
2018,Mali,4.39,,,,,,,MLI2018,0.3,17070867589.906,835.087,1.62,1.458,4.746,-4.899,12.372,12.431,11.67,16560622892.297,MLI
2017,Mali,4.447,,,,,,,MLI2017,1.76,15365713048.199,775.536,1.494,1.934,5.305,-7.894,12.507,17.398,15.883,14864816778.587,MLI
2016,Mali,4.19,,,,,,,MLI2016,-1.8,14026048335.705,730.855,1.367,1.351,5.852,-7.243,12.315,16.048,15.396,13651410705.584,MLI
2015,Mali,4.073,,,,,,,MLI2015,1.451,13104764378.326,704.822,1.401,2.884,6.172,-5.324,12.277,14.864,14.095,12808995432.8,MLI
2014,Mali,3.995,,,,,,,MLI2014,0.884,14364937124.073,797.155,1.474,1.269,7.085,-4.711,12.958,13.198,12.647,13980007389.46,MLI
2012,Mali,4.247,,,,,,,MLI2012,5.323,12442035339.105,733.739,1.482,4.605,-0.837,-2.191,11.989,13.794,12.991,11981790282.075,MLI
2011,Mali,3.967,,,,,,,MLI2011,2.956,12995112690.26,789.063,1.422,12.183,3.213,-5.058,12.242,13.138,12.545,12532791363.725,MLI
2024,Malta,6.316,1.76,1.671,0.837,0.837,0.217,0.115,MLT2024,,,,2.703,,,,,,,,MLT
2023,Malta,6.346,1.827,1.444,0.707,0.727,0.25,0.125,MLT2023,5.094,22328640241.555,40395.769,3.11,5.305,7.499,6.38,34.119,31.131,21.754,19351359464.34,MLT
2022,Malta,6.3,1.841,1.468,0.547,0.671,0.2,0.143,MLT2022,6.154,19209979975.232,36142.206,2.921,5.061,4.148,-0.873,35.956,32.022,22.654,16534181877.248,MLT
2021,Malta,6.447,1.838,1.169,0.789,0.679,0.174,0.166,MLT2021,1.498,19718565605.433,38027.38,3.394,2.426,13.46,9.35,37.193,32.027,22.432,17295453183.583,MLT
2020,Malta,6.602,1.411,1.055,0.747,0.664,0.275,0.183,MLT2020,0.639,16385919535.674,31796.821,4.347,1.838,-3.475,16.116,39.899,32.868,22.511,14532952942.641,MLT
2019,Malta,6.773,1.253,1.443,0.972,0.633,0.341,0.179,MLT2019,1.642,16337793530.779,32412.27,3.616,2.506,4.085,17.85,32.703,34.986,25.103,14798835701.396,MLT
2018,Malta,6.726,,,,,,,MLT2018,1.158,16153779511.156,33332.191,3.658,1.798,7.189,13.348,32.592,35.779,25.427,14669786905.109,MLT
2017,Malta,6.627,,,,,,,MLT2017,1.364,14161366723.678,30259.395,4.002,2.135,12.972,19.158,31.815,35.645,26.006,13113525048.407,MLT
2016,Malta,6.527,,,,,,,MLT2016,0.643,12025782834.36,26409.629,4.687,2.126,4.078,-0.552,34.459,36.105,26.249,10688627580.054,MLT
2015,Malta,6.488,,,,,,,MLT2015,1.101,11340795041.806,25481.898,5.389,4.2,9.621,2.65,35.356,36.476,24.322,10554342526.762,MLT
2014,Malta,6.302,,,,,,,MLT2014,0.31,11888032872.432,27356.608,5.725,2.271,7.631,8.342,37.739,37.532,25.576,11000384403.131,MLT
2012,Malta,5.964,,,,,,,MLT2012,2.376,9609532088.887,22878.313,6.197,2.16,4.103,1.574,39.871,37.69,25.295,9144219499.755,MLT
2011,Malta,5.96,,,,,,,MLT2011,2.963,9789361703.697,23516.969,6.378,1.483,0.992,-0.133,40.449,37.939,25.411,9386251622.324,MLT
2024,Mauritania,4.542,1.023,0.919,0.516,0.454,0.113,0.195,MRT2024,,,,10.373,,,,,,,,MRT
2023,Mauritania,4.505,1.078,0.705,0.4,0.343,0.133,0.198,MRT2023,4.953,10651709411.459,2120.823,10.446,3.371,6.507,-9.074,,,,10660320959.179,MRT
2022,Mauritania,4.724,1.099,0.764,0.244,0.32,0.13,0.195,MRT2022,9.525,9557966698.254,1960.352,10.531,-0.612,6.796,-14.9,,,,9500605780.425,MRT
2021,Mauritania,4.153,1.1,0.865,0.45,0.304,0.088,0.138,MRT2021,3.565,9222536364.013,1947.789,11.144,7.465,0.743,-8.76,,,,9076362254.149,MRT
2020,Mauritania,4.227,0.666,0.749,0.273,0.218,0.119,0.133,MRT2020,2.386,8260752385.231,1795.765,11.054,6.441,-0.361,-6.975,,,,8155048186.479,MRT
2019,Mauritania,4.375,0.54,1.113,0.425,0.186,0.129,0.122,MRT2019,2.3,7894764885.823,1767.073,10.416,5.328,3.141,-10.527,,,,7798537820.06,MRT
2018,Mauritania,4.49,,,,,,,MRT2018,3.067,7473550557.074,1722.935,10.407,4.554,4.772,-13.018,,,,7435080653.073,MRT
2017,Mauritania,4.356,,,,,,,MRT2017,2.254,6800135898.288,1615.004,10.336,1.584,6.271,-10.426,,,,6703487753.411,MRT
2016,Mauritania,4.292,,,,,,,MRT2016,1.472,6398747592.132,1565.766,10.283,11.21,1.261,-11.046,,,,6282235172.531,MRT
2015,Mauritania,4.201,,,,,,,MRT2015,3.255,6166863896.687,1554.949,10.108,-4.794,5.376,-15.501,,,,5986395816.426,MRT
2014,Mauritania,4.436,,,,,,,MRT2014,3.534,6592537781.815,1713.009,10.028,-11.876,4.275,-22.345,,,,6339728998.266,MRT
2012,Mauritania,4.758,,,,,,,MRT2012,4.902,6728208836.221,1859.117,9.864,0.456,4.47,-18.223,,,,6537356580.81,MRT
2011,Mauritania,4.643,,,,,,,MRT2011,5.686,6764627745.903,1931.2,9.968,17.548,4.173,,,,,6609314084.926,MRT
2024,Mauritius,5.832,1.499,1.521,0.617,0.761,0.095,0.13,MUS2024,4.103,,,5.476,,,,,,,,MUS
2023,Mauritius,5.816,1.57,1.358,0.49,0.641,0.123,0.118,MUS2023,7.053,14644524819.005,11613.044,5.571,8.508,6.958,-4.423,28.004,23.69,19.787,15000124262.09,MUS
2022,Mauritius,5.902,1.589,1.382,0.336,0.574,0.121,0.11,MUS2022,10.774,12927979286.045,10239.797,6.322,9.566,8.88,-11.114,28.211,23.856,19.05,13475522983.787,MUS
2021,Mauritius,6.071,1.591,1.116,0.568,0.589,0.131,0.107,MUS2021,4.029,11484348857.853,9068.973,7.719,3.157,3.404,-13.032,32.937,21.521,18.264,12106744454.643,MUS
2020,Mauritius,6.049,1.178,0.996,0.574,0.59,0.153,0.096,MUS2020,2.581,11408106446.314,9011.043,8.626,2.573,-14.547,-8.789,31.687,24.241,20.706,11947741898.968,MUS
2019,Mauritius,6.101,1.074,1.396,0.763,0.591,0.187,0.084,MUS2019,0.406,14436346979.636,11403.253,6.331,-0.466,2.891,-4.977,22.842,22.34,19.407,15153839975.89,MUS
2018,Mauritius,5.888,,,,,,,MUS2018,3.216,14735695930.973,11643.461,6.426,1.675,4.007,-3.769,22.576,21.888,18.406,15450103729.549,MUS
2017,Mauritius,5.891,,,,,,,MUS2017,3.667,13713506130.608,10841.685,6.752,1.637,3.938,-4.464,22.222,21.551,17.933,14051920385.618,MUS
2016,Mauritius,5.629,,,,,,,MUS2016,0.978,12594155464.414,9965.725,6.814,2.385,3.862,-3.901,23.067,22.193,17.608,12811307718.277,MUS
2015,Mauritius,5.648,,,,,,,MUS2015,1.287,12007291045.649,9507.871,7.41,1.4,3.691,-3.473,11.391,11.161,8.758,12411835683.336,MUS
2014,Mauritius,5.477,,,,,,,MUS2014,3.218,13074129952.053,10366.355,7.467,2.168,3.827,-5.278,21.826,22.458,18.084,13453633098.474,MUS
2012,Mauritius,5.477,,,,,,,MUS2012,3.852,11668696396.789,9291.236,7.472,2.466,3.496,-7.092,20.356,22.57,18.622,12083538713.447,MUS
2011,Mauritius,5.477,,,,,,,MUS2011,6.522,11518413429.968,9197.043,7.447,3.161,4.078,-13.546,20.4,21.915,18.005,11299782797.643,MUS
2024,Mexico,6.979,1.435,1.504,0.55,0.879,0.057,0.118,MEX2024,4.722,,,2.711,,,,,,,,MEX
2023,Mexico,6.678,1.521,1.241,0.544,0.722,0.086,0.127,MEX2023,5.528,1789114434843.46,13790.024,2.765,4.46,3.2,-0.306,22.526,19.143,14.267,1744482317669.68,MEX
2022,Mexico,6.33,1.55,1.169,0.389,0.632,0.086,0.115,MEX2022,7.896,1464312692331.58,11385.407,3.256,6.497,3.689,-1.202,22.346,19.306,13.428,1430370469535.23,MEX
2021,Mexico,6.128,1.552,0.886,0.623,0.621,0.092,0.115,MEX2021,5.689,1316569466932.59,10314.051,4.019,4.488,6.048,-0.341,20.892,18.343,13.411,1282549137527.22,MEX
2020,Mexico,6.317,1.126,0.83,0.634,0.585,0.092,0.089,MEX2020,3.397,1121064767261.88,8841.271,4.44,4.62,-8.354,2.4,21.698,18.645,13.898,1085047504590.05,MEX
2019,Mexico,6.465,1.024,1.226,0.832,0.554,0.083,0.083,MEX2019,3.636,1304106203694.81,10369.555,3.477,4.319,-0.393,-0.297,19.81,18.519,12.788,1267424146058.02,MEX
2018,Mexico,6.595,,,,,,,MEX2018,4.899,1256300182879.73,10084.794,3.275,5.204,1.972,-2.064,19.87,18.334,12.712,1223821716221.84,MEX
2017,Mexico,6.488,,,,,,,MEX2017,6.041,1190721475906.0,9649.278,3.419,6.568,1.872,-1.797,19.866,19.447,12.687,1160558920059.09,MEX
2016,Mexico,6.578,,,,,,,MEX2016,2.822,1112233497452.7,9097.924,3.853,6.078,1.772,-2.273,20.328,19.192,13.124,1083159760755.14,MEX
2015,Mexico,6.778,,,,,,,MEX2015,2.721,1213294467716.88,10021.239,4.311,3.225,2.702,-2.599,20.869,18.368,12.346,1182962837135.44,MEX
2014,Mexico,7.187,,,,,,,MEX2014,4.019,1364507717614.13,11391.377,4.819,4.368,2.504,-1.821,20.997,17.689,10.243,1332054399903.7,MEX
2012,Mexico,7.088,,,,,,,MEX2012,4.112,1255110424817.79,10744.134,4.892,4.542,3.553,-1.41,20.932,17.938,9.352,1228761368842.97,MEX
2011,Mexico,6.74,,,,,,,MEX2011,3.407,1229013703416.76,10664.494,5.175,5.67,3.444,-0.858,20.874,18.169,9.617,1210622838008.34,MEX
2024,Mongolia,5.833,1.336,1.731,0.423,0.629,0.18,0.053,MNG2024,6.803,,,5.424,,,,,,,,MNG
2023,Mongolia,5.696,1.353,1.511,0.4,0.501,0.237,0.055,MNG2023,10.348,20325121393.907,5838.631,5.503,21.769,7.422,0.597,,,,18096012116.687,MNG
2022,Mongolia,5.84,1.379,1.494,0.244,0.425,0.239,0.058,MNG2022,15.148,17146471713.748,4993.515,6.211,17.715,5.033,-13.434,,,,15067905989.687,MNG
2021,Mongolia,5.761,1.393,1.197,0.467,0.398,0.247,0.059,MNG2021,7.353,15286441737.669,4517.616,7.747,14.42,1.637,-13.793,31.697,28.99,16.909,13054692170.944,MNG
2020,Mongolia,5.677,0.966,1.065,0.442,0.397,0.263,0.053,MNG2020,3.796,13312981429.089,4001.252,6.594,3.707,-4.558,-5.067,33.179,29.228,14.146,12053017479.445,MNG
2019,Mongolia,5.456,0.905,1.459,0.616,0.356,0.264,0.047,MNG2019,7.301,14206359017.514,4347.546,9.269,9.972,5.602,-15.216,25.616,30.712,16.851,12634360587.851,MNG
2018,Mongolia,5.285,,,,,,,MNG2018,6.824,13178094720.499,4107.643,5.377,7.961,7.745,-14.437,22.501,28.507,16.689,11943636998.207,MNG
2017,Mongolia,5.125,,,,,,,MNG2017,4.301,11480847740.736,3645.967,6.359,10.8,5.637,-10.064,23.702,24.821,13.547,9872124813.335,MNG
2016,Mongolia,4.955,,,,,,,MNG2016,0.733,11181350649.357,3619.9,7.235,2.993,1.49,-6.257,27.399,21.146,11.351,10260106001.649,MNG
2015,Mongolia,4.907,,,,,,,MNG2015,5.736,11619892590.694,3838.921,4.861,0.61,2.38,-8.162,24.313,22.815,11.894,10652455621.448,MNG
2014,Mongolia,4.874,,,,,,,MNG2014,12.254,12226514668.062,4126.24,4.798,7.449,7.885,-15.821,23.733,25.155,12.902,11232542766.233,MNG
2012,Mongolia,4.834,,,,,,,MNG2012,14.33,12292770631.565,4328.89,3.905,12.784,12.32,-43.771,27.075,25.617,15.312,11343401728.812,MNG
2011,Mongolia,4.562,,,,,,,MNG2011,8.411,10409797377.857,3736.042,4.769,15.119,17.291,-43.346,24.431,28.593,18.467,9551979901.622,MNG
2024,Montenegro,5.877,1.507,1.551,0.618,0.768,0.075,0.138,MNE2024,3.337,,,14.1,,,,,,,,MNE
2023,Montenegro,5.707,1.571,1.318,0.587,0.632,0.11,0.132,MNE2023,8.585,7530593375.22,12221.478,14.621,10.543,6.338,-11.308,,,,7604564025.478,MNE
2022,Montenegro,5.722,1.537,1.385,0.424,0.563,0.17,0.061,MNE2022,13.04,6229801580.792,10093.439,14.851,12.355,6.407,-13.128,,,,6353915382.642,MNE
2021,Montenegro,5.547,1.573,1.023,0.659,0.46,0.135,0.077,MNE2021,2.411,5861427505.125,9465.962,16.543,4.726,13.043,-9.233,,,,5982455401.555,MNE
2020,Montenegro,5.581,1.155,0.891,0.637,0.397,0.166,0.081,MNE2020,-0.256,4769996866.008,7677.371,17.878,-0.176,-15.307,-25.934,,,,4845904669.649,MNE
2019,Montenegro,5.546,1.01,1.266,0.839,0.303,0.149,0.098,MNE2019,0.362,5542054181.126,8909.654,15.128,2.022,4.063,-14.357,,,,5604334042.315,MNE
2018,Montenegro,5.523,,,,,,,MNE2018,2.611,5506942238.357,8850.375,15.19,3.226,5.078,-17.124,,,,5571825861.24,MNE
2017,Montenegro,5.347,,,,,,,MNE2017,2.38,4856599480.799,7803.358,16.082,3.825,4.716,-15.678,,,,4956345528.611,MNE
2016,Montenegro,5.237,,,,,,,MNE2016,-0.271,4376930578.324,7033.44,17.732,5.101,2.949,-16.164,,,,4415192363.25,MNE
2015,Montenegro,5.161,,,,,,,MNE2015,1.549,4054730077.577,6517.193,17.555,2.22,3.39,-10.929,,,,4143543186.7,MNE
2014,Montenegro,5.192,,,,,,,MNE2014,-0.711,4593853290.963,7387.873,18.054,1.036,1.784,-12.417,,,,4654833219.968,MNE
2012,Montenegro,5.299,,,,,,,MNE2012,4.145,4087526241.813,6586.4,19.808,0.177,-2.724,-15.625,,,,4156682443.874,MNE
2011,Montenegro,5.147,,,,,,,MNE2011,3.45,4544428421.495,7328.789,19.759,1.203,3.228,-14.627,,,,4580993271.289,MNE
2024,Morocco,4.622,1.139,0.635,0.585,0.748,0.031,0.095,MAR2024,0.985,,,8.943,,,,,,,,MAR
2023,Morocco,4.795,1.213,0.471,0.495,0.631,0.042,0.082,MAR2023,6.091,144417103249.646,3771.446,9.044,6.361,3.403,-0.617,26.909,26.445,20.976,142354111742.215,MAR
2022,Morocco,4.903,1.236,0.535,0.337,0.54,0.013,0.085,MAR2022,6.657,130951926351.241,3455.396,9.494,2.662,1.527,-3.666,28.208,26.888,22.109,129037582204.306,MAR
2021,Morocco,5.06,1.208,0.268,0.565,0.492,0.02,0.102,MAR2021,1.402,142022058447.231,3785.936,10.576,2.415,8.155,-2.358,25.631,24.211,19.665,140063329923.044,MAR
2020,Morocco,4.918,0.792,0.219,0.558,0.477,0.034,0.088,MAR2020,0.706,121353645057.144,3268.03,11.223,0.142,-7.178,-1.128,27.21,26.565,20.022,120193575825.745,MAR
2019,Morocco,5.095,0.759,0.645,0.745,0.45,0.04,0.077,MAR2019,0.303,128920266409.458,3508.098,9.194,0.817,2.891,-3.418,23.388,23.683,19.914,126978615953.539,MAR
2018,Morocco,5.208,,,,,,,MAR2018,1.804,127341147581.818,3501.698,9.271,0.939,3.066,-4.873,22.858,23.878,20.286,125425336311.069,MAR
2017,Morocco,5.254,,,,,,,MAR2017,0.755,118540573367.844,3296.527,9.223,-0.061,5.058,-3.102,22.679,23.368,20.13,116714427716.555,MAR
2016,Morocco,5.235,,,,,,,MAR2016,1.635,111572947004.917,3140.855,9.3,0.97,0.521,-3.746,22.769,23.329,19.867,110026167792.814,MAR
2015,Morocco,5.151,,,,,,,MAR2015,1.558,110413823841.592,3146.248,9.46,3.173,4.345,-1.957,23.061,23.691,19.437,108703008127.117,MAR
2014,Morocco,5.013,,,,,,,MAR2014,0.442,119130841411.664,3435.407,9.7,0.215,2.719,-5.538,25.417,24.515,20.354,116737884764.791,MAR
2012,Morocco,4.885,,,,,,,MAR2012,1.287,106937392311.129,3164.177,8.99,0.533,3.062,-8.95,27.369,25.716,21.965,104953373174.425,MAR
2011,Morocco,4.793,,,,,,,MAR2011,0.907,110080631332.375,3301.989,8.91,-0.599,5.525,-7.267,27.064,24.899,21.453,108370716160.633,MAR
2024,Mozambique,5.19,0.559,1.131,0.124,0.813,0.127,0.173,MOZ2024,,,,3.527,,,,,,,,MOZ
2023,Mozambique,5.216,0.56,0.883,0.156,0.728,0.158,0.196,MOZ2023,7.127,20954220983.547,622.986,3.519,5.301,5.437,-10.534,,,,19117015861.59,MOZ
2022,Mozambique,4.954,0.57,0.885,0.0,0.625,0.161,0.192,MOZ2022,10.279,18883528581.373,578.252,3.596,9.152,4.364,-33.716,26.004,24.57,22.662,17461632220.209,MOZ
2021,Mozambique,5.048,0.578,0.66,0.191,0.593,0.185,0.2,MOZ2021,6.408,16168055475.445,509.908,4.053,4.551,2.377,-21.193,23.304,25.11,22.748,15828197520.813,MOZ
2020,Mozambique,4.794,0.183,0.634,0.196,0.608,0.228,0.163,MOZ2020,3.484,14235420174.188,462.434,3.921,3.172,-1.22,-24.991,22.905,22.689,21.527,13948700692.435,MOZ
2019,Mozambique,4.624,0.179,0.955,0.324,0.561,0.22,0.163,MOZ2019,2.803,15512759046.672,519.093,3.646,4.678,2.318,-16.076,20.043,28.516,26.683,15236312737.543,MOZ
2018,Mozambique,4.466,,,,,,,MOZ2018,3.911,15017358952.845,517.507,3.604,3.795,3.485,-29.467,19.649,23.01,21.193,14730512197.949,MOZ
2017,Mozambique,4.417,,,,,,,MOZ2017,15.113,13264640645.777,470.939,3.539,7.978,2.638,-17.939,17.626,23.923,22.112,12884983781.301,MOZ
2016,Mozambique,4.55,,,,,,,MOZ2016,17.418,12069051237.171,441.49,3.457,12.161,4.697,-33.692,18.52,21.394,20.077,11833552380.143,MOZ
2014,Mozambique,4.971,,,,,,,MOZ2014,2.56,17978246586.066,697.143,3.377,1.086,7.703,-32.245,,27.223,23.965,17776333933.473,MOZ
2012,Mozambique,4.971,,,,,,,MOZ2012,2.602,16688114144.074,685.686,3.305,3.175,7.995,-40.688,22.244,20.512,18.629,16612647548.809,MOZ
2011,Mozambique,4.693,,,,,,,MOZ2011,11.167,14619279988.716,618.176,3.296,2.348,7.134,-22.77,21.295,18.694,16.8,14364079955.001,MOZ
2024,Myanmar,4.321,0.975,1.144,0.446,0.569,0.322,0.163,MMR2024,,,,3.032,,,,,,,,MMR
2023,Myanmar,4.354,0.978,0.988,0.436,0.45,0.401,0.174,MMR2023,,66757619000.0,1233.197,3.032,10.788,0.958,,,,,65509819000.0,MMR
2022,Myanmar,4.372,1.032,1.125,0.269,0.46,0.4,0.194,MMR2022,,62253049891.645,1158.05,3.057,6.164,4.037,,,,,61143674717.804,MMR
2021,Myanmar,4.394,1.038,0.829,0.491,0.513,0.452,0.194,MMR2021,,66345291160.168,1242.721,4.34,19.517,-12.016,,,,,65297947226.451,MMR
2020,Myanmar,4.426,0.666,0.713,0.341,0.601,0.52,0.178,MMR2020,,79006113643.191,1490.217,1.476,5.344,-9.048,,,,,77509313176.581,MMR
2019,Myanmar,4.308,0.678,1.098,0.495,0.597,0.57,0.188,MMR2019,8.825,75065106227.689,1425.99,0.407,5.423,6.579,0.09,13.776,14.389,6.018,72641276228.21,MMR
2018,Myanmar,4.36,,,,,,,MMR2018,6.872,67860515989.517,1298.213,0.767,5.341,6.269,-3.774,6.381,7.013,2.757,65984255989.64,MMR
2017,Myanmar,4.308,,,,,,,MMR2017,4.573,66053040483.002,1272.822,1.356,5.873,6.136,-7.444,16.92,15.985,6.078,63958040482.751,MMR
2016,Myanmar,4.545,,,,,,,MMR2016,6.929,63298361996.215,1229.197,1.058,3.616,5.862,-3.032,15.348,16.79,7.176,61653951995.848,MMR
2015,Myanmar,4.395,,,,,,,MMR2015,9.454,59607290407.594,1166.733,0.766,4.137,6.993,-5.216,17.04,18.506,6.011,57499580407.606,MMR
2014,Myanmar,4.307,,,,,,,MMR2014,4.953,65531374199.674,1293.0,0.763,3.91,8.17,-3.787,16.494,22.028,5.841,62535394200.176,MMR
2012,Myanmar,4.439,,,,,,,MMR2012,1.468,59937796648.216,1202.666,0.767,3.13,7.333,-2.102,10.55,19.701,4.524,57556421307.723,MMR
2011,Myanmar,5.322,,,,,,,MMR2011,5.021,59977326085.991,1213.629,0.75,10.255,5.591,-2.603,,,,59964576988.509,MMR
2024,Namibia,4.911,1.182,1.482,0.104,0.564,0.052,0.056,NAM2024,4.239,,,19.148,,,,,,,,NAM
2023,Namibia,4.832,1.266,1.212,0.307,0.47,0.069,0.061,NAM2023,5.88,12351025066.913,4168.285,19.365,6.414,4.16,-14.647,,,,11781635235.626,NAM
2022,Namibia,4.631,1.289,1.126,0.145,0.383,0.069,0.071,NAM2022,6.081,12567271004.676,4349.045,19.695,6.448,5.35,-12.815,35.724,31.295,27.172,12080731344.085,NAM
2021,Namibia,4.459,1.292,0.877,0.354,0.384,0.067,0.071,NAM2021,3.617,12402486183.64,4412.836,20.922,1.534,3.604,-11.23,37.603,30.207,28.064,11934183889.963,NAM
2020,Namibia,4.574,0.882,0.801,0.262,0.411,0.091,0.059,NAM2020,2.209,10583748541.526,3878.59,21.004,4.632,-8.101,2.987,40.315,33.032,31.206,10539865094.82,NAM
2019,Namibia,4.571,0.84,1.246,0.407,0.445,0.076,0.054,NAM2019,3.722,12541928303.48,4731.921,19.921,0.926,-0.839,-1.765,34.524,32.24,30.393,12234173555.549,NAM
2018,Namibia,4.639,,,,,,,NAM2018,4.292,13682019076.402,5308.608,19.877,4.428,1.06,-3.552,35.099,30.732,28.932,13176748522.851,NAM
2017,Namibia,4.441,,,,,,,NAM2017,6.146,12895153370.913,5143.961,21.733,9.919,-1.027,-4.421,38.562,32.69,31.308,12661495881.248,NAM
2016,Namibia,4.574,,,,,,,NAM2016,6.729,10722018732.094,4395.688,23.352,7.969,0.034,-16.497,35.452,31.066,29.673,10511261596.57,NAM
2015,Namibia,4.574,,,,,,,NAM2015,3.394,11335161083.506,4774.107,20.808,3.865,4.264,-13.758,38.001,35.655,33.422,11317050632.433,NAM
2011,Namibia,4.886,,,,,,,NAM2011,5.006,12523359440.55,5834.792,19.476,3.815,5.091,-6.848,34.198,32.529,29.551,12010748072.781,NAM
2024,Nepal,5.311,0.944,1.21,0.463,0.764,0.155,0.099,NPL2024,,,,10.706,,,,,,,,NPL
2023,Nepal,5.158,0.965,0.99,0.443,0.653,0.209,0.115,NPL2023,7.115,40908073366.846,1377.626,10.628,5.416,1.953,0.359,,,,41385089422.558,NPL
2022,Nepal,5.36,0.979,1.027,0.281,0.567,0.215,0.104,NPL2022,7.651,41182939600.67,1385.911,10.844,8.241,5.631,-7.499,,,,41421597989.094,NPL
2021,Nepal,5.377,0.984,0.784,0.499,0.519,0.237,0.13,NPL2021,4.15,36924841394.26,1252.751,12.186,6.763,4.838,-14.524,19.442,19.882,17.485,37122384063.19,NPL
2020,Nepal,5.269,0.519,0.702,0.496,0.488,0.287,0.135,NPL2020,5.052,33433659301.247,1154.215,12.975,3.217,-2.37,-0.252,20.165,19.365,15.774,33828751647.554,NPL
2019,Nepal,5.137,0.444,1.101,0.669,0.481,0.301,0.128,NPL2019,5.569,34186180699.026,1203.143,10.389,4.691,6.657,-5.13,21.702,22.401,19.809,34539791626.554,NPL
2018,Nepal,4.913,,,,,,,NPL2018,4.061,33111525237.149,1179.198,10.559,4.356,7.622,-8.301,20.166,22.017,19.083,33328197894.509,NPL
2017,Nepal,4.88,,,,,,,NPL2017,3.627,28971588940.364,1034.284,10.66,8.261,8.977,-3.564,16.854,19.937,17.999,29263410261.849,NPL
2016,Nepal,4.962,,,,,,,NPL2016,8.79,24524109483.529,877.256,10.742,7.15,0.433,-0.684,14.227,18.576,16.144,24843843665.683,NPL
2015,Nepal,4.793,,,,,,,NPL2015,7.869,24360801286.764,875.544,10.644,4.409,3.976,10.043,13.99,16.993,14.686,24704984111.051,NPL
2014,Nepal,4.514,,,,,,,NPL2014,8.364,22731612922.191,821.455,10.617,8.035,6.011,2.183,13.583,16.234,13.995,23065091325.524,NPL
2012,Nepal,4.156,,,,,,,NPL2012,9.46,21703100877.131,788.203,10.643,7.741,4.67,2.661,13.839,13.891,12.041,21854809619.747,NPL
2011,Nepal,4.474,,,,,,,NPL2011,9.227,21573872420.701,785.519,10.64,26.397,3.422,1.338,13.938,13.057,11.625,21678317045.909,NPL
2024,Netherlands,7.306,1.822,1.667,0.844,0.86,0.186,0.344,NLD2024,3.348,,,3.599,,,,,,,,NLD
2023,Netherlands,7.319,1.901,1.462,0.706,0.725,0.247,0.372,NLD2023,3.838,1154361305398.06,64572.006,3.537,7.344,0.075,9.848,39.316,38.802,24.841,1144673458276.42,NLD
2022,Netherlands,7.403,1.942,1.488,0.545,0.672,0.251,0.394,NLD2022,10.001,1046540797548.64,59123.319,3.526,6.156,5.007,6.658,39.365,39.167,23.899,999999206889.109,NLD
2021,Netherlands,7.415,1.945,1.206,0.787,0.651,0.271,0.419,NLD2021,2.676,1054472123449.6,60141.988,4.209,2.747,6.277,10.047,41.795,39.441,24.309,1046137352484.48,NLD
2020,Netherlands,7.464,1.501,1.079,0.753,0.647,0.302,0.384,NLD2020,1.272,932560861701.17,53467.928,3.82,2.356,-3.868,5.618,43.024,39.84,23.923,880056390964.983,NLD
2019,Netherlands,7.449,1.339,1.464,0.976,0.614,0.336,0.369,NLD2019,2.634,928903005576.469,53554.901,3.379,3.028,2.3,6.839,37.498,39.59,23.576,891679358650.979,NLD
2018,Netherlands,7.488,,,,,,,NLD2018,1.703,929733599796.862,53955.077,3.832,2.533,2.259,8.98,37.987,39.504,22.952,910598593874.509,NLD
2017,Netherlands,7.441,,,,,,,NLD2017,1.381,848233537845.884,49513.682,4.837,1.439,2.782,8.128,38.285,39.544,23.061,824285426585.884,NLD
2016,Netherlands,7.377,,,,,,,NLD2016,0.317,797163949289.885,46808.529,6.007,0.566,2.424,7.275,39.443,39.482,22.348,765032765730.352,NLD
2015,Netherlands,7.339,,,,,,,NLD2015,0.6,775743675302.734,45793.814,6.872,0.888,2.121,4.919,40.613,38.705,21.796,757772895013.281,NLD
2014,Netherlands,7.378,,,,,,,NLD2014,0.976,901556501756.467,53457.223,7.419,0.344,1.613,8.852,41.947,39.73,21.539,883166065399.213,NLD
2012,Netherlands,7.512,,,,,,,NLD2012,2.456,845689017065.625,50473.944,5.821,1.329,-0.978,7.826,42.138,38.925,20.322,829582906275.0,NLD
2011,Netherlands,7.512,,,,,,,NLD2011,2.341,913140741332.687,54701.773,4.977,0.243,1.773,7.223,41.89,38.473,20.664,902234771926.072,NLD
2024,New Zealand,6.952,1.698,1.712,0.815,0.861,0.167,0.429,NZL2024,2.923,,,4.869,,,,,,,,NZL
2023,New Zealand,7.029,1.81,1.527,0.673,0.746,0.226,0.48,NZL2023,5.733,252175506110.168,48280.811,3.729,4.759,0.733,-6.767,,,,244146718394.277,NZL
2022,New Zealand,7.123,1.842,1.544,0.513,0.672,0.23,0.471,NZL2022,7.172,246733522841.353,48216.51,3.297,5.587,2.775,-8.765,35.926,33.61,29.934,239404000803.12,NZL
2021,New Zealand,7.2,1.852,1.235,0.752,0.68,0.245,0.483,NZL2021,3.941,253644079784.977,49624.182,3.776,4.578,4.546,-5.837,33.651,32.829,29.06,246933088131.277,NZL
2020,New Zealand,7.277,1.4,1.094,0.785,0.665,0.276,0.445,NZL2020,1.715,212697530897.56,41785.692,4.595,1.955,-0.425,-1.129,36.403,31.737,27.377,208606894464.654,NZL
2019,New Zealand,7.3,1.242,1.487,1.008,0.647,0.326,0.461,NZL2019,1.62,212846907683.439,42747.21,4.109,3.086,2.362,-2.793,30.086,32.793,28.17,207518405665.816,NZL
2018,New Zealand,7.307,,,,,,,NZL2018,1.598,211846555690.736,43228.698,4.335,1.753,3.499,-4.048,29.704,32.033,27.482,204160040592.513,NZL
2017,New Zealand,7.324,,,,,,,NZL2017,1.851,206566916732.292,42913.187,4.736,3.617,3.397,-2.809,29.921,32.153,27.331,198736921883.604,NZL
2016,New Zealand,7.314,,,,,,,NZL2016,0.646,188898209220.167,40070.896,5.147,2.41,3.748,-2.126,30.728,32.375,27.277,182801552357.251,NZL
2015,New Zealand,7.334,,,,,,,NZL2015,0.293,178104220784.881,38639.35,5.415,1.444,3.734,-2.618,31.537,32.735,27.412,172197562719.015,NZL
2014,New Zealand,7.286,,,,,,,NZL2014,1.228,201337554959.49,44578.225,5.428,0.481,3.754,-3.091,32.356,32.675,26.851,193229267483.34,NZL
2012,New Zealand,7.221,,,,,,,NZL2012,1.06,176210710655.208,39974.3,6.931,-0.19,2.289,-3.909,35.03,33.151,26.909,168876091936.708,NZL
2011,New Zealand,7.372,,,,,,,NZL2011,4.028,168295307149.46,38388.528,6.491,2.468,2.241,-2.866,40.086,33.859,25.667,160666204294.734,NZL
2024,Nicaragua,6.33,1.084,1.47,0.646,0.912,0.103,0.271,NIC2024,4.625,,,4.574,,,,,,,,NIC
2023,Nicaragua,6.284,1.097,1.263,0.542,0.793,0.133,0.251,NIC2023,8.388,17829218219.359,2612.871,4.716,10.669,4.569,7.747,16.261,21.48,19.916,16935018482.106,NIC
2022,Nicaragua,6.259,1.109,1.292,0.385,0.66,0.148,0.218,NIC2022,10.467,15649897116.896,2325.167,4.961,8.778,3.752,-2.472,16.673,21.484,19.841,14530697776.478,NIC
2021,Nicaragua,6.165,1.105,1.029,0.617,0.617,0.168,0.212,NIC2021,4.928,14144060853.136,2128.61,6.118,3.543,10.316,-3.824,17.257,20.616,18.907,13248461277.539,NIC
2020,Nicaragua,5.972,0.693,0.904,0.604,0.553,0.201,0.176,NIC2020,3.682,12681569254.282,1931.615,6.201,5.393,-1.756,3.707,16.474,18.554,17.071,11871469383.254,NIC
2019,Nicaragua,6.137,0.62,1.271,0.803,0.56,0.213,0.174,NIC2019,5.376,12699028889.666,1958.621,5.472,5.395,-2.897,5.938,16.452,18.847,17.422,12232628822.995,NIC
2018,Nicaragua,6.105,,,,,,,NIC2018,4.947,13025234820.822,2035.168,5.2,2.658,-3.364,-1.797,16.847,16.962,15.699,12373034902.721,NIC
2017,Nicaragua,6.141,,,,,,,NIC2017,3.851,13785924216.272,2182.619,3.3,4.123,4.633,-7.16,16.522,17.826,16.574,13074230327.719,NIC
2016,Nicaragua,6.071,,,,,,,NIC2016,3.523,13286101094.386,2131.688,3.9,4.59,4.563,-8.483,16.394,17.383,16.166,12651897675.931,NIC
2015,Nicaragua,5.992,,,,,,,NIC2015,3.997,12756685550.339,2074.454,4.7,7.589,4.791,-9.873,15.924,16.728,15.59,12267685461.403,NIC
2014,Nicaragua,5.828,,,,,,,NIC2014,6.036,11880433902.936,1958.37,4.52,8.392,4.786,-8.028,15.428,16.435,15.316,11432533909.649,NIC
2012,Nicaragua,5.507,,,,,,,NIC2012,7.194,10531980451.185,1784.692,5.208,6.243,6.496,-11.724,15.229,16.421,15.009,10116180544.456,NIC
2011,Nicaragua,5.115,,,,,,,NIC2011,8.082,9774320144.0,1679.71,6.618,10.214,6.317,-11.908,14.975,15.761,14.52,9505620189.247,NIC
2024,Niger,4.725,0.606,0.796,0.258,0.759,0.122,0.137,NER2024,9.072,,,0.355,,,,,,,,NER
2023,Niger,4.556,0.573,0.677,0.293,0.615,0.145,0.147,NER2023,3.701,16819170420.565,642.938,0.425,3.388,2.5,-13.87,,,,16182366023.882,NER
2022,Niger,4.501,0.561,0.628,0.137,0.54,0.154,0.14,NER2022,4.226,15433852712.296,609.745,0.418,4.019,11.9,-16.199,,,,14058647971.553,NER
2021,Niger,5.003,0.57,0.56,0.326,0.571,0.165,0.145,NER2021,3.838,14915002436.069,608.722,0.78,3.119,1.384,-14.074,,,,15188308377.35,NER
2020,Niger,5.074,0.162,0.402,0.167,0.516,0.2,0.157,NER2020,2.898,13744653103.058,579.512,0.594,1.163,3.551,-13.21,,,,13156291934.165,NER
2019,Niger,4.91,0.108,0.704,0.299,0.435,0.208,0.138,NER2019,-2.49,12889555561.23,561.691,0.531,-0.024,5.94,-12.199,,,,13479237677.173,NER
2018,Niger,4.628,,,,,,,NER2018,2.968,12837307496.882,578.568,0.535,2.404,7.211,-12.659,,,,13405990160.982,NER
2017,Niger,4.166,,,,,,,NER2017,2.796,11185104251.694,521.804,0.554,0.368,5.005,-11.393,,,,11600276120.445,NER
2016,Niger,4.028,,,,,,,NER2016,1.654,10398861981.758,502.706,0.548,1.793,5.741,-11.363,,,,10734604834.954,NER
2015,Niger,3.856,,,,,,,NER2015,-0.576,9683867926.443,485.663,0.553,2.249,4.393,-15.347,,,,10161942025.714,NER
2014,Niger,3.845,,,,,,,NER2014,-0.93,10862943543.542,565.31,0.524,-0.406,6.642,-12.031,,,,11351529661.747,NER
2012,Niger,4.152,,,,,,,NER2012,0.455,9426912647.591,528.51,2.177,5.308,10.549,-10.837,,,,9746582481.364,NER
2011,Niger,4.122,,,,,,,NER2011,2.942,8772950777.792,510.76,0.316,3.972,2.358,-16.334,,,,9327272805.035,NER
2024,Nigeria,4.885,0.989,1.245,0.38,0.639,0.17,0.028,NGA2024,,,,2.989,,,,,,,,NGA
2023,Nigeria,4.881,1.042,1.075,0.256,0.566,0.201,0.019,NGA2023,24.66,363846332834.618,1596.637,3.074,12.622,2.86,1.655,,,,352906093813.226,NGA
2022,Nigeria,4.981,1.065,1.007,0.092,0.448,0.176,0.013,NGA2022,18.847,477403400101.174,2139.375,3.821,11.311,3.252,0.213,,,,464530827755.53,NGA
2021,Nigeria,4.552,1.079,0.732,0.3,0.444,0.175,0.038,NGA2021,16.953,440833635873.827,2017.275,5.45,10.131,3.647,-0.738,,,,432250677057.07,NGA
2020,Nigeria,4.759,0.663,0.625,0.051,0.433,0.212,0.039,NGA2020,13.246,432198898467.795,2019.657,5.742,7.849,-1.794,-3.699,,,,427431916390.616,NGA
2019,Nigeria,4.724,0.646,0.987,0.168,0.435,0.221,0.048,NGA2019,11.396,474517490844.461,2265.155,5.206,10.385,2.208,-2.884,,,,465356470849.403,NGA
2018,Nigeria,5.265,,,,,,,NGA2018,12.095,421739251509.08,2057.879,5.067,10.228,1.923,1.727,,,,410486871490.792,NGA
2017,Nigeria,5.155,,,,,,,NGA2017,16.502,375745731053.427,1876.34,4.828,11.119,0.806,3.61,,,,367400071058.266,NGA
2016,Nigeria,5.074,,,,,,,NGA2016,15.697,404649125252.16,2070.413,4.499,9.544,-1.617,1.255,,,,398387885254.181,NGA
2015,Nigeria,4.875,,,,,,,NGA2015,9.009,493026682800.63,2585.734,4.135,2.864,2.653,-3.131,,,,480318932817.476,NGA
2014,Nigeria,5.268,,,,,,,NGA2014,8.047,574183763411.508,3088.721,3.902,4.663,6.31,0.158,,,,555021693443.684,NGA
2012,Nigeria,5.248,,,,,,,NGA2012,12.224,463971018239.281,2633.197,3.76,9.948,4.23,3.745,,,,441706108191.483,NGA
2011,Nigeria,4.856,,,,,,,NGA2011,10.826,414466676831.16,2418.413,3.77,9.778,5.308,2.574,,,,391494346889.747,NGA
2024,North Macedonia,5.503,1.458,1.537,0.544,0.637,0.13,0.007,MKD2024,3.49,,,13.417,,,,,,,,MKD
2023,North Macedonia,5.369,1.475,1.277,0.569,0.58,0.194,0.015,MKD2023,9.362,15763621848.115,8624.294,13.174,7.766,2.073,0.359,,,,14961106563.428,MKD
2022,North Macedonia,5.254,1.498,1.171,0.408,0.515,0.207,0.02,MKD2022,14.205,13932436550.088,7606.238,14.476,8.874,2.759,-6.237,,,,13334444854.332,MKD
2021,North Macedonia,5.199,1.505,0.863,0.637,0.488,0.215,0.031,MKD2021,3.231,14000283827.015,7620.803,15.801,4.286,4.511,-2.677,33.33,28.837,17.393,13385879515.777,MKD
2020,North Macedonia,5.101,1.068,0.772,0.535,0.45,0.212,0.022,MKD2020,1.2,12361036913.841,6659.597,16.575,1.374,-4.688,-2.916,34.924,27.697,16.127,11892343875.374,MKD
2019,North Macedonia,5.16,0.935,1.183,0.803,0.41,0.186,0.025,MKD2019,0.766,12606338448.547,6718.858,17.414,0.868,3.91,-2.986,29.687,28.334,17.083,12024667114.976,MKD
2018,North Macedonia,5.274,,,,,,,MKD2018,1.458,12683068114.239,6713.989,21.208,3.926,2.881,0.143,27.845,26.821,17.575,12150990659.47,MKD
2017,North Macedonia,5.185,,,,,,,MKD2017,1.352,11307067069.666,5955.297,22.857,2.807,1.082,-0.586,27.997,26.47,17.161,10859414347.173,MKD
2016,North Macedonia,5.175,,,,,,,MKD2016,-0.239,10672467073.287,5598.486,24.312,3.465,2.848,-2.664,27.783,26.427,16.951,10247925155.735,MKD
2015,North Macedonia,5.121,,,,,,,MKD2015,-0.3,10064519962.566,5262.687,26.395,2.003,3.856,-1.712,28.795,26.957,16.818,9747431783.183,MKD
2014,North Macedonia,5.007,,,,,,,MKD2014,-0.282,11362265252.778,5925.386,28.215,1.447,3.629,-0.482,28.367,26.059,16.235,11149662118.446,MKD
2012,North Macedonia,4.574,,,,,,,MKD2012,3.316,9745261300.578,5049.827,31.096,1.003,-0.456,-3.275,29.373,27.857,16.417,9534185814.44,MKD
2011,North Macedonia,4.369,,,,,,,MKD2011,3.905,10494626767.644,5416.867,31.502,3.722,2.34,-2.494,28.982,28.332,17.0,10307350188.472,MKD
2024,Norway,7.262,1.902,1.711,0.863,0.962,0.168,0.425,NOR2024,3.145,,,3.97,,,,,,,,NOR
2023,Norway,7.302,1.952,1.517,0.704,0.835,0.224,0.484,NOR2023,5.518,485310823603.662,87925.094,3.572,-10.619,0.48,17.33,35.719,53.973,26.921,507846254957.478,NOR
2022,Norway,7.315,1.994,1.521,0.544,0.752,0.212,0.463,NOR2022,5.764,593726965415.619,108798.451,3.231,28.162,3.006,28.753,29.419,56.533,31.48,596856513825.084,NOR
2021,Norway,7.365,1.997,1.239,0.786,0.728,0.217,0.474,NOR2021,3.484,503367986030.268,93072.893,4.359,20.213,3.909,14.8,36.521,47.437,25.506,502221885913.853,NOR
2020,Norway,7.392,1.543,1.108,0.782,0.703,0.249,0.427,NOR2020,1.287,367633418886.627,68340.018,4.424,-2.517,-1.278,1.146,45.391,44.615,21.253,382834834941.145,NOR
2019,Norway,7.488,1.424,1.495,1.008,0.67,0.288,0.434,NOR2019,2.168,408742840909.091,76430.589,3.684,-0.548,1.124,2.916,38.562,47.476,23.283,421234090909.091,NOR
2018,Norway,7.554,,,,,,,NOR2018,2.765,439788625883.8,82792.843,3.801,6.743,0.829,7.95,37.129,46.654,23.314,457569996925.915,NOR
2017,Norway,7.594,,,,,,,NOR2017,1.875,401745275035.261,76131.838,4.164,4.081,2.464,5.389,38.695,45.161,22.29,416379568809.188,NOR
2016,Norway,7.537,,,,,,,NOR2016,3.55,370956547619.048,70867.361,4.68,-1.598,1.165,3.98,39.739,45.182,21.96,387092976190.476,NOR
2015,Norway,7.498,,,,,,,NOR2015,2.171,388159512245.53,74809.966,4.296,-2.804,1.857,8.014,38.151,45.389,22.089,404192290999.276,NOR
2014,Norway,7.522,,,,,,,NOR2014,2.042,501736471832.848,97666.695,3.486,0.258,2.048,10.955,35.606,45.868,23.412,517499761967.733,NOR
2012,Norway,7.655,,,,,,,NOR2012,0.697,512777309840.997,102175.919,3.129,3.353,2.718,12.384,33.729,48.424,26.873,517101160292.222,NOR
2011,Norway,7.524,,,,,,,NOR2011,1.285,501360549669.404,101221.813,3.196,6.673,1.106,13.255,34.142,48.655,27.552,506139118181.721,NOR
2024,Oman,6.197,1.603,1.411,0.5,0.93,0.142,,OMN2024,,,,3.161,,,,,,,,OMN
2014,Oman,6.853,,,,,,,OMN2014,1.014,92699089726.918,23160.65,3.449,1.757,1.292,4.63,,,,88413003901.17,OMN
2012,Oman,6.853,,,,,,,OMN2012,2.948,87408842652.796,24642.298,3.765,3.606,8.863,8.991,,,,82904291287.386,OMN
2024,Pakistan,4.768,0.982,0.759,0.417,0.529,0.136,0.046,PAK2024,12.633,,,5.472,,,,,,,,PAK
2023,Pakistan,4.657,1.069,0.6,0.321,0.542,0.144,0.074,PAK2023,30.768,337912301397.727,1365.277,5.408,26.0,-0.04,-0.244,,,,332147301397.546,PAK
2022,Pakistan,4.555,1.081,0.657,0.158,0.511,0.141,0.102,PAK2022,19.874,374890295666.694,1538.323,5.485,13.937,4.778,-3.259,,,,369642295666.626,PAK
2021,Pakistan,4.516,1.049,0.413,0.374,0.448,0.181,0.112,PAK2021,9.496,348516647445.148,1455.319,6.338,10.267,6.514,-3.524,,,,344116647445.148,PAK
2020,Pakistan,4.934,0.637,0.423,0.322,0.418,0.252,0.097,PAK2020,9.74,300425609817.981,1278.397,6.127,9.944,-1.274,-0.217,,,,294966609817.792,PAK
2019,Pakistan,5.693,0.617,0.873,0.47,0.405,0.229,0.123,PAK2019,10.578,320909472770.669,1390.417,4.83,9.036,2.498,-2.667,,,,315299473058.399,PAK
2018,Pakistan,5.653,,,,,,,PAK2018,5.078,356128166704.921,1569.338,4.083,3.842,6.152,-5.296,,,,350691167594.255,PAK
2017,Pakistan,5.472,,,,,,,PAK2017,4.085,339205534861.1,1519.235,3.215,4.03,4.433,-4.77,,,,334191536057.051,PAK
2016,Pakistan,5.269,,,,,,,PAK2016,3.765,313630000130.435,1424.692,2.285,0.922,6.574,-2.293,,,,308284997722.844,PAK
2015,Pakistan,5.132,,,,,,,PAK2015,2.529,299963590534.773,1380.47,3.566,4.442,4.218,-0.934,,,,295364590988.181,PAK
2014,Pakistan,5.194,,,,,,,PAK2014,7.189,271390474857.632,1266.613,1.827,7.21,4.116,-1.348,,,,267435475356.814,PAK
2012,Pakistan,5.292,,,,,,,PAK2012,9.682,250106966104.704,1204.365,3.667,9.918,3.028,-0.936,,,,246861967230.679,PAK
2011,Pakistan,5.149,,,,,,,PAK2011,11.916,230586581059.665,1131.735,0.796,16.411,2.68,-0.957,,,,227569579578.823,PAK
2024,Panama,6.407,1.594,1.6,0.717,0.876,0.041,0.042,PAN2024,0.685,,,6.518,,,,,,,,PAN
2023,Panama,6.358,1.702,1.392,0.633,0.72,0.063,0.043,PAN2023,1.486,83318176900.0,18686.405,6.544,1.707,7.399,-4.487,,,,79285543400.0,PAN
2022,Panama,6.265,1.714,1.402,0.475,0.63,0.065,0.036,PAN2022,2.86,76276116700.0,17332.436,8.086,2.172,10.77,-0.623,,,,72807217200.0,PAN
2021,Panama,6.309,1.715,1.107,0.709,0.592,0.049,0.051,PAN2021,1.631,67396392500.0,15509.807,10.177,1.415,16.467,-1.156,17.141,11.155,7.461,63404274400.0,PAN
2020,Panama,6.18,1.298,0.976,0.667,0.596,0.079,0.053,PAN2020,-1.55,57059846500.0,13290.561,14.663,-0.495,-17.821,0.676,19.269,11.515,8.05,55305091100.0,PAN
2019,Panama,6.305,1.098,1.376,0.879,0.58,0.097,0.054,PAN2019,-0.355,69778991200.0,16477.907,6.256,0.538,3.103,-5.05,15.037,11.831,8.648,65459457700.0,PAN
2018,Panama,6.321,,,,,,,PAN2018,0.762,67316471200.0,16151.327,5.161,0.701,3.918,-7.884,13.592,13.187,9.591,61995613500.0,PAN
2017,Panama,6.43,,,,,,,PAN2017,0.876,64327688800.0,15694.63,5.338,1.795,5.744,-5.822,13.942,13.444,9.666,60514887600.0,PAN
2016,Panama,6.452,,,,,,,PAN2016,0.74,59760858700.0,14832.361,4.717,2.475,4.572,-7.543,13.695,12.685,10.056,55623707800.0,PAN
2015,Panama,6.701,,,,,,,PAN2015,0.137,55767806100.0,14082.655,4.335,3.015,5.267,-8.694,13.999,12.814,9.798,52316906100.0,PAN
2014,Panama,6.786,,,,,,,PAN2014,2.627,51427104900.0,13213.199,4.391,4.694,4.626,-12.984,12.911,13.231,9.96,47073004900.0,PAN
2012,Panama,7.143,,,,,,,PAN2012,5.698,41595439700.0,11064.806,3.691,6.318,9.627,-8.98,,,,38857139700.0,PAN
2011,Panama,6.863,,,,,,,PAN2011,5.876,35687738300.0,9662.296,4.03,5.488,11.909,-12.658,,,,33773738300.0,PAN
2024,Paraguay,6.172,1.329,1.615,0.291,0.921,0.097,0.063,PRY2024,3.835,,,6.093,,,,,,,,PRY
2023,Paraguay,5.977,1.398,1.408,0.549,0.788,0.131,0.065,PRY2023,4.632,42956263543.948,6276.351,5.794,2.069,4.714,-0.566,19.027,17.639,10.176,41584973464.272,PRY
2022,Paraguay,5.738,1.428,1.427,0.392,0.678,0.148,0.062,PRY2022,9.766,41952910858.085,6205.626,6.755,8.054,0.176,-7.155,16.535,17.396,10.266,40588715171.024,PRY
2021,Paraguay,5.578,1.409,1.13,0.624,0.629,0.171,0.059,PRY2021,4.788,39950899938.748,5976.932,7.311,8.448,4.017,-1.108,16.74,16.887,9.794,38564964617.241,PRY
2020,Paraguay,5.653,0.983,0.97,0.549,0.602,0.206,0.037,PRY2020,1.768,35432178068.181,5365.472,7.548,2.204,-0.82,1.873,18.473,16.732,9.515,34220989522.023,PRY
2019,Paraguay,5.692,0.898,1.368,0.736,0.587,0.204,0.065,PRY2019,2.757,37925338329.149,5821.182,6.595,3.062,-0.402,-0.578,20.35,17.546,9.996,36767424995.415,PRY
2018,Paraguay,5.743,,,,,,,PRY2018,3.976,40225448340.632,6258.45,6.217,1.96,3.204,-0.233,16.13,17.332,10.075,38831476238.131,PRY
2017,Paraguay,5.681,,,,,,,PRY2017,3.602,38997129473.556,6152.267,6.138,2.159,4.81,3.357,14.466,17.443,9.956,37645080815.241,PRY
2016,Paraguay,5.493,,,,,,,PRY2016,4.087,36089700222.946,5775.16,5.255,4.135,4.268,4.601,15.422,16.865,9.559,34772206410.59,PRY
2015,Paraguay,5.538,,,,,,,PRY2015,3.129,36211447840.097,5879.338,4.556,1.604,2.957,-0.211,14.828,17.358,9.642,34791041670.017,PRY
2014,Paraguay,5.878,,,,,,,PRY2014,5.029,40377929295.642,6652.255,5.034,2.857,5.301,-0.787,14.001,16.718,9.745,38813188600.51,PRY
2012,Paraguay,5.779,,,,,,,PRY2012,3.676,33271921136.315,5642.17,4.085,4.798,-0.708,-1.819,15.704,16.692,9.458,31826845945.946,PRY
2011,Paraguay,5.398,,,,,,,PRY2011,8.254,33756238766.5,5805.402,4.67,5.096,4.286,-0.678,13.083,15.562,9.367,32316546158.878,PRY
2024,Peru,5.947,1.323,1.364,0.551,0.71,0.05,0.021,PER2024,2.008,,,4.828,,,,,,,,PER
2023,Peru,5.841,1.371,1.18,0.662,0.615,0.078,0.029,PER2023,6.456,267603248655.253,7906.585,4.899,6.566,-0.55,0.829,,,,253422835356.13,PER
2022,Peru,5.526,1.39,1.153,0.499,0.549,0.073,0.027,PER2022,8.334,246488757636.211,7363.272,3.85,4.766,2.726,-3.953,,,,229767512928.334,PER
2021,Peru,5.559,1.397,0.865,0.735,0.545,0.09,0.037,PER2021,4.272,226354278280.885,6826.972,5.097,10.083,13.355,-2.065,22.844,20.675,15.923,208856003550.009,PER
2020,Peru,5.84,0.986,0.833,0.623,0.536,0.087,0.031,PER2020,2.002,201409694755.934,6133.326,7.179,3.719,-10.933,0.938,26.907,18.05,13.221,196052808902.926,PER
2019,Peru,5.797,0.919,1.208,0.824,0.513,0.092,0.027,PER2019,2.252,228346006003.648,7037.008,3.379,1.872,2.241,-0.623,20.662,19.529,14.525,220088217727.993,PER
2018,Peru,5.697,,,,,,,PER2018,1.509,222597009739.235,6978.491,3.492,2.277,3.969,-1.172,19.889,19.038,14.286,211617892395.279,PER
2017,Peru,5.663,,,,,,,PER2017,2.995,211007984080.911,6736.167,3.691,3.616,2.519,-0.858,20.15,17.823,13.174,201299928108.921,PER
2016,Peru,5.715,,,,,,,PER2016,3.557,191898104390.379,6217.036,3.741,3.081,3.953,-2.204,19.188,18.277,13.788,183940620942.667,PER
2015,Peru,5.743,,,,,,,PER2015,3.398,189802976285.619,6231.712,3.272,2.691,3.252,-4.608,20.568,19.68,14.92,183303872361.819,PER
2014,Peru,5.824,,,,,,,PER2014,3.412,200786250582.943,6667.134,3.208,2.432,2.382,-4.282,20.511,21.83,16.721,191695514405.553,PER
2012,Peru,5.776,,,,,,,PER2012,3.611,192650021648.583,6519.379,3.238,1.203,6.14,-2.791,17.918,21.513,16.547,180517336685.894,PER
2011,Peru,5.258,,,,,,,PER2011,3.369,171761737046.585,5861.358,3.477,6.746,6.327,-1.964,17.628,20.803,15.969,159083185069.533,PER
2024,Philippines,6.107,1.177,1.385,0.315,0.966,0.075,0.11,PHL2024,3.213,,,2.153,,,,,,,,PHL
2023,Philippines,6.048,1.232,1.146,0.441,0.826,0.099,0.136,PHL2023,5.978,437146372729.942,3804.873,2.222,4.596,5.546,-2.834,16.877,15.719,14.102,485154567168.652,PHL
2022,Philippines,5.523,1.238,1.108,0.286,0.714,0.104,0.141,PHL2022,5.821,404353369604.631,3548.069,2.598,5.489,7.581,-4.516,18.607,16.083,14.619,428113122133.855,PHL
2021,Philippines,5.904,1.268,0.912,0.514,0.678,0.107,0.142,PHL2021,3.927,394087359848.11,3484.386,3.398,2.282,5.715,-1.508,19.139,15.481,14.13,408104073652.169,PHL
2020,Philippines,5.88,0.853,0.828,0.426,0.651,0.125,0.126,PHL2020,2.393,361751145451.597,3227.579,2.522,1.65,-9.518,3.201,19.56,15.905,13.951,389165789740.532,PHL
2019,Philippines,6.006,0.775,1.245,0.602,0.622,0.129,0.13,PHL2019,2.392,376823402244.928,3400.789,2.237,0.697,6.119,-0.809,14.807,16.069,14.488,414552288030.862,PHL
2018,Philippines,5.631,,,,,,,PHL2018,5.309,346841896583.515,3168.51,2.338,3.741,6.341,-2.559,14.213,15.518,14.048,383816939950.168,PHL
2017,Philippines,5.524,,,,,,,PHL2017,2.853,328480736798.792,3038.121,2.552,2.32,6.931,-0.652,13.613,14.932,13.594,364718697508.835,PHL
2016,Philippines,5.43,,,,,,,PHL2016,1.254,318627003012.52,2985.196,2.695,1.28,7.149,-0.376,13.435,14.51,13.087,354012676979.657,PHL
2015,Philippines,5.279,,,,,,,PHL2015,0.674,306445871246.718,2909.858,3.068,-0.72,6.348,2.371,13.477,14.677,13.02,341466825828.893,PHL
2014,Philippines,5.073,,,,,,,PHL2014,3.598,297483555344.802,2866.838,3.6,3.053,6.348,3.616,12.822,14.435,13.016,331766346480.069,PHL
2012,Philippines,4.985,,,,,,,PHL2012,3.027,261920540972.102,2614.616,3.504,1.994,6.897,2.653,13.545,13.803,12.306,290823739749.145,PHL
2011,Philippines,4.825,,,,,,,PHL2011,4.718,234216730295.938,2383.919,3.592,3.919,3.858,2.409,13.521,13.398,11.849,259495340501.428,PHL
2024,Poland,6.673,1.666,1.595,0.63,0.79,0.021,0.169,POL2024,3.784,,,2.472,,,,,,,,POL
2023,Poland,6.442,1.738,1.417,0.639,0.6,0.081,0.175,POL2023,11.529,809200697797.088,22056.666,2.743,9.547,0.139,1.796,39.255,36.039,18.071,778230830221.408,POL
2022,Poland,6.26,1.767,1.474,0.477,0.511,0.12,0.139,POL2022,14.429,695607470875.276,18891.212,2.811,10.69,5.255,-2.275,36.063,33.809,17.123,668250895914.937,POL
2021,Poland,6.123,1.758,1.174,0.712,0.523,0.124,0.14,POL2021,5.055,689170230665.35,18635.51,3.268,5.34,6.927,-1.302,36.999,35.789,18.959,658886045351.756,POL
2020,Poland,6.166,1.309,0.982,0.668,0.558,0.08,0.13,POL2020,3.374,605914237903.742,15987.575,3.155,4.239,-2.036,2.398,40.522,34.708,17.291,583489675593.182,POL
2019,Poland,6.186,1.169,1.31,0.868,0.558,0.063,0.161,POL2019,2.227,602683770144.88,15874.522,3.267,3.026,4.58,-0.273,33.827,34.147,17.141,577797688425.851,POL
2018,Poland,6.182,,,,,,,POL2018,1.813,594616687350.017,15658.212,3.835,1.227,6.246,-1.966,33.059,34.1,17.185,569457737081.91,POL
2017,Poland,6.123,,,,,,,POL2017,2.076,528356676667.211,13913.34,4.867,1.77,5.152,-1.186,34.262,33.532,16.736,505864085381.071,POL
2016,Poland,5.973,,,,,,,POL2016,-0.665,473259583969.643,12464.011,6.141,0.083,3.031,-1.069,34.801,32.813,16.209,454775433601.938,POL
2015,Poland,5.835,,,,,,,POL2015,-0.874,480054118583.367,12637.522,7.475,1.321,4.432,-1.325,34.139,32.482,15.614,462002918158.907,POL
2014,Poland,5.791,,,,,,,POL2014,0.054,542134167178.627,14262.284,8.971,0.482,3.921,-2.973,35.075,32.29,15.627,521376161737.583,POL
2012,Poland,5.822,,,,,,,POL2012,3.56,498148649702.66,13087.421,10.031,2.183,1.512,-4.112,35.058,32.754,16.005,479188660855.595,POL
2011,Poland,5.803,,,,,,,POL2011,4.239,527848543023.469,13867.667,9.576,3.066,5.255,-5.111,34.836,32.537,16.67,509126016589.444,POL
2024,Portugal,6.013,1.646,1.56,0.822,0.879,0.04,0.034,PRT2024,2.416,,,6.384,,,,,,,,PRT
2023,Portugal,6.03,1.728,1.368,0.699,0.757,0.047,0.035,PRT2023,4.311,289114289663.542,27331.209,6.509,6.902,2.526,0.562,37.572,37.773,22.87,281752856063.905,PRT
2022,Portugal,5.968,1.758,1.356,0.537,0.693,0.031,0.037,PRT2022,7.833,256898675068.927,24620.52,6.011,5.327,6.986,-2.085,39.311,38.083,23.173,251691706536.851,PRT
2021,Portugal,6.016,1.76,1.078,0.777,0.655,0.016,0.039,PRT2021,1.266,256055879091.139,24711.451,6.577,2.02,5.559,-0.672,42.454,37.705,22.283,252978982539.953,PRT
2020,Portugal,5.929,1.323,0.939,0.76,0.621,0.029,0.033,PRT2020,-0.012,229618773422.577,22299.404,6.801,2.103,-8.205,-0.63,44.527,37.767,22.26,225467491361.699,PRT
2019,Portugal,5.911,1.169,1.34,0.979,0.59,0.053,0.028,PRT2019,0.338,240115970063.019,23343.363,6.464,1.834,2.746,0.766,38.669,37.454,22.447,233752871351.921,PRT
2018,Portugal,5.693,,,,,,,PRT2018,0.994,242092894542.888,23541.14,6.994,1.852,2.946,0.728,39.282,37.606,22.845,236395409034.201,PRT
2017,Portugal,5.41,,,,,,,PRT2017,1.369,220862990767.229,21442.384,8.869,1.532,3.315,1.564,41.669,37.299,22.636,216161830459.115,PRT
2016,Portugal,5.195,,,,,,,PRT2016,0.607,206305431241.638,19980.281,11.068,1.854,2.004,1.426,41.32,37.264,22.617,201411635475.272,PRT
2015,Portugal,5.123,,,,,,,PRT2015,0.488,199038523119.639,19215.781,12.447,1.962,1.59,0.508,44.004,37.966,23.078,194045468799.965,PRT
2014,Portugal,5.102,,,,,,,PRT2014,-0.278,230078616299.675,22120.685,13.897,0.724,0.741,0.315,47.561,38.394,22.875,225198395238.514,PRT
2012,Portugal,5.101,,,,,,,PRT2012,2.773,216536676771.973,20593.427,15.531,-0.376,-4.051,-1.527,44.363,36.4,21.011,211105801823.003,PRT
2011,Portugal,5.327,,,,,,,PRT2011,3.653,245426767676.002,23246.543,12.682,-0.26,-1.714,-6.119,44.476,36.45,21.36,241146265856.975,PRT
2015,Puerto Rico,7.039,,,,,,,PRI2015,,103375500000.0,29763.488,12.0,1.978,-1.049,,,,,69602000000.0,PRI
2011,Puerto Rico,6.593,,,,,,,PRI2011,,100351700000.0,27278.883,15.7,2.37,-0.359,,,,,65720700000.0,PRI
2018,Qatar,6.374,,,,,,,QAT2018,0.256,183334953818.681,71039.849,0.11,12.414,1.235,9.083,,,,179589624148.352,QAT
2017,Qatar,6.374,,,,,,,QAT2017,0.395,161099122225.275,63279.856,0.14,7.788,-1.498,3.989,,,,160679616730.769,QAT
2016,Qatar,6.375,,,,,,,QAT2016,2.677,151732181868.132,61253.638,0.15,-8.977,3.064,-5.45,,,,150622841208.791,QAT
2015,Qatar,6.375,,,,,,,QAT2015,1.814,161739955576.923,68985.295,0.17,-25.13,4.753,8.502,,,,158174570961.538,QAT
2014,Qatar,6.611,,,,,,,QAT2014,3.35,206224598571.429,95840.631,0.2,-1.483,5.334,23.959,,,,196924049120.879,QAT
2012,Qatar,6.666,,,,,,,QAT2012,2.315,186833502362.637,108470.379,0.48,6.33,4.73,33.185,,,,174708777087.912,QAT
2011,Qatar,6.569,,,,,,,QAT2011,1.138,167775268626.374,103261.507,0.56,18.27,13.375,31.068,,,,154504256813.187,QAT
2024,Republic of Korea,6.038,1.709,1.357,0.903,0.678,0.1,0.139,KOR2024,2.322,,,2.604,,,,,,,,KOR
2023,Republic of Korea,6.058,1.815,1.178,0.77,0.555,0.126,0.158,KOR2023,3.597,1712792854202.37,33121.371,2.675,2.064,1.357,1.916,30.505,29.46,15.724,1744702631805.69,KOR
2022,Republic of Korea,5.951,1.853,1.188,0.603,0.446,0.112,0.163,KOR2022,5.09,1673916511799.71,32394.683,2.857,1.276,2.613,1.543,33.643,32.004,18.445,1698504131878.33,KOR
2021,Republic of Korea,5.935,1.851,0.886,0.841,0.414,0.111,0.176,KOR2021,2.498,1818432106880.04,35125.522,3.639,2.763,4.305,4.687,30.491,29.934,16.735,1838899317165.23,KOR
2020,Republic of Korea,5.845,1.403,0.758,0.801,0.353,0.134,0.135,KOR2020,0.537,1644312831906.17,31721.299,3.931,1.564,-0.709,4.616,29.726,27.903,14.861,1658668665990.32,KOR
2019,Republic of Korea,5.872,1.245,1.134,1.023,0.259,0.17,0.095,KOR2019,0.383,1651422932447.77,31902.417,3.746,-0.839,2.244,3.614,27.512,27.88,15.2,1665675897739.53,KOR
2018,Republic of Korea,5.895,,,,,,,KOR2018,1.476,1725373496825.43,33447.156,3.824,0.483,2.907,4.49,24.918,27.449,15.536,1732322374323.88,KOR
2017,Republic of Korea,5.875,,,,,,,KOR2017,1.944,1623074183501.9,31600.736,3.653,2.223,3.16,4.635,23.963,26.185,14.494,1629690182358.85,KOR
2016,Republic of Korea,5.838,,,,,,,KOR2016,0.972,1499679823909.61,29280.44,3.65,1.986,2.947,6.53,23.505,25.757,13.982,1505162317173.77,KOR
2015,Republic of Korea,5.835,,,,,,,KOR2015,0.706,1466038936206.43,28737.439,3.546,3.186,2.809,7.17,23.489,24.814,13.158,1470624628355.3,KOR
2014,Republic of Korea,5.984,,,,,,,KOR2014,1.275,1484488526271.8,29252.931,3.082,0.907,3.202,5.593,23.619,24.988,13.241,1491673283689.83,KOR
2012,Republic of Korea,6.267,,,,,,,KOR2012,2.187,1278046536287.01,25459.169,2.812,1.252,2.403,3.818,24.633,26.652,14.078,1291410762822.05,KOR
2011,Republic of Korea,5.643,,,,,,,KOR2011,4.026,1253289537500.81,25097.595,2.992,1.282,3.686,1.328,18.136,20.692,13.851,1261047470780.75,KOR
2024,Republic of Moldova,5.819,1.332,1.43,0.414,0.83,0.054,0.037,MDA2024,4.678,,,1.434,,,,,,,,MDA
2023,Republic of Moldova,5.816,1.385,1.277,0.542,0.695,0.077,0.044,MDA2023,13.417,16539436547.295,6729.413,1.555,8.708,0.783,-11.447,34.832,29.708,18.779,16806186549.415,MDA
2022,Republic of Moldova,5.819,1.425,1.302,0.375,0.61,0.093,0.02,MDA2022,28.737,14510490660.252,5738.425,0.897,19.253,-5.015,-17.107,32.278,29.344,18.94,14570210660.95,MDA
2021,Republic of Moldova,5.857,1.417,1.008,0.597,0.561,0.102,0.028,MDA2021,5.106,13691869264.079,5274.606,0.785,6.382,13.93,-12.41,29.955,28.631,18.388,13958389264.174,MDA
2020,Republic of Moldova,5.766,0.985,0.888,0.542,0.536,0.137,0.013,MDA2020,3.766,11530746234.449,4375.779,1.186,5.575,-8.276,-7.69,32.722,28.731,17.91,11920936240.3,MDA
2019,Republic of Moldova,5.608,0.708,1.237,0.713,0.39,0.174,0.014,MDA2019,4.838,11736797054.696,4405.334,1.466,5.352,3.552,-9.421,28.272,27.644,17.656,12351757049.22,MDA
2018,Republic of Moldova,5.529,,,,,,,MDA2018,3.045,11252353420.88,4156.45,1.196,3.211,4.076,-10.77,27.784,28.213,18.014,11788143412.483,MDA
2017,Republic of Moldova,5.64,,,,,,,MDA2017,6.57,9514404016.209,3453.267,1.586,6.252,4.176,-5.837,27.241,27.546,17.727,10070244015.431,MDA
2016,Republic of Moldova,5.838,,,,,,,MDA2016,6.359,7980917075.775,2847.088,1.557,3.551,4.646,-3.614,26.675,25.714,16.43,8426887067.084,MDA
2015,Republic of Moldova,5.897,,,,,,,MDA2015,9.676,7797667196.731,2749.551,1.742,11.574,-0.338,-5.936,28.33,26.193,16.291,8247147199.76,MDA
2014,Republic of Moldova,5.889,,,,,,,MDA2014,5.089,9402090137.742,3289.958,1.425,5.143,5.0,-6.044,29.367,26.25,16.829,10224420143.592,MDA
2012,Republic of Moldova,5.791,,,,,,,MDA2012,4.546,8709138634.829,3044.808,2.151,7.424,-0.59,-7.39,27.854,26.127,15.595,9519279677.548,MDA
2011,Republic of Moldova,5.305,,,,,,,MDA2011,7.687,8414352020.494,2941.362,2.648,8.191,5.818,-10.125,27.36,25.606,15.24,8991792743.469,MDA
2024,Romania,6.563,1.636,1.401,0.561,0.847,0.028,0.015,ROU2024,-4.519,,,5.379,,,,,,,,ROU
2023,Romania,6.491,1.699,1.236,0.583,0.717,0.041,0.006,ROU2023,10.397,350775856415.189,18404.273,5.589,12.77,2.404,-6.973,,,,341406887173.994,ROU
2022,Romania,6.589,1.726,1.28,0.423,0.631,0.044,0.0,ROU2022,13.795,296354358293.475,15557.883,5.614,12.092,3.965,-9.221,37.173,31.611,16.158,287401142589.008,ROU
2021,Romania,6.477,1.719,1.006,0.655,0.605,0.039,0.006,ROU2021,5.052,286578196368.297,14986.785,5.59,5.61,5.546,-7.176,37.0,30.212,14.924,280850525992.947,ROU
2020,Romania,6.14,1.275,0.832,0.595,0.564,0.045,0.001,ROU2020,2.631,252033792712.145,13082.301,5.035,4.111,-3.674,-5.112,38.003,30.001,14.147,248241836530.323,ROU
2019,Romania,6.124,1.12,1.194,0.792,0.535,0.068,0.001,ROU2019,3.828,251677082534.495,12992.033,3.912,6.947,3.923,-4.839,33.603,29.677,14.522,248106362712.884,ROU
2018,Romania,6.07,,,,,,,ROU2018,4.625,243468683030.34,12502.262,4.187,6.187,6.121,-4.576,32.52,29.729,14.374,239021337055.325,ROU
2017,Romania,5.945,,,,,,,ROU2017,1.339,210147385855.419,10727.982,4.927,4.651,8.195,-3.194,31.597,29.03,15.587,207139929998.628,ROU
2016,Romania,5.825,,,,,,,ROU2016,-1.545,185290759248.844,9404.54,5.901,2.62,2.86,-2.103,32.225,30.145,17.112,182793770174.934,ROU
2015,Romania,5.528,,,,,,,ROU2015,-0.594,177885131240.315,8977.017,6.812,3.265,3.157,-0.637,33.014,32.848,18.918,176016433717.531,ROU
2014,Romania,5.124,,,,,,,ROU2014,1.068,199722319675.741,10031.771,6.802,1.714,4.116,-0.341,32.442,31.719,17.939,198781424858.361,ROU
2012,Romania,5.033,,,,,,,ROU2012,3.335,179117323107.087,8929.954,6.794,3.81,1.904,-4.578,32.3,29.976,17.159,176155821463.583,ROU
2011,Romania,5.178,,,,,,,ROU2011,5.789,192623977894.173,9560.676,7.177,3.983,4.496,-4.816,33.655,29.897,17.215,190288593351.457,ROU
2024,Russian Federation,5.945,1.63,1.549,0.47,0.702,0.095,0.125,RUS2024,,,,2.527,,,,,,,,RUS
2023,Russian Federation,5.785,1.642,1.351,0.531,0.551,0.138,0.121,RUS2023,,2021421476035.42,13817.046,3.076,7.074,3.6,2.48,30.338,29.445,12.372,1994504886035.41,RUS
2022,Russian Federation,5.661,1.68,1.383,0.366,0.449,0.12,0.091,RUS2022,,2266029240645.34,15445.242,3.867,16.715,-2.07,10.491,31.753,27.308,10.97,2219007320645.76,RUS
2021,Russian Federation,5.459,1.685,1.095,0.586,0.401,0.117,0.08,RUS2021,6.694,1843392293734.38,12521.522,4.749,19.412,5.614,6.778,30.546,26.371,11.606,1800376274532.51,RUS
2020,Russian Federation,5.477,1.241,0.992,0.511,0.409,0.115,0.06,RUS2020,3.382,1493075894362.14,10108.327,5.62,0.898,-2.654,2.369,35.3,27.677,10.799,1458071184362.37,RUS
2019,Russian Federation,5.546,1.127,1.379,0.68,0.399,0.099,0.046,RUS2019,4.47,1693115002708.32,11447.701,4.513,3.263,2.198,3.876,29.614,27.48,10.938,1639594452707.88,RUS
2018,Russian Federation,5.648,,,,,,,RUS2018,2.878,1657328773461.31,11211.888,4.871,9.998,2.807,6.98,28.944,27.516,11.469,1616936904758.28,RUS
2017,Russian Federation,5.81,,,,,,,RUS2017,3.683,1574199360089.0,10658.913,5.238,5.35,1.826,2.044,30.71,24.485,10.288,1532146060813.91,RUS
2016,Russian Federation,5.963,,,,,,,RUS2016,7.042,1276786350881.14,8663.158,5.591,2.844,0.194,1.916,31.028,24.268,9.183,1241289768349.06,RUS
2015,Russian Federation,5.856,,,,,,,RUS2015,15.534,1363482182197.71,9277.714,5.615,7.25,-1.973,4.971,30.648,24.472,10.642,1325733351220.47,RUS
2014,Russian Federation,5.716,,,,,,,RUS2014,7.823,2059241589895.01,14055.473,5.212,7.49,0.736,2.793,26.462,27.152,13.255,1991279402292.03,RUS
2012,Russian Federation,5.464,,,,,,,RUS2012,5.075,2208293553878.42,15401.852,5.484,8.908,4.024,3.228,24.196,27.238,13.755,2140632821885.44,RUS
2011,Russian Federation,5.284,,,,,,,RUS2011,8.44,2045922753398.04,14305.332,6.571,24.46,4.3,4.755,23.35,29.148,13.954,1985523437666.18,RUS
2021,Rwanda,3.268,0.785,0.133,0.462,0.621,0.187,0.544,RWA2021,-0.391,11069280649.646,828.833,15.775,2.858,10.858,-10.924,20.306,21.451,14.476,10843185964.584,RWA
2020,Rwanda,3.415,0.364,0.202,0.407,0.627,0.227,0.493,RWA2020,9.85,10174387374.348,778.702,11.829,6.712,-3.374,-12.065,21.53,21.382,15.074,9937664507.812,RWA
2019,Rwanda,3.312,0.343,0.523,0.572,0.604,0.236,0.486,RWA2019,3.348,10349300380.33,810.051,11.236,2.471,9.447,-11.893,19.346,20.741,14.605,10001278819.882,RWA
2018,Rwanda,3.334,,,,,,,RWA2018,-0.311,9637904655.174,771.774,10.759,-0.603,8.516,-10.114,18.686,20.423,14.25,9290176578.871,RWA
2017,Rwanda,3.408,,,,,,,RWA2017,8.28,9252834336.495,758.301,11.875,8.163,3.918,-9.46,18.673,19.793,13.451,8961396887.972,RWA
2016,Rwanda,3.471,,,,,,,RWA2016,7.174,8695272300.91,729.519,11.801,5.03,5.971,-15.305,18.46,20.024,14.416,8456915984.282,RWA
2015,Rwanda,3.515,,,,,,,RWA2015,2.529,8543759677.582,733.999,11.838,0.486,8.857,-12.684,16.933,18.943,13.294,8381415487.965,RWA
2014,Rwanda,3.465,,,,,,,RWA2014,2.354,8238966063.867,724.958,11.844,4.732,6.167,-11.344,17.418,18.252,12.948,8050147969.236,RWA
2012,Rwanda,3.715,,,,,,,RWA2012,10.271,7654761573.55,706.817,11.701,4.723,8.642,-9.68,,,,7552066586.401,RWA
2011,Rwanda,4.204,,,,,,,RWA2011,3.08,6884913658.106,651.134,11.775,7.191,7.958,-6.928,,,,6827682931.802,RWA
2024,Saudi Arabia,6.6,1.743,1.566,0.714,0.915,0.105,0.187,SAU2024,1.688,,,3.896,,,,,,,,SAU
2023,Saudi Arabia,6.594,1.842,1.361,0.511,0.787,0.114,0.188,SAU2023,2.327,1067582933333.33,32093.962,4.008,-2.965,-0.755,3.291,27.645,30.281,8.908,1073418445360.0,SAU
2022,Saudi Arabia,6.463,1.861,1.37,0.351,0.682,0.093,0.17,SAU2022,2.474,1108571466666.67,34454.196,5.589,17.984,7.486,13.563,24.556,30.506,7.772,1118179993493.33,SAU
2021,Saudi Arabia,6.523,1.87,1.092,0.577,0.651,0.078,0.18,SAU2021,3.063,874156000000.0,28396.086,6.621,13.301,5.075,4.637,28.117,29.453,9.673,887051480960.0,SAU
2020,Saudi Arabia,6.494,1.435,0.964,0.571,0.603,0.09,0.163,SAU2020,3.445,734271200000.0,23271.404,7.66,-9.185,-3.582,-3.479,33.435,28.394,8.237,745486551306.667,SAU
2019,Saudi Arabia,6.406,1.334,1.31,0.76,0.548,0.087,0.163,SAU2019,-2.093,838564800000.0,27892.842,5.636,-2.023,1.098,4.585,28.313,29.483,6.998,846719422506.667,SAU
2018,Saudi Arabia,6.375,,,,,,,SAU2018,2.458,846583733333.333,28036.026,6.029,14.734,3.199,8.618,28.061,28.533,8.292,854758208400.0,SAU
2017,Saudi Arabia,6.371,,,,,,,SAU2017,-0.838,714994666666.667,23081.205,5.89,6.387,0.911,1.696,26.936,25.791,3.26,726876989173.333,SAU
2016,Saudi Arabia,6.344,,,,,,,SAU2016,2.069,666000000000.0,21515.66,5.6,-2.36,1.884,-3.672,27.882,20.799,3.283,681352861413.333,SAU
2015,Saudi Arabia,6.379,,,,,,,SAU2015,1.206,669484266666.667,22453.572,5.6,-16.437,4.509,-7.863,31.506,24.405,3.259,690847754533.333,SAU
2014,Saudi Arabia,6.411,,,,,,,SAU2014,2.236,766605866666.667,27079.673,5.877,-2.043,3.811,10.47,28.564,36.182,2.734,789633446080.0,SAU
2012,Saudi Arabia,6.48,,,,,,,SAU2012,2.866,741849866666.667,28348.573,5.622,4.012,5.409,23.41,25.641,44.808,2.518,761738805173.333,SAU
2011,Saudi Arabia,6.597,,,,,,,SAU2011,5.826,676634666666.667,26966.294,5.77,15.412,10.994,24.384,23.012,44.043,2.313,692763354533.333,SAU
2024,Senegal,4.856,0.907,0.977,0.433,0.767,0.129,0.09,SEN2024,,,,2.992,,,,,,,,SEN
2023,Senegal,4.969,0.927,0.751,0.392,0.607,0.152,0.069,SEN2023,5.939,30848333083.706,1706.442,2.8,3.852,4.584,-19.683,23.447,24.055,19.441,29815310912.719,SEN
2022,Senegal,4.855,0.943,0.727,0.231,0.519,0.142,0.06,SEN2022,9.697,27619479059.613,1564.745,2.837,8.728,3.826,-20.067,23.26,22.281,18.703,26730995883.942,SEN
2021,Senegal,5.046,0.933,0.53,0.447,0.494,0.143,0.081,SEN2021,2.18,27520784129.751,1598.107,3.44,1.447,6.544,-12.09,19.589,20.814,17.55,26818952801.845,SEN
2020,Senegal,5.132,0.518,0.558,0.357,0.381,0.158,0.088,SEN2020,2.543,24530513037.752,1461.087,3.437,1.603,1.342,-10.853,20.946,20.23,17.449,24122233479.252,SEN
2019,Senegal,4.981,0.504,0.955,0.518,0.352,0.164,0.082,SEN2019,1.76,23403995992.135,1431.181,2.863,2.086,4.614,-8.109,21.233,21.21,18.419,22793623628.474,SEN
2018,Senegal,4.681,,,,,,,SEN2018,0.461,23116701556.138,1452.556,3.455,-0.84,6.209,-9.583,19.847,19.772,16.378,22515158389.218,SEN
2017,Senegal,4.631,,,,,,,SEN2017,1.318,20996562943.598,1356.805,4.078,0.599,7.407,-7.269,19.788,21.341,15.906,20409580182.44,SEN
2016,Senegal,4.535,,,,,,,SEN2016,0.837,19040312333.186,1266.44,4.455,0.956,6.356,-4.179,18.31,20.819,16.371,18541862786.771,SEN
2015,Senegal,4.219,,,,,,,SEN2015,0.135,17774766696.176,1218.006,6.757,1.07,6.367,-5.316,18.299,19.198,15.774,17312461398.556,SEN
2014,Senegal,3.904,,,,,,,SEN2014,-1.09,19797253440.268,1398.891,5.841,-1.516,6.224,-6.803,,,,19408861677.051,SEN
2012,Senegal,3.959,,,,,,,SEN2012,1.418,17660870411.524,1326.838,3.888,3.274,4.003,-8.652,,,,17359552048.495,SEN
2011,Senegal,4.414,,,,,,,SEN2011,3.403,17814283639.312,1374.676,2.853,3.857,1.334,-6.445,,,,17532438785.721,SEN
2024,Serbia,6.606,1.489,1.62,0.545,0.767,0.131,0.107,SRB2024,4.671,,,7.39,,,,,,,,SRB
2023,Serbia,6.411,1.538,1.391,0.585,0.663,0.2,0.101,SRB2023,12.372,81342660752.373,12281.506,8.268,13.84,3.847,-2.394,,,,77124644204.408,SRB
2022,Serbia,6.144,1.552,1.343,0.424,0.617,0.246,0.081,SRB2022,11.982,66797564758.339,10022.969,8.439,10.516,2.631,-6.672,35.469,38.657,23.897,63640695711.636,SRB
2021,Serbia,6.178,1.55,1.086,0.658,0.546,0.219,0.088,SRB2021,4.085,66159884072.531,9680.528,9.843,5.684,7.949,-4.012,37.698,34.562,19.661,63725727979.921,SRB
2020,Serbia,6.078,1.101,0.924,0.634,0.482,0.189,0.066,SRB2020,1.576,55874017668.998,8098.71,9.011,2.649,-0.95,-3.896,42.538,39.43,22.43,54250382218.318,SRB
2019,Serbia,5.778,0.988,1.327,0.828,0.395,0.15,0.059,SRB2019,1.849,53864693664.557,7755.633,10.395,2.348,4.75,-6.563,35.743,39.291,23.0,51089361866.014,SRB
2018,Serbia,5.603,,,,,,,SRB2018,1.96,52787520248.924,7559.862,12.733,2.0,4.649,-4.658,35.192,38.641,22.638,50210951337.945,SRB
2017,Serbia,5.398,,,,,,,SRB2017,3.131,45972834713.808,6548.037,13.477,2.997,2.363,-5.052,36.141,39.018,23.129,43120235148.204,SRB
2016,Serbia,5.395,,,,,,,SRB2016,1.122,42225495909.563,5982.37,15.257,1.544,2.975,-2.818,37.791,38.325,22.444,39988171446.519,SRB
2015,Serbia,5.177,,,,,,,SRB2015,1.392,41297410634.959,5820.322,17.66,2.169,1.296,-3.318,39.053,37.458,21.467,39457763395.71,SRB
2014,Serbia,5.123,,,,,,,SRB2014,2.082,49114321280.347,6886.678,19.223,2.909,-1.804,-5.364,40.911,37.323,21.052,47332816794.213,SRB
2012,Serbia,4.813,,,,,,,SRB2012,7.33,45103269969.411,6263.041,24.0,6.044,-0.444,-10.479,35.426,31.538,17.815,43688184212.71,SRB
2011,Serbia,4.564,,,,,,,SRB2011,11.137,51251098408.092,7082.286,22.959,11.002,0.054,-9.928,34.083,31.722,18.314,49347436352.331,SRB
2024,Sierra Leone,2.998,0.786,0.692,0.327,0.613,0.138,0.052,SLE2024,28.634,,,3.126,,,,,,,,SLE
2023,Sierra Leone,3.245,0.654,0.566,0.253,0.469,0.181,0.053,SLE2023,47.643,6411869546.289,757.858,3.153,29.216,5.71,-9.457,,,,6357900250.53,SLE
2022,Sierra Leone,3.138,0.67,0.54,0.092,0.371,0.193,0.051,SLE2022,27.208,7119137321.901,860.131,3.175,26.952,5.314,-6.35,,,,7052172099.96,SLE
2021,Sierra Leone,3.574,0.686,0.416,0.273,0.387,0.202,0.055,SLE2021,11.874,7165214367.65,885.184,3.556,7.433,5.897,-7.297,,,,7095115114.099,SLE
2020,Sierra Leone,3.849,0.279,0.377,0.1,0.408,0.243,0.047,SLE2020,13.447,6688594757.621,845.314,3.508,13.277,-1.253,-5.837,,,,6661953410.234,SLE
2019,Sierra Leone,3.926,0.241,0.748,0.204,0.382,0.258,0.048,SLE2019,14.805,6523577590.383,843.713,3.203,9.916,5.503,-7.788,,,,6453832475.363,SLE
2018,Sierra Leone,4.374,,,,,,,SLE2018,16.03,6390514688.528,845.915,3.192,14.011,3.473,-9.255,,,,6321721809.585,SLE
2017,Sierra Leone,4.571,,,,,,,SLE2017,18.222,5818480351.637,788.487,3.834,8.956,3.754,-11.68,,,,5718813430.742,SLE
2016,Sierra Leone,4.709,,,,,,,SLE2016,10.886,6042615859.611,838.632,4.294,5.852,6.347,-4.863,,,,5946667599.373,SLE
2015,Sierra Leone,4.635,,,,,,,SLE2015,6.689,6651626733.649,945.148,4.606,19.64,-20.491,-15.08,,,,6651514105.595,SLE
2014,Sierra Leone,4.507,,,,,,,SLE2014,4.639,7845456215.278,1140.927,4.678,1.795,4.559,-6.026,,,,7845075238.31,SLE
2012,Sierra Leone,4.318,,,,,,,SLE2012,6.588,5927684219.153,904.841,4.552,12.041,15.202,-20.416,,,,5927502383.727,SLE
2011,Sierra Leone,3.586,,,,,,,SLE2011,6.791,4587078913.133,718.162,4.54,17.295,6.01,-41.715,,,,4586860848.136,SLE
2024,Singapore,6.565,2.022,1.565,0.935,0.856,0.164,0.522,SGP2024,2.366,,,3.182,,,,,,,,SGP
2023,Singapore,6.523,2.118,1.361,0.769,0.743,0.168,0.575,SGP2023,4.821,501427500080.059,84734.256,3.444,-3.069,1.075,17.83,17.442,18.36,14.006,420675068720.039,SGP
2022,Singapore,6.587,2.168,1.354,0.607,0.66,0.17,0.561,SGP2022,6.121,498474540987.78,88428.702,3.591,13.478,3.838,18.812,15.136,16.221,12.033,402947122111.431,SGP
2021,Singapore,6.48,2.149,1.127,0.851,0.672,0.163,0.587,SGP2021,2.305,434111559282.849,79601.413,4.64,10.264,9.691,19.911,16.376,17.229,12.813,369181671818.698,SGP
2020,Singapore,6.377,1.695,1.019,0.897,0.664,0.176,0.547,SGP2020,-0.182,349488382610.662,61466.804,4.1,-2.439,-3.87,17.485,25.722,18.052,12.732,301827008237.772,SGP
2019,Singapore,6.377,1.52,1.395,1.138,0.635,0.219,0.533,SGP2019,0.565,376901649222.451,66081.72,3.1,-0.204,1.345,15.354,14.143,20.901,13.152,333217559842.775,SGP
2018,Singapore,6.262,,,,,,,SGP2018,0.439,376892697588.005,66840.637,3.613,3.604,3.517,15.702,14.691,18.189,13.013,330780032057.128,SGP
2017,Singapore,6.343,,,,,,,SGP2017,0.576,343257164581.712,61162.097,4.2,2.894,4.513,18.626,14.305,20.189,13.99,319463982475.515,SGP
2016,Singapore,6.572,,,,,,,SGP2016,-0.532,319053943915.005,56899.918,4.08,0.49,3.589,18.039,14.443,18.466,13.309,299704968202.289,SGP
2015,Singapore,6.739,,,,,,,SGP2015,-0.523,307998545269.398,55645.607,3.79,3.072,2.977,18.693,15.926,17.997,13.14,286982925099.558,SGP
2014,Singapore,6.798,,,,,,,SGP2014,1.025,314863580758.455,57564.802,3.74,-0.267,3.936,17.95,13.151,18.021,13.557,303910658616.471,SGP
2012,Singapore,6.546,,,,,,,SGP2012,4.576,295092888076.589,55547.555,3.72,0.495,4.435,17.643,12.384,17.477,13.581,281970766822.76,SGP
2011,Singapore,6.549,,,,,,,SGP2011,5.248,279356499090.458,53891.457,3.89,1.171,6.215,22.218,12.773,17.021,13.106,269757413084.683,SGP
2024,Slovakia,6.221,1.629,1.762,0.547,0.704,0.058,0.07,SVK2024,2.758,,,5.234,,,,,,,,SVK
2023,Slovakia,6.257,1.706,1.54,0.638,0.566,0.096,0.058,SVK2023,10.532,132908336234.295,24491.377,5.84,10.136,1.378,-1.678,,,,129363521385.089,SVK
2022,Slovakia,6.469,1.731,1.544,0.472,0.494,0.128,0.022,SVK2022,12.774,115928615553.286,21342.767,6.143,7.489,0.45,-9.598,39.728,37.853,19.44,113663598494.847,SVK
2021,Slovakia,6.391,1.736,1.232,0.707,0.479,0.118,0.025,SVK2021,3.15,120592216208.386,22138.195,6.894,2.244,5.727,-4.79,42.367,37.365,18.963,115128905716.297,SVK
2020,Slovakia,6.331,1.304,1.066,0.653,0.468,0.107,0.018,SVK2020,1.937,107732602896.441,19735.486,6.719,2.408,-2.586,-0.437,42.11,36.824,18.464,105812952730.797,SVK
2019,Slovakia,6.281,1.195,1.424,0.853,0.424,0.117,0.011,SVK2019,2.665,105843498304.094,19406.059,5.761,2.401,2.276,-3.513,38.098,37.027,18.76,103173702727.27,SVK
2018,Slovakia,6.198,,,,,,,SVK2018,2.514,106611673364.837,19573.372,6.544,2.109,4.062,-1.593,37.129,36.253,18.464,104466604126.592,SVK
2017,Slovakia,6.173,,,,,,,SVK2017,1.312,95978130734.977,17645.53,8.142,1.182,2.875,-1.718,37.039,36.086,18.502,93926182364.76,SVK
2016,Slovakia,6.098,,,,,,,SVK2016,-0.52,90347173228.636,16636.077,9.679,-0.391,1.948,-1.417,40.319,37.768,18.013,87583418794.887,SVK
2015,Slovakia,6.078,,,,,,,SVK2015,-0.325,89178548717.332,16442.076,11.492,-0.186,5.177,-2.051,40.678,40.501,18.052,86733263300.836,SVK
2014,Slovakia,5.995,,,,,,,SVK2014,-0.076,101713075598.862,18770.929,11.536,-0.133,2.708,1.776,40.05,37.903,17.388,100294158379.669,SVK
2012,Slovakia,5.969,,,,,,,SVK2012,3.606,94724394278.052,17516.969,13.966,1.339,1.569,0.939,39.133,34.492,15.5,93046097962.178,SVK
2011,Slovakia,5.657,,,,,,,SVK2011,3.919,99705104723.434,18469.435,13.634,1.62,2.562,-4.924,39.06,34.93,16.004,96477145180.409,SVK
2024,Slovenia,6.792,1.692,1.718,0.802,0.961,0.121,0.113,SVN2024,1.966,,,3.357,,,,,,,,SVN
2023,Slovenia,6.743,1.786,1.502,0.695,0.789,0.157,0.131,SVN2023,7.447,69148468417.321,32610.111,3.652,10.05,2.113,4.472,42.941,41.764,20.346,68204657444.175,SVN
2022,Slovenia,6.65,1.815,1.539,0.532,0.707,0.144,0.113,SVN2022,8.834,59927702746.284,28373.838,4.011,6.517,2.699,-1.03,43.533,42.324,21.021,58905498955.812,SVN
2021,Slovenia,6.63,1.81,1.249,0.769,0.685,0.118,0.115,SVN2021,1.917,61529280461.092,29187.369,4.744,2.69,8.39,3.368,46.617,43.153,21.613,61087662970.414,SVN
2020,Slovenia,6.461,1.36,1.093,0.722,0.69,0.122,0.085,SVN2020,-0.055,53384760135.158,25392.065,4.971,1.19,-4.085,7.674,49.108,42.106,20.489,53456563151.351,SVN
2019,Slovenia,6.363,1.209,1.465,0.933,0.647,0.146,0.077,SVN2019,1.631,53909922735.545,25814.169,4.446,2.339,3.505,6.453,40.79,42.248,21.699,53555776974.368,SVN
2018,Slovenia,6.118,,,,,,,SVN2018,1.739,53689067639.918,25888.048,5.108,2.181,4.379,6.521,41.145,42.699,22.033,53372127792.394,SVN
2017,Slovenia,5.948,,,,,,,SVN2017,1.429,48153200134.661,23303.078,6.564,1.288,5.174,6.821,42.298,42.396,21.905,47713353120.197,SVN
2016,Slovenia,5.758,,,,,,,SVN2016,-0.055,44290685824.068,21447.838,8.0,0.885,3.034,5.292,44.675,42.693,22.163,43632048585.544,SVN
2015,Slovenia,5.768,,,,,,,SVN2015,-0.526,42709468274.814,20697.275,8.962,0.867,2.393,4.118,46.722,44.439,22.122,41777966741.873,SVN
2014,Slovenia,5.848,,,,,,,SVN2014,0.199,49514466379.606,24013.068,9.668,0.632,2.763,5.328,47.534,43.724,22.034,49538339538.7,SVN
2012,Slovenia,6.06,,,,,,,SVN2012,2.597,46167053954.337,22442.142,8.841,0.627,-2.916,1.403,47.49,43.441,21.702,45851550969.762,SVN
2011,Slovenia,5.922,,,,,,,SVN2011,1.803,51199194599.309,24940.628,8.166,1.365,0.655,-0.772,48.809,42.472,21.695,50883600760.681,SVN
2024,Somalia,4.347,0.535,0.877,0.046,0.916,0.206,0.192,SOM2024,,,,18.861,,,,,,,,SOM
2018,Somalia,4.668,,,,,,,SOM2018,,7873440838.366,509.526,18.738,4.975,2.054,,0.0,0.0,0.0,7839349638.496,SOM
2017,Somalia,4.982,,,,,,,SOM2017,,7621501720.0,510.94,18.523,0.598,14.736,,0.0,0.0,0.0,7588940646.518,SOM
2016,Somalia,5.151,,,,,,,SOM2016,,6613743089.999,460.928,18.578,4.082,7.035,,,,,6583423311.613,SOM
2015,Somalia,5.44,,,,,,,SOM2015,,6152149080.002,445.583,18.597,6.949,10.462,,,,,6122909830.002,SOM
2024,South Africa,5.213,1.283,1.465,0.142,0.676,0.064,0.043,ZAF2024,4.361,,,33.168,,,,,,,,ZAF
2023,South Africa,5.422,1.389,1.369,0.322,0.537,0.078,0.034,ZAF2023,6.075,380699271814.508,6022.543,32.098,4.804,0.698,-1.614,,,,375533190780.566,ZAF
2022,South Africa,5.275,1.417,1.428,0.149,0.464,0.09,0.019,ZAF2022,7.04,406920004594.074,6523.411,33.268,4.992,1.911,-0.462,33.48,30.273,26.005,398453691164.869,ZAF
2021,South Africa,5.194,1.425,1.088,0.361,0.442,0.089,0.046,ZAF2021,4.619,420886877628.703,6843.399,34.007,6.539,4.955,3.73,34.531,30.065,25.895,412864533620.666,ZAF
2020,South Africa,4.956,0.967,0.895,0.265,0.447,0.144,0.051,ZAF2020,3.232,337974655408.055,5580.604,29.217,5.391,-6.169,2.004,37.835,27.814,23.265,332348812405.049,ZAF
2019,South Africa,4.814,0.902,1.259,0.407,0.435,0.126,0.06,ZAF2019,4.103,389330032224.269,6533.711,28.468,4.614,0.26,-2.62,34.653,28.898,24.867,379611912078.734,ZAF
2018,South Africa,4.722,,,,,,,ZAF2018,4.51,405260723892.517,6914.178,26.906,3.993,1.557,-3.001,33.995,28.364,24.895,393942734756.111,ZAF
2017,South Africa,4.724,,,,,,,ZAF2017,5.186,381448814653.456,6618.335,27.035,5.473,1.158,-2.374,33.252,28.913,24.769,370872987853.886,ZAF
2016,South Africa,4.829,,,,,,,ZAF2016,6.603,323585509674.481,5651.206,26.536,6.952,0.665,-2.634,32.19,29.041,24.828,315294109648.646,ZAF
2015,South Africa,4.459,,,,,,,ZAF2015,4.519,346709790458.563,6112.274,25.149,5.546,1.322,-4.31,33.68,29.647,25.049,338766618711.13,ZAF
2014,South Africa,4.642,,,,,,,ZAF2014,6.133,381198869776.106,6856.731,24.89,5.367,1.414,-4.812,31.905,28.873,24.432,371745234720.224,ZAF
2012,South Africa,4.963,,,,,,,ZAF2012,5.738,434400545085.811,8076.977,24.727,4.685,2.396,-4.684,30.365,26.523,23.346,423516734077.151,ZAF
2011,South Africa,5.101,,,,,,,ZAF2011,5.001,458199494830.834,8646.056,24.639,5.539,3.169,-2.02,31.062,25.974,22.875,447479678691.973,ZAF
2019,South Sudan,2.817,0.289,0.553,0.209,0.066,0.21,0.111,SSD2019,87.241,,,12.709,,,-4.157,,,,,SSD
2018,South Sudan,2.853,,,,,,,SSD2018,83.502,,,12.952,,,-9.038,,,,,SSD
2017,South Sudan,3.254,,,,,,,SSD2017,187.852,,,13.111,,,8.307,,,,,SSD
2016,South Sudan,3.591,,,,,,,SSD2016,380.0,,,12.955,,,-5.767,,,,,SSD
2015,South Sudan,3.832,,,,,,,SSD2015,52.766,11997800760.224,1080.147,12.485,17.689,-10.793,-4.169,,,,10522802563.676,SSD
2024,Spain,6.466,1.69,1.685,0.894,0.734,0.112,0.18,ESP2024,2.774,,,11.394,,,,,,,,ESP
2023,Spain,6.421,1.766,1.471,0.729,0.619,0.119,0.177,ESP2023,3.532,1620090734956.89,33509.013,12.179,6.235,2.676,2.655,34.031,29.635,14.993,1606770094001.98,ESP
2022,Spain,6.436,1.798,1.491,0.567,0.533,0.101,0.157,ESP2022,8.391,1446498147749.03,30287.366,12.917,4.712,6.179,0.31,35.395,29.791,15.496,1424534712303.51,ESP
2021,Spain,6.476,1.808,1.211,0.808,0.505,0.101,0.149,ESP2021,3.093,1461244901852.69,30817.683,14.781,2.556,6.683,0.765,38.362,30.122,14.878,1456884138329.43,ESP
2020,Spain,6.491,1.375,1.057,0.826,0.462,0.135,0.124,ESP2020,-0.323,1289783836971.21,27230.36,15.532,1.134,-10.94,0.819,40.369,29.223,13.446,1281402401923.74,ESP
2019,Spain,6.401,1.231,1.421,1.051,0.426,0.165,0.11,ESP2019,0.7,1403496387686.27,29776.201,14.104,1.429,1.961,2.12,32.115,27.84,13.658,1396786257474.51,ESP
2018,Spain,6.354,,,,,,,ESP2018,1.675,1431642809327.06,30592.126,15.255,1.187,2.395,1.861,31.726,27.753,14.125,1423751671292.55,ESP
2017,Spain,6.31,,,,,,,ESP2017,1.956,1321754088818.83,28367.939,17.224,1.258,2.896,2.829,31.362,27.036,13.626,1313739000871.77,ESP
2016,Spain,6.403,,,,,,,ESP2016,-0.203,1243015667917.12,26740.685,19.635,0.372,2.915,3.158,32.432,27.129,13.684,1236606698893.78,ESP
2015,Spain,6.361,,,,,,,ESP2015,-0.5,1206164777553.12,25969.838,22.057,0.552,4.061,2.037,32.656,27.539,14.082,1195894016724.61,ESP
2014,Spain,6.329,,,,,,,ESP2014,-0.151,1380244561361.96,29694.887,24.441,-0.221,1.52,1.736,34.531,28.314,14.048,1366800133424.7,ESP
2012,Spain,6.322,,,,,,,ESP2012,2.446,1330994811670.31,28456.444,24.789,-0.203,-2.865,0.055,38.032,25.873,11.706,1314155086548.05,ESP
2011,Spain,6.761,,,,,,,ESP2011,3.196,1487568659241.25,31824.622,21.39,-0.146,-0.64,-2.687,31.194,25.923,11.826,1454580711702.34,ESP
2024,Sri Lanka,3.891,1.271,1.308,0.567,0.696,0.121,0.025,LKA2024,-0.429,,,4.996,,,,,,,,LKA
2023,Sri Lanka,3.898,1.361,1.179,0.586,0.583,0.144,0.031,LKA2023,16.541,84356863743.634,3827.965,5.997,17.519,-2.298,1.848,17.976,11.035,9.847,81623429815.185,LKA
2022,Sri Lanka,4.442,1.422,1.224,0.426,0.539,0.12,0.086,LKA2022,49.721,74144870023.424,3342.72,4.528,47.464,-7.347,-1.954,15.742,8.225,7.277,72199977445.736,LKA
2021,Sri Lanka,4.362,1.415,0.934,0.66,0.529,0.15,0.079,LKA2021,7.015,88609324901.977,3999.338,4.981,8.021,4.207,-3.706,17.467,8.273,7.37,86619332546.136,LKA
2020,Sri Lanka,4.325,0.99,0.82,0.593,0.559,0.239,0.049,LKA2020,6.154,84304298770.533,3846.174,5.364,3.104,-4.625,-1.408,19.069,8.743,7.775,82024773617.052,LKA
2019,Sri Lanka,4.327,0.898,1.195,0.792,0.529,0.253,0.049,LKA2019,3.528,89014978344.14,4082.694,4.67,3.871,-0.22,-2.071,15.934,11.884,10.904,86545573251.94,LKA
2018,Sri Lanka,4.366,,,,,,,LKA2018,2.135,94493871200.787,4360.585,4.318,4.295,2.31,-2.962,15.285,12.506,11.154,92095811316.341,LKA
2017,Sri Lanka,4.471,,,,,,,LKA2017,7.704,94376237797.237,4401.056,4.046,5.473,6.461,-2.447,15.331,12.73,11.609,92061614515.905,LKA
2016,Sri Lanka,4.44,,,,,,,LKA2016,3.959,88012282205.836,4149.761,4.242,5.443,5.054,-1.98,15.661,13.156,11.423,85816595299.736,LKA
2015,Sri Lanka,4.415,,,,,,,LKA2015,3.768,85140955388.851,4060.131,4.519,3.014,4.206,-2.211,17.088,12.577,11.72,83118677957.889,LKA
2014,Sri Lanka,4.271,,,,,,,LKA2014,3.179,82528535713.926,3971.919,4.157,1.921,6.378,-2.408,14.203,10.929,9.748,80720442913.028,LKA
2012,Sri Lanka,4.151,,,,,,,LKA2012,7.543,70447216891.337,3327.776,3.88,10.463,8.632,-5.691,15.068,11.688,10.111,69233385160.863,LKA
2011,Sri Lanka,4.26,,,,,,,LKA2011,6.717,67753284043.928,3224.957,4.118,3.98,8.669,-6.812,15.579,12.478,10.848,67101713795.899,LKA
2024,State of Palestine,4.78,1.047,1.456,,0.618,0.055,0.081,PSE2024,,,,,,,,,,,,PSE
2023,State of Palestine,4.879,,,,,,,PSE2023,5.871,17420800000.0,3372.35,,-3.904,-5.411,-16.62,,,,20657700000.0,PSE
2022,State of Palestine,4.908,1.144,1.309,,0.416,0.065,0.067,PSE2022,3.741,19165500000.0,3799.955,24.42,1.683,4.083,-10.627,,,,23693000000.0,PSE
2021,State of Palestine,4.483,1.148,0.957,0.521,0.336,0.073,0.079,PSE2021,1.237,18109000000.0,3678.636,26.39,8.954,7.012,-9.818,26.166,23.392,21.475,21736300000.0,PSE
2020,State of Palestine,4.517,0.646,0.819,0.434,0.33,0.082,0.075,PSE2020,-0.735,15531700000.0,3233.569,25.895,2.221,-11.318,-12.251,29.235,22.72,20.852,18024400000.0,PSE
2019,State of Palestine,4.553,0.588,1.195,0.614,0.299,0.092,0.072,PSE2019,1.58,17133500000.0,3656.858,25.34,3.849,1.363,-10.385,24.466,20.291,18.534,19791500000.0,PSE
2018,State of Palestine,4.696,,,,,,,PSE2018,-0.195,16276600000.0,3562.331,26.256,-0.302,1.227,-13.15,24.617,20.794,18.782,19062800000.0,PSE
2017,State of Palestine,4.743,,,,,,,PSE2017,0.213,16128000000.0,3620.36,25.677,3.225,1.419,-13.207,26.874,22.468,20.664,18257000000.0,PSE
2016,State of Palestine,4.775,,,,,,,PSE2016,-0.219,15405400000.0,3527.614,23.939,1.278,8.865,-13.908,25.672,22.925,20.409,17301000000.0,PSE
2015,State of Palestine,4.754,,,,,,,PSE2015,1.432,13972400000.0,3272.154,23.005,-3.707,3.721,-13.879,26.988,21.013,19.73,15684800000.0,PSE
2014,State of Palestine,4.715,,,,,,,PSE2014,1.733,13989700000.0,3352.113,20.526,3.672,-0.158,-13.587,26.628,20.025,18.578,15472300000.0,PSE
2012,State of Palestine,4.7,,,,,,,PSE2012,2.779,12208400000.0,3067.439,19.202,2.868,6.096,-14.917,25.7,16.351,16.253,13065900000.0,PSE
2011,State of Palestine,4.555,,,,,,,PSE2011,2.877,11186100000.0,2880.798,17.597,5.42,9.601,-18.501,28.191,18.593,17.581,11935600000.0,PSE
2017,Sudan,4.139,,,,,,,SDN2017,32.352,41283617976.19,966.506,12.953,34.622,0.709,-11.17,,,,39632308795.238,SDN
2016,Sudan,4.139,,,,,,,SDN2016,17.75,42630376000.0,1033.216,13.606,20.686,3.468,-9.883,9.726,8.774,7.39,41763874766.667,SDN
2015,Sudan,4.139,,,,,,,SDN2015,16.91,51726758676.768,1292.38,14.347,14.023,1.91,-10.557,10.712,10.314,8.194,50563738020.202,SDN
2014,Sudan,4.55,,,,,,,SDN2014,36.907,49516748617.978,1275.438,15.411,34.067,4.661,-7.16,11.432,11.042,7.982,48568747977.528,SDN
2012,Sudan,4.401,,,,,,,SDN2012,35.559,37632919966.667,1019.222,17.002,30.129,-17.005,-16.632,11.635,9.412,6.894,35608466700.0,SDN
2011,Sudan,4.424,,,,,,,SDN2011,18.097,55018567210.526,1332.657,17.44,26.328,-3.214,-4.822,,11.306,3.856,51237402657.895,SDN
2015,Suriname,6.269,,,,,,,SUR2015,6.894,5126237646.221,8813.617,7.22,4.855,-3.413,-15.341,,,,5112966262.15,SUR
2014,Suriname,6.269,,,,,,,SUR2014,3.383,5240606060.606,9108.189,6.94,1.584,0.256,-7.945,,,,5170283939.394,SUR
2012,Suriname,6.269,,,,,,,SUR2012,5.007,4980000000.0,8851.241,8.1,10.735,2.69,3.26,,,,4787510969.697,SUR
2020,Swaziland,4.308,0.849,0.693,0.074,0.323,0.067,0.147,SWZ2020,,4105756862.553,3442.322,32.944,4.864,-2.887,6.599,26.253,27.465,27.281,3719044112.004,SWZ
2019,Swaziland,4.308,0.828,1.065,0.216,0.3,0.067,0.147,SWZ2019,2.598,4594818143.276,3894.33,28.138,2.548,4.962,3.834,25.403,25.933,24.646,4112925340.939,SWZ
2018,Swaziland,4.212,,,,,,,SWZ2018,4.815,4659474399.74,3986.106,26.369,3.502,0.769,1.303,26.673,24.728,24.247,4339197362.558,SWZ
2014,Swaziland,4.867,,,,,,,SWZ2014,5.681,4250545460.945,3740.693,23.828,6.31,1.717,12.048,25.509,30.654,30.008,4063414218.602,SWZ
2012,Swaziland,4.867,,,,,,,SWZ2012,8.94,4886551483.934,4347.996,25.128,8.748,5.397,4.91,22.33,28.838,28.233,4571223253.096,SWZ
2024,Sweden,7.345,1.783,1.698,0.889,0.952,0.17,0.467,SWE2024,2.836,,,8.528,,,,,,,,SWE
2023,Sweden,7.344,1.878,1.501,0.724,0.838,0.221,0.524,SWE2023,8.549,584960475767.32,55516.836,7.611,6.149,-0.311,6.978,,,,606603219320.577,SWE
2022,Sweden,7.395,1.921,1.51,0.562,0.754,0.225,0.52,SWE2022,8.369,579895717343.956,55296.937,7.392,5.782,1.459,4.726,32.235,33.289,27.605,604826974545.303,SWE
2021,Sweden,7.384,1.92,1.204,0.803,0.724,0.218,0.512,SWE2021,2.163,637186904843.636,61174.968,8.722,2.741,5.938,6.703,32.912,32.498,27.399,663252463172.592,SWE
2020,Sweden,7.363,1.478,1.062,0.763,0.685,0.244,0.448,SWE2020,0.497,545147614972.141,52653.757,8.291,1.794,-2.005,5.798,34.879,32.253,26.822,564371291338.878,SWE
2019,Sweden,7.353,1.322,1.433,0.986,0.65,0.273,0.442,SWE2019,1.784,532169294165.94,51773.046,6.833,2.421,2.55,5.327,31.331,32.953,27.501,547611418095.424,SWE
2018,Sweden,7.343,,,,,,,SWE2018,1.954,551312498430.164,54181.907,6.365,2.616,1.903,2.192,31.944,33.484,28.119,561279115315.834,SWE
2017,Sweden,7.314,,,,,,,SWE2017,1.794,536083940228.684,53300.859,6.718,2.227,1.825,2.074,31.927,33.606,28.386,543698522015.555,SWE
2016,Sweden,7.284,,,,,,,SWE2016,0.984,514218206628.325,51820.397,6.99,1.652,2.35,1.847,32.037,33.515,28.199,515550957283.109,SWE
2015,Sweden,7.291,,,,,,,SWE2015,-0.047,501698263620.663,51197.953,7.432,2.253,4.41,2.594,32.353,32.624,27.321,505274264709.006,SWE
2014,Sweden,7.364,,,,,,,SWE2014,-0.18,577730245154.162,59583.714,7.954,1.833,2.296,3.25,33.257,32.089,26.709,589823904990.464,SWE
2012,Sweden,7.48,,,,,,,SWE2012,0.888,549742183874.355,57749.825,7.976,0.95,-0.414,5.533,33.009,32.244,26.435,562604589238.968,SWE
2011,Sweden,7.379,,,,,,,SWE2011,2.961,570541353128.724,60379.775,7.804,1.117,3.164,5.51,32.439,32.701,26.799,583474661753.753,SWE
2024,Switzerland,6.935,1.87,1.622,0.883,0.889,0.156,0.468,CHE2024,1.062,,,4.11,,,,,,,,CHE
2023,Switzerland,7.06,1.97,1.425,0.747,0.759,0.173,0.498,CHE2023,2.135,884940402230.409,99564.71,4.043,1.023,0.716,5.362,16.906,17.239,9.1,860241113084.629,CHE
2022,Switzerland,7.24,2.022,1.463,0.582,0.678,0.151,0.475,CHE2022,2.835,818426550206.45,93245.795,4.122,2.497,2.568,8.837,16.672,17.394,9.101,801895036040.353,CHE
2021,Switzerland,7.512,2.026,1.226,0.822,0.677,0.147,0.461,CHE2021,0.582,813408787222.499,93446.434,5.013,1.246,5.392,7.073,19.011,18.476,10.094,800495604747.336,CHE
2020,Switzerland,7.571,1.566,1.079,0.816,0.653,0.204,0.413,CHE2020,-0.726,741999406005.627,85897.784,4.817,-0.699,-2.142,0.375,20.043,17.893,9.345,716684165061.556,CHE
2019,Switzerland,7.56,1.391,1.472,1.041,0.629,0.269,0.408,CHE2019,0.363,721369112726.724,84121.931,4.394,-0.104,1.142,3.512,16.853,17.906,9.907,696318048854.117,CHE
2018,Switzerland,7.48,,,,,,,CHE2018,0.936,725568717468.001,85217.369,4.713,0.764,2.86,5.05,16.718,17.675,9.691,699353255841.699,CHE
2017,Switzerland,7.487,,,,,,,CHE2017,0.534,695200833086.499,82254.377,4.797,-0.368,1.363,5.344,17.216,18.155,10.062,685587748787.691,CHE
2016,Switzerland,7.494,,,,,,,CHE2016,-0.435,687895460902.713,82153.075,4.918,-0.583,2.069,7.276,17.241,17.45,9.405,683895323472.44,CHE
2015,Switzerland,7.509,,,,,,,CHE2015,-1.144,694118186379.628,83806.448,4.801,-1.265,1.645,8.879,17.067,17.746,9.556,701133713181.255,CHE
2014,Switzerland,7.587,,,,,,,CHE2014,-0.013,726537808338.0,88724.991,4.826,-0.653,2.35,6.867,16.719,17.132,9.087,725732044919.197,CHE
2012,Switzerland,7.65,,,,,,,CHE2012,-0.693,686420221557.99,85836.208,4.491,0.064,1.179,8.877,16.522,17.164,9.169,697992809377.499,CHE
2011,Switzerland,7.499,,,,,,,CHE2011,0.231,715888126682.396,90476.759,4.409,-0.02,1.813,6.211,16.638,17.29,9.322,720038694879.46,CHE
2018,Syria,3.462,,,,,,,SYR2018,0.941,21497782867.643,1098.067,13.497,13.188,1.393,,,,,20708643151.976,SYR
2017,Syria,3.462,,,,,,,SYR2017,18.075,16369843352.345,851.502,13.597,37.221,-0.723,,,,,15776320913.866,SYR
2016,Syria,3.462,,,,,,,SYR2016,47.705,12597854877.425,656.349,13.795,36.871,-6.406,,,,,12131412781.945,SYR
2015,Syria,3.069,,,,,,,SYR2015,38.461,16466863117.001,847.732,14.243,38.215,-4.18,,,,,15846726811.901,SYR
2014,Syria,3.006,,,,,,,SYR2014,10.927,21502061465.95,1060.591,14.783,37.095,-10.31,,,,,20679218993.095,SYR
2012,Syria,3.892,,,,,,,SYR2012,36.702,43190318032.563,1897.661,13.8,26.246,-26.339,,,,,41500139065.81,SYR
2011,Syria,4.735,,,,,,,SYR2011,4.753,67539428159.447,2952.143,8.627,11.574,2.85,,,,,62976957811.715,SYR
2024,Tajikistan,5.411,0.914,1.555,0.658,,0.085,0.342,TJK2024,,,,11.635,,,,,,,,TJK
2023,Tajikistan,5.281,,,,,,,TJK2023,,12060602008.848,1160.812,11.546,2.188,8.3,4.842,11.187,18.712,10.916,15143750556.156,TJK
2022,Tajikistan,5.33,0.972,1.248,0.291,0.599,0.104,0.292,TJK2022,,10713525200.4,1052.179,11.634,8.262,8.0,15.257,10.691,17.07,10.344,14210918854.237,TJK
2021,Tajikistan,5.377,0.966,1.005,0.518,0.572,0.118,0.304,TJK2021,,8937805347.14,896.748,12.333,10.045,9.4,8.229,12.457,17.753,10.346,10758910057.168,TJK
2020,Tajikistan,5.466,0.508,0.895,0.498,0.548,0.152,0.247,TJK2020,,8133963550.657,834.312,12.321,1.656,4.4,4.349,,,,9498106073.45,TJK
2019,Tajikistan,5.556,0.475,1.218,0.681,0.521,0.182,0.222,TJK2019,,8300813599.308,871.022,11.419,3.659,7.4,-2.232,,,,9631287021.79,TJK
2018,Tajikistan,5.467,,,,,,,TJK2018,,7764999999.454,834.288,11.437,2.492,7.6,-4.89,,,,8990673043.815,TJK
2017,Tajikistan,5.352,,,,,,,TJK2017,,7536402852.858,829.457,11.487,9.805,7.1,2.109,,,,8637196303.701,TJK
2016,Tajikistan,5.041,,,,,,,TJK2016,6.005,6992416096.89,788.71,11.5,0.541,6.9,-4.159,,,,8081792570.519,TJK
2015,Tajikistan,4.996,,,,,,,TJK2015,5.715,8271431485.075,956.916,11.485,6.866,6.019,-5.768,,,,9797996695.503,TJK
2014,Tajikistan,4.786,,,,,,,TJK2014,6.104,9112605459.328,1081.544,11.439,4.767,6.7,-3.473,,,,11296415927.116,TJK
2012,Tajikistan,4.38,,,,,,,TJK2012,5.831,7633036903.076,952.453,11.444,11.869,7.5,-8.927,,,,9744488621.924,TJK
2011,Tajikistan,4.614,,,,,,,TJK2011,12.432,6522756255.012,833.602,11.557,13.324,7.4,-6.337,,,,8316624763.052,TJK
2024,Tanzania,3.8,0.847,0.908,0.411,0.858,0.153,0.243,TZA2024,3.057,,,2.576,,,,,,,,TZA
2023,Tanzania,3.781,0.82,0.706,0.38,0.709,0.191,0.257,TZA2023,3.799,79062403820.892,1224.49,2.582,2.748,5.07,-3.742,17.03,13.411,11.491,77553169188.701,TZA
2022,Tanzania,3.694,0.836,0.787,0.214,0.607,0.234,0.269,TZA2022,4.35,75769974505.011,1207.853,2.588,2.763,4.566,-7.235,16.847,13.997,11.793,74376313109.119,TZA
2021,Tanzania,3.702,0.848,0.597,0.425,0.578,0.248,0.27,TZA2021,3.691,70655628147.899,1159.857,2.821,2.674,4.321,-3.36,15.126,12.631,10.856,69464087924.354,TZA
2020,Tanzania,3.623,0.433,0.54,0.3,0.549,0.307,0.231,TZA2020,3.29,66068737786.064,1117.415,2.781,6.423,1.992,-2.208,14.293,13.358,11.627,64804138398.107,TZA
2019,Tanzania,3.476,0.457,0.873,0.443,0.509,0.272,0.204,TZA2019,3.464,61026731925.921,1063.323,2.496,2.28,5.8,-2.196,15.375,13.27,11.019,60012994185.172,TZA
2018,Tanzania,3.231,,,,,,,TZA2018,3.494,57003712892.086,1023.106,2.393,3.041,5.468,-4.05,14.575,13.906,11.695,56365032376.366,TZA
2017,Tanzania,3.303,,,,,,,TZA2017,5.319,53274884532.789,986.674,2.303,2.638,6.762,-2.773,15.739,13.582,11.837,52339432682.939,TZA
2016,Tanzania,3.349,,,,,,,TZA2016,5.175,49774409374.454,953.011,2.23,7.472,6.867,-2.447,13.369,12.403,11.39,48817192683.225,TZA
2015,Tanzania,3.666,,,,,,,TZA2015,5.588,47413919817.124,939.127,2.159,7.591,6.161,-5.523,14.87,11.383,10.492,46684218023.575,TZA
2014,Tanzania,3.781,,,,,,,TZA2014,6.132,49986726460.68,1022.748,2.125,6.051,6.732,-9.976,16.079,12.238,11.364,49453645654.068,TZA
2012,Tanzania,3.77,,,,,,,TZA2012,16.001,39650394362.929,861.97,3.222,10.484,4.5,-9.494,14.018,11.323,10.433,39080121049.558,TZA
2011,Tanzania,3.8,,,,,,,TZA2011,12.691,34657140096.484,775.393,3.47,12.198,7.672,-12.641,14.376,10.32,9.794,34013428042.164,TZA
2024,Thailand,6.222,1.426,1.551,0.633,0.927,0.223,0.039,THA2024,,,,0.693,,,,,,,,THA
2023,Thailand,5.976,1.484,1.347,0.62,0.756,0.283,0.024,THA2023,1.228,514968699239.005,7182.025,0.733,1.22,1.887,1.439,20.804,19.957,15.451,503339156913.529,THA
2022,Thailand,5.843,1.515,1.344,0.461,0.624,0.291,0.013,THA2022,6.077,495645210972.751,6909.36,0.94,4.767,2.463,-3.463,22.232,18.977,15.139,481390360909.718,THA
2021,Thailand,5.891,1.535,1.096,0.697,0.617,0.321,0.026,THA2021,1.23,506256494297.34,7058.069,1.215,1.771,1.568,-2.118,25.13,19.204,15.061,488672219203.916,THA
2020,Thailand,5.985,1.107,0.957,0.596,0.611,0.375,0.028,THA2020,-0.846,500461898480.246,6985.644,1.099,-1.299,-6.05,4.183,22.831,20.066,15.193,489367035950.047,THA
2019,Thailand,5.999,1.007,1.348,0.794,0.609,0.377,0.032,THA2019,0.707,543976691793.886,7605.697,0.716,1.014,2.115,7.033,18.667,20.004,15.398,523977887377.21,THA
2018,Thailand,6.008,,,,,,,THA2018,1.064,506754208404.485,7099.777,0.765,1.429,4.223,5.62,19.02,20.177,15.698,482264933708.604,THA
2017,Thailand,6.072,,,,,,,THA2017,0.666,456356813536.764,6413.092,0.83,1.9,4.178,9.631,19.123,19.86,15.519,435913240648.276,THA
2016,Thailand,6.424,,,,,,,THA2016,0.188,413366349747.508,5833.577,0.688,2.636,3.435,10.508,19.665,20.548,16.1,393948949386.684,THA
2015,Thailand,6.474,,,,,,,THA2015,-0.9,401296238228.084,5688.853,0.597,0.722,3.134,6.916,19.393,21.255,16.851,380594916735.618,THA
2014,Thailand,6.455,,,,,,,THA2014,1.895,407339040197.651,5801.198,0.576,1.441,0.984,2.858,19.995,20.38,16.499,386381481702.815,THA
2012,Thailand,6.371,,,,,,,THA2012,3.015,397558325278.579,5725.528,0.58,1.909,7.243,-1.232,18.622,18.938,15.441,379342666424.563,THA
2011,Thailand,5.804,,,,,,,THA2011,3.809,370818739623.622,5373.623,0.66,3.743,0.84,2.542,19.417,19.812,16.362,361875003955.99,THA
2024,Togo,4.315,0.757,0.736,0.378,0.576,0.097,0.153,TGO2024,,,,1.94,,,,,,,,TGO
2023,Togo,4.214,0.758,0.586,0.32,0.453,0.127,0.156,TGO2023,5.489,9171261837.571,985.698,1.948,2.595,6.408,,16.993,16.601,14.759,9210663736.528,TGO
2022,Togo,4.137,0.77,0.642,0.161,0.367,0.149,0.136,TGO2022,7.968,8169476148.957,898.758,1.965,4.156,5.76,,16.156,15.054,14.188,8209395367.784,TGO
2021,Togo,4.112,0.771,0.322,0.36,0.292,0.174,0.132,TGO2021,4.186,8342243645.944,939.613,2.333,2.466,5.991,,13.492,14.839,14.202,8360888241.214,TGO
2020,Togo,4.107,0.254,0.239,0.203,0.289,0.209,0.107,TGO2020,1.699,7400284167.785,853.578,2.225,1.933,1.992,-0.28,14.404,14.184,12.867,7443023219.441,TGO
2019,Togo,4.187,0.268,0.548,0.343,0.304,0.201,0.115,TGO2019,0.675,6992700101.372,826.261,2.036,0.012,4.923,-0.793,13.396,15.242,13.584,7014819501.268,TGO
2018,Togo,4.085,,,,,,,TGO2018,0.928,7029300383.08,851.131,2.898,0.454,4.795,-2.63,13.629,15.493,12.859,7048636180.159,TGO
2017,Togo,3.999,,,,,,,TGO2017,-0.982,6387422517.692,792.765,3.744,-0.885,4.008,-1.513,11.512,14.068,13.059,6392420306.834,TGO
2016,Togo,3.495,,,,,,,TGO2016,1.285,6071170959.121,772.582,2.968,1.458,4.215,-7.192,13.611,14.693,13.867,6114776688.371,TGO
2015,Togo,3.303,,,,,,,TGO2015,2.585,5755461035.38,751.052,2.204,2.203,5.468,-8.01,12.925,14.845,13.769,5887730069.069,TGO
2014,Togo,2.839,,,,,,,TGO2014,0.191,6393318261.827,855.585,2.142,0.48,5.633,-7.171,11.555,14.287,13.166,6439476563.923,TGO
2012,Togo,2.936,,,,,,,TGO2012,2.577,5413544658.415,762.392,2.03,1.75,6.303,-5.433,12.517,12.949,11.362,5419520492.565,TGO
2011,Togo,3.007,,,,,,,TGO2011,3.564,5422442166.441,783.989,1.982,2.82,5.823,-5.571,10.808,12.391,11.405,5656293246.147,TGO
2024,Trinidad and Tobago,5.905,1.549,1.532,0.419,0.76,0.111,0.001,TTO2024,0.527,,,4.546,,,,,,,,TTO
2019,Trinidad and Tobago,6.192,1.168,1.407,0.659,0.553,0.199,0.015,TTO2019,1.001,23775659262.574,17431.027,3.523,-3.812,0.361,4.291,32.9,23.96,16.547,23168661689.018,TTO
2018,Trinidad and Tobago,6.192,,,,,,,TTO2018,1.019,24569257295.092,18076.357,3.498,2.687,-0.602,6.617,30.48,28.74,19.323,23869252229.184,TTO
2017,Trinidad and Tobago,6.192,,,,,,,TTO2017,1.88,24040211327.49,17720.497,3.394,8.214,-4.801,5.862,32.755,28.477,18.243,24089211146.799,TTO
2016,Trinidad and Tobago,6.168,,,,,,,TTO2016,3.071,23722678429.808,17521.801,3.207,-0.742,-7.527,-3.273,33.288,31.11,21.308,23297537849.565,TTO
2015,Trinidad and Tobago,6.168,,,,,,,TTO2015,4.661,27026750552.965,20024.755,2.428,-8.734,-0.777,7.612,33.318,35.617,24.54,26787107495.45,TTO
2014,Trinidad and Tobago,6.168,,,,,,,TTO2014,5.684,29697674913.541,22074.426,2.477,-0.916,3.854,13.989,30.864,32.573,24.844,27974529430.442,TTO
2012,Trinidad and Tobago,6.519,,,,,,,TTO2012,9.26,27334568806.192,20472.357,3.718,0.345,7.447,14.145,28.328,29.703,24.79,25038317529.092,TTO
2011,Trinidad and Tobago,6.263,,,,,,,TTO2011,5.107,25433007437.16,19151.087,3.425,15.73,-0.294,18.513,27.324,28.694,25.644,22613153665.275,TTO
2024,Tunisia,4.552,1.257,1.224,0.459,0.382,0.032,0.05,TUN2024,7.207,,,16.203,,,,,,,,TUN
2023,Tunisia,4.422,1.306,0.955,0.579,0.254,0.024,0.018,TUN2023,9.329,48529595416.653,3977.695,15.106,8.888,0.039,-2.288,,,,47219686954.842,TUN
2022,Tunisia,4.497,1.333,0.981,0.422,0.259,0.022,0.016,TUN2022,8.306,44579761022.899,3678.4,15.3,3.055,2.673,-8.904,,,,43606718412.831,TUN
2021,Tunisia,4.516,1.35,0.596,0.656,0.316,0.029,0.029,TUN2021,5.706,46812290143.344,3885.282,16.611,4.517,4.736,-5.917,,,,45582180787.964,TUN
2020,Tunisia,4.596,0.919,0.515,0.59,0.334,0.057,0.044,TUN2020,5.634,42491780918.361,3548.654,17.656,6.806,-9.012,-6.012,,,,41095052621.324,TUN
2019,Tunisia,4.392,0.875,0.872,0.781,0.236,0.056,0.044,TUN2019,6.72,41905642418.825,3528.872,17.153,7.135,1.588,-8.049,,,,40813336000.515,TUN
2018,Tunisia,4.461,,,,,,,TUN2018,7.308,42686504459.801,3628.104,15.459,7.925,2.625,-10.795,,,,41650260477.765,TUN
2017,Tunisia,4.592,,,,,,,TUN2017,5.309,42163530590.946,3619.032,15.33,4.714,2.238,-10.014,,,,41171063372.496,TUN
2016,Tunisia,4.805,,,,,,,TUN2016,3.629,44360072680.448,3847.804,15.557,4.935,1.117,-8.529,,,,43403523130.231,TUN
2015,Tunisia,5.045,,,,,,,TUN2015,4.437,45779494041.93,4014.948,15.159,4.214,0.968,-8.571,,,,44599350028.675,TUN
2014,Tunisia,4.739,,,,,,,TUN2014,4.626,50271812920.612,4458.979,14.259,4.665,3.09,-8.878,,,,48568157921.864,TUN
2012,Tunisia,4.826,,,,,,,TUN2012,4.612,47311401812.673,4297.268,17.63,4.662,4.217,-7.866,33.764,29.876,20.115,45406928007.826,TUN
2011,Tunisia,5.141,,,,,,,TUN2011,3.24,48123325825.074,4420.648,18.334,4.571,-2.047,-7.036,32.905,31.161,20.175,45963001044.905,TUN
2024,Türkiye,5.262,1.582,1.444,0.626,0.244,0.04,0.104,TUR2024,58.506,,,8.449,,,,,,,,TUR
2023,Türkiye,4.975,1.702,1.175,0.631,0.202,0.068,0.115,TUR2023,53.859,1118252964260.77,13105.659,9.388,68.234,5.111,-3.566,33.707,29.35,18.535,1107012964203.48,TUR
2022,Türkiye,4.614,1.714,1.148,0.467,0.125,0.095,0.096,TUR2022,72.309,907118434653.505,10674.504,10.465,96.036,5.533,-5.102,29.67,25.759,16.092,898339434432.342,TUR
2021,Türkiye,4.744,1.707,0.865,0.702,0.209,0.087,0.115,TUR2021,19.596,819865223976.115,9743.213,11.969,28.973,11.439,-0.759,30.94,29.872,17.864,809183224524.79,TUR
2020,Türkiye,4.948,1.26,0.809,0.59,0.236,0.097,0.104,TUR2020,12.279,720338490327.248,8638.739,13.148,14.789,1.86,-4.3,34.068,29.635,17.664,711744489823.581,TUR
2019,Türkiye,5.132,1.127,1.197,0.781,0.254,0.086,0.121,TUR2019,15.177,761005915750.925,9215.44,13.73,13.868,0.819,1.973,35.572,29.173,16.524,749161915105.152,TUR
2018,Türkiye,5.373,,,,,,,TUR2018,16.332,778972108040.602,9568.835,10.956,16.512,3.013,-1.875,33.544,30.292,17.27,767897107698.872,TUR
2017,Türkiye,5.483,,,,,,,TUR2017,11.144,858988492853.742,10695.55,10.919,10.982,7.502,-4.091,31.732,29.481,17.718,848260493929.361,TUR
2016,Türkiye,5.5,,,,,,,TUR2016,7.775,869682881593.041,10970.046,10.899,8.13,3.323,-2.549,30.645,30.791,18.266,860501882366.186,TUR
2015,Türkiye,5.389,,,,,,,TUR2015,7.671,864313810469.009,11049.995,10.304,7.845,6.084,-2.471,28.882,30.384,18.181,854629812144.004,TUR
2014,Türkiye,5.332,,,,,,,TUR2014,8.855,938934609296.966,12165.22,9.901,7.39,4.94,-3.42,29.378,30.31,17.946,930726607714.177,TUR
2012,Türkiye,5.345,,,,,,,TUR2012,8.892,880555885492.269,11713.285,9.21,7.423,4.788,-4.747,29.58,30.675,18.107,873967885708.304,TUR
2011,Türkiye,5.234,,,,,,,TUR2011,6.472,838785289694.35,11300.785,9.789,8.201,11.2,-8.87,30.339,30.668,18.571,831536291661.567,TUR
2021,Turkmenistan,5.474,1.484,1.319,0.516,0.649,0.314,0.032,TKM2021,,50007428571.429,7051.202,4.459,2.772,6.2,,,,,49698385714.286,TKM
2020,Turkmenistan,5.066,1.046,1.172,0.439,0.602,0.366,0.033,TKM2020,,45818000000.0,6592.601,4.501,-4.35,5.9,,,,,45566594285.714,TKM
2019,Turkmenistan,5.119,1.009,1.51,0.612,0.515,0.323,0.034,TKM2019,,45232857142.857,6648.035,4.043,4.383,6.3,,,,,44588356857.143,TKM
2018,Turkmenistan,5.247,,,,,,,TKM2018,,40765428571.429,6125.052,4.044,1.211,6.2,,,,,39048469257.143,TKM
2017,Turkmenistan,5.636,,,,,,,TKM2017,,37926285714.286,5828.482,4.044,-1.542,6.5,,,,,36352285714.286,TKM
2016,Turkmenistan,5.822,,,,,,,TKM2016,,36169428571.429,5686.98,4.031,-4.866,6.2,,,,,35225885714.286,TKM
2015,Turkmenistan,5.658,,,,,,,TKM2015,,35799714285.714,5759.498,4.016,-5.153,6.5,,,,,33705628571.429,TKM
2014,Turkmenistan,5.548,,,,,,,TKM2014,,43524210526.316,7164.145,4.0,0.669,10.3,,,,,39603210526.316,TKM
2012,Turkmenistan,5.628,,,,,,,TKM2012,,35164210526.316,6053.875,3.986,8.27,11.1,,,,,31835210526.316,TKM
2011,Turkmenistan,6.568,,,,,,,TKM2011,,29233333333.333,5143.619,4.002,12.857,14.7,,,,,26406333333.333,TKM
2024,Uganda,4.461,0.762,1.342,0.396,0.751,0.148,0.05,UGA2024,3.323,,,2.941,,,,,,,,UGA
2023,Uganda,4.372,0.772,1.151,0.373,0.587,0.178,0.054,UGA2023,5.351,48768955863.318,1002.309,2.787,6.748,5.337,-7.723,16.583,14.379,12.968,47796257769.304,UGA
2022,Uganda,4.432,0.785,1.144,0.201,0.425,0.197,0.051,UGA2022,7.196,45565333210.911,963.067,2.886,4.922,4.588,-8.919,16.942,13.779,12.55,44595747451.055,UGA
2021,Uganda,4.603,0.777,0.875,0.418,0.402,0.222,0.066,UGA2021,2.205,40529788748.674,882.792,3.422,2.545,3.537,-8.894,15.588,13.986,12.459,39643093796.592,UGA
2020,Uganda,4.636,0.364,0.718,0.24,0.398,0.267,0.054,UGA2020,3.313,37600368241.666,845.766,3.831,2.721,2.951,-9.57,13.672,12.854,11.391,36830875672.529,UGA
2019,Uganda,4.432,0.312,1.052,0.378,0.402,0.265,0.064,UGA2019,2.868,35348155095.422,822.057,3.06,3.0,6.439,-7.448,13.515,13.096,12.236,34432253660.84,UGA
2018,Uganda,4.189,,,,,,,UGA2018,2.616,32927025619.68,792.166,3.25,4.443,6.304,-6.331,11.836,12.477,11.683,32000683481.978,UGA
2017,Uganda,4.161,,,,,,,UGA2017,5.21,30744473841.424,765.218,3.428,4.649,3.131,-4.885,11.258,12.366,11.605,30021045436.895,UGA
2016,Uganda,4.081,,,,,,,UGA2016,5.706,29203988696.263,752.697,3.008,4.781,4.781,-2.726,11.313,11.962,11.12,28691910472.565,UGA
2015,Uganda,3.739,,,,,,,UGA2015,5.59,32387183730.1,862.935,2.679,5.188,5.188,-5.093,10.761,11.577,10.802,31759208103.982,UGA
2014,Uganda,3.931,,,,,,,UGA2014,3.076,32612397257.446,896.055,2.348,5.106,5.106,-6.642,,,,31865562076.896,UGA
2012,Uganda,4.443,,,,,,,UGA2012,12.679,27305915910.788,795.223,3.551,3.837,3.837,-6.063,,,,26729090962.498,UGA
2011,Uganda,4.313,,,,,,,UGA2011,16.564,27871725241.472,835.62,3.528,9.392,9.392,-7.489,,,,27440502305.144,UGA
2024,Ukraine,4.68,1.328,1.472,0.472,0.689,0.245,0.023,UKR2024,6.502,,,,,,,,,,,UKR
2023,Ukraine,4.873,1.35,1.315,0.513,0.631,0.285,0.025,UKR2023,12.849,178757021965.008,5069.703,,18.48,5.324,-5.35,66.464,31.26,17.7,183755021981.851,UKR
2022,Ukraine,5.071,1.358,1.354,0.355,0.551,0.265,0.016,UKR2022,20.184,161989520721.19,4199.671,,34.915,-28.759,4.924,57.895,29.281,16.692,170470520722.365,UKR
2021,Ukraine,5.084,1.411,1.081,0.583,0.473,0.188,0.017,UKR2021,9.363,199765859570.935,4775.946,9.834,24.805,3.446,-1.943,33.262,30.055,19.082,193966075658.275,UKR
2020,Ukraine,4.875,0.979,0.958,0.517,0.417,0.181,0.01,UKR2020,2.732,156617722013.342,3709.769,9.475,10.295,-3.753,3.363,37.209,32.317,19.151,160040031866.428,UKR
2019,Ukraine,4.561,0.78,1.321,0.699,0.319,0.179,0.01,UKR2019,7.887,153883047509.577,3619.862,8.194,8.246,3.2,-2.68,33.057,31.866,19.196,155795133939.49,UKR
2018,Ukraine,4.332,,,,,,,UKR2018,10.952,130891088293.55,3059.052,8.799,15.399,3.488,-4.914,33.409,32.135,20.143,132164741725.995,UKR
2017,Ukraine,4.103,,,,,,,UKR2017,14.438,112090505081.739,2604.288,9.5,22.098,2.36,-3.098,33.606,32.571,20.052,113717855579.016,UKR
2016,Ukraine,4.096,,,,,,,UKR2016,13.913,93355869403.922,2158.461,9.35,17.097,2.441,-1.999,33.504,31.203,19.63,94324077169.513,UKR
2015,Ukraine,4.324,,,,,,,UKR2015,48.7,91030967789.072,2094.474,9.14,38.882,-9.773,5.531,37.369,35.758,20.451,94833354986.185,UKR
2014,Ukraine,4.681,,,,,,,UKR2014,12.072,133503871861.723,3054.908,9.27,15.902,-10.079,-3.443,43.541,33.685,17.294,131977538852.591,UKR
2012,Ukraine,5.057,,,,,,,UKR2012,0.569,182591753827.949,3951.342,7.529,7.983,0.152,-7.851,39.538,36.095,17.633,180602773435.061,UKR
2011,Ukraine,5.089,,,,,,,UKR2011,7.956,169333835201.554,3656.698,7.851,14.182,5.445,-6.043,36.876,34.985,17.84,161004939653.442,UKR
2024,United Arab Emirates,6.759,1.812,1.294,0.659,0.934,0.165,0.235,ARE2024,,,,2.133,,,,,,,,ARE
2023,United Arab Emirates,6.733,1.983,1.164,0.563,0.815,0.209,0.258,ARE2023,1.627,514130432653.081,49040.695,2.151,-1.304,3.619,,3.831,3.739,0.627,517969779147.295,ARE
2022,United Arab Emirates,6.571,2.015,1.223,0.401,0.745,0.188,0.247,ARE2022,5.291,502731935197.487,49899.065,2.872,12.63,7.51,,3.875,3.268,0.579,502786394013.008,ARE
2021,United Arab Emirates,6.576,1.998,0.98,0.633,0.702,0.204,0.25,ARE2021,0.18,415178792769.884,43360.021,3.105,13.844,4.355,,4.337,4.385,0.535,414443598760.354,ARE
2020,United Arab Emirates,6.561,1.555,0.86,0.594,0.67,0.236,0.223,ARE2020,-2.079,349473015336.939,37173.875,4.294,-12.031,-4.957,,5.259,6.365,0.682,347594186201.473,ARE
2019,United Arab Emirates,6.791,1.431,1.251,0.788,0.653,0.281,0.22,ARE2019,-1.931,417989721734.494,44251.454,2.331,-3.194,1.108,,4.259,4.669,0.972,420051262918.973,ARE
2018,United Arab Emirates,6.825,,,,,,,ARE2018,3.069,427049432149.345,45689.857,2.236,7.937,1.314,,3.918,3.351,0.059,428473530175.213,ARE
2017,United Arab Emirates,6.774,,,,,,,ARE2017,1.967,390516804016.501,42340.592,2.462,4.986,0.735,,4.015,3.449,0.066,393294203608.06,ARE
2016,United Arab Emirates,6.648,,,,,,,ARE2016,1.617,369255326235.771,41326.402,1.64,-5.529,5.561,,4.318,3.898,0.042,371351990633.321,ARE
2015,United Arab Emirates,6.573,,,,,,,ARE2015,4.07,370275469560.166,43534.997,1.793,-16.267,6.787,,4.148,3.415,0.056,372018151656.831,ARE
2014,United Arab Emirates,6.901,,,,,,,ARE2014,2.346,414105366758.911,51381.407,2.002,-0.668,4.166,,3.792,2.93,0.346,414764318426.712,ARE
2012,United Arab Emirates,7.144,,,,,,,ARE2012,0.662,384610125384.033,52034.476,2.327,4.68,1.824,,4.138,3.161,0.354,384909648869.397,ARE
2011,United Arab Emirates,6.977,,,,,,,ARE2011,0.877,360832739558.385,50789.051,2.596,13.167,6.216,,4.009,3.317,0.312,360968069714.954,ARE
2024,United Kingdom,6.728,1.725,1.562,0.779,0.872,0.211,0.318,GBR2024,3.272,,,4.111,,,,,,,,GBR
2023,United Kingdom,6.749,1.822,1.326,0.672,0.713,0.267,0.351,GBR2023,6.794,3380854520809.54,49463.855,3.984,7.298,0.34,-2.214,41.716,35.846,27.319,3296696999733.49,GBR
2022,United Kingdom,6.796,1.857,1.366,0.511,0.626,0.272,0.34,GBR2022,7.922,3114042471144.39,45935.928,3.73,5.444,4.839,-2.279,41.528,36.681,27.173,3104062213686.48,GBR
2021,United Kingdom,6.943,1.867,1.143,0.75,0.597,0.289,0.329,GBR2021,2.518,3143323050707.26,46896.866,4.826,0.067,8.576,-0.441,43.647,35.104,26.415,3158743956476.28,GBR
2020,United Kingdom,7.064,1.423,1.062,0.757,0.58,0.34,0.306,GBR2020,0.989,2696778386607.65,40201.681,4.472,4.97,-10.297,-2.958,48.012,33.737,24.785,2640330920076.4,GBR
2019,United Kingdom,7.165,1.273,1.458,0.976,0.525,0.373,0.323,GBR2019,1.738,2851407164907.81,42662.535,3.613,2.133,1.624,-2.685,36.716,33.533,25.111,2848530128634.05,GBR
2018,United Kingdom,7.054,,,,,,,GBR2018,2.293,2871340347581.79,43203.814,4.12,1.921,1.405,-3.922,37.53,33.961,25.547,2832314578365.26,GBR
2017,United Kingdom,6.814,,,,,,,GBR2017,2.558,2680148052335.3,40572.121,4.452,1.855,2.657,-3.498,37.104,33.996,25.597,2651310310924.48,GBR
2016,United Kingdom,6.714,,,,,,,GBR2016,1.008,2689106566899.61,40985.235,4.867,1.964,1.922,-5.499,37.256,33.604,25.455,2626007963890.08,GBR
2015,United Kingdom,6.725,,,,,,,GBR2015,0.368,2927911140916.73,44964.391,5.517,0.658,2.223,-4.947,38.444,33.102,25.067,2864097393294.2,GBR
2014,United Kingdom,6.867,,,,,,,GBR2014,1.451,3064708247921.43,47439.617,6.363,1.319,3.195,-5.011,39.41,32.883,24.881,3009960217665.1,GBR
2012,United Kingdom,6.883,,,,,,,GBR2012,2.573,2707089726614.64,42497.34,8.25,1.543,1.509,-3.147,43.332,32.865,25.103,2681873588980.34,GBR
2011,United Kingdom,6.936,,,,,,,GBR2011,3.856,2663805834828.07,42109.642,8.169,2.196,1.138,-1.631,42.7,33.507,25.835,2674933131108.5,GBR
2024,United States,6.724,1.839,1.614,0.604,0.644,0.171,0.161,USA2024,2.95,,,4.106,,,,,,,,USA
2023,United States,6.725,1.939,1.392,0.542,0.586,0.223,0.169,USA2023,4.116,27720709000000.0,82769.412,3.638,3.598,2.888,-3.266,24.513,17.592,10.646,27576136000000.0,USA
2022,United States,6.894,1.98,1.46,0.39,0.557,0.21,0.172,USA2022,8.003,26006893000000.0,78035.175,3.65,7.129,2.512,-3.892,24.658,19.928,12.599,26231750000000.0,USA
2021,United States,6.977,1.982,1.182,0.628,0.574,0.22,0.177,USA2021,4.698,23681171000000.0,71318.307,5.349,4.566,6.055,-3.665,31.303,18.808,11.395,23832230000000.0,USA
2020,United States,6.951,1.533,1.03,0.621,0.554,0.252,0.154,USA2020,1.234,21354105000000.0,64411.373,8.055,1.329,-2.163,-2.815,31.828,17.709,10.153,21458070000000.0,USA
2019,United States,6.94,1.374,1.405,0.832,0.535,0.298,0.152,USA2019,1.812,21539982000000.0,65604.682,3.669,1.65,2.584,-2.051,22.514,17.291,9.885,21764838000000.0,USA
2018,United States,6.892,,,,,,,USA2018,2.443,20656516000000.0,63201.046,3.896,2.291,2.967,-2.129,22.169,17.479,9.93,20883383000000.0,USA
2017,United States,6.886,,,,,,,USA2017,2.13,19612102000000.0,60322.261,4.355,1.791,2.458,-1.874,22.141,19.21,11.504,19837150000000.0,USA
2016,United States,6.993,,,,,,,USA2016,1.262,18804913000000.0,58206.614,4.869,0.95,1.819,-2.107,22.416,18.541,10.855,18983369000000.0,USA
2015,United States,7.104,,,,,,,USA2015,0.119,18295019000000.0,57040.208,5.28,0.928,2.946,-2.233,22.374,18.995,11.183,18608138000000.0,USA
2014,United States,7.119,,,,,,,USA2014,1.622,17608138000000.0,55304.316,6.168,1.742,2.524,-2.101,22.61,18.859,10.9,17984237000000.0,USA
2012,United States,7.082,,,,,,,USA2012,2.069,16253970000000.0,51784.411,8.069,1.862,2.289,-2.572,23.912,16.748,9.764,16640301000000.0,USA
2011,United States,7.27,,,,,,,USA2011,3.157,15599732000000.0,50065.979,8.949,2.063,1.564,-2.919,25.346,16.629,9.539,15861958000000.0,USA
2024,Uruguay,6.661,1.554,1.654,0.523,0.913,0.078,0.197,URY2024,4.849,,,8.401,,,,,,,,URY
2023,Uruguay,6.611,1.596,1.431,0.592,0.775,0.106,0.22,URY2023,5.869,77240830877.46,22797.811,8.355,3.431,0.367,-3.335,37.383,31.132,18.841,71753758290.647,URY
2022,Uruguay,6.494,1.617,1.445,0.435,0.683,0.102,0.254,URY2022,9.104,70164683290.378,20691.974,7.877,4.245,4.707,-3.711,36.514,29.873,18.713,63181504841.792,URY
2021,Uruguay,6.474,1.615,1.18,0.672,0.665,0.103,0.265,URY2021,7.748,60760798595.544,17888.212,9.328,11.181,5.562,-2.462,31.722,29.092,17.812,54661497469.564,URY
2020,Uruguay,6.431,1.164,1.042,0.649,0.625,0.128,0.223,URY2020,9.756,53668636567.867,15789.686,10.413,10.977,-7.38,-0.728,34.62,30.786,18.515,50779391680.796,URY
2019,Uruguay,6.44,1.071,1.425,0.857,0.594,0.132,0.193,URY2019,7.882,62222325807.058,18315.735,8.836,8.256,0.928,1.293,32.067,30.64,17.865,59174795690.019,URY
2018,Uruguay,6.293,,,,,,,URY2018,7.607,65344576348.228,19249.94,8.336,7.526,0.165,-0.461,31.913,31.353,18.325,61677734383.874,URY
2017,Uruguay,6.379,,,,,,,URY2017,6.218,65006039994.56,19184.663,7.89,5.68,1.74,0.011,31.248,29.707,18.077,61449241065.824,URY
2016,Uruguay,6.454,,,,,,,URY2016,9.639,57480788390.258,17009.759,7.841,8.165,1.69,0.825,35.221,33.11,21.732,54820503514.286,URY
2015,Uruguay,6.545,,,,,,,URY2015,8.666,57680327998.669,17125.902,7.488,9.855,0.371,-0.255,29.576,28.124,17.096,55232403158.343,URY
2014,Uruguay,6.485,,,,,,,URY2014,8.877,61496186973.902,18322.428,6.547,10.221,3.239,-2.989,29.581,28.714,17.275,57758605834.761,URY
2012,Uruguay,6.355,,,,,,,URY2012,8.098,54232266358.781,16259.594,6.451,9.413,3.538,-3.755,28.843,28.302,17.792,50380210747.357,URY
2011,Uruguay,5.898,,,,,,,URY2011,8.093,50342406067.078,15132.268,6.307,9.875,5.162,-2.611,27.735,28.604,18.199,48712391359.77,URY
2024,Uzbekistan,6.193,1.179,1.615,0.654,0.977,0.195,0.208,UZB2024,9.628,,,4.488,,,,,,,,UZB
2023,Uzbekistan,6.195,1.212,1.394,0.539,0.835,0.251,0.215,UZB2023,9.957,101591769702.343,2849.515,4.46,12.659,6.291,-7.678,23.65,20.491,11.649,100818361933.577,UZB
2022,Uzbekistan,6.014,1.227,1.347,0.375,0.74,0.26,0.208,UZB2022,11.447,90095926567.436,2578.667,4.49,14.463,6.001,-3.16,23.075,21.093,11.989,90999134200.679,UZB
2021,Uzbekistan,6.063,1.219,1.092,0.6,0.716,0.283,0.24,UZB2021,10.849,77340060003.035,2258.52,5.364,13.693,8.035,-6.332,22.954,19.461,13.363,77697421134.942,UZB
2020,Uzbekistan,6.179,0.769,1.027,0.528,0.716,0.391,0.271,UZB2020,12.868,66443265418.309,1978.281,5.293,10.61,1.563,-4.557,19.046,19.378,13.402,66603341567.817,UZB
2019,Uzbekistan,6.258,0.697,1.434,0.717,0.693,0.363,0.28,UZB2019,14.526,67293639798.4,2041.385,4.932,17.576,6.78,-5.01,14.996,18.056,11.302,68029857950.019,UZB
2018,Uzbekistan,6.174,,,,,,,UZB2018,17.524,58695899092.108,1813.085,5.389,25.881,5.559,-6.122,14.703,19.182,12.695,60203452154.762,UZB
2017,Uzbekistan,6.096,,,,,,,UZB2017,13.876,69703222282.728,2190.604,5.83,33.679,4.395,2.12,12.712,15.55,10.369,70916116486.52,UZB
2016,Uzbekistan,5.971,,,,,,,UZB2016,8.131,86138288644.171,2753.38,5.16,8.93,5.932,0.248,14.335,19.729,13.433,86990975030.901,UZB
2015,Uzbekistan,5.987,,,,,,,UZB2015,8.752,86196264755.31,2803.19,5.15,10.501,7.219,1.039,15.065,19.645,13.558,87622912878.422,UZB
2014,Uzbekistan,6.003,,,,,,,UZB2014,9.283,80845385809.453,2674.963,5.09,14.025,6.874,2.568,14.969,20.906,13.47,81960281654.202,UZB
2012,Uzbekistan,5.623,,,,,,,UZB2012,13.209,67517349212.061,2307.346,4.87,15.399,7.102,1.791,14.258,25.026,13.174,68310411486.024,UZB
2011,Uzbekistan,5.225,,,,,,,UZB2011,13.78,60178909297.208,2087.864,4.96,21.627,7.525,4.625,14.312,22.906,12.366,61313053176.586,UZB
2024,Venezuela,5.683,0.0,1.493,0.515,0.702,0.154,0.117,VEN2024,,,,5.475,,,,,,,,VEN
2023,Venezuela,5.607,0.0,1.321,0.491,0.518,0.192,0.086,VEN2023,,,,5.485,,,,,,,,VEN
2022,Venezuela,5.211,0.0,1.257,0.341,0.369,0.205,0.084,VEN2022,,,,5.707,,,,,,,,VEN
2021,Venezuela,4.925,0.0,0.968,0.578,0.283,0.225,0.082,VEN2021,,,,7.037,,,,,,,,VEN
2020,Venezuela,4.892,0.852,0.897,0.574,0.284,0.078,0.072,VEN2020,,,,7.53,,,,,,,,VEN
2019,Venezuela,5.053,0.77,1.349,0.767,0.272,0.087,0.064,VEN2019,,,,5.876,,,,,,,,VEN
2018,Venezuela,4.707,,,,,,,VEN2018,,,,5.46,,,,,,,,VEN
2017,Venezuela,4.806,,,,,,,VEN2017,,,,5.045,,,,,,,,VEN
2016,Venezuela,5.25,,,,,,,VEN2016,254.949,,,5.319,,,,,,,,VEN
2015,Venezuela,6.084,,,,,,,VEN2015,121.738,,,6.137,,,,,,,,VEN
2014,Venezuela,6.81,,,,,,,VEN2014,62.169,482359318767.703,15943.613,6.821,40.44,-3.894,1.02,,,,476933862544.158,VEN
2012,Venezuela,7.039,,,,,,,VEN2012,21.069,381286237847.667,12901.417,6.601,14.059,5.626,0.678,,,,371208188282.47,VEN
2011,Venezuela,6.922,,,,,,,VEN2011,26.09,316482190800.364,10843.923,6.902,28.149,4.176,5.164,,,,308493145268.459,VEN
2024,Viet Nam,6.352,1.278,1.533,0.631,1.012,0.039,0.174,VNM2024,3.621,,,1.431,,,,,,,,VNM
2023,Viet Nam,6.043,1.331,1.267,0.539,0.843,0.094,0.16,VNM2023,3.253,429716969043.572,4282.089,1.645,1.906,5.046,6.012,,,,407253969043.888,VNM
2022,Viet Nam,5.763,1.349,1.212,0.381,0.741,0.134,0.122,VNM2022,3.157,410324028883.325,4116.386,1.523,4.051,8.124,0.342,,,,390409525932.523,VNM
2021,Viet Nam,5.485,1.252,0.932,0.611,0.707,0.143,0.105,VNM2021,1.835,366474752771.009,3704.194,2.385,2.881,2.554,-1.263,,,,347725576769.191,VNM
2020,Viet Nam,5.411,0.817,0.873,0.616,0.679,0.124,0.091,VNM2020,3.221,346615738537.796,3534.04,2.103,1.467,2.865,4.345,,,,331798335389.682,VNM
2019,Viet Nam,5.353,0.718,1.253,0.819,0.651,0.136,0.09,VNM2019,2.796,334365270496.667,3440.9,1.681,2.423,7.359,3.918,,,,317567408001.614,VNM
2018,Viet Nam,5.175,,,,,,,VNM2018,3.54,310106478394.659,3222.31,1.161,3.627,7.465,1.902,,,,294286042195.288,VNM
2017,Viet Nam,5.103,,,,,,,VNM2017,3.52,281353605986.903,2956.11,1.874,4.363,6.94,-0.586,,,,264356106349.992,VNM
2016,Viet Nam,5.074,,,,,,,VNM2016,2.668,257096001177.982,2735.06,1.848,1.82,6.69,0.243,,,,242953110901.302,VNM
2015,Viet Nam,5.061,,,,,,,VNM2015,0.631,239258328381.741,2577.569,1.848,-1.717,6.987,-0.853,,,,227116870128.414,VNM
2014,Viet Nam,5.36,,,,,,,VNM2014,4.085,233451469642.519,2546.385,1.256,3.698,6.422,4.009,,,,224605804804.237,VNM
2012,Viet Nam,5.533,,,,,,,VNM2012,9.095,195590661129.249,2185.118,1.027,9.078,5.505,4.821,,,,189361661225.274,VNM
2011,Viet Nam,5.425,,,,,,,VNM2011,18.678,172595049183.925,1950.925,0.999,21.414,6.413,0.137,,,,167761189190.507,VNM
2024,Yemen,3.561,0.631,1.482,0.375,0.447,0.066,0.106,YEM2024,,,,17.086,,,,,,,,YEM
2023,Yemen,3.561,0.671,1.281,0.293,0.362,0.08,0.113,YEM2023,,,477.409,17.091,,,,,,,,YEM
2021,Yemen,4.197,0.691,1.043,0.384,0.33,0.09,0.098,YEM2021,,,522.174,18.287,,,,,,,,YEM
2020,Yemen,3.658,0.329,0.831,0.272,0.268,0.092,0.089,YEM2020,,,559.565,17.953,,,,,,,,YEM
2019,Yemen,3.527,0.393,1.177,0.415,0.244,0.095,0.087,YEM2019,,,623.376,17.202,,,,,,,,YEM
2018,Yemen,3.38,,,,,,,YEM2018,,21606160783.984,633.887,17.584,14.854,0.752,,,,,20996364431.252,YEM
2017,Yemen,3.355,,,,,,,YEM2017,,26842228828.563,811.166,18.603,18.554,-5.072,,,,,26106000074.582,YEM
2016,Yemen,3.593,,,,,,,YEM2016,,31317824943.207,975.359,18.416,0.134,-9.375,-7.724,,,,30921701659.496,YEM
2015,Yemen,3.724,,,,,,,YEM2015,,42444489522.23,1362.174,17.9,46.476,-27.995,-7.129,,,,41437133275.722,YEM
2014,Yemen,4.077,,,,,,,YEM2014,8.105,43228585321.327,1430.164,13.467,7.163,-0.189,-3.443,,,,40801643750.291,YEM
2012,Yemen,4.054,,,,,,,YEM2012,9.885,35401331609.592,1245.051,13.473,5.893,2.393,-0.945,,,,33831688609.842,YEM
2011,Yemen,4.454,,,,,,,YEM2011,19.544,32726417878.391,1186.475,13.311,18.114,-12.715,-1.611,,,,30388993336.296,YEM
2024,Zambia,3.912,0.848,1.013,0.233,0.872,0.131,0.107,ZMB2024,,,,5.961,,,,,,,,ZMB
2023,Zambia,3.502,0.899,0.809,0.264,0.727,0.168,0.109,ZMB2023,10.885,27577956471.244,1330.728,5.905,7.095,5.368,-2.113,,,,26271802177.299,ZMB
2022,Zambia,3.982,0.914,0.89,0.095,0.545,0.189,0.08,ZMB2022,10.993,29163782140.486,1447.123,5.995,6.14,5.211,3.748,,,,27416151733.239,ZMB
2021,Zambia,3.76,0.93,0.577,0.306,0.525,0.203,0.083,ZMB2021,22.021,22096416932.009,1127.161,5.199,25.143,6.235,11.9,25.137,21.967,16.78,20174571689.659,ZMB
2020,Zambia,4.073,0.528,0.552,0.231,0.487,0.227,0.074,ZMB2020,15.733,18137764930.651,951.644,6.033,13.914,-2.785,11.791,25.372,19.581,16.418,17628788924.042,ZMB
2019,Zambia,3.759,0.537,0.896,0.364,0.491,0.251,0.087,ZMB2019,9.15,23308667781.226,1258.986,5.542,7.633,1.441,0.604,21.956,19.596,16.678,22904080806.827,ZMB
2018,Zambia,4.107,,,,,,,ZMB2018,7.495,26311507273.674,1463.9,5.033,7.412,4.034,-1.301,20.111,19.411,16.587,25904703273.457,ZMB
2017,Zambia,4.377,,,,,,,ZMB2017,6.577,25873601260.835,1483.466,4.529,10.073,3.526,-1.681,20.922,16.851,15.185,24726787496.717,ZMB
2016,Zambia,4.514,,,,,,,ZMB2016,17.87,20958412538.309,1239.085,5.239,13.576,3.755,-4.552,22.409,18.132,13.353,20311304651.433,ZMB
2015,Zambia,4.795,,,,,,,ZMB2015,10.111,21251216798.776,1295.878,5.942,6.659,2.92,-3.612,23.234,18.296,14.394,20839208733.139,ZMB
2014,Zambia,5.129,,,,,,,ZMB2014,7.807,27141023558.083,1707.486,6.571,5.441,4.693,-1.427,20.256,17.738,15.761,26589065800.162,ZMB
2012,Zambia,5.006,,,,,,,ZMB2012,6.576,25503060420.026,1710.051,7.85,6.992,7.597,5.379,16.532,16.668,14.892,25071084452.043,ZMB
2011,Zambia,4.705,,,,,,,ZMB2011,6.429,23459515275.578,1624.868,10.545,11.107,5.569,4.658,14.496,17.468,14.716,22302537247.722,ZMB
2024,Zimbabwe,3.396,0.827,0.961,0.178,0.598,0.065,0.131,ZWE2024,,,,8.554,,,,,,,,ZWE
2023,Zimbabwe,3.341,0.748,0.85,0.232,0.487,0.096,0.131,ZWE2023,,35231367885.855,2156.034,8.759,921.536,5.337,0.38,,,,34796066708.941,ZWE
2022,Zimbabwe,3.204,0.758,0.881,0.069,0.363,0.112,0.117,ZWE2022,104.705,32789751736.332,2040.552,10.087,266.987,6.139,0.93,,,,32026941089.152,ZWE
2021,Zimbabwe,2.995,0.947,0.69,0.27,0.329,0.106,0.105,ZWE2021,98.546,27240515108.805,1724.388,9.54,113.295,8.468,1.278,,,,26621784726.578,ZWE
2020,Zimbabwe,3.145,0.457,0.649,0.243,0.359,0.157,0.075,ZWE2020,557.202,26867936444.683,1730.413,8.621,604.946,-7.817,4.08,,,,26329744652.409,ZWE
2019,Zimbabwe,3.299,0.426,1.048,0.375,0.377,0.151,0.081,ZWE2019,255.305,25717409842.448,1684.028,7.373,225.395,-6.332,3.579,,,,25261574788.757,ZWE
2018,Zimbabwe,3.663,,,,,,,ZWE2018,10.619,34156069918.061,2271.853,6.793,3.554,5.01,-4.039,10.977,8.117,7.215,33442898974.535,ZWE
2017,Zimbabwe,3.692,,,,,,,ZWE2017,0.894,51074660513.372,3448.083,6.344,199.325,4.08,-0.531,9.783,5.958,5.466,49083524563.156,ZWE
2016,Zimbabwe,3.875,,,,,,,ZWE2016,-1.544,20548678100.0,1407.415,5.886,2.014,0.901,-3.394,25.236,17.195,15.458,18002592300.0,ZWE
2015,Zimbabwe,4.193,,,,,,,ZWE2015,-2.431,19963120600.0,1386.423,5.377,0.367,2.024,-7.998,21.809,19.003,17.673,17604879500.0,ZWE
2014,Zimbabwe,4.61,,,,,,,ZWE2014,-0.198,19495519600.0,1372.213,4.774,0.625,1.485,-11.971,,,,17300432200.0,ZWE
2012,Zimbabwe,4.827,,,,,,,ZWE2012,3.725,17114849900.0,1238.601,5.061,4.856,15.745,-13.308,20.212,20.395,17.835,15245882400.0,ZWE
2011,Zimbabwe,3.978,,,,,,,ZWE2011,3.466,14101920300.0,1037.255,5.368,2.172,14.62,-19.497,19.077,20.673,17.928,12515356900.0,ZWE
