,year_x,rank,country_name_x,life_evaluation_3_year_average,lower_whisker,upper_whisker,explained_by_log_gdp_per_capita,explained_by_social_support,explained_by_healthy_life_expectancy,explained_by_freedom_to_make_life_choices,explained_by_generosity,explained_by_perceptions_of_corruption,dystopia__residual,iso_3_x,iso3_year,country_name_y,country_id,year_y,inflation_cpi_,gdp_current_usd,gdp_per_capita_current_usd,unemployment_rate_,interest_rate_real_,inflation_gdp_deflator_,gdp_growth__annual,current_account_balance__gdp,government_expense__of_gdp,government_revenue__of_gdp,tax_revenue__of_gdp,gross_national_income_usd,public_debt__of_gdp,iso_3_y,iso3
0,2024,147,Afghanistan,1.364,1.301,1.427,0.649,0.0,0.155,0.0,0.075,0.135,0.348,AFG,AFG2024,Afghanistan,af,2024,-6.60118564073726,,,13.295,,,,,,,,,,AFG,AFG
1,2023,143,Afghanistan,1.721,1.667,1.775,0.628,0.0,0.242,0.0,0.091,0.088,0.672,AFG,AFG2023,Afghanistan,af,2023,-4.64470870797775,17233051620.1117,415.707417059086,13.991,,2.9616535410169,2.71088679128353,,,,,17315384702.8949,,AFG,AFG
2,2022,137,Afghanistan,1.859,1.795,1.923,0.645,0.0,0.087,0.0,0.093,0.059,0.976,AFG,AFG2022,Afghanistan,af,2022,13.7121023720065,14497243872.1337,357.261152798144,14.1,,9.40623933931322,-6.24017199240269,,,,,14540297385.7235,,AFG,AFG
3,2021,146,Afghanistan,2.404,2.339,2.469,0.758,0.0,0.289,0.0,0.089,0.005,1.263,AFG,AFG2021,Afghanistan,af,2021,5.13320340824963,14259995441.0759,356.496214115892,11.994,,2.83899625081041,-20.7388393676343,,,,,14346089107.5906,,AFG,AFG
4,2020,150,Afghanistan,2.523,2.449,2.596,0.37,0.0,0.126,0.0,0.122,0.01,1.895,AFG,AFG2020,Afghanistan,af,2020,5.60188791482224,19955929052.1496,510.787063366811,11.71,,6.9629462552564,-2.35110067203466,-15.7183027911684,,,,20105156769.1907,,AFG,AFG
5,2019,153,Afghanistan,2.56690001487732,2.5055296421051,2.62827038764954,0.300705850124359,0.356433838605881,0.266051530838013,0.0,0.135234713554382,0.00122578535228968,1.50723564624786,AFG,AFG2019,Afghanistan,af,2019,2.30237251516834,18799444490.1128,496.6025042585,11.185,,6.52147984832531,3.91160341625552,-20.1704643881064,,,,19080662010.7479,,AFG,AFG
6,2018,154,Afghanistan,3.203,,,,,,,,,,AFG,AFG2018,Afghanistan,af,2018,0.626149149168847,18053222687.4126,491.337221382603,11.196,,2.07134857783487,1.18922812944517,-21.5852741164653,,,,18294513957.5523,,AFG,AFG
7,2017,145,Afghanistan,3.632,,,,,,,,,,AFG,AFG2017,Afghanistan,af,2017,4.97595150553833,18753456497.8159,525.469770891619,11.184,12.1411782956513,2.40365618765746,2.6470032027451,-18.9559612272258,39.2201099807684,13.0392622227544,9.89845089688421,18961769787.4548,,AFG,AFG
8,2016,141,Afghanistan,3.794,,,,,,,,,,AFG,AFG2016,Afghanistan,af,2016,4.38389195513915,18116572395.0772,522.082215583898,10.133,17.5839381624543,-2.19752646733461,2.26031420279821,-14.9501951919169,43.9227656125389,12.678009904576,9.50265278288094,18350475875.2999,,AFG,AFG
9,2015,154,Afghanistan,3.36,,,,,,,,,,AFG,AFG2015,Afghanistan,af,2015,-0.661709164713742,19134221644.7325,565.569730408751,9.052,12.2525481629518,2.44756300147404,1.45131466066431,-21.9126573355151,37.0225695736427,10.1311181683697,7.58538233129798,19249499438.7455,,AFG,AFG
10,2014,153,Afghanistan,3.575,,,,,,,,,,AFG,AFG2014,Afghanistan,af,2014,4.67399603536345,20497128555.6972,625.054941813938,7.915,14.3516893380043,0.56694454253261,2.72454336219565,-15.7724198274304,44.5892994893339,8.61373050462046,6.88210294277301,20559672324.9094,,AFG,AFG
11,2012,143,Afghanistan,4.04,,,,,,,,,,AFG,AFG2012,Afghanistan,af,2012,6.44121280934117,19907329777.5872,651.417134470046,7.856,7.17438724753763,7.30175646760432,12.7522870926697,-25.8706814974751,42.3292514484608,10.2006246425162,7.70780060287773,19961261595.0253,,AFG,AFG
12,2011,131,Afghanistan,4.258,,,,,,,,,,AFG,AFG2011,Afghanistan,af,2011,11.8041858089129,17805098206.3141,606.694676337726,7.784,-1.24150600982001,16.5933467401627,0.426354776777345,-12.6195382087159,59.4847758807514,11.5101607150307,8.91679399595736,17781511431.23,,AFG,AFG
13,2024,89,Albania,5.411,5.284,5.539,1.371,1.122,0.696,0.841,0.103,0.057,1.22,ALB,ALB2024,Albania,al,2024,2.21448953273294,,,10.25,,,,,,,,,,ALB,ALB
14,2023,87,Albania,5.304,5.168,5.44,1.438,0.924,0.638,0.69,0.138,0.049,1.428,ALB,ALB2023,Albania,al,2023,4.75976421930106,23547179830.4413,8575.17113446213,10.108,0.269282388635442,6.06604947510885,3.93662525742167,-1.19632174783293,25.3755478830869,24.6966618604512,17.7598691790862,23246482646.2791,,ALB,ALB
15,2022,83,Albania,5.277,5.148,5.406,1.449,0.951,0.48,0.549,0.133,0.037,1.678,ALB,ALB2022,Albania,al,2022,6.7252027153006,19017242585.7803,6846.42614266044,10.137,-3.05375879949315,9.86157415467682,4.82668831434437,-5.87243640069213,27.0031560091842,24.7316671433025,18.0607801341719,18686023829.0718,,ALB,ALB
16,2021,90,Albania,5.199,5.076,5.321,1.439,0.646,0.719,0.511,0.138,0.028,1.718,ALB,ALB2021,Albania,al,2021,2.04147163139545,18032010563.7558,6413.28328605026,11.474,2.49145230404806,3.44439880912799,8.96955339178935,-7.59590759205624,24.3982953106337,25.0469485692247,18.0962068478767,17780838454.9845,81.9201331889469,ALB,ALB
17,2020,94,Albania,5.117,5.001,5.234,1.008,0.529,0.646,0.491,0.168,0.024,2.25,ALB,ALB2020,Albania,al,2020,1.62088661717004,15241458744.8688,5370.77862312929,11.69,6.0772727041326,0.0410649973272115,-3.31371614712083,-8.62504716701021,24.6048161569975,23.7009816062144,16.8955410660668,14991229141.5555,83.4542023884025,ALB,ALB
18,2019,105,Albania,4.88269996643066,4.77271318435669,4.99268674850464,0.906653046607971,0.830483913421631,0.846329629421234,0.46194589138031,0.171027764678001,0.0253612846136093,1.64089703559875,ALB,ALB2019,Albania,al,2019,1.41109078954251,15585105131.0644,5460.42823730592,11.466,5.2229818174808,1.00059083830071,2.06256753999989,-7.82064680790707,22.8784056708212,24.8457261380567,17.9310014480832,15383523591.8511,74.8082829284774,ALB,ALB
19,2018,107,Albania,4.719,,,,,,,,,,ALB,ALB2018,Albania,al,2018,2.02805963071135,15379509891.7196,5365.48934672897,12.304,2.88052489157228,2.9665236560994,4.01934561695576,-6.60766413996776,22.9293200978631,25.1079065752234,18.2769508764808,15361070727.3542,63.6337624893814,ALB,ALB
20,2017,112,Albania,4.586,,,,,,,,,,ALB,ALB2017,Albania,al,2017,2.06059845920226,13019726211.7369,4531.03220675893,13.616,4.70106853289222,1.45073158124514,3.80259872019053,-7.54422875202925,23.8675876185324,25.7331287923882,18.8874860606848,13051517643.6213,75.8887278169195,ALB,ALB
21,2016,109,Albania,4.644,,,,,,,,,,ALB,ALB2016,Albania,al,2016,-0.367317209784652,11861199830.8396,4124.05538986272,15.418,7.41372325944537,-0.632653419095547,3.31498068384137,-7.59082599857198,23.9567294338323,24.2785737521554,17.590229809729,12053832974.203,80.7355819675527,ALB,ALB
22,2015,109,Albania,4.655,,,,,,,,,,ALB,ALB2015,Albania,al,2015,3.50120835492657,11386853113.0189,3952.80357364813,17.193,7.27249242163997,0.563991350160876,2.21872637517804,-8.60488046763521,24.4461757489854,24.738150200759,18.5157898553099,11521811393.6203,79.8644181475793,ALB,ALB
23,2014,95,Albania,4.959,,,,,,,,,,ALB,ALB2014,Albania,al,2014,1.62586504402604,13228147516.1168,4578.63320812155,18.055,6.32455753333484,1.54991706986272,1.77444885260394,-10.7753990397848,24.3826654387392,24.5250980968319,18.3019361358269,13349419700.4171,73.3202274771466,ALB,ALB
24,2012,62,Albania,5.55,,,,,,,,,,ALB,ALB2012,Albania,al,2012,2.03159268395296,12319834195.331,4247.63134315945,13.376,9.73611207346728,1.04271460643407,1.4172427999078,-10.2001762330966,23.007590723666,23.0507101156878,17.4832335567459,12228069196.1144,63.6691526405469,ALB,ALB
25,2011,88,Albania,5.134,,,,,,,,,,ALB,ALB2011,Albania,al,2011,3.42807130141503,12890760315.146,4437.14116097061,13.481,9.88846223555399,2.31474379699794,2.54540614450104,-12.9331014515688,23.0111069763437,23.9003193851567,18.0220132797796,12894099798.9481,69.6376739165201,ALB,ALB
26,2024,84,Algeria,5.571,5.469,5.674,1.315,1.363,0.782,0.522,0.057,0.219,1.313,DZA,DZA2024,Algeria,dz,2024,4.04611455313434,,,11.427,,,,,,,,,,DZA,DZA
27,2023,85,Algeria,5.364,5.251,5.476,1.324,1.191,0.568,0.247,0.091,0.2,1.743,DZA,DZA2023,Algeria,dz,2023,9.32217375928322,247626161016.414,5364.02795022731,11.701,7.08459692081617,0.854841037372282,4.10000000000004,2.5680705576358,,,,244041138304.928,,DZA,DZA
28,2022,81,Algeria,5.329,5.207,5.451,1.353,1.298,0.409,0.252,0.073,0.152,1.791,DZA,DZA2022,Algeria,dz,2022,9.26551551551553,225638456572.143,4961.55257664733,12.346,-12.1603164451211,22.9512626061838,3.59999999999998,8.61249001435547,,,,220378411278.286,,DZA,DZA
29,2021,96,Algeria,5.122,5.03,5.215,1.363,0.97,0.643,0.146,0.106,0.15,1.744,DZA,DZA2021,Algeria,dz,2021,7.22606307415477,186231205262.082,4160.55926736925,13.63,-6.84242362997388,15.9325995891296,3.79999999999995,-2.42326388144805,,,,182588498523.667,,DZA,DZA
30,2020,110,Algeria,4.887,4.783,4.991,0.946,0.765,0.552,0.119,0.144,0.12,2.242,DZA,DZA2020,Algeria,dz,2020,2.41513094083414,164873415325.201,3743.5419522929,14.057,13.3398767225762,-4.71138391622452,-4.99999999999997,-11.0309095376359,,,,162137110259.921,,DZA,DZA
31,2019,100,Algeria,5.00509977340698,4.91839742660522,5.09180212020874,0.943856000900269,1.14300358295441,0.745418548583984,0.0839437991380692,0.118915013968945,0.129190653562546,1.84081172943115,DZA,DZA2019,Algeria,dz,2019,1.95176821052892,193459662090.677,4468.45341883656,12.259,7.05471454843042,0.882992828066392,0.899999999999949,-8.76373598794007,,,,189548593096.822,,DZA,DZA
32,2018,88,Algeria,5.211,,,,,,,,,,DZA,DZA2018,Algeria,dz,2018,4.26999020467084,194554483655.528,4577.21029180491,12.137,1.72874977200737,6.16467836481588,1.40000000000002,-8.68941296193565,,,,190390454064.656,,DZA,DZA
33,2017,84,Algeria,5.295,,,,,,,,,,DZA,DZA2017,Algeria,dz,2017,5.59111590961664,189880896903.073,4554.66753957828,12.0,2.91790628036071,4.93800729466362,1.50000000000003,-11.6217683736912,,,,187682164214.748,,DZA,DZA
34,2016,53,Algeria,5.872,,,,,,,,,,DZA,DZA2016,Algeria,dz,2016,6.39769480268757,180763839522.151,4424.98529027556,10.202,7.0826356700273,0.85668822422295,3.89999999999995,-14.4962877563746,,,,179594281655.137,,DZA,DZA
35,2015,38,Algeria,6.355,,,,,,,,,,DZA,DZA2015,Algeria,dz,2015,4.78444700693889,187493855609.345,4685.05902729002,11.206,13.6683505551797,-4.98674479527003,3.20000000000009,-14.4205446442816,,,,183649437186.975,,DZA,DZA
36,2014,68,Algeria,5.605,,,,,,,,,,DZA,DZA2014,Algeria,dz,2014,2.91692692067458,238942664192.59,6094.69392314956,10.207,6.4559997995197,1.45036466088149,4.09999999999997,-3.8772158836163,,,,234461348665.993,,DZA,DZA
37,2012,73,Algeria,5.422,,,,,,,,,,DZA,DZA2012,Algeria,dz,2012,8.89145091062317,227143746075.934,6033.64884689543,10.97,-0.0022652617760208,8.0024465381386,2.40000000000005,5.32371106942359,,,,224964112461.511,,DZA,DZA
38,2011,71,Algeria,5.368,,,,,,,,,,DZA,DZA2011,Algeria,dz,2011,4.5242115050527,218331946925.304,5916.31364364343,9.96,-7.62022648883789,16.908708362389,2.99999999999984,8.09495300569721,,,,216589368243.66,,DZA,DZA
39,2017,142,Angola,3.795,,,,,,,,,,AGO,AGO2017,Angola,ao,2017,29.8444799015679,73690154990.7312,2437.25971190821,16.61,-5.55269798180705,22.6145140271114,-0.147212941085755,-0.858821843953161,16.671137232855,16.3605914340827,9.223777502108,69161228469.8929,,AGO,AGO
40,2016,140,Angola,3.795,,,,,,,,,,AGO,AGO2016,Angola,ao,2016,30.6944150806719,52761617225.9253,1807.95294072643,16.575,-4.92200309730116,21.7742355863884,-2.58004964404932,-5.84742399005694,17.5116639833286,15.7207693755968,9.73251248352788,50010057163.2154,,AGO,AGO
41,2015,141,Angola,3.866,,,,,,,,,,AGO,AGO2015,Angola,ao,2015,9.35597215533784,90496420506.5957,3213.90261080059,16.49,21.1441815303596,-3.51838534598478,0.943571561325001,-11.351655507595,20.8188316179919,18.7766449722372,11.0020190179303,85895384573.1888,,AGO,AGO
42,2014,137,Angola,4.033,,,,,,,,,,AGO,AGO2014,Angola,ao,2014,7.28038730361121,135966802586.713,5005.9997412707,16.406,12.3805297698054,3.56088477205805,4.82255926962156,-2.75620042901358,27.967359355335,30.8845485149836,13.5426301621262,127708790750.385,,AGO,AGO
43,2012,61,Angola,5.589,,,,,,,,,,AGO,AGO2012,Angola,ao,2012,10.2779049218839,128052915766.343,5086.02740086376,16.562,8.76470624625945,7.25574990943825,8.54210707584141,10.80895743621,23.4498300606546,36.2254242348639,14.8227191113256,117631162045.945,,AGO,AGO
44,2011,135,Angola,4.178,,,,,,,,,,AGO,AGO2011,Angola,ao,2011,13.4824679218511,111789747670.59,4615.91059831778,16.77,-9.8763568407953,31.7714601558986,3.47205314798103,11.7046835510956,26.671321487158,44.5922851492752,16.1034124367128,102092420981.586,,AGO,AGO
45,2024,42,Argentina,6.397,6.302,6.492,1.504,1.622,0.579,0.824,0.048,0.083,1.736,ARG,ARG2024,Argentina,ar,2024,,,,7.876,,,,,,,,,,ARG,ARG
46,2023,48,Argentina,6.188,6.07,6.306,1.562,1.381,0.585,0.681,0.087,0.08,1.812,ARG,ARG2023,Argentina,ar,2023,,646075277525.125,14187.4827252965,6.139,-16.7714229097284,135.368876310592,-1.61100162090189,-3.24351254822955,,,,632729881149.353,,ARG,ARG
47,2022,52,Argentina,6.024,5.9,6.147,1.59,1.388,0.427,0.587,0.088,0.082,1.861,ARG,ARG2022,Argentina,ar,2022,,632790070063.124,13935.6811110049,6.805,-10.2880388707095,69.8760842459268,5.26987967384072,-0.640820188045601,21.9065121206432,17.9272315382489,11.1228688536464,621165221747.635,,ARG,ARG
48,2021,57,Argentina,5.967,5.844,6.09,1.592,1.102,0.662,0.555,0.081,0.085,1.891,ARG,ARG2021,Argentina,ar,2021,,486564085480.036,10738.0179223384,8.736,-11.8618379621172,53.8020877665554,10.4418119882506,1.36154422203441,22.8967901577179,18.0764987503097,11.5000669715845,476802271007.631,,ARG,ARG
49,2020,58,Argentina,5.929,5.819,6.04,1.162,0.98,0.646,0.544,0.069,0.067,2.461,ARG,ARG2020,Argentina,ar,2020,,385740508436.965,8535.59938004389,11.461,-7.63517421630372,40.0830878011993,-9.9004848136464,0.696935361136032,25.8405307644744,17.4787021945702,10.8658963820494,375344057341.93,,ARG,ARG
50,2019,55,Argentina,5.97469997406006,5.86995410919189,6.07944583892822,1.02846562862396,1.37254369258881,0.849773705005646,0.520840346813202,0.0701004713773727,0.0604150593280792,2.07254099845886,ARG,ARG2019,Argentina,ar,2019,,447754683615.225,9955.97478680428,9.843,12.1039696489828,49.1955790596612,-2.00086100285785,-0.779998447561849,22.036480926619,18.7362995826707,10.5943975145081,430166792070.565,,ARG,ARG
51,2018,47,Argentina,6.086,,,,,,,,,,ARG,ARG2018,Argentina,ar,2018,,524819892360.176,11752.7998922979,9.22,4.56440909873515,42.0336689575031,-2.61739646282038,-5.16055257152294,22.6877806247463,17.7024483876111,9.99239008384335,506094045059.703,,ARG,ARG
52,2017,29,Argentina,6.388,,,,,,,,,,ARG,ARG2017,Argentina,ar,2017,,643628393281.364,14532.5009308511,8.347,0.455892832330463,26.0063792819079,2.81850297775918,-4.83995921807391,24.2825320419979,19.3371239744582,10.939623860491,627200463933.824,,ARG,ARG
53,2016,24,Argentina,6.599,,,,,,,,,,ARG,ARG2016,Argentina,ar,2016,,557532320662.955,12699.9623137756,8.085,-7.00603984304116,41.1193799882279,-2.08032784377811,-2.70922168361454,26.1799164832469,21.2567013071388,12.0972836411962,545251641127.714,,ARG,ARG
54,2015,26,Argentina,6.65,,,,,,,,,,ARG,ARG2015,Argentina,ar,2015,,594749285413.212,13679.6264980954,7.579,-1.31470878459509,26.5799916024707,2.73115982828944,-2.96292666513535,25.0083932347048,22.1490803040164,12.3365069418291,583615452086.538,,ARG,ARG
55,2014,30,Argentina,6.574,,,,,,,,,,ARG,ARG2014,Argentina,ar,2014,,526319673731.638,12233.1444119186,7.268,-11.6006987702161,40.2829716315506,-2.51261532081394,-1.74400211981355,24.5697808575806,22.3322943705014,12.6109666067191,515532241212.846,,ARG,ARG
56,2012,29,Argentina,6.562,,,,,,,,,,ARG,ARG2012,Argentina,ar,2012,,545982375701.128,12949.717486654,7.217,-6.74819555440488,22.3148806733049,-1.0264204544321,-0.39159512386959,,21.182234604867,12.9528415127413,533073608485.977,,ARG,ARG
57,2011,39,Argentina,6.242,,,,,,,,,,ARG,ARG2011,Argentina,ar,2011,,530158122010.442,12704.2831819684,7.18,-7.77340523607891,23.7034721839593,6.00395169280579,-1.00728084144866,,20.196408074281,12.6636277012315,515004538945.145,,ARG,ARG
58,2024,87,Armenia,5.494,5.391,5.596,1.391,1.349,0.828,0.786,0.032,0.158,0.95,ARM,ARM2024,Armenia,am,2024,0.269511978259125,,,13.329,,,,,,,,,,ARM,ARM
59,2023,82,Armenia,5.455,5.35,5.56,1.444,1.154,0.603,0.65,0.051,0.173,1.379,ARM,ARM2023,Armenia,am,2023,1.98041877615554,24085749592.3359,8053.01066312345,13.245,9.45938580104027,2.67300354889213,8.29999999959539,-2.3097864408313,21.034321345275,23.9751667767644,22.4818625824234,23434106610.7827,48.2562845172053,ARM,ARM
60,2022,79,Armenia,5.342,5.213,5.47,1.466,1.134,0.443,0.551,0.053,0.16,1.534,ARM,ARM2022,Armenia,am,2022,8.64091108973855,19513506553.1251,6571.97445545099,13.379,3.45742932246251,7.98587852828175,12.5999999997766,0.331693235139525,21.1627548327889,23.4564175842604,21.8271552378304,18991671827.7595,46.5518225541677,ARM,ARM
61,2021,82,Armenia,5.399,5.278,5.519,1.434,0.82,0.668,0.558,0.054,0.21,1.654,ARM,ARM2021,Armenia,am,2021,7.18483629443371,13878908628.9378,4685.17997128509,15.469,4.5475881609954,6.90051365787157,5.80000000065645,-3.47997395796116,24.968529504044,23.3878288710777,22.0010047423132,13479935696.4488,60.080359768226,ARM,ARM
62,2020,87,Armenia,5.283,5.168,5.397,0.996,0.758,0.585,0.54,0.079,0.198,2.127,ARM,ARM2020,Armenia,am,2020,1.21143577838465,12641698583.2152,4268.68093304583,18.175,9.63911034033596,1.80659270159933,-7.19999999920631,-3.99777390668494,26.5812877778437,24.1447323127042,21.8604192761626,12439008672.029,63.4012140067668,ARM,ARM
63,2019,116,Armenia,4.67679977416992,4.56195306777954,4.7916464805603,0.808262407779694,1.03457689285278,0.775857269763947,0.378075808286667,0.107225738465786,0.104618184268475,1.46816158294678,ARM,ARM2019,Armenia,am,2019,1.44344660770698,13619290539.2116,4597.22887399548,18.304,10.9595785635957,1.06562263923419,7.59999999853918,-7.05686573000043,21.7584805720085,23.9412409977605,22.2851709900772,13807148386.5538,50.0284206863703,ARM,ARM
64,2018,116,Armenia,4.559,,,,,,,,,,ARM,ARM2018,Armenia,am,2018,2.52023382001638,12457940694.7395,4196.00562301769,18.966,9.73397739946579,2.78770951425761,5.19999999965324,-7.2281230237955,22.0768137564949,22.4536343721739,20.8701039031814,12658281183.7745,,ARM,ARM
65,2017,129,Armenia,4.321,,,,,,,,,,ARM,ARM2017,Armenia,am,2017,0.969553268816138,11527458709.0158,3869.05373867752,17.704,11.9973399575166,2.15064189848613,7.50000000164144,-1.260724020147,22.6297249923647,22.5254651052115,20.7806533587524,11933013892.6253,,ARM,ARM
66,2016,121,Armenia,4.376,,,,,,,,,,ARM,ARM2016,Armenia,am,2016,-1.403607559009,10546136235.5219,3524.42476874707,17.617,17.0423595080455,0.268575076501392,0.199999999825991,-0.956577968660235,25.7115181584805,22.8347288893173,21.2773752756378,10791195836.7939,,ARM,ARM
67,2015,121,Armenia,4.36,,,,,,,,,,ARM,ARM2015,Armenia,am,2015,3.73169119261693,10553337518.414,3512.39350276709,18.261,16.1800096730379,1.21390990471085,3.19999999896625,-2.66180705584758,25.0779813488419,23.0924926716717,20.931220827141,10981745035.9775,,ARM,ARM
68,2014,127,Armenia,4.35,,,,,,,,,,ARM,ARM2014,Armenia,am,2014,2.98130868933672,11609513246.7958,3852.11800610384,17.498,13.7812486601176,2.30918242990974,3.60000000058993,-7.76786633240124,23.9875580530759,24.5145567085198,21.5991745525223,12131729269.7992,,ARM,ARM
69,2012,128,Armenia,4.316,,,,,,,,,,ARM,ARM2012,Armenia,am,2012,2.55802007757907,10619320682.9474,3511.56399687426,17.511,11.2811932906832,5.34580441814725,7.20000000096486,-9.96233164214969,21.3736421560682,22.597804052938,17.4916420766113,11042356845.1045,,ARM,ARM
70,2011,122,Armenia,4.474,,,,,,,,,,ARM,ARM2011,Armenia,am,2011,7.65000807859294,10142111824.5835,3349.55309771906,18.884,12.9197578932998,4.28154999826118,4.69999999867412,-10.4403281934474,22.5680163171222,22.7264264431653,17.2194190490991,10502185416.5704,,ARM,ARM
71,2024,11,Australia,6.974,6.89,7.057,1.767,1.647,0.841,0.857,0.164,0.285,1.413,AUS,AUS2024,Australia,au,2024,3.1616142830575,,,4.072,,,,,,,,,,AUS,AUS
72,2023,10,Australia,7.057,6.973,7.141,1.854,1.461,0.692,0.756,0.225,0.323,1.745,AUS,AUS2023,Australia,au,2023,5.5970149253731,1728057316695.61,64820.9117890026,3.668,,6.51199894950456,3.44199220009025,-0.300085449771847,,,,1653703105439.57,,AUS,AUS
73,2022,12,Australia,7.095,7.009,7.18,1.899,1.497,0.532,0.677,0.242,0.31,1.938,AUS,AUS2022,Australia,au,2022,6.59409671341846,1690858246994.43,64997.0136536475,3.728,,7.17553361510235,4.24238555336139,0.337521409077968,27.6611156622091,26.2050551660302,23.6279512463691,1626539969365.68,58.0466964106785,AUS,AUS
74,2021,12,Australia,7.162,7.081,7.244,1.9,1.203,0.772,0.676,0.258,0.341,2.011,AUS,AUS2021,Australia,au,2021,2.86391042204994,1556735770437.26,60607.7788605166,5.116,,3.0799498600023,2.11116814768786,2.61066078948374,32.6329859403151,25.6932278976825,23.0612679317794,1539273615554.95,70.0109117652417,AUS,AUS
75,2020,12,Australia,7.183,7.102,7.265,1.453,1.076,0.801,0.647,0.291,0.317,2.598,AUS,AUS2020,Australia,au,2020,0.846905537459305,1328414058378.38,51791.540179984,6.456,,1.88550119010648,-0.119590735829973,1.87433748291951,30.2551947530937,25.2824521626533,22.5909248948989,1298368829650.52,69.3215748590956,AUS,AUS
76,2019,12,Australia,7.22279977798462,7.14079141616821,7.30480813980103,1.31039643287659,1.47714626789093,1.02260768413544,0.621877193450928,0.324973613023758,0.33599641919136,2.1298041343689,AUS,AUS2019,Australia,au,2019,1.61076787290379,1392723834562.64,54972.7017885437,5.159,1.57806683471944,3.46820261012924,2.17154505737176,-0.0207105142276053,26.1765021550141,26.0764158312018,23.4084400141939,1345853874492.3,60.2260851971351,AUS,AUS
77,2018,11,Australia,7.228,,,,,,,,,,AUS,AUS2018,Australia,au,2018,1.91140094445691,1427809041019.44,57196.4220783778,5.3,3.32958805124833,1.86901478899458,2.87846971467883,-2.56116066582786,26.2293809326048,25.8433968768407,23.2084449619852,1382739590115.65,54.5030658860126,AUS,AUS
78,2017,10,Australia,7.272,,,,,,,,,,AUS,AUS2017,Australia,au,2017,1.94864740944527,1325582658156.54,53901.7145392154,5.592,1.53619552626779,3.65318441813451,2.27959179820343,-3.00161155039194,26.6338388364042,24.8416213648298,22.1103686445861,1289235106327.62,53.3164358193161,AUS,AUS
79,2016,9,Australia,7.284,,,,,,,,,,AUS,AUS2016,Australia,au,2016,1.27699094497324,1206836962281.84,49888.0410842736,5.711,6.12460674928936,-0.663157619625991,2.7593859723839,-3.6163121880746,26.9840896451806,24.863111114328,22.2755221320286,1178195299351.86,54.6779869160885,AUS,AUS
80,2015,9,Australia,7.313,,,,,,,,,,AUS,AUS2015,Australia,au,2015,1.50836672165921,1351296372254.31,56739.0265346593,6.055,6.23777334791279,-0.623858470510584,2.19016928695221,-4.31257611103591,26.7642142270028,24.5087167867797,21.8740706763168,1323697450186.41,46.4820384628409,AUS,AUS
81,2014,10,Australia,7.284,,,,,,,,,,AUS,AUS2014,Australia,au,2014,2.48792270531404,1468265356427.76,62544.0873773726,6.078,4.4816194821113,1.40539601622476,2.59528411594042,-3.09266163288854,26.2576336510283,24.3633439690171,21.897878678174,1429834007640.0,41.7223304965257,AUS,AUS
82,2012,10,Australia,7.35,,,,,,,,,,AUS,AUS2012,Australia,au,2012,1.76278015613196,1547532281116.4,68072.8732340801,5.225,5.07761464495177,1.8056989221342,3.91670942454073,-4.44404469042498,26.1190161107402,23.4348034100556,21.0990859163958,1500404222891.8,39.441661369273,AUS,AUS
83,2011,9,Australia,7.345,,,,,,,,,,AUS,AUS2011,Australia,au,2011,3.3038501560874,1398610616772.97,62605.600458306,5.083,1.44585192040902,6.20197668065047,2.40708018291988,-3.26400930085158,25.9965923165691,22.7076209026202,20.3225244773041,1342423020459.19,30.0953996273683,AUS,AUS
84,2024,17,Austria,6.81,6.728,6.891,1.791,1.592,0.814,0.856,0.179,0.28,1.297,AUT,AUT2024,Austria,at,2024,2.93791574279383,,,5.439,,,,,,,,,,AUT,AUT
85,2023,14,Austria,6.905,6.824,6.986,1.885,1.336,0.696,0.703,0.214,0.305,1.766,AUT,AUT2023,Austria,at,2023,7.81413417002832,511685203845.001,56033.573792065,5.264,,6.64765341628686,-0.954962366849259,1.32556377170149,46.4788740013619,44.619722844981,25.8904950501971,510079146471.293,78.3363673054487,AUT,AUT
86,2022,11,Austria,7.097,7.018,7.176,1.927,1.382,0.535,0.63,0.191,0.31,2.124,AUT,AUT2022,Austria,at,2022,8.5468699318845,471773629830.381,52176.6649141178,4.992,,4.75477834804261,5.27789421203715,-0.829086609771728,47.509529668642,44.4008134730886,26.206863593528,470636395218.873,76.2214007403381,AUT,AUT
87,2021,11,Austria,7.163,7.089,7.237,1.931,1.165,0.774,0.623,0.193,0.329,2.148,AUT,AUT2021,Austria,at,2021,2.7666666666667,480467037338.783,53648.7190742245,6.459,,1.92612910926519,4.79532910551458,1.71589946789047,50.0215856914731,44.9092836748603,26.014817481271,486755828420.147,96.0278211815402,AUT,AUT
88,2020,11,Austria,7.268,7.198,7.337,1.492,1.062,0.782,0.64,0.215,0.292,2.784,AUT,AUT2020,Austria,at,2020,1.38191063351862,434397601557.696,48716.4098900349,5.201,,2.59313274910787,-6.31825528670208,3.3513779974929,51.1591725615403,43.7622339600816,24.666005775658,439547216701.013,101.667208235561,AUT,AUT
89,2019,9,Austria,7.29419994354248,7.22880411148071,7.35959577560425,1.31728553771973,1.43744492530823,1.00093352794647,0.603368878364563,0.25550976395607,0.281256139278412,2.39844608306885,AUT,AUT2019,Austria,at,2019,1.53089564152644,442983642371.842,49885.9947355204,4.56,,1.47368476959242,1.7549764558533,2.38423045289808,43.9069061163649,44.2834046028578,25.8096620383826,443323100627.45,85.0546807677816,AUT,AUT
90,2018,10,Austria,7.246,,,,,,,,,,AUT,AUT2018,Austria,at,2018,1.9983798142954,452582294972.775,51194.0749841299,4.933,,1.81048023343624,2.48422086689928,0.908176708238319,44.1363840597814,44.0361607804554,25.7216448598991,450535680731.058,86.052092772266,AUT,AUT
91,2017,12,Austria,7.139,,,,,,,,,,AUT,AUT2017,Austria,at,2017,2.08126911385587,414926138132.691,47163.7425775142,5.561,,0.975317709275998,2.27225012037459,1.24444591726667,44.8654197632576,43.9889142703404,25.7616861075799,413348647948.824,91.234734613238,AUT,AUT
92,2016,13,Austria,7.006,,,,,,,,,,AUT,AUT2016,Austria,at,2016,0.891591752655362,393687359770.273,45061.4993920192,6.064,,1.81475079739224,2.11721967096108,2.57148776968201,45.553025088735,44.0859644565007,25.8220277699052,395807521992.608,96.9275662307516,AUT,AUT
93,2015,12,Austria,7.119,,,,,,,,,,AUT,AUT2015,Austria,at,2015,0.89656333526032,379546097300.633,43915.228020857,5.802,,2.29263492397251,1.30352309798889,1.58832680063968,46.3323461865485,45.5782350708836,27.2160274066387,378210199399.805,97.3280357189943,AUT,AUT
94,2014,13,Austria,7.2,,,,,,,,,,AUT,AUT2014,Austria,at,2014,1.60581182954474,438556021078.034,51314.9722616322,5.674,,2.00674390270015,0.755799076892799,2.31393875506261,47.3819786391457,45.2975197017324,26.8419027283415,443168199835.449,97.8910849273006,AUT,AUT
95,2012,8,Austria,7.369,,,,,,,,,,AUT,AUT2012,Austria,at,2012,2.48567562177015,406750487603.59,48250.4059142637,4.909,,2.09166482584344,0.628246179413949,1.51000017550336,46.5833364419865,44.4741976682037,26.1830994283732,409815209653.594,92.4903678869107,AUT,AUT
96,2011,13,Austria,7.227,,,,,,,,,,AUT,AUT2011,Austria,at,2011,3.2865791487538,428954737064.057,51116.8953522042,4.637,,1.81993753082695,2.92746790789693,1.58501011759763,45.7857004145268,43.8483096075377,25.6466391466356,433140701458.172,87.866630904677,AUT,AUT
97,2024,106,Azerbaijan,4.875,4.78,4.969,1.428,1.03,0.707,0.785,0.076,0.179,0.67,AZE,AZE2024,Azerbaijan,az,2024,2.21217188919901,,,5.594,,,,,,,,,,AZE,AZE
98,2023,101,Azerbaijan,4.893,4.768,5.018,1.433,0.876,0.496,0.668,0.112,0.199,1.11,AZE,AZE2023,Azerbaijan,az,2023,8.78543049849081,72356176470.5882,7125.90858368611,5.636,25.5211682288753,-9.20663944963042,1.12397432709641,11.5116198869156,,,,69275529411.7647,,AZE,AZE
99,2021,92,Azerbaijan,5.173,5.082,5.265,1.458,1.093,0.56,0.601,0.023,0.341,1.098,AZE,AZE2021,Azerbaijan,az,2021,6.65029912708779,54825411764.7059,5408.04535175023,6.04,-4.24616359058951,21.5888241949245,5.61645102853028,14.9620003998682,27.1444134965323,36.518973597473,13.4213202980155,53687352941.1765,16.8224266977958,AZE,AZE
100,2020,91,Azerbaijan,5.171,5.091,5.25,1.025,0.841,0.541,0.526,0.043,0.276,1.919,AZE,AZE2020,Azerbaijan,az,2020,2.75980947008127,42693000000.0,4229.91064904503,7.24,26.5368212837468,-7.39596582740913,-4.30000010230737,-0.740874280795449,33.9314765748897,35.0400465154089,15.1855725074093,42422882352.9412,22.1899994626478,AZE,AZE
101,2019,89,Azerbaijan,5.16480016708374,5.09777355194092,5.23182678222656,0.990272700786591,1.18061304092407,0.731134057044983,0.467734724283218,0.0401132144033909,0.247307181358337,1.50763297080994,AZE,AZE2019,Azerbaijan,az,2019,2.61057182799215,48174235294.1176,4805.75371765917,5.0,17.5649086189187,-0.241307927446329,2.50000006743734,8.70455620187564,24.2843379790515,42.8140744014985,14.2188526451777,46318529411.7647,,AZE,AZE
102,2018,90,Azerbaijan,5.208,,,,,,,,,,AZE,AZE2018,Azerbaijan,az,2018,2.26854690373999,47112470051.7701,4739.7943123408,4.9,4.691769977505,12.1848769569655,1.49999999999999,12.6823769245212,21.402262398242,39.416628377366,12.9712717874444,44853080880.9559,,AZE,AZE
103,2017,87,Azerbaijan,5.201,,,,,,,,,,AZE,AZE2017,Azerbaijan,az,2017,12.9359184187335,40866627351.9817,4147.1981423222,5.0,0.318577982868449,16.1724003104411,0.199999938958655,4.12208960991814,27.9587305829867,35.075876697878,13.1640455061148,39321618331.876,,AZE,AZE
104,2016,85,Azerbaijan,5.234,,,,,,,,,,AZE,AZE2016,Azerbaijan,az,2016,12.4433748584372,37866996882.9157,3880.6852276838,5.0,1.48583383570765,14.6714002511137,-3.09999988037266,-3.60050733417184,27.1959381185333,34.9198678696967,14.5555165725558,35591412539.2769,,AZE,AZE
105,2015,81,Azerbaijan,5.291,,,,,,,,,,AZE,AZE2015,Azerbaijan,az,2015,4.02768573742726,53076235354.746,5500.50364628486,4.96,28.9454418522707,-8.84969256895297,1.09397591627469,-0.419198909856565,24.7887090842221,34.1837072453108,15.6031629275469,51379123217.2905,,AZE,AZE
106,2014,80,Azerbaijan,5.212,,,,,,,,,,AZE,AZE2014,Azerbaijan,az,2014,1.37344181533176,75239785452.1022,7890.84028062087,4.91,19.3916777101463,-1.28499552026639,2.75050681535518,13.5683574038086,22.1009894245612,39.8963976405639,14.2125356482603,73082959455.4451,,AZE,AZE
107,2012,116,Azerbaijan,4.604,,,,,,,,,,AZE,AZE2012,Azerbaijan,az,2012,1.06621339720303,69679944504.1972,7495.86527658099,5.19,15.0296068894244,2.88293295403217,2.1652394748416,21.4925357741895,22.1853838889224,41.2739730781807,12.7786393685483,65735414850.2186,,AZE,AZE
108,2011,116,Azerbaijan,4.582,,,,,,,,,,AZE,AZE2011,Azerbaijan,az,2011,7.8583333333334,65952796427.9473,7189.81869211976,5.42,-2.88597938752249,22.524361140543,0.10000013782458,25.9957665612112,18.4783610460428,45.4813563227219,12.2247609538804,61441003132.8908,,AZE,AZE
109,2024,59,Bahrain,6.03,5.891,6.17,1.752,1.391,0.609,0.907,0.148,0.167,1.057,BHR,BHR2024,Bahrain,bh,2024,0.919635459817651,,,1.102,,,,,,,,,,BHR,BHR
110,2023,62,Bahrain,5.959,5.766,6.153,,,,,,,,BHR,BHR2023,Bahrain,bh,2023,0.0746206782192256,46079867021.2766,29218.8605634137,1.154,,-4.14375165818939,2.9807927665851,5.85823757664046,,,,43472420212.766,,BHR,BHR
111,2022,42,Bahrain,6.173,5.977,6.369,1.883,1.269,0.389,0.748,0.199,0.138,1.546,BHR,BHR2022,Bahrain,bh,2022,3.62574104304482,46680398936.1702,30616.2610677495,1.326,,7.84929462083215,5.98130282177125,14.6497544700467,,,,44717632978.7234,,BHR,BHR
112,2021,21,Bahrain,6.647,6.514,6.779,1.854,1.029,0.625,0.693,0.199,0.155,2.092,BHR,BHR2021,Bahrain,bh,2021,-0.60631938514085,40840212765.9574,27147.8083882286,1.541,,9.20840263580602,4.35004091668986,6.37213530677418,,,,38312287234.0426,,BHR,BHR
113,2020,23,Bahrain,6.647,6.514,6.779,1.409,0.899,0.662,0.661,0.246,0.139,2.631,BHR,BHR2020,Bahrain,bh,2020,-2.31770629331379,35837632978.7234,24342.8444554718,1.781,,-5.8288484641256,-5.9113629524152,-9.05383693445987,26.1085121752585,15.4536755504399,2.82317547849899,33378590425.5319,111.598089477141,BHR,BHR
114,2019,40,Bahrain,6.22730016708374,6.06681108474731,6.38778924942017,1.29669225215912,1.31532371044159,0.838836371898651,0.610399901866913,0.287453711032867,0.12669725716114,1.75191736221313,BHR,BHR2019,Bahrain,bh,2019,1.00582004702137,40446808510.6383,27259.7438599327,1.223,,0.164802199458762,2.05287774418655,-1.96409784324041,21.7538186236849,19.0844025588506,2.87818871935823,38186170212.766,91.3598106259863,BHR,BHR
115,2018,37,Bahrain,6.199,,,,,,,,,,BHR,BHR2018,Bahrain,bh,2018,2.08766938046978,39567978723.4043,26324.4066549559,1.2,,4.21271352571605,2.05258864979861,-6.15289066217848,22.4700360043582,18.6547826478267,1.09260242365011,37491914893.617,84.3014580347853,BHR,BHR
116,2017,43,Bahrain,6.105,,,,,,,,,,BHR,BHR2017,Bahrain,bh,2017,1.38671830576406,37204813829.7872,24784.7693514607,1.194,,4.61583421430929,4.95383534123657,-4.30051876437292,22.5215503005502,15.5333861024476,0.936278227051092,35215186170.2128,77.5251429515026,BHR,BHR
117,2016,41,Bahrain,6.087,,,,,,,,,,BHR,BHR2016,Bahrain,bh,2016,2.78679347602044,33884680851.0638,23800.001440631,1.192,,0.35724777804711,3.81499327422425,-4.40558716045662,24.4996564184373,14.6728962978312,0.808517153690866,32089202127.6596,70.5694533398636,BHR,BHR
118,2015,42,Bahrain,6.218,,,,,,,,,,BHR,BHR2015,Bahrain,bh,2015,1.84862742374977,32523297872.3404,23734.0551143019,1.16,15.2531776895774,-8.75667340246945,2.50787205267615,-2.31252912932776,25.3293874440254,16.4692086523899,0.990043144194505,30787393617.0213,60.7584088656577,BHR,BHR
119,2014,49,Bahrain,5.96,,,,,,,,,,BHR,BHR2014,Bahrain,bh,2014,2.64755321246189,34772526595.7447,26451.7965647453,1.141,7.41558701492672,-1.44043683471969,4.30885692657077,4.38061668747352,23.5115457835002,23.4144863998311,0.792383936021881,33139813829.7872,43.5275770260668,BHR,BHR
120,2012,79,Bahrain,5.312,,,,,,,,,,BHR,BHR2012,Bahrain,bh,2012,2.75739669962979,31963404255.3191,26438.6733230428,1.2,3.01266280675138,2.93394725551211,3.80302899043062,8.06539982681225,20.8985126699084,24.7546313788874,1.13708147249514,30955957446.8085,35.6065986264045,BHR,BHR
121,2011,61,Bahrain,5.568,,,,,,,,,,BHR,BHR2011,Bahrain,bh,2011,-0.40004069748808,29914680851.0638,25032.7867743333,1.21,-2.46162141459636,9.48596325068939,1.92815791170796,10.8553403651519,21.6471133862972,24.1746022286787,1.07176697647209,26150319148.9362,34.5689325404164,BHR,BHR
122,2024,134,Bangladesh,3.851,3.753,3.949,1.116,0.286,0.592,0.92,0.11,0.132,0.695,BGD,BGD2024,Bangladesh,bd,2024,10.4657482763412,,,4.68,,,,,,,,,,BGD,BGD
123,2023,129,Bangladesh,3.886,3.778,3.994,1.122,0.249,0.513,0.775,0.14,0.167,0.919,BGD,BGD2023,Bangladesh,bd,2023,9.8835030377921,437415331040.994,2551.01772674142,4.454,0.629461237622801,6.89712404003441,5.77511237007889,-1.64602615306365,,,,454873454272.724,,BGD,BGD
124,2022,118,Bangladesh,4.282,4.148,4.416,1.133,0.513,0.355,0.617,0.139,0.165,1.361,BGD,BGD2022,Bangladesh,bd,2022,7.69695437176898,460131688909.301,2716.48592677835,4.593,1.9724805729144,5.04902187883131,7.09982877575158,-3.81010813185136,,,,478360553569.206,,BGD,BGD
125,2021,94,Bangladesh,5.155,5.049,5.262,1.06,0.614,0.581,0.622,0.125,0.187,1.967,BGD,BGD2021,Bangladesh,bd,2021,5.54565430773473,416271647911.014,2482.84917843357,5.327,3.07621573507077,4.1211747067957,6.93867912442445,-3.78969259910934,8.3242513417429,9.53881335234034,7.64236301017901,438182167775.955,,BGD,BGD
126,2020,102,Bangladesh,5.025,4.934,5.115,0.635,0.52,0.514,0.603,0.161,0.164,2.427,BGD,BGD2020,Bangladesh,bd,2020,5.69107474746211,373979442362.193,2248.85078828233,5.436,4.2891862514626,3.84106338588026,3.44801755122445,0.31894044196432,8.14832024557625,8.64089809540505,7.00153674405437,389459167662.235,,BGD,BGD
127,2019,107,Bangladesh,4.83279991149902,4.75415658950806,4.91144323348999,0.556156277656555,0.868800580501556,0.694940507411957,0.604130566120148,0.176745116710663,0.176735907793045,1.75526189804077,BGD,BGD2019,Bangladesh,bd,2019,5.59199639930629,351231654603.692,2129.79896954606,4.441,5.68956371493223,3.65813755162172,7.88191515117722,-0.839485005371137,8.27231587687115,8.85578039462247,7.63863895493657,365618637342.157,,BGD,BGD
128,2018,125,Bangladesh,4.456,,,,,,,,,,BGD,BGD2018,Bangladesh,bd,2018,5.54362139486476,321362752441.78,1965.24372731467,4.407,3.63430365848223,5.80553876704575,7.31941263014136,-2.20783912081883,7.4941450180451,8.70480535725308,7.73177216647423,334213984192.582,,BGD,BGD
129,2017,115,Bangladesh,4.5,,,,,,,,,,BGD,BGD2017,Bangladesh,bd,2017,5.70207015717239,293732446624.596,1811.08221668646,4.372,4.27653989369391,5.04759758203714,6.59024999794057,-2.03756600416726,7.63987436772557,8.0712626971168,6.99714263243688,303873962973.372,,BGD,BGD
130,2016,110,Bangladesh,4.608,,,,,,,,,,BGD,BGD2016,Bangladesh,bd,2016,5.51352572692995,265224515675.034,1649.28380858601,4.35,-13.6421356407858,27.8507377248339,7.11347821270093,0.351171861174517,7.86276813546215,8.52279611186147,7.31691184755758,277650511849.492,,BGD,BGD
131,2015,110,Bangladesh,4.643,,,,,,,,,,BGD,BGD2015,Bangladesh,bd,2015,6.19428022984984,195146608978.131,1224.38647668165,4.396,5.51264431590569,5.87277704102323,6.55263987816197,1.32188871858147,9.00588487034226,9.84448413886165,8.49834882820801,207815026631.717,,BGD,BGD
132,2014,109,Bangladesh,4.694,,,,,,,,,,BGD,BGD2014,Bangladesh,bd,2014,6.99163889220849,172886611653.786,1094.46199702838,4.416,6.88586627746747,5.66878852513904,6.0610593588495,0.437159797644511,9.50443649145954,10.8668856085968,8.6353777373447,184408668144.279,,BGD,BGD
133,2012,108,Bangladesh,4.804,,,,,,,,,,BGD,BGD2012,Bangladesh,bd,2012,6.21750422069284,133310747603.483,859.680536375497,4.071,5.3433326587313,8.16457367624635,6.52145877906443,1.93195276968292,9.63853873285246,11.1452302743835,9.02456269019499,144592846556.493,,BGD,BGD
134,2011,104,Bangladesh,4.807,,,,,,,,,,BGD,BGD2011,Bangladesh,bd,2011,11.3951651552399,128607482310.357,837.336944695647,3.736,5.06419768574575,7.85945085272492,6.46437912497728,-0.125842241657655,9.84388457755423,10.4626574311705,8.68592470557816,138790366566.139,,BGD,BGD
135,2021,65,Belarus,5.821,5.693,5.95,1.562,1.157,0.629,0.342,0.04,0.282,1.811,BLR,BLR2021,Belarus,by,2021,9.46028389623103,69673747131.87,7489.71894713888,3.9,-4.51667506544994,15.3264196397445,2.43886212396819,3.0672484923844,27.8747723019691,27.2467073526987,12.8250049647951,67115938432.45,,BLR,BLR
136,2020,76,Belarus,5.534,5.442,5.625,1.124,1.007,0.56,0.326,0.07,0.199,2.247,BLR,BLR2020,Belarus,by,2020,5.54814357456511,61371755326.2351,6542.8645398436,4.049,-2.54313203568407,11.8776975676281,-0.672742950624155,-0.290687465352215,29.9281396840657,28.1031209282799,12.0229071990569,58875118002.111,,BLR,BLR
137,2019,75,Belarus,5.5398998260498,5.46726226806641,5.6125373840332,1.01885449886322,1.38713932037354,0.75258857011795,0.290755867958069,0.0899330601096153,0.193607434630394,1.80699110031128,BLR,BLR2019,Belarus,by,2019,5.59815595039854,64410122847.3508,6837.76832136779,4.165,0.411406273878465,8.57664221529303,1.44645547691826,-1.93416802348366,28.5883692178918,29.6011279955913,13.3015160119125,62499831005.415,33.2442286168097,BLR,BLR
138,2018,81,Belarus,5.323,,,,,,,,,,BLR,BLR2018,Belarus,by,2018,4.87230220550684,60031173807.7196,6360.05310087258,4.763,-3.07106514233759,12.1397170957777,3.14919759375005,0.0381468469587966,28.1637114447351,30.8472420131622,14.67253298414,57861187726.0003,37.0956460104644,BLR,BLR
139,2017,73,Belarus,5.483,,,,,,,,,,BLR,BLR2017,Belarus,by,2017,6.03183725177793,54725302249.8088,5785.53397723676,5.648,0.953546673154522,8.62294196692545,2.53218350022975,-1.74032844195636,29.3216608563755,29.4672400035934,13.0190302331959,52669765496.9979,39.8801799561221,BLR,BLR
140,2016,67,Belarus,5.569,,,,,,,,,,BLR,BLR2016,Belarus,by,2016,11.8365807653497,47723545321.259,5039.77560949445,5.844,5.5918566590852,8.34168809944582,-2.52644643552371,-3.37736852773594,29.4170537971155,28.9426479589148,13.7882356123814,45473302428.7243,38.9240984107258,BLR,BLR
141,2015,61,Belarus,5.802,,,,,,,,,,BLR,BLR2015,Belarus,by,2015,13.5344897649735,56454889146.6088,5967.06856034227,5.881,1.7756852885792,16.0231277230064,-3.82957055828389,-3.24347461784006,28.110439801635,29.6768223777889,14.1730645144923,54061945285.662,37.5980986022908,BLR,BLR
142,2014,59,Belarus,5.813,,,,,,,,,,BLR,BLR2014,Belarus,by,2014,18.1195543526734,78812805039.0743,8341.29014337961,5.902,0.46489041631188,18.1922024446735,1.65112468524535,-6.63305918043161,27.4104920512789,27.9219799575572,12.6977670733069,76448782777.9462,24.5488085208305,BLR,BLR
143,2012,66,Belarus,5.504,,,,,,,,,,BLR,BLR2012,Belarus,by,2012,59.2197360232517,65685890438.8922,6953.21591683101,5.946,-31.8132103218448,75.2416666493216,1.707852569854,-2.8350076212066,27.6224227639515,29.0395636217814,14.6629750334495,64215516438.9641,24.4293134230567,BLR,BLR
144,2011,62,Belarus,5.566,,,,,,,,,,BLR,BLR2011,Belarus,by,2011,53.2286983118173,61762382327.9319,6527.6593428786,6.022,-33.4890247335404,70.7612909673781,5.5499747229649,-8.18054584289412,25.4492994190304,28.0633696235903,14.5090725642403,61079871266.8078,39.4168108447656,BLR,BLR
145,2024,14,Belgium,6.91,6.845,6.974,1.783,1.646,0.852,0.895,0.119,0.306,1.309,BEL,BEL2024,Belgium,be,2024,3.14349136500041,,,5.488,,,,,,,,,,BEL,BEL
146,2023,16,Belgium,6.894,6.827,6.961,1.868,1.44,0.69,0.729,0.17,0.311,1.686,BEL,BEL2023,Belgium,be,2023,4.04901077613941,644782756682.756,54700.9093236712,5.528,,4.508102848783,1.25170063203595,-0.698394105629197,,,,648332611927.33,,BEL,BEL
147,2022,17,Belgium,6.859,6.793,6.926,1.907,1.449,0.528,0.59,0.137,0.273,1.976,BEL,BEL2022,Belgium,be,2022,9.597511728725,593438820508.173,50807.2047084918,5.57,,6.84397975156924,4.2334318336917,-1.18476181705959,39.5799899067259,37.1371088235231,22.7079147026069,592448849483.465,92.4825366392405,BEL,BEL
148,2021,19,Belgium,6.805,6.72,6.89,1.907,1.106,0.764,0.492,0.049,0.204,2.283,BEL,BEL2021,Belgium,be,2021,2.44024851144084,598494036474.409,51655.7883303715,6.248,,2.7426355945688,6.20255401586081,1.86556031631373,41.4137731234457,37.8545687233313,23.2260892385962,607143534636.037,108.445297214838,BEL,BEL
149,2020,21,Belgium,6.834,6.767,6.901,1.463,0.998,0.747,0.489,0.088,0.187,2.862,BEL,BEL2020,Belgium,be,2020,0.740791812220344,529694473501.791,45906.2875805246,5.545,,1.59611666393067,-4.79298389726264,0.874586400402743,43.656605302545,37.027335149107,21.8615640422477,531671614966.383,118.442409069939,BEL,BEL
150,2019,20,Belgium,6.86350011825562,6.79613399505615,6.93086624145508,1.29584276676178,1.39867758750916,0.964901149272919,0.499805420637131,0.146966159343719,0.208724051713943,2.34862661361694,BEL,BEL2019,Belgium,be,2019,1.43681956996429,536726344405.489,46716.6227467964,5.364,,1.85424074414335,2.44289006648609,0.123098549898876,39.4025048550939,37.6813268844866,22.5978209383393,541049419119.999,103.200888047045,BEL,BEL
151,2018,18,Belgium,6.923,,,,,,,,,,BEL,BEL2018,Belgium,be,2018,2.05316499865186,542638913427.921,47487.2100392561,5.941,,1.71728226802716,1.87796857219402,-0.874098516086552,39.9416268146679,39.2523000410453,24.0377739058673,548107677571.921,101.506490561537,BEL,BEL
152,2017,16,Belgium,6.927,,,,,,,,,,BEL,BEL2017,Belgium,be,2017,2.12597086002607,500908767351.53,44035.3239358548,7.09,,1.98316339488014,1.47446765653092,0.702363722625537,40.1035662028041,38.9593809031518,23.5351388069477,507373706788.236,104.249557076875,BEL,BEL
153,2016,17,Belgium,6.891,,,,,,,,,,BEL,BEL2016,Belgium,be,2016,1.97385264653181,474271566739.729,41854.5498296444,7.83,,1.89528922644591,1.19350263995111,0.558076934849913,41.1616434494037,38.5059202911962,22.9285982517678,480629064768.328,110.598249698212,BEL,BEL
154,2015,18,Belgium,6.929,,,,,,,,,,BEL,BEL2015,Belgium,be,2015,0.561429152790065,461044767544.531,40893.804537772,8.482,,1.12183847077587,1.47416438588013,1.38017908454948,41.7110348512049,40.5333086264072,24.4227242755175,468878816162.656,108.885649368795,BEL,BEL
155,2014,19,Belgium,6.937,,,,,,,,,,BEL,BEL2014,Belgium,be,2014,0.340002833356922,537987419164.351,47995.7786961339,8.523,,0.840395739536802,1.76554038203088,0.751219410488652,44.953912538649,42.3905621887488,26.0083569098349,546624135613.253,111.761996278293,BEL,BEL
156,2012,21,Belgium,6.967,,,,,,,,,,BEL,BEL2012,Belgium,be,2012,2.83966343445899,498414364944.961,44874.1709182123,7.542,,2.20573636168733,0.215803673220449,-0.0829864949097406,45.704833465615,42.1141279116677,25.7069678443471,507665999692.266,103.556484643172,BEL,BEL
157,2011,15,Belgium,7.113,,,,,,,,,,BEL,BEL2011,Belgium,be,2011,3.53208210722742,527196649048.639,47760.8298776546,7.14,,2.29252176896657,1.93115497859051,-1.92887747556171,44.5122501817844,40.9009852000843,24.7537791878132,524167615222.764,94.869878328893,BEL,BEL
158,2024,25,Belize,6.711,6.432,6.989,1.256,1.54,0.525,1.018,0.072,0.082,2.218,BLZ,BLZ2024,Belize,bz,2024,3.28955985952768,,,7.0,,,,,,,,,,BLZ,BLZ
159,2017,49,Belize,5.956,,,,,,,,,,BLZ,BLZ2017,Belize,bz,2017,1.14765339305816,2266300000.0,6072.58267640581,6.596,6.24032619416386,3.03291030935591,-1.81285354051658,-6.97326171926515,22.3410892617923,23.8042381688214,21.3441343070203,2141050850.0,,BLZ,BLZ
160,2016,50,Belize,5.956,,,,,,,,,,BLZ,BLZ2016,Belize,bz,2016,0.663427167917601,2240200000.0,6142.49873185177,7.0,7.58772232117179,2.09427966302344,0.0545516535970023,-7.29650492928029,21.2659008943398,22.397031124634,20.638172688376,2129392150.0,,BLZ,BLZ
161,2015,52,Belize,5.956,,,,,,,,,,BLZ,BLZ2015,Belize,bz,2015,-0.861584009427748,2193050000.0,6154.49593498217,7.578,10.6573200651991,-0.304580065916582,2.87618379515959,-7.9676955998834,20.6171829002987,22.1985494529377,19.7061148432548,2097584100.0,,BLZ,BLZ
162,2011,34,Belize,6.451,,,,,,,,,,BLZ,BLZ2011,Belize,bz,2011,1.602056156402,1827050000.0,5582.22170621269,8.43,8.05091422816737,4.91658876106118,-0.244543781225346,-1.0918621898446,19.953011685504,21.4717350920883,18.3662735009989,1729864700.0,62.5666511589721,BLZ,BLZ
163,2024,121,Benin,4.357,4.222,4.492,0.855,0.228,0.357,0.679,0.092,0.238,1.909,BEN,BEN2024,Benin,bj,2024,,,,1.722,,,,,,,,,,BEN,BEN
164,2023,116,Benin,4.377,4.245,4.51,0.914,0.128,0.284,0.567,0.112,0.252,2.121,BEN,BEN2023,Benin,bj,2023,2.73102465280233,19676049075.7011,1394.37330217623,1.657,,3.38546435195668,6.35282160914288,,,,,19472109623.1218,,BEN,BEN
165,2022,116,Benin,4.374,4.244,4.504,0.924,0.242,0.124,0.481,0.114,0.253,2.235,BEN,BEN2022,Benin,bj,2022,1.35077863583527,17401746309.2655,1264.70765976655,1.685,,4.13878000011482,6.25324491401346,-6.00907083608035,,,,17221911302.5535,,BEN,BEN
166,2021,115,Benin,4.623,4.492,4.754,0.932,0.064,0.335,0.479,0.127,0.23,2.458,BEN,BEN2021,Benin,bj,2021,1.73353962694036,17690083519.9323,1318.83497843483,1.779,4.55750151392328,1.61872506665755,7.1554516457574,-4.15294312049827,,,,17500751811.6482,,BEN,BEN
167,2020,100,Benin,5.045,4.901,5.189,0.507,0.058,0.196,0.457,0.166,0.178,3.482,BEN,BEN2020,Benin,bj,2020,3.02272119663769,15651545208.8783,1197.50136428063,1.502,3.55709341440007,2.87803228859791,3.84879240030133,-1.75041319714608,,,,15530454408.4527,,BEN,BEN
168,2019,86,Benin,5.21600008010864,5.06359195709229,5.368408203125,0.366244703531265,0.352428436279297,0.328062951564789,0.405839890241623,0.196670427918434,0.12593187391758,3.44080972671509,BEN,BEN2019,Benin,bj,2019,0.732849371240975,14391686309.033,1130.82135304977,1.214,7.11416977822067,-0.39755379308734,6.86568662848335,-3.99948140523511,,,,14320887673.9726,,BEN,BEN
169,2018,102,Benin,4.883,,,,,,,,,,BEN,BEN2018,Benin,bj,2018,0.919170717886054,14262408079.7014,1151.74096952152,1.41,6.05230816342888,0.670447614217636,6.69725362180888,-4.54919534814523,,,,14207330367.8221,,BEN,BEN
170,2017,136,Benin,4.141,,,,,,,,,,BEN,BEN2017,Benin,bj,2017,0.0432648555103608,12701655845.9612,1054.97408141687,1.659,7.32902771803383,-0.367897725119164,5.67156195150444,-4.18078963717339,,,,12669871043.6437,,BEN,BEN
171,2016,143,Benin,3.657,,,,,,,,,,BEN,BEN2016,Benin,bj,2016,-0.793310145785534,11821065852.1271,1010.53389609187,1.784,4.58009973405583,0.683591111274652,3.33967342629693,-2.99669454901549,,,,11783269382.7203,,BEN,BEN
172,2015,153,Benin,3.484,,,,,,,,,,BEN,BEN2015,Benin,bj,2015,0.218785923536154,11388160997.1089,1002.41886882564,1.82,4.26633438639015,0.85150426118021,1.77815106030278,-5.96409317114647,,,,11322499745.5937,,BEN,BEN
173,2014,155,Benin,3.34,,,,,,,,,,BEN,BEN2014,Benin,bj,2014,-0.548757550948091,13284527850.2632,1204.39918700511,1.872,5.5999917955037,-0.247782653882282,6.35767909791932,-6.66790663014034,,,,13223585565.0973,,BEN,BEN
174,2012,155,Benin,3.528,,,,,,,,,,BEN,BEN2012,Benin,bj,2012,6.74468253340712,11141358105.9853,1071.52583567484,2.406,-2.46960852040217,7.69890807691425,4.811223315688,-5.17832684720293,,,,11074623453.1493,,BEN,BEN
175,2011,155,Benin,3.493,,,,,,,,,,BEN,BEN2011,Benin,bj,2011,2.7042390774728,10693321370.036,1059.41358915783,2.647,1.46803081679031,3.73308304042652,2.96375291904201,-4.83328626910556,,,,10677821370.036,,BEN,BEN
176,2018,95,Bhutan,5.082,,,,,,,,,,BTN,BTN2018,Bhutan,bt,2018,2.72396386183713,2583335721.20625,3400.20417159422,3.35,12.7029438188523,1.15086273454624,3.50187183723874,-18.5091514022686,19.3875030477856,21.7478797612056,15.8040236428558,2363147137.61236,95.8478212264571,BTN,BTN
177,2017,97,Bhutan,5.082,,,,,,,,,,BTN,BTN2017,Bhutan,bt,2017,4.95508366985129,2591358009.79792,3435.28804814561,3.016,9.48768640998269,4.34963395991817,2.08684525771005,-20.8546965569122,17.6203577207514,17.6516412414266,11.8591944966758,2378534601.6088,95.7786849724125,BTN,BTN
178,2016,97,Bhutan,5.011,,,,,,,,,,BTN,BTN2016,Bhutan,bt,2016,3.21988689395718,2357504760.5975,3152.30905081592,2.705,9.70801780647943,4.0489129986434,8.47594335542423,-26.4131091663954,17.6140527554213,17.2190894132182,11.8864300689107,2172018216.53863,92.2912012893941,BTN,BTN
179,2015,84,Bhutan,5.196,,,,,,,,,,BTN,BTN2015,Bhutan,bt,2015,4.54814395082205,2187815803.82922,2954.04081973327,2.45,11.322625049421,3.20977724189126,6.66080134005369,-25.0627177300499,17.9112552139761,17.9726477972756,12.1453454203104,2045040204.14683,81.0505609762618,BTN,BTN
180,2014,79,Bhutan,5.253,,,,,,,,,,BTN,BTN2014,Bhutan,bt,2014,8.27106093949328,2089079570.67546,2849.49998659935,2.63,7.85338264053381,5.72222883359687,5.88108549131117,-23.4688052609704,17.0322760391694,18.1881641669409,12.5052991173928,1954089382.70764,84.9990711282336,BTN,BTN
181,2024,74,Bolivia,5.868,5.758,5.977,1.173,1.356,0.346,0.817,0.067,0.052,2.057,BOL,BOL2024,Bolivia,bo,2024,5.09976568317427,,,3.091,,,,,,,,,,BOL,BOL
182,2023,73,Bolivia,5.784,5.674,5.895,1.217,1.179,0.488,0.719,0.1,0.061,2.02,BOL,BOL2023,Bolivia,bo,2023,2.57688800489192,45135398008.8166,3686.27996490544,3.024,9.19561261731636,-0.505250428968196,3.08196524087036,-2.54708565785584,,,,43866498008.8167,,BOL,BOL
183,2022,69,Bolivia,5.684,5.572,5.797,1.24,1.187,0.329,0.648,0.103,0.06,2.118,BOL,BOL2022,Bolivia,bo,2022,1.74632872945969,44008282877.9606,3643.92826968677,3.552,2.51180756897757,5.12446446625671,3.60568038279472,2.13388054975564,,,,42744582877.9606,,BOL,BOL
184,2021,71,Bolivia,5.6,5.491,5.709,1.256,0.88,0.555,0.627,0.112,0.064,2.107,BOL,BOL2021,Bolivia,bo,2021,0.737383721452275,40406111695.179,3384.84486479247,5.089,3.90645451619611,3.95611963961919,6.11137275205746,3.91243044868311,,,,39377011695.179,,BOL,BOL
185,2020,70,Bolivia,5.716,5.613,5.819,0.842,0.782,0.486,0.6,0.138,0.064,2.805,BOL,BOL2020,Bolivia,bo,2020,0.940742153381849,36629843805.0216,3099.94219044572,7.903,9.62509681263889,-1.85438658655737,-8.73788443399127,-0.0434502183251208,,,,36212943805.0216,,BOL,BOL
186,2019,65,Bolivia,5.74749994277954,5.64823484420776,5.84676504135132,0.730976343154907,1.14235055446625,0.662445664405823,0.574464499950409,0.138375073671341,0.0729426369071007,2.42592859268188,BOL,BOL2019,Bolivia,bo,2019,1.83954504969026,40895322843.7851,3503.8960106182,3.682,9.15598643187716,-0.693003422953112,2.21670577750359,-3.34046725209088,,,,40059428632.4971,,BOL,BOL
187,2018,61,Bolivia,5.779,,,,,,,,,,BOL,BOL2018,Bolivia,bo,2018,2.27205987230155,40287647930.4761,3500.72642189371,3.519,4.8332593604001,3.05626590816588,4.22362351118875,-4.28165522079254,,,,39311992850.8813,,BOL,BOL
188,2017,62,Bolivia,5.752,,,,,,,,,,BOL,BOL2017,Bolivia,bo,2017,2.8227580554717,37508642165.3366,3306.30301176558,3.655,1.93142092448395,6.06139996076533,4.1952063010676,-5.06081178823831,,,,36398995783.2816,,BOL,BOL
189,2016,58,Bolivia,5.823,,,,,,,,,,BOL,BOL2016,Bolivia,bo,2016,3.62321431764138,33941126200.0606,3035.8734778704,3.498,9.43472490456167,-1.3548705355405,4.26392083754456,-5.61927215827459,,,,33320230252.159,,BOL,BOL
190,2015,59,Bolivia,5.822,,,,,,,,,,BOL,BOL2015,Bolivia,bo,2015,4.05961041135645,33000198248.1292,2996.01289804214,3.111,13.3088029458405,-4.62060229480602,4.85718723245387,-5.86726594440418,,,,31873100505.7269,,BOL,BOL
191,2014,51,Bolivia,5.89,,,,,,,,,,BOL,BOL2014,Bolivia,bo,2014,5.76660074579144,32996188012.5599,3041.43503118107,2.021,7.49119863208271,2.04949764468354,5.46056957461593,1.71604883673797,,,,31298228316.4673,,BOL,BOL
192,2012,50,Bolivia,5.857,,,,,,,,,,BOL,BOL2012,Bolivia,bo,2012,4.51560291399376,27084497481.9103,2575.59857098084,2.066,3.7671913920337,7.10027550115058,5.12227558091757,7.2736779094105,,,,25455219536.903,,BOL,BOL
193,2011,57,Bolivia,5.633,,,,,,,,,,BOL,BOL2011,Bolivia,bo,2011,9.88446419823883,23963164696.592,2315.52121930607,2.255,-3.21717814892891,14.6023542400665,5.204092443086,2.24179461328449,,,,22977403393.5893,,BOL,BOL
194,2024,56,Bosnia and Herzegovina,6.136,6.039,6.234,1.405,1.545,0.616,0.749,0.178,0.009,1.635,BIH,BIH2024,Bosnia and Herzegovina,ba,2024,1.69212733599724,,,10.723,,,,,,,,,,BIH,BIH
195,2023,65,Bosnia and Herzegovina,5.877,5.775,5.979,1.465,1.318,0.587,0.621,0.246,0.0,1.64,BIH,BIH2023,Bosnia and Herzegovina,ba,2023,6.1059011284828,27514782476.0406,8638.66620201187,10.668,-2.48323870976058,6.76270435629395,2.21112447211205,-2.32154773990836,35.3950276912109,36.6776924512413,19.1124219368621,27355539704.4997,40.4237746125128,BIH,BIH
196,2022,71,Bosnia and Herzegovina,5.633,5.49,5.775,1.467,1.361,0.429,0.485,0.247,0.008,1.635,BIH,BIH2022,Bosnia and Herzegovina,ba,2022,14.0208440826771,24534663636.1778,7655.59421024383,12.657,-7.55577424754142,11.8088401064015,4.22681101095546,-4.39236523811558,33.4237705090927,35.8744352834405,19.0910598727413,24213156434.1057,41.7435105198961,BIH,BIH
197,2021,67,Bosnia and Herzegovina,5.768,5.659,5.877,1.468,1.068,0.665,0.448,0.244,0.006,1.869,BIH,BIH2021,Bosnia and Herzegovina,ba,2021,1.98163900587622,23672712242.2149,7295.3438240957,14.897,-1.67991069986102,4.96460441570017,7.38996234012757,-1.47528685104269,34.8589044117291,36.7707866267041,19.0981491977883,23371644756.9735,46.9748191378299,BIH,BIH
198,2020,65,Bosnia and Herzegovina,5.813,5.715,5.911,1.032,0.919,0.618,0.395,0.261,0.005,2.583,BIH,BIH2020,Bosnia and Herzegovina,ba,2020,-1.0512960076349,20226036564.4129,6130.31133245161,15.868,3.00786242008792,0.0621425496305932,-3.01509514759861,-2.83951861702088,38.3614659355678,37.4495801360063,18.7506447293439,20112988928.17,45.4216368447367,BIH,BIH
199,2019,69,Bosnia and Herzegovina,5.67409992218018,5.58318328857422,5.76501655578613,0.918395459651947,1.20398652553558,0.813928186893463,0.305365741252899,0.264005243778229,0.00117248704191297,2.1672420501709,BIH,BIH2019,Bosnia and Herzegovina,ba,2019,0.56278215406123,20482608755.379,6122.3753450882,15.692,0.796048107245461,2.47150468459363,2.88734334414875,-2.59691882108326,34.0521689246355,37.5581549793979,19.8265971899192,20448097002.6662,44.0235719186881,BIH,BIH
200,2018,78,Bosnia and Herzegovina,5.386,,,,,,,,,,BIH,BIH2018,Bosnia and Herzegovina,ba,2018,1.41710814018034,20484053868.9246,6047.84584261133,18.4,0.971534856173147,2.79162490401892,3.82749920546897,-3.23063057976363,34.4993474661743,38.3277121170758,20.1410225354777,20366478392.9849,44.8932408077693,BIH,BIH
201,2017,93,Bosnia and Herzegovina,5.129,,,,,,,,,,BIH,BIH2017,Bosnia and Herzegovina,ba,2017,0.810133321953039,18326373366.1105,5345.01985489192,20.527,2.55542095381237,1.77870702677497,3.24410095889466,-4.77878210545296,33.8899252873302,38.1862524613377,19.9876498649,18174627640.6011,47.371562985449,BIH,BIH
202,2016,90,Bosnia and Herzegovina,5.182,,,,,,,,,,BIH,BIH2016,Bosnia and Herzegovina,ba,2016,-1.58410000000002,17116926327.6247,4928.5665251728,25.408,3.85348216269258,1.33330596746471,3.24225521171914,-4.69867094642486,34.9010236092688,37.6865285260425,19.7137455722415,17139875880.799,52.2381277367734,BIH,BIH
203,2015,87,Bosnia and Herzegovina,5.163,,,,,,,,,,BIH,BIH2015,Bosnia and Herzegovina,ba,2015,-1.03602303425474,16404348871.4437,4662.25883724069,27.695,4.36356276459313,1.36573070914964,4.31475061116335,-5.03540520266748,36.4782077046437,38.1354851110331,19.7000100398431,16514883084.2442,,BIH,BIH
204,2014,96,Bosnia and Herzegovina,4.949,,,,,,,,,,BIH,BIH2014,Bosnia and Herzegovina,ba,2014,-0.897194054194333,18558733564.4692,5206.06558252,27.517,5.58529958954557,1.00033721930362,1.15385109200403,-7.35085841133572,39.9462729767212,39.4168546567092,19.777901772831,18710534545.2251,53.5008608706996,BIH,BIH
205,2012,107,Bosnia and Herzegovina,4.813,,,,,,,,,,BIH,BIH2012,Bosnia and Herzegovina,ba,2012,2.05267452001717,17226735995.6905,4693.78899115381,28.01,6.48156475456032,0.795773347301477,-0.821836474216894,-8.62595020271337,39.0326697243166,39.4812765699371,20.4775399413527,17361422536.9693,49.0902635279898,BIH,BIH
206,2011,99,Bosnia and Herzegovina,4.857,,,,,,,,,,BIH,BIH2011,Bosnia and Herzegovina,ba,2011,3.67125,18644233537.1093,4982.69375768263,27.582,4.8804211518629,2.43252790824482,0.959511247241267,-9.47919944225313,38.1186179452594,38.8356040603384,20.3056652821355,18794204715.634,45.8346942869169,BIH,BIH
207,2024,142,Botswana,3.438,3.301,3.576,1.388,1.146,0.094,0.697,0.018,0.083,0.012,BWA,BWA2024,Botswana,bw,2024,2.81835131676251,,,23.138,,,,,,,,,,BWA,BWA
208,2023,137,Botswana,3.383,3.209,3.558,1.445,0.969,0.241,0.567,0.014,0.082,0.066,BWA,BWA2023,Botswana,bw,2023,5.0676154934383,19396084498.0084,7820.23240375076,23.381,4.51792831085342,2.12467971961613,2.73379817032757,-0.601807749300507,,,,19439625488.6886,,BWA,BWA
209,2022,132,Botswana,3.435,3.168,3.702,1.471,1.041,0.087,0.48,0.021,0.071,0.264,BWA,BWA2022,Botswana,bw,2022,11.665567478802,20321958850.0363,8329.04032229144,23.615,-7.40309917865751,14.6175509748138,5.48602817797183,-1.1422212637765,25.091418545558,29.456066667819,19.6487479969996,20355187597.7055,,BWA,BWA
210,2021,142,Botswana,3.471,3.275,3.667,1.503,0.815,0.28,0.571,0.012,0.102,0.187,BWA,BWA2021,Botswana,bw,2021,7.24097765588442,18750946600.1423,7808.20623956293,23.106,-2.88928569600495,8.38144972399829,11.9206365085117,-1.67769059498,28.3882876926192,32.8642487109049,22.2295140207709,18787565212.2463,,BWA,BWA
211,2020,147,Botswana,3.467,3.322,3.611,1.099,0.724,0.34,0.539,0.027,0.088,0.648,BWA,BWA2020,Botswana,bw,2020,1.8903591682421,14960291105.9316,6323.31419156209,21.017,1.31348858837881,4.37899382741232,-8.72875252639037,-10.1670468011302,33.8587111166706,28.7656453423454,22.2746462234553,14982287847.9697,19.6160814562101,BWA,BWA
212,2019,147,Botswana,3.47889995574951,3.36023616790771,3.59756374359131,0.997548997402191,1.08569478988647,0.494101732969284,0.509089410305023,0.033407486975193,0.101786367595196,0.257240533828735,BWA,BWA2019,Botswana,bw,2019,2.77286442863321,16725908148.5481,7172.08956480028,20.094,5.85851094935516,0.507585435653098,3.0322025744566,-6.90505478190798,28.800544988701,30.1289743359126,21.0985509979513,16776578168.9193,16.193904309718,BWA,BWA
213,2018,148,Botswana,3.488,,,,,,,,,,BWA,BWA2018,Botswana,bw,2018,3.23801558947715,17031943186.1353,7407.95940141786,19.681,6.4391200606277,0.0571969585408283,4.18809355373698,0.392946349031096,29.0644156467701,30.7078306497006,21.740494569157,15447818705.438,15.2307151442609,BWA,BWA
214,2017,146,Botswana,3.59,,,,,,,,,,BWA,BWA2017,Botswana,bw,2017,3.30828076768219,16105155856.7708,7104.96401088027,19.664,9.78419247897667,-2.64991927643297,4.1143636634186,5.58580913830414,28.154984240063,33.580848391334,23.9334963141963,14738582295.4656,14.6807691758665,BWA,BWA
215,2016,142,Botswana,3.766,,,,,,,,,,BWA,BWA2016,Botswana,bw,2016,2.81495791361944,15082637184.0496,6749.05994339013,19.329,-4.1150214814034,11.9049111318198,7.20442475914267,7.97299722000005,26.7811392255083,34.7739399743256,21.6300553227647,13792127267.5802,15.8049523139869,BWA,BWA
216,2015,137,Botswana,3.974,,,,,,,,,,BWA,BWA2015,Botswana,bw,2015,3.06203169580558,13530748844.505,6141.20394726616,18.93,4.06793571176667,3.73031737555105,-4.85133564036167,2.22618287554396,31.2430941784713,35.3203900030189,26.3110988512498,13076842710.5086,19.086977673602,BWA,BWA
217,2014,128,Botswana,4.332,,,,,,,,,,BWA,BWA2014,Botswana,bw,2014,4.40225309243427,15470088500.7414,7122.36423421503,18.514,-0.551076776805184,9.60400220258751,5.69477738185952,11.0750306448499,29.1324048731669,39.9417118719375,27.0928299660417,14998439776.0137,18.3257336074772,BWA,BWA
218,2012,145,Botswana,3.97,,,,,,,,,,BWA,BWA2012,Botswana,bw,2012,7.53690261091916,13907464500.1489,6595.53845015424,17.952,7.75460206016061,3.01184160842378,-0.170900761456892,-5.90199267050561,31.5200789767544,38.6639085967945,28.0365776616041,14164563194.2831,20.6231807851092,BWA,BWA
219,2011,117,Botswana,4.581,,,,,,,,,,BWA,BWA2011,Botswana,bw,2011,8.45987233408583,15110643612.1729,7287.38295334919,18.054,-1.46761902810706,12.6533215833519,6.83852974803483,-0.87298477500224,29.7867605507382,36.6273712506881,24.0453261607064,15016050301.2986,21.0743622822987,BWA,BWA
220,2024,36,Brazil,6.494,6.394,6.593,1.391,1.519,0.48,0.83,0.089,0.127,2.057,BRA,BRA2024,Brazil,br,2024,4.36746407652337,,,7.634,,,,,,,,,,BRA,BRA
221,2023,44,Brazil,6.272,6.154,6.39,1.43,1.269,0.548,0.685,0.13,0.142,2.068,BRA,BRA2023,Brazil,br,2023,4.59356282283204,2173665655937.27,10294.866680778,7.947,37.2075093316886,4.65899475870381,2.90848048667777,-1.28505422213659,32.6916949165827,25.5746106904518,14.1546933435227,2107810132248.65,83.6989369386242,BRA,BRA
222,2022,49,Brazil,6.125,5.997,6.252,1.454,1.25,0.387,0.558,0.131,0.137,2.205,BRA,BRA2022,Brazil,br,2022,9.28010608956873,1951923942083.32,9281.33334441234,9.231,28.3960928277404,8.5702819532232,3.01669435393015,-2.15975658541159,34.134460976512,29.6160361326009,14.7258479184963,1897850563345.64,79.1023218878495,BRA,BRA
223,2021,38,Brazil,6.293,6.202,6.384,1.462,1.044,0.615,0.546,0.131,0.134,2.361,BRA,BRA2021,Brazil,br,2021,8.30165975585673,1670647399034.67,7972.53665048385,13.158,15.0108849661413,13.047270877833,4.76260437908608,-2.41876568208583,31.7938785430396,27.3268878276443,14.1366751318622,1618525227638.81,85.0115036701985,BRA,BRA
224,2020,36,Brazil,6.33,6.245,6.415,1.028,0.944,0.571,0.514,0.142,0.117,3.015,BRA,BRA2020,Brazil,br,2020,3.21176803803376,1476107231194.11,7074.19378281866,13.697,21.1971796870516,6.47249960755747,-3.2767587964736,-1.68778805337408,38.4811610303133,25.6990311015294,12.7193878571982,1445311140486.1,98.7098819546545,BRA,BRA
225,2019,32,Brazil,6.37559986114502,6.29565000534058,6.45554971694946,0.952679872512817,1.36346411705017,0.766119062900543,0.483292728662491,0.131674587726593,0.106518603861332,2.57186031341553,BRA,BRA2019,Brazil,br,2019,3.73297621216894,1873288205186.45,9029.83326742175,11.936,31.9030727508498,4.22425886899158,1.22077782360842,-3.46989581411662,34.7874528376371,29.1518761025088,13.7376948362641,1822994396029.28,92.5652531882782,BRA,BRA
226,2018,32,Brazil,6.3,,,,,,,,,,BRA,BRA2018,Brazil,br,2018,3.66485028376729,1916933898038.36,9300.66164936497,12.329,33.1023342480424,4.49353433137021,1.783666761634,-2.8075200859069,35.453999893748,28.5828852342878,13.9401079935106,1863630987992.04,86.6078841199146,BRA,BRA
227,2017,28,Brazil,6.419,,,,,,,,,,BRA,BRA2017,Brazil,br,2017,3.44637335032669,2063514977334.32,10080.5092817775,12.792,41.7138078720244,3.67138451275035,1.32286905404399,-1.22429925770861,36.2476538726346,27.8247298509471,13.605228515206,2024937440938.73,83.6692026509366,BRA,BRA
228,2016,22,Brazil,6.635,,,,,,,,,,BRA,BRA2016,Brazil,br,2016,8.73914352329393,1795693482652.52,8836.28652636996,11.58,40.6983614489962,8.10360435870246,-3.27591690782192,-1.70011339695482,36.4916011293298,29.6701052640299,13.7104309816062,1757597118247.49,73.4188038096758,BRA,BRA
229,2015,17,Brazil,6.952,,,,,,,,,,BRA,BRA2015,Brazil,br,2015,9.02990102416136,1802212206904.68,8936.19661756825,8.538,33.832343966101,7.56617501207116,-3.54576339269425,-3.51839166782255,36.924419825549,29.25143160027,13.6296293654077,1768300112266.54,67.5375540277116,BRA,BRA
230,2014,16,Brazil,6.983,,,,,,,,,,BRA,BRA2014,Brazil,br,2014,6.32904015516139,2456043727198.85,12274.9939689363,6.755,22.403672441435,7.84670974352809,0.503955740242247,-4.4988303801852,32.0693994463665,27.3715145442707,13.4900745188201,2410276964680.96,58.4572711058609,BRA,BRA
231,2012,24,Brazil,6.849,,,,,,,,,,BRA,BRA2012,Brazil,br,2012,5.40349914036997,2465227803011.57,12521.7213530369,7.251,26.5820905307869,7.9431269413538,1.92117598576537,-3.75941611656142,30.7940989613241,29.6660502664772,14.332411090207,2403719409196.5,59.8494899958247,BRA,BRA
232,2011,25,Brazil,6.697,,,,,,,,,,BRA,BRA2011,Brazil,br,2011,6.6364496221309,2616156223977.47,13396.6243566047,7.578,32.8334595068102,8.3185922188201,3.97442307944702,-3.19461831898174,31.3064734506666,29.1008030572235,14.8512987831907,2548928943603.92,59.3416583014604,BRA,BRA
233,2024,85,Bulgaria,5.554,5.46,5.647,1.573,1.725,0.463,0.708,0.055,0.0,1.029,BGR,BGR2024,Bulgaria,bg,2024,2.44651943006079,,,4.104,,,,,,,,,,BGR,BGR
234,2023,81,Bulgaria,5.463,5.357,5.569,1.629,1.469,0.567,0.62,0.083,0.006,1.088,BGR,BGR2023,Bulgaria,bg,2023,9.44284140088564,102407653020.606,15885.5391311331,4.319,-3.28394425747554,7.98419924336682,1.88681483907177,0.90586003354001,35.6868250526548,34.7815303798866,20.4750197596259,97396787109.0727,30.1482884982849,BGR,BGR
235,2022,77,Bulgaria,5.466,5.35,5.582,1.635,1.457,0.408,0.557,0.106,0.013,1.289,BGR,BGR2022,Bulgaria,bg,2022,15.3252589264366,90642851835.8996,13644.201582807,4.268,-10.5008398914837,15.9183596891222,4.03877758301681,-2.60246666143146,39.3206741649902,36.5391351521058,21.7256158413796,85735292882.524,30.1504217452844,BGR,BGR
236,2021,85,Bulgaria,5.371,5.257,5.485,1.625,1.163,0.64,0.563,0.123,0.021,1.235,BGR,BGR2021,Bulgaria,bg,2021,3.29774435299515,84417951260.8091,12274.0775950496,5.267,-2.66479476528815,6.96662433933332,7.78061481406978,-1.03358348191171,37.6808446952674,33.8635632108505,20.5821478187492,81048510007.8612,32.7213944823671,BGR,BGR
237,2020,89,Bulgaria,5.266,5.16,5.371,1.181,1.055,0.583,0.494,0.125,0.005,1.823,BGR,BGR2020,Bulgaria,bg,2020,1.67244096855756,70716821234.5967,10198.5388313404,5.125,-0.0042220113783196,4.34103862385629,-3.21573743445016,0.362007221946166,36.4634393218119,33.2517364811776,20.1784055093694,68161899199.9066,32.1034350330448,BGR,BGR
238,2019,96,Bulgaria,5.10150003433228,5.01482677459717,5.18817329406738,1.04655468463898,1.46057891845703,0.777776896953583,0.417820066213608,0.103833712637424,0.0,1.29496145248413,BGR,BGR2019,Bulgaria,bg,2019,3.10372944796781,68631726289.2794,9838.60058985384,4.23,-0.652136208064892,5.23548704810747,3.78885036478003,1.65493433053486,33.1317348471441,35.900559143217,20.5572127126498,66479976532.5396,27.0340081427953,BGR,BGR
239,2018,97,Bulgaria,5.011,,,,,,,,,,BGR,BGR2018,Bulgaria,bg,2018,2.81454473824829,66289266348.6504,9436.14479876055,5.211,0.679071463804736,4.25525729817191,2.5494643471818,0.572868008529003,33.0814837240474,34.8226671826242,19.9369805450372,63875378298.4119,28.7341635424804,BGR,BGR
240,2017,100,Bulgaria,4.933,,,,,,,,,,BGR,BGR2017,Bulgaria,bg,2017,2.06159619443141,59309748166.1179,8381.88134621669,6.164,0.597670418786322,4.81312131224342,2.74592644707793,3.23867502289839,31.9919661067059,32.9908659534546,20.523224655166,57855803153.6995,32.2350541351225,BGR,BGR
241,2016,105,Bulgaria,4.714,,,,,,,,,,BGR,BGR2016,Bulgaria,bg,2016,-0.79864988645371,53964253211.84,7570.93165511708,7.575,2.97072370154384,3.32355920411145,3.02662893138918,3.10025600360375,32.0269320095318,32.1690408687145,20.3330299615082,52164956703.8316,35.5441105426955,BGR,BGR
242,2015,129,Bulgaria,4.217,,,,,,,,,,BGR,BGR2015,Bulgaria,bg,2015,-0.104633261008385,50811995688.6771,7078.86032298969,9.143,4.37223769632351,2.94774648723617,3.39755325869422,0.0183814862482981,34.2858376669531,33.5396172165964,20.0778036414442,49160388019.0606,30.8515489533678,BGR,BGR
243,2014,134,Bulgaria,4.218,,,,,,,,,,BGR,BGR2014,Bulgaria,bg,2014,-1.4181838026484,57157782909.9307,7912.27484371138,11.424,6.83027957403434,1.34078287386647,0.949448985090484,2.18953559128089,37.9434073102519,33.3619385953896,19.5666207727537,56529038853.4167,32.502485392112,BGR,BGR
244,2012,144,Bulgaria,3.981,,,,,,,,,,BGR,BGR2012,Bulgaria,bg,2012,2.95456829831022,54288135058.7926,7430.7373804242,12.27,8.50741184532138,1.11217885256747,0.748814896796574,-0.973730262473593,30.9132693281019,30.577245009089,18.3853352646645,53568146883.006,21.7962168477584,BGR,BGR
245,2011,147,Bulgaria,3.889,,,,,,,,,,BGR,BGR2011,Bulgaria,bg,2011,4.21990346601873,57737040780.0157,7857.16706984441,11.26,4.25643907358051,6.11283035981589,2.09017527015538,0.47195006241871,29.8496236412362,29.124458209097,17.8827151475731,55929518183.7592,19.4817178682192,BGR,BGR
246,2024,120,Burkina Faso,4.383,4.26,4.506,0.724,0.828,0.296,0.671,0.142,0.218,1.504,BFA,BFA2024,Burkina Faso,bf,2024,4.19113446375394,,,5.166,,,,,,,,,,BFA,BFA
247,2023,110,Burkina Faso,4.548,4.41,4.686,0.756,0.685,0.274,0.483,0.173,0.179,1.999,BFA,BFA2023,Burkina Faso,bf,2023,0.742910428668841,20324617844.5265,882.689810086163,5.348,,1.99804752407688,2.96018147384929,-5.00471780899738,,,,19484760476.5981,,BFA,BFA
248,2022,104,Burkina Faso,4.638,4.456,4.819,0.768,0.814,0.107,0.419,0.188,0.113,2.23,BFA,BFA2022,Burkina Faso,bf,2022,14.2902354303358,18820218690.5948,836.118304593682,5.389,,5.88896511236759,1.4972397409897,-7.45988627329846,20.816293070998,19.6878347436324,17.6730517423342,18029664976.7055,62.5256115534246,BFA,BFA
249,2021,113,Burkina Faso,4.67,4.527,4.814,0.779,0.565,0.32,0.382,0.186,0.126,2.313,BFA,BFA2021,Burkina Faso,bf,2021,3.65353287214209,19697516284.3787,895.535288442991,5.2,6.13021813204196,0.112863112943955,6.94252492572348,0.392208859644244,18.180388229664,18.0586977041243,15.9388406647999,18774177401.4576,55.5822235545459,BFA,BFA
250,2020,114,Burkina Faso,4.834,4.675,4.993,0.364,0.472,0.179,0.381,0.182,0.122,3.133,BFA,BFA2020,Burkina Faso,bf,2020,1.88443993781991,17725010532.5268,825.237038782475,5.04,0.0675375097350463,6.46559578788029,2.01077262406221,4.1931251239965,17.1792423960653,16.0357676035835,13.4315862665503,17105876297.3224,73.3851925518101,BFA,BFA
251,2019,112,Burkina Faso,4.76870012283325,4.64704847335815,4.89035177230835,0.30246764421463,0.929385900497437,0.312833875417709,0.322398155927658,0.186390608549118,0.12640805542469,2.58882641792297,BFA,BFA2019,Burkina Faso,bf,2019,-3.2333893398333,16032813503.3707,764.853077774946,4.71,6.1439206172505,0.51290051556127,5.88920497068135,-3.26728197882863,18.2174288376112,18.6065470476465,15.6406078633915,15326465624.9088,47.0623633717549,BFA,BFA
252,2018,115,Burkina Faso,4.587,,,,,,,,,,BFA,BFA2018,Burkina Faso,bf,2018,1.95594302672523,15890066221.2882,777.465618514048,4.695,5.62891377347395,1.07396688968345,6.60456906812341,-4.18372491409563,17.3707418259823,16.8227576880022,15.2924120845571,15387936815.3249,45.5738610534927,BFA,BFA
253,2017,121,Burkina Faso,4.424,,,,,,,,,,BFA,BFA2017,Burkina Faso,bf,2017,1.48299897161325,14106955615.3442,709.091535894695,4.656,5.02421161425245,1.41629727998107,6.20348941121868,-6.35349497520963,18.4897905554418,16.7979690110934,15.2607212259008,13577334630.1408,,BFA,BFA
254,2016,134,Burkina Faso,4.032,,,,,,,,,,BFA,BFA2016,Burkina Faso,bf,2016,0.441041448058902,12833363045.3367,663.742364842886,4.587,2.62240552190937,2.60429919226561,5.95797670754024,-6.0796386850131,14.7098212612735,16.1772531489629,14.1391533049498,12261728232.1903,,BFA,BFA
255,2015,145,Burkina Faso,3.739,,,,,,,,,,BFA,BFA2015,Burkina Faso,bf,2015,0.724838981070517,11832159315.6298,630.124750752312,4.461,7.54593907323847,-2.22395417919314,3.9212287937935,-7.56751200933841,13.1974934417641,14.9763866393624,13.2802007024398,11293125664.7767,,BFA,BFA
256,2014,152,Burkina Faso,3.587,,,,,,,,,,BFA,BFA2014,Burkina Faso,bf,2014,-0.258089517535384,13943016076.7436,764.861675106225,4.251,5.99591815146962,-0.620386925840478,4.32684561452976,-7.16454946786702,12.8787351779888,15.4651331178926,13.6638275123408,13337500892.7969,,BFA,BFA
257,2012,131,Burkina Faso,4.259,,,,,,,,,,BFA,BFA2012,Burkina Faso,bf,2012,3.818152402524,12561015156.5683,731.470138867833,3.856,-0.741639727368065,5.82399948795916,6.45267237953146,-1.29204165999457,12.9214457539664,15.5744972185096,13.889962428562,12243495087.5098,,BFA,BFA
258,2011,144,Burkina Faso,3.926,,,,,,,,,,BFA,BFA2011,Burkina Faso,bf,2011,2.75976724854523,12080295977.5632,725.024767725475,3.827,-1.3885289905265,6.73800480732596,6.62256261306693,-1.32772267157687,11.0358957782752,13.9407112530199,12.2194913583116,11592644774.9473,,BFA,BFA
259,2020,141,Burundi,3.775,3.565,3.985,0.0,0.062,0.155,0.298,0.172,0.212,2.876,BDI,BDI2020,Burundi,bi,2020,7.32110643415521,2649680261.44299,210.008139902508,1.03,5.87779867369766,5.9665023314011,0.327156892638385,-13.008651673299,17.6736886423553,17.6778043805359,15.787822766545,2664225062.41347,,BDI,BDI
260,2019,140,Burundi,3.77530002593994,3.56534004211426,3.98526000976563,0.0,0.403575271368027,0.295212835073471,0.275399059057236,0.187401786446571,0.212186828255653,2.40150737762451,BDI,BDI2019,Burundi,bi,2019,-0.686772170797359,2576518879.82353,210.236494521532,1.043,13.5659023946464,0.851867434051655,1.81256532401552,-15.2431972553408,16.6189077019688,16.5654579568765,15.0593943769868,2583934017.97374,,BDI,BDI
261,2018,145,Burundi,3.775,,,,,,,,,,BDI,BDI2018,Burundi,bi,2018,-2.81469807668465,2667182199.51333,224.89939239264,1.146,18.1576757569898,-2.85085930198137,1.60993542127714,-14.5912293655985,,,,2672837528.12331,,BDI,BDI
262,2017,156,Burundi,2.905,,,,,,,,,,BDI,BDI2017,Burundi,bi,2017,16.0525353030392,2723586962.84034,236.694472592753,1.247,3.00359677995969,11.4491826066034,0.500001262429279,-13.7155221555246,17.6948478838913,17.7081221310292,14.3683824159336,2725061087.87066,,BDI,BDI
263,2016,154,Burundi,2.905,,,,,,,,,,BDI,BDI2016,Burundi,bi,2016,5.55768961400965,2644487776.50077,235.286205393908,1.347,13.1373077077255,0.97317644189674,-0.600000909116389,-12.3789527310826,17.6044811138672,14.8674787557782,13.8633859518928,2643216720.51299,,BDI,BDI
264,2015,157,Burundi,2.905,,,,,,,,,,BDI,BDI2015,Burundi,bi,2015,5.54468891259779,3104003546.26497,280.966831311923,1.442,-4.93706084453044,21.3187470230149,-3.9000000804855,-11.530480718165,18.6032284085147,13.9576990773856,13.1281548917256,3104359892.4664,,BDI,BDI
265,2014,157,Burundi,2.906,,,,,,,,,,BDI,BDI2014,Burundi,bi,2014,4.40535234185293,2705783329.80483,250.540481111877,1.572,9.84057048451342,5.30565602774391,4.24065021402657,-15.8466721557505,16.9374058140755,15.722649623166,13.690026719648,2698322225.8552,,BDI,BDI
266,2012,153,Burundi,3.706,,,,,,,,,,BDI,BDI2012,Burundi,bi,2012,18.1610453065451,2333341334.45753,231.688496393569,1.593,0.0226856189418669,14.294071682425,4.44670633111495,-11.1924151286239,17.9381007754932,15.9732228751183,14.4961552151041,2326835709.91274,,BDI,BDI
267,2011,152,Burundi,3.678,,,,,,,,,,BDI,BDI2011,Burundi,bi,2011,9.5921660597967,2235820809.32006,230.070577369084,1.602,4.49248695285009,8.36425019828808,4.03259998844415,-12.6836314052419,19.9992977562959,16.7204935283632,15.5317509914759,2218331580.56321,,BDI,BDI
268,2024,124,Cambodia,4.341,4.237,4.446,1.049,1.215,0.481,0.988,0.138,0.078,0.393,KHM,KHM2024,Cambodia,kh,2024,,,,0.27,,,,,,,,,,KHM,KHM
269,2023,119,Cambodia,4.341,4.236,4.446,1.011,1.019,0.442,0.863,0.17,0.071,0.765,KHM,KHM2023,Cambodia,kh,2023,2.12746796594194,42335646895.7984,2429.74853452838,0.225,,1.06309607242758,4.96006658918908,1.30468362030439,,,,41383539142.8578,,KHM,KHM
270,2022,115,Cambodia,4.393,4.279,4.508,1.025,1.024,0.283,0.768,0.176,0.051,1.068,KHM,KHM2022,Cambodia,kh,2022,5.34370264895437,39994532959.6074,2325.03050040841,0.231,,3.51502483143302,5.10336888677125,-18.9575920517337,,,,38444130462.4415,,KHM,KHM
271,2021,114,Cambodia,4.64,4.516,4.765,1.019,0.732,0.505,0.74,0.166,0.068,1.41,KHM,KHM2021,Cambodia,kh,2021,2.92073477592949,36790163687.4421,2167.40324198499,0.396,,2.64573403501885,3.08984284148661,-29.6082488651911,13.5193066036432,13.2985003699248,11.9927698946663,35300301362.1232,,KHM,KHM
272,2020,115,Cambodia,4.83,4.698,4.963,0.603,0.68,0.426,0.702,0.21,0.061,2.148,KHM,KHM2020,Cambodia,kh,2020,2.9402951426397,34818073901.4851,2081.73914242939,0.172,,-0.824281402832511,-3.55572193406549,-1.00006150750614,12.9375804463012,14.8219376724455,13.2902084649733,33712316726.7631,,KHM,KHM
273,2019,106,Cambodia,4.8484001159668,4.73470687866211,4.96209335327148,0.544634938240051,1.07142603397369,0.587904334068298,0.674940347671509,0.233342081308365,0.0728375017642975,1.66330003738403,KHM,KHM2019,Cambodia,kh,2019,1.94257500833107,36685356407.7206,2225.87705485686,0.119,,2.79255741070172,7.93695013588524,-7.99991923360397,11.6500918071986,16.8310426053455,14.5706459610935,35040667434.0951,,KHM,KHM
274,2018,109,Cambodia,4.7,,,,,,,,,,KHM,KHM2018,Cambodia,kh,2018,2.45908515380146,33145892168.8958,2036.67377566578,0.13,,3.81658094506807,8.77622376224463,-8.73582304512043,10.7640676815512,14.7667733438902,12.6410723071222,31820166406.6153,,KHM,KHM
275,2017,120,Cambodia,4.433,,,,,,,,,,KHM,KHM2017,Cambodia,kh,2017,2.91263557371478,29355665909.7905,1826.35391688754,0.141,,2.07650709154852,8.07503915535979,-6.15664205071234,10.7989673791136,14.0202169932915,11.9278366185806,28215504535.8122,,KHM,KHM
276,2016,129,Cambodia,4.168,,,,,,,,,,KHM,KHM2016,Cambodia,kh,2016,3.01913975139128,26556545153.3573,1675.19555711109,0.716,,1.58007480575829,7.90550116130704,-6.52773923371679,9.79082136934193,13.0895413623745,11.1748765224685,25507606313.3619,,KHM,KHM
277,2015,140,Cambodia,3.907,,,,,,,,,,KHM,KHM2015,Cambodia,kh,2015,1.22393195511119,24174170369.0738,1547.32010444393,0.393,,3.06935934141643,7.20703472529512,-6.61221348694343,8.99396164136395,12.3785283054753,10.8884929320759,23177973370.8877,,KHM,KHM
278,2014,145,Cambodia,3.819,,,,,,,,,,KHM,KHM2014,Cambodia,kh,2014,3.85568861424207,22041463967.9009,1431.56396469993,0.692,,3.29936912050763,8.00032074618566,-6.55176399019618,9.43642007472864,12.5632368801517,11.0837884465344,21110279792.7028,,KHM,KHM
279,2012,140,Cambodia,4.067,,,,,,,,,,KHM,KHM2012,Cambodia,kh,2012,2.93431609293951,17826536699.8016,1192.80263041673,0.496,,2.63843608534771,7.65025657870362,-6.80261456302101,8.33602397896915,9.96365204682428,8.73743328155956,17147398897.5327,,KHM,KHM
280,2011,138,Cambodia,4.101,,,,,,,,,,KHM,KHM2011,Cambodia,kh,2011,5.4784474961745,16032622023.8265,1088.98152823081,0.577,,4.95076723151411,7.28665813879552,-6.39866172664646,8.84350460921608,9.24417182251418,8.12593534266751,15499707260.5983,,KHM,KHM
281,2024,104,Cameroon,4.887,4.767,5.007,0.944,0.986,0.302,0.662,0.099,0.06,1.834,CMR,CMR2024,Cameroon,cm,2024,,,,3.518,,,,,,,,,,CMR,CMR
282,2023,104,Cameroon,4.874,4.753,4.996,0.943,0.856,0.288,0.521,0.126,0.06,2.08,CMR,CMR2023,Cameroon,cm,2023,7.38281384280984,49279410982.826,1736.86091073524,3.613,,4.65972285962381,3.24834497823876,-4.09678323983015,,,,48343641930.7095,,CMR,CMR
283,2022,96,Cameroon,4.973,4.834,5.112,0.965,0.871,0.118,0.405,0.144,0.059,2.411,CMR,CMR2022,Cameroon,cm,2022,6.24767713343861,44347206072.5513,1604.87726954895,3.653,,6.83105473248673,3.7367840056412,-3.39397488391441,,,,43241972760.9174,,CMR,CMR
284,2021,102,Cameroon,5.048,4.907,5.188,0.968,0.672,0.317,0.397,0.152,0.074,2.469,CMR,CMR2021,Cameroon,cm,2021,2.27185762503637,45011937346.8384,1672.32657340872,3.973,,2.92103933375591,3.33885747179505,-3.98670897608133,12.4228090170574,13.7428346466617,11.3415157249134,44281229347.6822,,CMR,CMR
285,2020,92,Cameroon,5.142,4.996,5.288,0.543,0.556,0.159,0.425,0.205,0.058,3.195,CMR,CMR2020,Cameroon,cm,2020,2.43760882182236,40773241177.0505,1555.60370660749,3.87,,0.705572037621721,0.259932915907115,-3.70931267651988,12.0602939460197,13.1216430210324,10.8705828088042,39933227702.4352,,CMR,CMR
286,2019,98,Cameroon,5.08489990234375,4.95299959182739,5.21680021286011,0.50395804643631,0.899726450443268,0.270189553499222,0.439242482185364,0.198020100593567,0.0543934218585491,2.71937084197998,CMR,CMR2019,Cameroon,cm,2019,2.45280214062732,39667757527.6578,1555.22660476477,3.622,,1.16977181911541,3.47505998194981,-4.27316997253143,12.3229207514112,14.8479225320649,12.0282727602432,38825035814.2222,,CMR,CMR
287,2018,96,Cameroon,5.044,,,,,,,,,,CMR,CMR2018,Cameroon,cm,2018,1.0688581131292,39955552189.795,1610.69641591017,3.601,,1.89699162266248,3.95551423892049,-3.52725517847681,11.367382512434,15.1505199201345,12.3469457091006,39216305348.0458,,CMR,CMR
288,2017,99,Cameroon,4.975,,,,,,,,,,CMR,CMR2017,Cameroon,cm,2017,0.64040914988195,36098547033.1655,1496.08951771242,3.568,,1.02514116066253,3.54117654926007,-2.63102845264373,10.5272373062848,14.691664680823,11.8759411884958,35436388520.4124,,CMR,CMR
289,2016,107,Cameroon,4.695,,,,,,,,,,CMR,CMR2016,Cameroon,cm,2016,0.874190383288856,33814337044.3765,1441.7201725688,3.528,,0.661808977155886,4.53579423678801,-3.06806029650276,11.9000531275541,14.5180049310914,11.6520313878748,33256524239.9872,,CMR,CMR
290,2015,114,Cameroon,4.513,,,,,,,,,,CMR,CMR2015,Cameroon,cm,2015,2.676235314199,32210233020.4569,1415.00009710569,3.518,,0.309791677780538,5.66695298703932,-3.64384590025676,12.421318766701,15.4849009804887,12.1109695914613,31773333681.5673,,CMR,CMR
291,2014,133,Cameroon,4.252,,,,,,,,,,CMR,CMR2014,Cameroon,cm,2014,1.85489850366777,36386544706.0806,1649.4433905949,3.534,,2.01421263022257,5.71981814509198,-3.85300319903713,12.8603148223258,16.3329616163743,12.285343811226,35703010549.7371,,CMR,CMR
292,2012,122,Cameroon,4.42,,,,,,,,,,CMR,CMR2012,Cameroon,cm,2012,2.73529677529539,30155062329.2821,1449.09874362279,3.835,,1.94228536388823,4.62597872209571,-3.17006037197893,12.7527473631683,15.8693647931459,11.3444056049257,29710253435.3417,,CMR,CMR
293,2011,126,Cameroon,4.376,,,,,,,,,,CMR,CMR2011,Cameroon,cm,2011,2.93969946305091,30630910495.217,1513.96056994878,3.987,,2.58904424747894,3.37921128506045,-2.44588511307824,,,,30327885739.0239,,CMR,CMR
294,2024,18,Canada,6.803,6.718,6.888,1.749,1.647,0.832,0.813,0.168,0.323,1.271,CAN,CAN2024,Canada,ca,2024,2.38158383281173,,,6.45,,,,,,,,,,CAN,CAN
295,2023,15,Canada,6.9,6.815,6.984,1.84,1.459,0.701,0.73,0.23,0.368,1.572,CAN,CAN2023,Canada,ca,2023,3.87900159788426,2142470914401.36,53431.1857063879,5.415,,1.5347101132531,1.24892730403391,-0.642444781908559,19.5378162882848,19.9426030551771,14.007586078129,2112732605610.04,62.2285228239297,CAN,CAN
296,2022,13,Canada,6.961,6.879,7.042,1.881,1.484,0.541,0.656,0.218,0.364,1.815,CAN,CAN2022,Canada,ca,2022,6.80280115341613,2161483369422.01,55509.393176404,5.279,,7.65381992676227,3.81986633913397,-0.29227644014174,18.4965355496716,18.1633667923914,12.8260196517315,2133340105142.4,61.4178635753383,CAN,CAN
297,2021,15,Canada,7.025,6.943,7.107,1.886,1.188,0.783,0.659,0.217,0.368,1.924,CAN,CAN2021,Canada,ca,2021,3.39519318527528,2007472181464.15,52496.8441693242,7.527,,7.66486542253131,5.28695689105889,-0.0221263171245921,22.665638508726,19.0762231325207,13.2198942999607,1990214506517.52,71.0739602315819,CAN,CAN
298,2020,15,Canada,7.103,7.021,7.185,1.447,1.044,0.798,0.648,0.246,0.335,2.585,CAN,CAN2020,Canada,ca,2020,0.716999632307827,1655684730000.19,43537.839298904,9.657,,1.07081026807496,-5.03823344128351,-2.01049352658992,28.5714736058033,19.0367507518489,13.5033320933869,1643688332920.87,74.5540471041546,CAN,CAN
299,2019,11,Canada,7.23210000991821,7.15290546417236,7.31129455566406,1.30164766311646,1.43539190292358,1.02250194549561,0.644028127193451,0.281528919935226,0.351701855659485,2.1952691078186,CAN,CAN2019,Canada,ca,2019,1.94926902411593,1743725183672.52,46352.8693445211,5.69,,1.54607075438069,1.9084319253883,-1.95170274818579,18.1057096781026,18.2776090385263,12.7416889014909,1722945761061.66,53.3623246913959,CAN,CAN
300,2018,9,Canada,7.278,,,,,,,,,,CAN,CAN2018,Canada,ca,2018,2.26822567248103,1725329192783.02,46539.1761570405,5.837,,1.6511181981862,2.74296343112555,-2.38507161087906,17.5409004540917,18.5291939067985,13.0576846693075,1695996608536.1,53.1515356456582,CAN,CAN
301,2017,7,Canada,7.328,,,,,,,,,,CAN,CAN2017,Canada,ca,2017,1.59688412852977,1649265644244.09,45129.628116623,6.426,0.12575223729819,2.57101465425282,3.03383490260789,-2.8034274767599,17.6065954076372,18.0104464036707,12.6120166809848,1628291572163.23,54.4625651849142,CAN,CAN
302,2016,7,Canada,7.316,,,,,,,,,,CAN,CAN2016,Canada,ca,2016,1.42875954701085,1527994741907.43,42314.0615817218,7.038,1.96890523916422,0.716978140660657,1.03855093491798,-3.093111446907,17.498604071126,17.8650755134574,12.496562633144,1509327936731.45,56.0236243991088,CAN,CAN
303,2015,6,Canada,7.404,,,,,,,,,,CAN,CAN2015,Canada,ca,2015,1.12524136094277,1556508816217.14,43594.1941045394,6.945,3.67453345002429,-0.867651312323389,0.649970993709132,-3.51398716666024,17.0597786823228,17.8509094964837,12.3898109063213,1532663548013.94,55.9915837788793,CAN,CAN
304,2014,5,Canada,7.427,,,,,,,,,,CAN,CAN2014,Canada,ca,2014,1.90663590717861,1805749878439.94,50960.8431174661,7.023,1.03863897338225,1.94119897748668,2.87346677184995,-2.31892137730875,16.4020498301416,16.9792224861735,11.8083790792206,1776572160702.32,51.4827081297932,CAN,CAN
305,2012,6,Canada,7.477,,,,,,,,,,CAN,CAN2012,Canada,ca,2012,1.51567823124517,1828366481521.6,52670.3447335415,7.392,1.76011033894486,1.21844370738719,1.75566132540601,-3.53224767688727,17.5175199279774,16.9203236637378,11.6644273631038,1795919869603.49,55.7251649377054,CAN,CAN
306,2011,5,Canada,7.499,,,,,,,,,,CAN,CAN2011,Canada,ca,2011,2.91213508872351,1793326630174.52,52223.8588398531,7.637,-0.236773175941093,3.24445517550211,3.13719438973661,-2.77400602599856,17.8502680006291,16.9254981361992,11.8039212812623,1759453773319.65,54.1193858391726,CAN,CAN
307,2019,149,Central African Republic,3.47589993476868,3.25014138221741,3.70165848731995,0.0410720817744732,0.0,0.0,0.292814463376999,0.253513216972351,0.0282647181302309,2.8601975440979,CAF,CAF2019,Central African Republic,cf,2019,2.68537355266787,2221301351.43918,449.228467602439,5.607,,2.32783705140642,3.09999999999999,,9.93933909760806,8.79208439882621,8.31845804475991,2386023468.72084,,CAF,CAF
308,2018,155,Central African Republic,3.083,,,,,,,,,,CAF,CAF2018,Central African Republic,cf,2018,1.61215686991555,2220979146.11241,455.243962859534,5.517,,-1.22411715845705,3.78944359275462,,10.1233533419528,8.81798776425636,8.63983071970915,2386745438.20748,,CAF,CAF
309,2017,155,Central African Republic,3.083,,,,,,,,,,CAF,CAF2017,Central African Republic,cf,2017,4.18072331871267,2072349972.6818,432.324025684263,5.534,,6.44370628779525,4.52727821346231,,8.67679860120799,7.19819455148522,7.08124424919758,2177935587.59112,,CAF,CAF
310,2016,155,Central African Republic,2.693,,,,,,,,,,CAF,CAF2016,Central African Republic,cf,2016,4.94543276106518,1825018144.65595,387.176203444318,5.491,,2.98011408445534,4.75031684122342,,9.02134552692702,7.30022999816924,6.80758893701064,1847781766.462,,CAF,CAF
311,2014,148,Central African Republic,3.678,,,,,,,,,,CAF,CAF2014,Central African Republic,cf,2014,14.898684179755,1894813389.40325,409.8504859647,5.326,,11.8938033016777,0.0810705153264877,,8.27197400077813,4.58128207147806,4.09850069590061,1914516900.43771,,CAF,CAF
312,2012,154,Central African Republic,3.623,,,,,,,,,,CAF,CAF2012,Central African Republic,cf,2012,5.47829594346117,2510126512.22831,544.395849142785,5.243,,6.18103617692616,5.05376125356918,,8.18447190574619,9.55407347188312,8.17237728051962,2521348066.78279,,CAF,CAF
313,2011,154,Central African Republic,3.568,,,,,,,,,,CAF,CAF2011,Central African Republic,cf,2011,1.1944757244985,2437982705.12093,534.057281471636,5.281,,4.00911505710052,4.19461533741989,,13.4640903708419,8.62528933619754,7.54040362417486,2447711016.35,,CAF,CAF
314,2024,119,Chad,4.384,4.253,4.515,0.592,0.902,0.242,0.477,0.175,0.111,1.884,TCD,TCD2024,Chad,td,2024,8.89950732263761,,,1.088,,,,,,,,,,TCD,TCD
315,2023,113,Chad,4.471,4.313,4.63,0.603,0.805,0.199,0.411,0.218,0.113,2.122,TCD,TCD2023,Chad,td,2023,10.8363568399842,13149325362.3347,680.639877912029,1.074,,-0.936604165489314,4.12231962001739,,,,,12956602270.3902,,TCD,TCD
316,2022,114,Chad,4.397,4.16,4.633,0.622,0.962,0.043,0.393,0.255,0.088,2.034,TCD,TCD2022,Chad,td,2022,5.78802687843616,12396807588.4082,671.720147647873,1.096,,15.145121891457,2.80434074839411,,,,,12212890617.6323,,TCD,TCD
317,2021,130,Chad,4.251,3.999,4.503,0.662,0.506,0.225,0.18,0.182,0.077,2.419,TCD,TCD2021,Chad,td,2021,-0.772844370359139,11779981332.8631,660.747192555507,1.548,,7.16657628897821,-1.16918700397552,,,,,11605895381.7118,,TCD,TCD
318,2020,129,Chad,4.355,4.171,4.54,0.255,0.353,0.0,0.24,0.215,0.084,3.209,TCD,TCD2020,Chad,td,2020,4.4641443723286,10715396042.3343,622.095543396442,1.707,,-5.45489640763718,-1.60000673705524,,,,,10561570203.5702,,TCD,TCD
319,2019,127,Chad,4.42269992828369,4.27524662017822,4.57015323638916,0.302287489175797,0.739118278026581,0.108744099736214,0.228601768612862,0.210805088281631,0.0857554078102112,2.74742650985718,TCD,TCD2019,Chad,td,2019,-0.971939175419317,11314951091.7283,678.142035723965,1.084,,2.85603411987745,3.24718191743429,,,,,11140998348.157,,TCD,TCD
320,2018,132,Chad,4.35,,,,,,,,,,TCD,TCD2018,Chad,td,2018,4.27462198610545,11239167898.3395,695.642393675941,1.135,,5.01465777807508,2.37403780037786,,,,,11075018517.4464,,TCD,TCD
321,2017,131,Chad,4.301,,,,,,,,,,TCD,TCD2017,Chad,td,2017,-1.53709962980849,10000394381.0177,640.117048532702,1.116,,0.0282519135155042,-2.98869598553931,,,,,9869508104.40075,,TCD,TCD
322,2016,137,Chad,3.936,,,,,,,,,,TCD,TCD2016,Chad,td,2016,-0.792440525236016,10097778098.1707,668.078636142918,1.047,,-1.40083927949904,-6.25552708545281,,,,,9911697343.60347,,TCD,TCD
323,2015,144,Chad,3.763,,,,,,,,,,TCD,TCD2015,Chad,td,2015,4.37712665065654,10950392256.9543,747.588448455507,0.974,,-8.48001725832678,2.76767568484473,,,,,10618477308.952,,TCD,TCD
324,2014,149,Chad,3.667,,,,,,,,,,TCD,TCD2014,Chad,td,2014,1.68197313925661,13940767218.5849,982.527563074226,0.933,,0.645785332472741,6.89998504532166,,,,,13336601200.4318,,TCD,TCD
325,2012,141,Chad,4.056,,,,,,,,,,TCD,TCD2012,Chad,td,2012,7.51662364663833,12367362757.1342,936.141444963822,0.9,,1.09724571223187,8.88257607170316,,,,,12067689658.1783,,TCD,TCD
326,2011,145,Chad,3.919,,,,,,,,,,TCD,TCD2011,Chad,td,2011,2.0292405367826,12172308851.0395,954.316872911808,0.905,,8.58039895814788,0.0828697984381961,,,,,11856127557.8128,,TCD,TCD
327,2024,45,Chile,6.361,6.273,6.449,1.537,1.577,0.711,0.779,0.093,0.085,1.579,CHL,CHL2024,Chile,cl,2024,4.29763891572524,,,9.056,,,,,,,,,,CHL,CHL
328,2023,38,Chile,6.36,6.273,6.448,1.616,1.369,0.673,0.651,0.117,0.075,1.858,CHL,CHL2023,Chile,cl,2023,7.58168251407962,335533331669.219,17067.8136150601,9.013,,6.59951204566833,0.218780666901552,-3.54630560751511,24.5784667401599,22.9454869474024,17.7185943290551,318450116063.725,,CHL,CHL
329,2022,35,Chile,6.334,6.243,6.424,1.645,1.384,0.511,0.546,0.131,0.076,2.04,CHL,CHL2022,Chile,cl,2022,11.643866711056,302116539409.03,15451.1319576678,8.249,,7.91378346570282,2.05874008095333,-8.65956531568217,24.0545547307517,26.0044134851018,21.2736151328078,287702182743.647,,CHL,CHL
330,2021,44,Chile,6.172,6.082,6.262,1.651,1.08,0.748,0.46,0.124,0.069,2.04,CHL,CHL2021,Chile,cl,2021,4.52456838259144,315515014838.539,16216.5706467899,9.281,,6.9147558846894,11.3339570691911,-7.2777100504384,30.7987584797003,24.1528969487593,19.6644047302073,297670042257.932,,CHL,CHL
331,2020,44,Chile,6.172,6.081,6.262,1.2,0.946,0.678,0.438,0.159,0.07,2.682,CHL,CHL2020,Chile,cl,2020,3.04549084804326,254042159309.311,13114.815470545,10.934,,9.66572269693961,-6.14347479224092,-1.94941123362021,26.2421928843387,19.9382667510933,16.1961693332108,238186960905.052,,CHL,CHL
332,2019,39,Chile,6.22849988937378,6.13888120651245,6.31811857223511,1.09699249267578,1.32328689098358,0.889260828495026,0.417482227087021,0.155579000711441,0.0628493502736092,2.28301286697388,CHL,CHL2019,Chile,cl,2019,2.55754475703327,278285058719.466,14495.716721687,7.493,,2.56778721379496,0.634367533828438,-5.21244978814831,23.3151987137799,21.739927149931,17.7188527688584,267848366678.638,,CHL,CHL
333,2018,26,Chile,6.444,,,,,,,,,,CHL,CHL2018,Chile,cl,2018,2.43488981353057,295857562991.709,15659.4808675628,7.623,2.54731216137638,1.59019973757384,3.99002947521676,-4.48367554775236,22.6179870091523,22.1740306166793,18.3955244984111,283731132095.716,,CHL,CHL
334,2017,25,Chile,6.476,,,,,,,,,,CHL,CHL2017,Chile,cl,2017,2.18271846868519,276154259987.103,14879.9086230423,7.257,-0.2626553008842,4.82819188168904,1.35769537797211,-2.75779980861257,22.3472564732169,21.1680432161024,17.5057946830766,265419010571.047,,CHL,CHL
335,2016,20,Chile,6.652,,,,,,,,,,CHL,CHL2016,Chile,cl,2016,3.78619355893118,249344863933.461,13649.8520455553,6.673,0.982913241202724,4.56065604390805,1.75303874553305,-2.62065852368128,22.1268634758418,20.8570992754454,17.4689644140042,242408025811.754,,CHL,CHL
336,2015,24,Chile,6.705,,,,,,,,,,CHL,CHL2015,Chile,cl,2015,4.34877353217044,242450355827.827,13433.9202985339,6.313,0.534100504532929,4.95436552710441,2.15194249853634,-2.73506821611239,21.6348148835746,21.142357659992,17.5460829271472,236499159249.766,,CHL,CHL
337,2014,27,Chile,6.67,,,,,,,,,,CHL,CHL2014,Chile,cl,2014,4.71867527854672,259560978231.552,14529.6767210362,6.483,2.1210253075598,5.85289162817273,1.79264947361806,-3.46029991870042,20.6752522596048,20.6564876968421,17.044501214415,248044111574.676,,CHL,CHL
338,2012,28,Chile,6.587,,,,,,,,,,CHL,CHL2012,Chile,cl,2012,3.00744840213047,267024782480.28,15241.9069977366,6.562,9.22337834379692,0.76346667921203,6.15534002096459,-5.32849119014849,19.9248545230652,22.1048865684026,18.9910595536986,252400856602.666,,CHL,CHL
339,2011,43,Chile,6.128,,,,,,,,,,CHL,CHL2011,Chile,cl,2011,3.34121694259302,251382573885.594,14487.3927827263,7.277,5.58745777159754,3.26051486014924,6.22389678693851,-4.91713901679071,19.4945095736039,22.6609132645165,18.9360959989957,229490673704.388,,CHL,CHL
340,2024,68,China,5.921,5.819,6.023,1.445,1.307,0.789,0.764,0.079,0.154,1.382,CHN,CHN2024,China,cn,2024,0.218128938439177,,,4.571,,,,,,,,,,CHN,CHN
341,2023,60,China,5.973,5.885,6.061,1.497,1.239,0.629,0.704,0.132,0.164,1.608,CHN,CHN2023,China,cn,2023,0.234836828893051,17794783039552.0,12614.0617416421,4.67,4.96128802760332,-0.582393794026771,5.24955786387791,1.42169348613261,,15.468774031062,7.84236823527058,17645270585286.7,,CHN,CHN
342,2022,64,China,5.818,5.731,5.905,1.51,1.249,0.468,0.666,0.115,0.145,1.666,CHN,CHN2022,China,cn,2022,1.97357555739051,17881782683707.3,12662.5826712038,4.98,2.48107607622312,1.82367710735865,2.95066992959268,2.47947458572128,,15.0124733393881,7.70087321650666,17728564563900.7,,CHN,CHN
343,2021,72,China,5.585,5.52,5.65,1.508,0.958,0.705,0.656,0.099,0.142,1.516,CHN,CHN2021,China,cn,2021,0.981015135544882,17820459508852.2,12617.5051041181,4.55,-0.193517050835666,4.55232657897571,8.44846941687277,1.98022814428178,,14.9369703981745,7.96512804614377,17696312719649.2,,CHN,CHN
344,2020,85,China,5.339,5.281,5.397,1.061,0.785,0.665,0.636,0.093,0.117,1.982,CHN,CHN2020,China,cn,2020,2.41942189457782,14687744162801.0,10408.7195541075,5.0,3.83860120447208,0.49249391805742,2.23863835634639,1.69417196526513,,14.0860868384369,8.09062621607631,14570138553468.0,,CHN,CHN
345,2019,94,China,5.12389993667603,5.07313251495361,5.17466735839844,0.990533411502838,1.13208067417145,0.86724853515625,0.601605117321014,0.079021044075489,0.117255553603172,1.33618187904358,CHN,CHN2019,China,cn,2019,2.89923416358227,14279968506271.7,10143.8602206165,4.56,3.02438482052273,1.28670040766232,5.95050075367413,0.720658984389148,,16.1005703947567,8.49286376989869,14239959159195.7,,CHN,CHN
346,2018,93,China,5.191,,,,,,,,,,CHN,CHN2018,China,cn,2018,2.07479039965576,13894907857880.6,9905.40638304527,4.31,0.821501871986205,3.49974763567195,6.7497738324959,0.173667284672295,,16.5358955398421,9.05268573156305,13833878513962.5,,CHN,CHN
347,2017,86,China,5.246,,,,,,,,,,CHN,CHN2017,China,cn,2017,1.59313600071436,12310491333980.9,8817.04560829162,4.47,0.112553973046852,4.2326819752236,6.94720079331685,1.53264496925769,,15.8831720481562,9.41931765253305,12294360421956.4,,CHN,CHN
348,2016,79,China,5.273,,,,,,,,,,CHN,CHN2016,China,cn,2016,2.00000182191943,11233313730348.7,8094.39016735149,4.56,2.90181538908108,1.40734602732051,6.84876220495761,1.70330002824602,,15.6299264256437,9.12291556057604,11177613255021.7,,CHN,CHN
349,2015,83,China,5.245,,,,,,,,,,CHN,CHN2015,China,cn,2015,1.43702380935655,11061572618578.7,8016.44559489998,4.65,4.35307225217325,-0.0029440936495177,7.04132887873656,2.64901137604426,,16.0430230597269,9.37692044713406,11008790517157.1,,CHN,CHN
350,2014,84,China,5.14,,,,,,,,,,CHN,CHN2014,China,cn,2014,1.92164162788521,10475624944355.2,7636.07434020616,4.63,4.52230843210213,1.03106368780396,7.42576365632412,2.25329351831007,,15.8181780335482,9.67861882699669,10488924466576.8,,CHN,CHN
351,2012,93,China,4.978,,,,,,,,,,CHN,CHN2012,China,cn,2012,2.61952432645541,8532185381680.59,6300.58217951734,4.58,3.58520352938242,2.33121757581199,7.86373644862111,2.52446164533542,,11.1389589630267,10.2567686829398,8512367896275.43,,CHN,CHN
352,2011,112,China,4.68,,,,,,,,,,CHN,CHN2011,China,cn,2011,5.55389892257493,7551545703440.75,5614.38602225277,4.55,-1.40242874659116,8.07568446704094,9.55083217877568,1.80223714352334,,11.2387260137086,10.3127948892952,7481168651253.95,,CHN,CHN
353,2024,61,Colombia,6.004,5.897,6.112,1.38,1.513,0.587,0.777,0.039,0.051,1.658,COL,COL2024,Colombia,co,2024,6.60908593728228,,,9.608,,,,,,,,,,COL,COL
354,2023,78,Colombia,5.695,5.584,5.806,1.437,1.241,0.648,0.644,0.072,0.059,1.596,COL,COL2023,Colombia,co,2023,11.7359044948689,363493841244.303,6947.35928681966,9.594,13.8189997645355,6.33605731984103,0.610409565791542,-2.37230770483043,33.5924934595053,28.6315353964396,17.7026930551997,359767496425.645,71.8790882440625,COL,COL
355,2022,72,Colombia,5.63,5.514,5.747,1.455,1.213,0.486,0.562,0.08,0.068,1.765,COL,COL2022,Colombia,co,2022,10.1772313546166,345329875078.512,6674.59601948063,10.547,0.819154152685682,14.8665745551143,7.2888838865514,-6.14606090715928,32.4193456934105,25.4295500704256,15.2766681363411,337877677468.28,70.33140026012,COL,COL
356,2021,66,Colombia,5.781,5.659,5.903,1.452,0.929,0.72,0.545,0.087,0.077,1.971,COL,COL2021,Colombia,co,2021,3.49505757399448,318524633225.395,6222.62164397614,13.898,1.42458739401645,7.80211309545884,10.8011981904878,-5.6351694946032,35.6635486558905,23.5474759563245,14.4463230965207,313509201762.482,80.3666516174088,COL,COL
357,2020,53,Colombia,6.012,5.892,6.132,1.021,0.866,0.615,0.554,0.1,0.063,2.794,COL,COL2020,Colombia,co,2020,2.52663500084706,270348342541.465,5339.68711357943,15.983,8.24660761552955,1.48172462037553,-7.18591413760859,-3.42772945914236,36.5543934839744,23.6871303712315,14.0452385553971,267833501944.668,91.1566069449736,COL,COL
358,2019,44,Colombia,6.16340017318726,6.05269765853882,6.27410268783569,0.932203710079193,1.3344509601593,0.81002014875412,0.52689003944397,0.0923740938305855,0.0458483695983887,2.42165660858154,COL,COL2019,Colombia,co,2019,3.52301932741447,323031701192.84,6472.54544924705,10.28,7.46754725861933,4.00262054293638,3.18685539245533,-4.58427517266059,31.3047065647576,25.575368512731,14.90052462326,315981529469.142,72.7038785770822,COL,COL
359,2018,43,Colombia,6.125,,,,,,,,,,COL,COL2018,Colombia,co,2018,3.24056932930569,334198218098.276,6816.96818309544,9.36,7.15306948982847,4.63057967327826,2.56432428277704,-4.20138344687968,29.9717907219429,23.4751871722398,14.6098424480272,325924723780.778,71.6505702481056,COL,COL
360,2017,37,Colombia,6.26,,,,,,,,,,COL,COL2017,Colombia,co,2017,4.31431325695011,311866875156.879,6479.53231292429,9.086,8.13449112757921,5.13373589963346,1.35936086788746,-3.18224191114871,27.5049639074473,22.5842861999584,14.8508184081791,306527532488.183,66.7272478472146,COL,COL
361,2016,36,Colombia,6.357,,,,,,,,,,COL,COL2016,Colombia,co,2016,7.51346024627675,282720100286.228,5959.84250367574,8.922,9.03209505722643,5.14833430514589,2.08738250162794,-4.45195067751591,28.6308350994839,24.2234212780588,14.3852129298513,279593356364.69,66.9071609125065,COL,COL
362,2015,31,Colombia,6.481,,,,,,,,,,COL,COL2015,Colombia,co,2015,4.9898311584953,293492370193.166,6248.51490534512,8.572,8.78547373201402,2.44932842052003,2.95590137527523,-6.37230442230879,26.8156770552217,24.1024162766989,15.797262655066,289667485036.838,53.2785874737167,COL,COL
363,2014,33,Colombia,6.477,,,,,,,,,,COL,COL2014,Colombia,co,2014,2.89883787761738,381240864422.407,8187.20824890084,8.799,8.44294935194344,2.2356323764315,4.49903000110972,-5.19843119341792,30.1625917691368,23.4469943054822,15.6997483720014,370407849663.061,47.9761695160459,COL,COL
364,2012,35,Colombia,6.416,,,,,,,,,,COL,COL2012,Colombia,co,2012,3.16930188840055,370691143018.039,8108.59838244229,9.959,8.65535095377731,3.61665506268449,3.91263576716115,-3.14008013112594,25.0329863002189,26.3354797473995,13.2269907142761,356514927997.962,65.227695883164,COL,COL
365,2011,41,Colombia,6.202,,,,,,,,,,COL,COL2011,Colombia,co,2011,3.4150334477625,334966134804.887,7400.9940695669,10.288,4.54296484242238,6.38680337285258,6.94789198173555,-2.90611447190462,24.2247402762094,23.4920085360318,14.5758811869672,320761717459.121,62.8601328222053,COL,COL
366,2024,139,Comoros,3.754,3.59,3.919,0.835,0.501,0.428,0.26,0.117,0.164,1.45,COM,COM2024,Comoros,km,2024,,,,3.875,,,,,,,,,,COM,COM
367,2023,132,Comoros,3.566,3.378,3.754,0.896,0.328,0.37,0.172,0.128,0.16,1.512,COM,COM2023,Comoros,km,2023,,1352380971.24055,1590.31237688317,3.776,,2.91808886046567,2.99567457175966,-1.82059800297231,,,,1355203003.61301,,COM,COM
368,2022,130,Comoros,3.545,3.317,3.774,0.914,0.327,0.215,0.117,0.129,0.145,1.699,COM,COM2022,Comoros,km,2022,,1242519407.77603,1489.49566257969,3.816,2.94621673740596,4.94193319951842,2.60301031927843,-0.422370445048612,,,,1248694701.42531,,COM,COM
369,2021,116,Comoros,4.609,4.368,4.849,0.899,0.476,0.424,0.185,0.195,0.125,2.304,COM,COM2021,Comoros,km,2021,,1296089479.91978,1584.12450153608,4.394,7.69248330549607,0.169479511384438,2.00016198933761,-0.314473575359912,,,,1302397963.15498,,COM,COM
370,2020,132,Comoros,4.289,4.123,4.454,0.488,0.367,0.279,0.202,0.241,0.101,2.61,COM,COM2020,Comoros,km,2020,,1225039196.61091,1527.16991011916,4.471,7.37469560008337,0.669668394306555,-0.195556827149787,-1.79978941327919,,,,1229785123.82979,,COM,COM
371,2019,134,Comoros,4.28859996795654,4.12329339981079,4.45390653610229,0.415620774030685,0.723232805728912,0.437383323907852,0.181028231978416,0.258538275957108,0.100048534572124,2.17276906967163,COM,COM2019,Comoros,km,2019,,1195019531.9011,1519.26386436068,3.934,6.03679877441353,4.20910596809098,1.76078023923176,-3.33166140326131,,,,1200664052.32512,,COM,COM
372,2018,142,Comoros,3.973,,,,,,,,,,COM,COM2018,Comoros,km,2018,,1188797449.38584,1540.71132257526,3.942,8.50815066613836,1.8356679398124,3.6424511379732,-2.83225012492641,,,,1195077463.01975,,COM,COM
373,2015,138,Comoros,3.956,,,,,,,,,,COM,COM2015,Comoros,km,2015,,966029600.862227,1329.37048235986,4.121,11.0807969694683,-0.522859922969374,1.14735076108914,-0.256465657736018,,,,971041229.263184,,COM,COM
374,2014,140,Comoros,3.956,,,,,,,,,,COM,COM2014,Comoros,km,2014,,1149587661.00693,1615.71723662012,4.119,9.58491678293437,0.835044861947765,2.10665758942474,-3.7803293757662,,,,1154095453.26526,,COM,COM
375,2012,149,Comoros,3.851,,,,,,,,,,COM,COM2012,Comoros,km,2012,6.31474450315196,1015843490.82374,1490.31511351281,4.17,5.97438246868747,4.27048256936031,3.16840986908748,-4.04970428541402,,,,1014150823.30033,,COM,COM
376,2011,151,Comoros,3.7,,,,,,,,,,COM,COM2011,Comoros,km,2011,1.8426630075621,1023086273.53336,1531.43789372951,4.207,7.23398648231259,3.04568880149402,4.1435066947591,-5.42473025670486,,,,1022301422.43754,,COM,COM
377,2024,100,Congo,5.03,4.855,5.205,1.023,0.796,0.336,0.626,0.082,0.126,2.04,COG,COG2024,"Congo, Rep.",cg,2024,,,,19.694,,,,,,,,,,COG,COG
378,2023,89,Congo,5.221,5.047,5.396,0.892,0.622,0.306,0.523,0.124,0.138,2.617,COG,COG2023,"Congo, Rep.",cg,2023,4.30174563591016,15321055822.5167,2477.97845544866,19.898,,-7.56770228699291,1.90686426346754,,,,,14546557191.4854,,COG,COG
379,2022,86,Congo,5.267,5.094,5.44,0.921,0.665,0.145,0.464,0.134,0.136,2.802,COG,COG2022,"Congo, Rep.",cg,2022,3.04344334698478,15817030154.6941,2620.83804267402,20.108,,18.2608987808466,1.47535613247133,,,,,14100325791.9671,,COG,COG
380,2021,99,Congo,5.075,4.915,5.235,0.95,0.405,0.355,0.431,0.13,0.146,2.658,COG,COG2021,"Congo, Rep.",cg,2021,1.7156427545126,14825690210.9157,2516.16255145432,21.96,,23.2907180099124,1.01507036990908,11.5738751772006,16.132138958121,20.0514136790167,6.50908825817085,13175025890.1367,,COG,COG
381,2020,84,Congo,5.342,5.151,5.533,0.518,0.392,0.307,0.381,0.144,0.124,3.476,COG,COG2020,"Congo, Rep.",cg,2020,1.79537147083108,11468687464.0046,1993.586671931,22.198,,-13.9995678950009,-6.26777227963225,12.5614280869547,17.7950013756253,18.7448714349599,8.32448488619369,11405928815.1038,,COG,COG
382,2019,88,Congo,5.1943998336792,5.04342317581177,5.34537649154663,0.633616745471954,0.75763601064682,0.458101123571396,0.386514395475388,0.117216013371944,0.118670783936977,2.72261953353882,COG,COG2019,"Congo, Rep.",cg,2019,2.20607305781525,13976637779.9763,2488.42466724916,20.392,,-1.31736650195613,1.12447391976529,11.6793050600101,16.2271081721896,23.6381461363848,7.1015493816633,12568374440.1643,,COG,COG
383,2018,103,Congo,4.812,,,,,,,,,,COG,COG2018,"Congo, Rep.",cg,2018,1.15277896375523,14773900288.5135,2694.43413191427,20.701,,22.2344412921584,-2.30431780125842,,16.4220244342388,23.0310575250024,6.82845231849733,13950568006.1425,,COG,COG
384,2017,114,Congo,4.559,,,,,,,,,,COG,COG2017,"Congo, Rep.",cg,2017,0.450063823285546,11834473039.3645,2211.63309874797,20.611,,12.3656768528042,-5.59477371915547,,16.0396616415927,16.3081736484861,10.1352630831832,10275915423.3547,,COG,COG
385,2016,124,Congo,4.291,,,,,,,,,,COG,COG2016,"Congo, Rep.",cg,2016,3.19056179723773,10931328150.8478,2093.10728558843,20.223,,-3.50248728902629,-8.68524343913786,-32.8963883802867,17.1512744009458,19.4852908143228,13.089464226841,10540521863.9381,,COG,COG
386,2015,127,Congo,4.236,,,,,,,,,,COG,COG2015,"Congo, Rep.",cg,2015,3.16909796750829,12434793867.3568,2439.35189403696,19.978,,-17.2539875449458,0.415193061293763,-37.2388274641582,14.8958714742342,19.9457149231407,12.1951444175552,12368954507.0538,,COG,COG
387,2014,139,Congo,3.989,,,,,,,,,,COG,COG2014,"Congo, Rep.",cg,2014,0.912139545450097,17919321078.0284,3601.2365808718,19.691,,-6.46456331292119,6.64606540928447,3.79355485952657,12.764755103564,31.6545368473144,9.58092115614526,18182185023.7646,,COG,COG
388,2012,129,Congo,4.297,,,,,,,,,,COG,COG2012,"Congo, Rep.",cg,2012,5.01018773134471,17692911296.3044,3732.32737320389,19.512,,11.3640902368718,9.94715314257564,13.6849086384196,11.6546669888328,32.8290855960018,7.27824633580598,16736472283.2997,,COG,COG
389,2011,148,Congo,3.82,,,,,,,,,,COG,COG2011,"Congo, Rep.",cg,2011,1.75958704273803,15655383576.6515,3396.16505817952,19.464,,10.953325511462,2.20591936286718,13.2423472931453,10.1766500054625,38.7472961925445,8.11448976998956,14089660178.6591,,COG,COG
390,2024,6,Costa Rica,7.274,7.187,7.361,1.492,1.6,0.68,0.948,0.067,0.118,2.369,CRI,CRI2024,Costa Rica,cr,2024,-0.41345934225229,,,7.848,,,,,,,,,,CRI,CRI
391,2023,12,Costa Rica,6.955,6.86,7.051,1.561,1.373,0.661,0.797,0.109,0.123,2.333,CRI,CRI2023,Costa Rica,cr,2023,0.525193508693455,86497941439.0174,16942.0268119375,8.325,9.19254167495134,-0.087922596921004,5.11192183224598,-1.4326435676152,28.9089243953107,29.3390402864479,13.9115296591889,80477795958.8812,,CRI,CRI
392,2022,23,Costa Rica,6.609,6.507,6.71,1.587,1.34,0.503,0.683,0.099,0.116,2.281,CRI,CRI2022,Costa Rica,cr,2022,8.27477490232654,69243626028.5936,13625.9008491328,11.325,1.01661806501087,6.28038513680281,4.55149177958398,-3.28139915247024,28.7616125185152,28.8914258324714,14.3541941210358,64292147817.5435,,CRI,CRI
393,2021,23,Costa Rica,6.582,6.481,6.683,1.584,1.054,0.744,0.661,0.089,0.102,2.346,CRI,CRI2021,Costa Rica,cr,2021,1.72647755109241,64960725734.1965,12838.1185358931,15.139,3.06530709358031,2.37413082580539,7.93576224743147,-3.17593347841436,30.8245979700277,28.2061355248318,14.0405858577837,60786873652.2023,,CRI,CRI
394,2020,17,Costa Rica,7.069,6.96,7.179,1.134,0.966,0.722,0.673,0.105,0.083,3.387,CRI,CRI2020,Costa Rica,cr,2020,0.724911478131376,62395610760.0492,12394.0493969492,16.432,5.82052018289417,0.772593247062218,-4.27335432161462,-1.0451399398849,31.8896416509747,27.1843242899476,12.2380289918782,58780239945.3654,,CRI,CRI
395,2019,15,Costa Rica,7.12139987945557,7.03356027603149,7.20923948287964,0.981107711791992,1.37485361099243,0.939635336399078,0.645017743110657,0.131266310811043,0.0963620916008949,2.95313501358032,CRI,CRI2019,Costa Rica,cr,2019,2.09604635327807,64417670521.3545,12884.6859951989,10.807,6.02471556816459,2.56679211746589,2.41751181762513,-1.19007304662517,29.4571247516698,27.5354175556737,13.320132922918,60575320937.0316,,CRI,CRI
396,2018,12,Costa Rica,7.167,,,,,,,,,,CRI,CRI2018,Costa Rica,cr,2018,2.22111461526581,62420164991.5374,12590.2493781614,9.01,8.73920721920776,2.19247842793764,2.6159044043379,-2.99153112578977,28.9192248274544,24.3167782701782,13.1821486851432,59042419843.9842,,CRI,CRI
397,2017,13,Costa Rica,7.072,,,,,,,,,,CRI,CRI2017,Costa Rica,cr,2017,1.62590692991732,60516044656.5206,12317.0902771304,7.729,8.26983032730686,2.8588837280198,4.1576989627609,-3.61676636348474,25.3967283752901,23.3185966619773,13.244102554611,57350348728.7643,,CRI,CRI
398,2016,12,Costa Rica,7.079,,,,,,,,,,CRI,CRI2016,Costa Rica,cr,2016,-0.0174788505908217,58847019609.6549,12091.0301606154,8.085,9.49388346148549,1.95876480203574,4.20432325175899,-2.13651622902175,27.1467334171331,24.0079934600948,13.5108543354557,56365195550.6234,,CRI,CRI
399,2015,14,Costa Rica,7.087,,,,,,,,,,CRI,CRI2015,Costa Rica,cr,2015,0.801982005099623,56441920820.5194,11714.7105980732,8.415,9.88706328691094,3.95521539698855,3.65208096802883,-3.40396456306336,28.5548940715519,23.4572080583441,13.2539942164455,54026905533.7438,,CRI,CRI
400,2014,12,Costa Rica,7.226,,,,,,,,,,CRI,CRI2014,Costa Rica,cr,2014,4.51920098516954,52016408854.2658,10911.497878334,8.499,8.18791760563077,6.20692042008149,3.54210987765977,-4.71600481230981,26.7358581094094,23.0707492376911,13.0455889626388,49869412874.3345,,CRI,CRI
401,2012,12,Costa Rica,7.257,,,,,,,,,,CRI,CRI2012,Costa Rica,cr,2012,4.49545314354605,47231655431.7355,10126.9991024177,9.11,12.869664352569,4.73363297222332,4.88259241025739,-5.10481785769544,25.9446831618072,23.3615138350075,13.1052960656825,45751076217.8681,,CRI,CRI
402,2011,12,Costa Rica,7.251,,,,,,,,,,CRI,CRI2011,Costa Rica,cr,2011,4.87799830970702,42762613698.9636,9276.39107511347,9.518,11.0452738948785,4.5932251410207,4.40315923970431,-5.29681753650104,25.3785207083222,23.2976636073559,13.2089868654328,41322445055.4576,,CRI,CRI
403,2024,98,Côte d’Ivoire,5.102,4.967,5.238,1.038,0.76,0.206,0.661,0.1,0.162,2.176,CIV,CIV2024,Cote d'Ivoire,ci,2024,3.46637314660165,,,2.288,,,,,,,,,,CIV,CIV
404,2023,96,Côte d’Ivoire,5.08,4.936,5.224,1.08,0.578,0.288,0.547,0.12,0.164,2.303,CIV,CIV2023,Cote d'Ivoire,ci,2023,4.38711707003279,78875489245.0538,2530.84659301723,2.27,,2.92244000008407,6.199999999987,,18.3130575875522,13.6909598735365,13.3520365049975,75699486555.3384,,CIV,CIV
405,2022,93,Côte d’Ivoire,5.053,4.907,5.198,1.094,0.584,0.12,0.467,0.138,0.131,2.519,CIV,CIV2022,Cote d'Ivoire,ci,2022,5.27616724262846,70173140101.4315,2308.70654660366,2.306,,2.08589858906348,6.2178509127107,-7.68645594475982,18.6103319960467,12.1742719266193,11.9446623106188,67874161725.9432,,CIV,CIV
406,2021,88,Côte d’Ivoire,5.235,5.085,5.384,1.094,0.442,0.322,0.451,0.149,0.124,2.652,CIV,CIV2021,Cote d'Ivoire,ci,2021,4.09195189692863,72794636653.7793,2455.98127641148,2.63,,3.93013137544369,7.06332910205232,-3.94825311453385,16.3773571246349,12.6643284318456,12.3894127185479,70557249154.8822,,CIV,CIV
407,2020,86,Côte d’Ivoire,5.306,5.152,5.46,0.669,0.409,0.052,0.438,0.177,0.092,3.469,CIV,CIV2020,Cote d'Ivoire,ci,2020,2.42500656821815,63027852805.4204,2179.72934832935,2.584,,1.82838309372076,0.699728593494228,-3.13243536755177,16.0320683194889,12.1120100537383,11.7866882349007,61181445318.3239,,CIV,CIV
408,2019,85,Côte d’Ivoire,5.23330020904541,5.09003305435181,5.37656736373901,0.537094414234161,0.799727261066437,0.154942512512207,0.397122532129288,0.169915586709976,0.0934957936406136,3.08102250099182,CIV,CIV2019,Cote d'Ivoire,ci,2019,-1.10686343994188,60382894697.3557,2141.76836170115,2.401,,1.98335249260808,6.72137167584978,-2.23379059024848,13.6271086543806,11.9628624765096,11.6654955006353,58700458323.6943,,CIV,CIV
409,2018,99,Côte d’Ivoire,4.944,,,,,,,,,,CIV,CIV2018,Cote d'Ivoire,ci,2018,0.359409031380677,58522477786.6889,2130.86619381144,2.85,,1.68197647173226,4.84314605889178,-3.90363086723185,14.7370417836244,11.9666616003208,11.6659927465613,56893409586.3836,,CIV,CIV
410,2017,107,Côte d’Ivoire,4.671,,,,,,,,,,CIV,CIV2017,Cote d'Ivoire,ci,2017,0.685881065304603,52512343996.69,1964.29930338343,3.272,6.24674820295151,-1.04167724817084,7.41076242592504,-1.99780015304643,14.9472059883342,11.9545089218456,11.7563706937153,50973205770.8793,,CIV,CIV
411,2016,128,Côte d’Ivoire,4.18,,,,,,,,,,CIV,CIV2016,Cote d'Ivoire,ci,2016,0.723178457513217,48407761036.8238,1862.59597081287,1.896,6.55213666931005,-1.17983243565696,7.17275963956332,-0.855798630849984,13.4001933039204,11.7312326383944,11.4603709076892,47331529982.55,,CIV,CIV
412,2015,139,Côte d’Ivoire,3.916,,,,,,,,,,CIV,CIV2015,Cote d'Ivoire,ci,2015,1.25149954781477,45815005169.2651,1814.71855088017,2.579,0.361232955383729,4.77568237270827,7.19494942728191,-0.439534823506043,13.4545912156732,12.1641165457389,11.1757327985719,44807751702.5044,,CIV,CIV
413,2014,151,Côte d’Ivoire,3.655,,,,,,,,,,CIV,CIV2014,Cote d'Ivoire,ci,2014,0.448682076766141,48843005613.7091,1991.36539423404,3.285,0.891700761437536,4.40733235572075,9.37199994240375,1.04562413672806,9.21632749724051,10.6443386512511,10.1172575454966,47933652024.9735,,CIV,CIV
414,2011,133,Côte d’Ivoire,4.197,,,,,,,,,,CIV,CIV2011,Cote d'Ivoire,ci,2011,4.9124339505246,36693710801.3976,1596.62826565998,7.135,-0.428915663486719,5.70932050005679,-5.37044724000579,7.26612761772171,9.60983909951552,8.66048493851633,7.57148126100708,24425274888.759,,CIV,CIV
415,2024,72,Croatia,5.87,5.777,5.963,1.644,1.673,0.669,0.478,0.022,0.065,1.319,HRV,HRV2024,Croatia,hr,2024,,,,5.236,,,,,,,,,,HRV,HRV
416,2023,63,Croatia,5.942,5.837,6.047,1.71,1.445,0.637,0.469,0.064,0.043,1.574,HRV,HRV2023,Croatia,hr,2023,7.9412817758683,84393795502.4421,21865.4562838641,6.086,,11.7403306343319,3.30254488086325,0.753574362369111,38.6809228180323,35.5917236117011,21.4922816843304,84099779090.4756,75.5596439603656,HRV,HRV
417,2022,48,Croatia,6.125,6.013,6.237,1.727,1.455,0.475,0.5,0.087,0.003,1.88,HRV,HRV2022,Croatia,hr,2022,10.7805806758686,71198635101.9514,18466.0955472648,6.96,,8.01280669780672,7.28793643206565,-3.68078262891498,37.8374255036955,38.2562670715098,21.6752167779461,70919879052.4689,83.0767694561751,HRV,HRV
418,2021,47,Croatia,6.125,6.022,6.229,1.705,1.183,0.709,0.535,0.109,0.0,1.884,HRV,HRV2021,Croatia,hr,2021,2.55450699642041,69006802298.6956,17789.9304736722,7.608,,2.08111752959877,12.6317003277712,0.807872377612066,40.6582440623582,38.9616654208265,21.0708503083676,68667460258.3253,91.1707084180748,HRV,HRV
419,2020,61,Croatia,5.882,5.788,5.975,1.251,1.039,0.703,0.453,0.111,0.0,2.325,HRV,HRV2020,Croatia,hr,2020,0.154811374562106,57963370885.0798,14808.4620188819,7.507,,0.803359807884533,-8.31164257884687,-0.79471642197724,44.893989430739,39.2040096884265,20.8739138501124,58907901172.2404,98.504671156109,HRV,HRV
420,2019,79,Croatia,5.50470018386841,5.43064403533936,5.57875633239746,1.10902428627014,1.31126487255096,0.900575578212738,0.381456881761551,0.113998979330063,0.0123250056058168,1.67602920532227,HRV,HRV2019,Croatia,hr,2019,0.771820346498019,61467582193.6824,15563.8167397199,6.617,,1.98838183285723,3.10043911443758,2.63940414879378,38.4682725930331,39.0767639347149,21.9730193882753,61266599944.4728,81.5039529553616,HRV,HRV
421,2018,75,Croatia,5.432,,,,,,,,,,HRV,HRV2018,Croatia,hr,2018,1.50012501041756,61668130122.5878,15460.4183295843,8.432,,2.02559756591751,2.90468149344008,1.21879362311209,38.2935611473092,37.8777951513661,21.7868640064569,61012800387.368,83.6696720968878,HRV,HRV
422,2017,82,Croatia,5.321,,,,,,,,,,HRV,HRV2017,Croatia,hr,2017,1.12937210282347,56186190437.9959,13902.6310485422,11.208,,1.23163897621677,3.28095812140658,4.05033996072394,39.0459451626294,38.6641254132829,22.0166214802731,56015572345.4034,86.8581540897879,HRV,HRV
423,2016,77,Croatia,5.293,,,,,,,,,,HRV,HRV2016,Croatia,hr,2016,-1.12500000000002,52654855638.1057,12821.1738140304,13.103,,0.0151130697192627,3.46112947356767,2.46258877507005,40.0856341620754,38.605909489751,21.9021345418353,51687937114.7988,93.2207497811373,HRV,HRV
424,2015,74,Croatia,5.488,,,,,,,,,,HRV,HRV2015,Croatia,hr,2015,-0.464499004644911,51005200669.6941,12285.3032582105,16.175,,0.12437215819854,2.32317515803855,2.81569132776121,41.5341344683407,37.7957186738267,21.4136482812976,50921927822.5954,95.5735482036501,HRV,HRV
425,2014,62,Croatia,5.759,,,,,,,,,,HRV,HRV2014,Croatia,hr,2014,-0.215196159576268,59612144078.4133,14187.9694531493,17.29,8.44277161510625,0.126544520072585,-0.5571501973061,0.393612117446996,42.1284735209224,36.531861434829,20.3809990230477,58743509682.7676,93.129209627066,HRV,HRV
426,2012,58,Croatia,5.661,,,,,,,,,,HRV,HRV2012,Croatia,hr,2012,3.41207349081358,57551963753.2104,13508.6836989693,15.935,7.95706676811321,1.41145606381943,-2.25374558078583,-0.361322793991159,40.2275034908042,34.7181189913422,20.1280057346355,55633820700.9614,76.3261475703115,HRV,HRV
427,2011,58,Croatia,5.623,,,,,,,,,,HRV,HRV2011,Croatia,hr,2011,2.2727272727273,62903737379.7834,14694.9993201417,13.678,7.88322341632649,1.66934505042573,-0.0977514527446601,-1.66224275963358,42.0175237781233,34.4717407982143,19.6439220715243,60863146670.8241,71.916981259806,HRV,HRV
428,2011,69,Cuba,5.418,,,,,,,,,,CUB,CUB2011,Cuba,cu,2011,,68990000000.0,6104.46105236166,3.18,,4.32376713223725,2.80230083647626,,,,,67926000000.0,,CUB,CUB
429,2024,67,Cyprus,5.942,5.827,6.058,1.72,1.348,0.84,0.612,0.108,0.041,1.273,CYP,CYP2024,Cyprus,cy,2024,1.80023018624815,,,5.602,,,,,,,,,,CYP,CYP
430,2023,50,Cyprus,6.068,5.954,6.182,1.794,1.217,0.744,0.529,0.124,0.049,1.611,CYP,CYP2023,Cyprus,cy,2023,3.54134188751663,33886930712.3394,36551.41796875,6.098,,3.82970232014782,2.61190090914745,-9.42577181887465,39.8082462632645,41.2591082913271,24.0823122177867,30644231434.6265,,CYP,CYP
431,2022,46,Cyprus,6.13,6.024,6.236,1.824,1.224,0.58,0.455,0.104,0.05,1.893,CYP,CYP2022,Cyprus,cy,2022,8.39548297993334,30976176886.8521,33938.9453125,6.806,,6.68855378219979,7.36562252428676,-5.5180144908117,36.4832124971542,38.3750580174458,23.1326745314181,28521267364.7675,,CYP,CYP
432,2021,41,Cyprus,6.221,6.122,6.32,1.815,0.909,0.819,0.448,0.123,0.062,2.044,CYP,CYP2021,Cyprus,cy,2021,2.44608867175474,30372874319.6285,33734.29296875,7.513,,3.04391069697645,11.3877633552,-5.44863394406944,40.6782174341103,38.2564962893617,22.5521077949787,27682692012.0072,,CYP,CYP
433,2020,40,Cyprus,6.223,6.128,6.319,1.377,0.765,0.801,0.464,0.178,0.061,2.578,CYP,CYP2020,Cyprus,cy,2020,-0.638422797978959,25555093854.2968,28649.015625,7.755,,-1.20792011655351,-3.22063433575047,-9.70521766643824,43.6947268030349,38.373285560444,21.9401064770959,23839852610.9473,,CYP,CYP
434,2019,45,Cyprus,6.15899991989136,6.05981206893921,6.25818777084351,1.21279942989349,1.14917075634003,1.02612459659576,0.459385871887207,0.227932333946228,0.0512071438133717,2.03233480453491,CYP,CYP2019,Cyprus,cy,2019,0.250370996758493,26196667099.5303,29703.052734375,7.155,,1.35009084401798,5.87559123003267,-5.52358779333748,38.5058596579424,39.3207871815276,23.0747988940916,24793491597.2219,,CYP,CYP
435,2018,49,Cyprus,6.046,,,,,,,,,,CYP,CYP2018,Cyprus,cy,2018,1.43549119531759,25754001367.5448,29599.986328125,8.504,,1.02575008362142,6.27166730438427,-3.74116387276707,40.3410835750321,38.3179535865917,23.8334479788945,24823400132.0307,,CYP,CYP
436,2017,61,Cyprus,5.762,,,,,,,,,,CYP,CYP2017,Cyprus,cy,2017,0.531766496174467,22946570628.7576,26696.990234375,11.155,,1.02039367253803,5.75083246014417,-4.91227621613636,36.8458898245716,38.4124173745333,23.819883399544,22248590723.5152,,CYP,CYP
437,2016,65,Cyprus,5.621,,,,,,,,,,CYP,CYP2016,Cyprus,cy,2016,-1.42916666666665,21046462280.5979,24715.154296875,13.006,,-0.574742676988038,6.57359100513114,-3.87009257416934,38.1375311510325,38.3242374913063,23.5160580075036,20211956551.818,,CYP,CYP
438,2015,69,Cyprus,5.546,,,,,,,,,,CYP,CYP2015,Cyprus,cy,2015,-2.0969976905311,19909278416.8575,23487.228515625,15.026,,-0.754233926922836,3.41892299033393,-0.244186265425847,41.7266838953056,40.4248670862314,24.0473874693333,19774901919.0144,,CYP,CYP
439,2014,67,Cyprus,5.689,,,,,,,,,,CYP,CYP2014,Cyprus,cy,2014,-1.35498885446315,23225918259.9824,27244.3515625,16.277,,-1.33826258326664,-1.77606181111089,-4.07615408092307,50.8825846479159,41.5236713526249,24.7157220076717,22592071770.9452,,CYP,CYP
440,2012,34,Cyprus,6.466,,,,,,,,,,CYP,CYP2012,Cyprus,cy,2012,2.38905410042317,25047436974.6819,28991.935546875,12.097,,1.67877921551435,-3.44738142393619,-3.86860062836353,52.6432632319096,37.7961497733924,23.3347688877135,24872764788.5623,,CYP,CYP
441,2011,35,Cyprus,6.416,,,,,,,,,,CYP,CYP2011,Cyprus,cy,2011,3.28944939564211,27641547909.7011,32485.796875,7.942,,1.61624900011381,0.416712762832276,-2.09343675182057,41.87062441853,37.4250777076831,23.1497766022135,28366739790.7056,,CYP,CYP
442,2024,20,Czechia,6.775,6.696,6.854,1.692,1.716,0.658,0.916,0.118,0.084,1.591,CZE,CZE2024,Czechia,cz,2024,2.43531202435314,,,2.506,,,,,,,,,,CZE,CZE
443,2023,18,Czechia,6.822,6.741,6.903,1.783,1.511,0.638,0.787,0.177,0.068,1.858,CZE,CZE2023,Czechia,cz,2023,10.6612601372426,343207874553.734,31591.1770732969,2.579,-3.21389905957262,8.15889263966358,-0.085330275927376,0.301691698482678,,,,317869839762.542,,CZE,CZE
444,2022,18,Czechia,6.845,6.759,6.931,1.823,1.544,0.477,0.693,0.158,0.05,2.099,CZE,CZE2022,Czechia,cz,2022,15.1001651468371,301831228325.556,28282.2236715857,2.224,-4.09132848261658,8.67110088094911,2.84717065717149,-4.52048439437013,34.4426537105922,30.2210309633991,12.6419883935481,277349488376.076,,CZE,CZE
445,2021,18,Czechia,6.92,6.811,7.029,1.815,1.26,0.715,0.66,0.158,0.048,2.263,CZE,CZE2021,Czechia,cz,2021,3.83984491500146,290972714482.313,27696.4619527544,2.803,-0.800024650179158,4.03442638918558,4.02901830633854,-2.04624111898244,36.8457557403545,30.7807294354331,12.9358385035563,270290707240.003,,CZE,CZE
446,2020,19,Czechia,6.965,6.868,7.062,1.37,1.09,0.703,0.58,0.052,0.046,3.124,CZE,CZE2020,Czechia,cz,2020,3.16129528497801,251109660602.536,23472.8915454417,2.55,-1.12128533160186,4.51623222399486,-5.30487954551279,1.78520080795831,37.6424553361707,31.4093362784941,14.0731168065984,233709848019.733,,CZE,CZE
447,2019,19,Czechia,6.9109001159668,6.82683324813843,6.99496698379517,1.21232235431671,1.40528666973114,0.89456444978714,0.505744576454163,0.0463259294629097,0.0498032234609127,2.79680824279785,CZE,CZE2019,Czechia,cz,2019,2.8478759591805,256794209028.77,24062.7190013343,2.015,-0.149541365420505,3.84131790816744,3.56577657204843,0.356195094422182,32.0399044366584,31.4722062929231,14.524571696195,237284304854.517,,CZE,CZE
448,2018,20,Czechia,6.852,,,,,,,,,,CZE,CZE2018,Czechia,cz,2018,2.14949494949493,251992360762.236,23705.9329811299,2.246,0.708328266221049,2.81335978857678,2.83030589412112,0.451859774047595,31.8283646893324,31.7486133921183,14.65729130846,235330815043.776,,CZE,CZE
449,2017,21,Czechia,6.711,,,,,,,,,,CZE,CZE2017,Czechia,cz,2017,2.4505339846014,221563575696.217,20913.197632212,2.893,1.87456260803187,1.68362051457846,5.17356528805017,1.35301705500193,31.386098316698,31.3247971171639,14.8067786190684,206250524034.28,,CZE,CZE
450,2016,23,Czechia,6.609,,,,,,,,,,CZE,CZE2016,Czechia,cz,2016,0.683504209385703,198160659303.939,18753.9686718096,3.952,2.38051335104569,1.49123390258281,2.58087014675783,1.74734921729713,32.5225943262792,31.4907403010099,14.7706497791672,183030984148.2,,CZE,CZE
451,2015,27,Czechia,6.596,,,,,,,,,,CZE,CZE2015,Czechia,cz,2015,0.309364548494975,189107698561.919,17931.5987670768,5.048,3.01082711337759,1.23453645747557,4.95875849031782,0.446971205922034,33.0693000771957,31.1275410254024,14.6856290224908,175136907363.179,,CZE,CZE
452,2014,31,Czechia,6.505,,,,,,,,,,CZE,CZE2014,Czechia,cz,2014,0.343988589646794,210911285077.683,20038.4163180257,6.108,1.8871107836235,2.70671595220047,2.24521218606488,0.217020094001343,34.2174755498584,30.8268335864555,14.3234419623065,194987353968.445,,CZE,CZE
453,2012,39,Czechia,6.29,,,,,,,,,,CZE,CZE2012,Czechia,cz,2012,3.28762306610411,210363223087.728,20014.0354015165,6.979,4.00947032396633,1.3433900864304,-0.770668176495519,-1.501449440317,36.3468844348247,31.7121804512739,14.8219229571973,195428016856.085,,CZE,CZE
454,2011,36,Czechia,6.36,,,,,,,,,,CZE,CZE2011,Czechia,cz,2011,1.9172191363555,231429378717.312,22049.1080788682,6.712,5.95212887817243,-0.221133399885247,1.77238083691023,-2.1691537824734,34.6520142942431,31.2079172623619,14.4031469799321,211036199499.884,,CZE,CZE
455,2024,2,Denmark,7.521,7.431,7.611,1.825,1.748,0.82,0.955,0.15,0.488,1.535,DNK,DNK2024,Denmark,dk,2024,1.37220049768918,,,5.587,,,,,,,,,,DNK,DNK
456,2023,2,Denmark,7.583,7.5,7.665,1.908,1.52,0.699,0.823,0.204,0.548,1.881,DNK,DNK2023,Denmark,dk,2023,3.30517811237606,407091920305.404,68453.8769281145,5.094,,-3.78891798596015,2.49518433148894,9.84084615992846,33.1387313045139,36.6991297613195,31.404169068147,418673805445.712,,DNK,DNK
457,2022,2,Denmark,7.586,7.506,7.667,1.949,1.548,0.537,0.734,0.208,0.525,2.084,DNK,DNK2022,Denmark,dk,2022,7.6965669988926,401945576107.963,68091.3191138669,4.434,,9.09696553405558,1.54017310709567,11.5656223681511,32.0184253924653,35.787251322537,30.6692719191866,414709867315.259,,DNK,DNK
458,2021,2,Denmark,7.636,7.563,7.71,1.953,1.243,0.777,0.719,0.188,0.532,2.226,DNK,DNK2021,Denmark,dk,2021,1.8530454398968,408378204639.999,69727.9873677012,5.043,,2.76891919858527,7.38206628977555,8.65914472386699,36.2155316033098,40.3735518701147,35.004012294038,424501033300.764,,DNK,DNK
459,2020,3,Denmark,7.62,7.552,7.687,1.502,1.108,0.763,0.686,0.208,0.485,2.868,DNK,DNK2020,Denmark,dk,2020,0.420711974110115,355631021931.621,60985.4885601514,5.637,,2.82692165384543,-1.7801059882175,7.23112965395448,38.7585745073268,39.2120703827283,34.470930251185,367136215276.414,,DNK,DNK
460,2019,2,Denmark,7.64559984207153,7.57995510101318,7.71124458312988,1.32694852352142,1.50344920158386,0.979332566261292,0.665039896965027,0.242793396115303,0.495260328054428,2.43274068832397,DNK,DNK2019,Denmark,dk,2019,0.75813157251162,345401473012.615,59404.2663247723,5.018,,0.950878601964675,1.7114009439059,7.42526960323985,35.294411019505,39.7772359663564,34.9773905428147,355443582780.668,,DNK,DNK
461,2018,2,Denmark,7.6,,,,,,,,,,DNK,DNK2018,Denmark,dk,2018,0.813609467455631,355293374912.393,61324.7665045565,5.131,,0.593022200778364,1.86000748885226,6.24457266735134,36.1767651513151,37.4293825413279,32.3839236687064,365236933204.871,,DNK,DNK
462,2017,3,Denmark,7.555,,,,,,,,,,DNK,DNK2017,Denmark,dk,2017,1.14713216957602,331610593961.988,57521.5514992225,5.833,,1.10061874339993,3.05647724393516,7.36024532050309,36.281185472149,38.0879168879288,33.2797095205553,338899001120.246,,DNK,DNK
463,2016,2,Denmark,7.522,,,,,,,,,,DNK,DNK2016,Denmark,dk,2016,0.250000000000031,312181849372.233,54500.9260410217,5.989,,0.4265129525064,3.07304547479855,7.0785087767559,37.3753237986279,38.0360359648306,33.4903267444358,320020671940.78,,DNK,DNK
464,2015,1,Denmark,7.526,,,,,,,,,,DNK,DNK2015,Denmark,dk,2015,0.452034153691575,301758922337.637,53094.0133607574,6.278,,0.409102896444253,2.10441458712587,7.95393817418838,39.4680654843822,38.90354146663,34.1560427381574,311066436036.952,,DNK,DNK
465,2014,3,Denmark,7.527,,,,,,,,,,DNK,DNK2014,Denmark,dk,2014,0.56402054044954,352832602064.452,62520.4509747011,6.925,,1.01870652494551,1.27799979380644,8.33724641683407,39.8534795726126,41.8748795594501,36.5850723841222,365645289652.797,,DNK,DNK
466,2012,1,Denmark,7.693,,,,,,,,,,DNK,DNK2012,Denmark,dk,2012,2.3979148566464,326792574244.963,58443.7747103968,7.798,,2.4078426280274,-0.0054323186932663,6.04077392997687,42.5735551510871,39.9316830870602,33.5146741563207,334180090640.392,,DNK,DNK
467,2011,1,Denmark,7.856,,,,,,,,,,DNK,DNK2011,Denmark,dk,2011,2.7586822605125,344315595263.175,61809.737898222,7.769,,0.646380325027508,1.31080377939614,6.33895025513779,41.3553765306718,39.7283549528451,32.8089690985065,351569643417.089,,DNK,DNK
468,2014,126,Djibouti,4.369,,,,,,,,,,DJI,DJI2014,Djibouti,dj,2014,1.34186494340157,2214679081.25658,2208.67810285113,26.173,,1.26230441351029,7.06154324233921,23.9575053238472,,,,2263292357.12156,,DJI,DJI
469,2012,114,Djibouti,4.69,,,,,,,,,,DJI,DJI2012,Djibouti,dj,2012,3.73120950756887,1353632941.5207,1400.19357858954,26.187,,,,-10.9311673573902,,,,1417840322.75308,,DJI,DJI
470,2011,95,Djibouti,4.957,,,,,,,,,,DJI,DJI2011,Djibouti,dj,2011,5.0687139477799,1239144501.77525,1306.34552844977,26.314,,,,-13.8678242864019,,,,1247888544.40387,,DJI,DJI
471,2024,76,Dominican Republic,5.846,5.705,5.988,1.457,1.5,0.615,0.866,0.063,0.186,1.16,DOM,DOM2024,Dominican Republic,do,2024,3.30223338951227,,,5.473,,,,,,,,,,DOM,DOM
472,2023,69,Dominican Republic,5.823,5.679,5.967,1.517,1.272,0.511,0.73,0.086,0.196,1.512,DOM,DOM2023,Dominican Republic,do,2023,4.78561281021135,121444279313.931,10717.6276712204,5.555,7.52708778224265,6.42391980187598,2.36061568723294,-3.60354561344743,,,,116006679313.854,,DOM,DOM
473,2022,73,Dominican Republic,5.569,5.426,5.712,1.536,1.227,0.351,0.623,0.083,0.195,1.553,DOM,DOM2022,Dominican Republic,do,2022,8.81109209279587,113537368176.13,10109.5234003521,5.504,1.0259702948332,10.7141556508469,4.85832403582451,-5.76805690073836,17.6790233734953,16.083608353171,13.8202744402643,109226368176.13,,DOM,DOM
474,2021,69,Dominican Republic,5.737,5.601,5.873,1.538,1.003,0.577,0.606,0.084,0.179,1.751,DOM,DOM2021,Dominican Republic,do,2021,8.24300347981809,94243425938.3647,8472.47982000992,7.702,1.69901512904323,7.77715811136834,12.2719902347896,-2.84932341249584,17.8061253524985,16.3675725864912,14.3774132098545,89532925938.8627,,DOM,DOM
475,2020,74,Dominican Republic,5.545,5.405,5.685,1.106,0.879,0.555,0.581,0.101,0.144,2.178,DOM,DOM2020,Dominican Republic,do,2020,3.78103179915517,78844656298.1776,7162.29175242114,6.126,5.97395752334564,4.72350401957794,-6.72023937283404,-1.6858466539231,21.3975598243477,14.6606285323912,12.3898799024195,75019656298.6199,,DOM,DOM
476,2019,68,Dominican Republic,5.68919992446899,5.552330493927,5.82606935501099,0.983191847801208,1.32888889312744,0.741901695728302,0.562873899936676,0.112196780741215,0.115945681929588,1.84424686431885,DOM,DOM2019,Dominican Republic,do,2019,1.81060377042959,88941372558.2397,8164.22080932117,6.356,9.71576484075912,2.52561865647056,5.05216802016253,-1.33559890727136,15.8640481695949,15.4583213309448,13.3027785951135,84872472558.5555,,DOM,DOM
477,2018,77,Dominican Republic,5.425,,,,,,,,,,DOM,DOM2018,Dominican Republic,do,2018,3.56443426013508,85555390139.118,7934.98141208525,5.861,8.0792258527232,4.12148968696981,6.98252758458058,-1.54461337602595,15.704552140793,15.2091862890194,13.0249349887579,81863690138.2717,,DOM,DOM
478,2017,83,Dominican Republic,5.302,,,,,,,,,,DOM,DOM2017,Dominican Republic,do,2017,3.27955694678546,79998046305.79,7499.69286187019,5.832,9.3381614162872,4.18137503365021,4.66670467732366,-0.166379063172654,16.0194816377183,15.1624661348405,13.030751059434,76204246305.3777,,DOM,DOM
479,2016,86,Dominican Republic,5.23,,,,,,,,,,DOM,DOM2016,Dominican Republic,do,2016,1.61416607245223,75704647877.6559,7174.82349574,7.284,12.834607398428,1.99367846452935,6.65920026269582,-1.07615585415127,16.1490037375533,14.902935976043,12.9108685475088,72451547877.1436,,DOM,DOM
480,2015,89,Dominican Republic,5.155,,,,,,,,,,DOM,DOM2015,Dominican Republic,do,2015,0.836746346724557,71164826836.5281,6819.93225155181,7.605,12.105545410125,2.47188597709767,6.9270187716221,-1.79906290356184,15.2054975505956,17.5783889930039,12.8118479609538,68228426835.72,,DOM,DOM
481,2014,98,Dominican Republic,4.885,,,,,,,,,,DOM,DOM2014,Dominican Republic,do,2014,2.99864226125219,67179955677.2791,6512.50771431953,6.719,9.18432964152428,4.32128893767675,7.05046368965911,-3.23042785325025,15.6419047050747,15.04112524287,13.3864470357334,63932555677.2837,,DOM,DOM
482,2012,95,Dominican Republic,4.963,,,,,,,,,,DOM,DOM2012,Dominican Republic,do,2012,3.69449707884777,60681535652.5373,6025.72582713231,6.722,9.88058813419776,5.09818154500647,2.71736789670562,-6.54329188822032,15.8349209837727,14.5426820882834,13.0264829667776,58281935652.0185,,DOM,DOM
483,2011,93,Dominican Republic,5.036,,,,,,,,,,DOM,DOM2011,Dominican Republic,do,2011,5.79676809206533,58029773599.455,5834.70590719826,6.087,6.93058716155887,8.06075517514766,3.13342300326755,-7.51114424482423,14.0159142860036,13.7337381150376,12.2976255127202,55775273598.9956,,DOM,DOM
484,2024,141,DR Congo,3.469,3.331,3.608,0.544,0.929,0.278,0.6,0.151,0.061,0.906,COD,COD2024,"Congo, Dem. Rep.",cd,2024,,,,4.556,,,,,,,,,,COD,COD
485,2023,139,DR Congo,3.295,3.128,3.462,0.534,0.665,0.262,0.473,0.189,0.072,1.102,COD,COD2023,"Congo, Dem. Rep.",cd,2023,,66383287002.9867,627.502181690836,4.484,,13.1719312219148,8.56086250904089,-5.84893546383991,,,,64288287002.9867,,COD,COD
486,2022,133,DR Congo,3.207,3.02,3.394,0.531,0.784,0.105,0.375,0.183,0.068,1.162,COD,COD2022,"Congo, Dem. Rep.",cd,2022,,65801547619.5815,642.612265820033,4.522,,10.1064172353471,8.92444762563109,-4.78420264034479,13.3229542467781,14.1646691832998,11.4110225908099,62284414213.4529,15.9896968122396,COD,COD
487,2019,131,DR Congo,4.31099987030029,4.09736347198486,4.52463626861572,0.062487468123436,0.833055019378662,0.277212053537369,0.364622980356216,0.25432488322258,0.0814666450023651,2.43786430358887,COD,COD2019,"Congo, Dem. Rep.",cd,2019,,51775829877.2088,557.044161335917,4.591,19.6802003687004,5.89540537440325,4.38452887429834,-3.27031370620225,7.98205495997684,7.70640390390457,6.37728987366072,48961721320.9821,,COD,COD
488,2018,127,DR Congo,4.418,,,,,,,,,,COD,COD2018,"Congo, Dem. Rep.",cd,2018,,47568210009.8172,528.256019777898,4.618,-4.77125575061414,30.998612148703,5.82112109969025,-3.5156285816565,9.88439014375416,8.71864753699519,7.29514885352042,45864379355.5355,,COD,COD
489,2017,132,DR Congo,4.245,,,,,,,,,,COD,COD2017,"Congo, Dem. Rep.",cd,2017,,38019264794.8263,436.584534687385,4.601,-15.6902472336269,43.0686597641677,3.7269476588301,-3.2652501894048,7.73700772380537,7.97675532043908,6.59070535042188,36945658210.5005,,COD,COD
490,2016,126,DR Congo,4.28,,,,,,,,,,COD,COD2016,"Congo, Dem. Rep.",cd,2016,2.88585107289988,37134801555.3322,442.310472110228,4.521,14.0840565255683,4.34922894475879,2.39939891133452,-4.05053876521373,12.3497800629084,9.26184057145815,7.95234699974678,36345366908.6642,,COD,COD
491,2015,125,DR Congo,4.272,,,,,,,,,,COD,COD2015,"Congo, Dem. Rep.",cd,2015,0.74419899478147,37917706497.1793,467.9145805459,4.439,20.7667503479097,-1.15587859287012,6.91616711922561,-3.91310432360812,12.5484379534551,10.7559166540103,9.10271198104293,35126777862.4323,,COD,COD
492,2014,120,DR Congo,4.517,,,,,,,,,,COD,COD2014,"Congo, Dem. Rep.",cd,2014,1.24303889760803,35909040925.9375,458.004541775676,4.436,17.5247381603604,0.99363066697174,9.4702880993101,-4.79716150307317,12.2667325166868,11.0570302053497,8.63671684952941,32869069802.4626,,COD,COD
493,2012,117,DR Congo,4.578,,,,,,,,,,COD,COD2012,"Congo, Dem. Rep.",cd,2012,9.72182806273364,29306235285.2597,400.059901824342,4.485,21.2447386343973,5.93999221193936,7.08689894671942,-4.30100115530101,14.2195459000256,12.5482011127358,8.85708633774351,27710051425.5743,,COD,COD
494,2011,141,DR Congo,3.984,,,,,,,,,,COD,COD2011,"Congo, Dem. Rep.",cd,2011,15.316515913949,25839749199.3671,364.714191777632,4.315,26.3303502340471,13.791660106755,6.8746708900163,-4.95593928260483,,,,24543304631.5936,,COD,COD
495,2024,62,Ecuador,5.965,5.848,6.083,1.299,1.32,0.702,0.712,0.058,0.066,1.808,ECU,ECU2024,Ecuador,ec,2024,1.54732515615369,,,4.773,,,,,,,,,,ECU,ECU
496,2023,74,Ecuador,5.725,5.599,5.85,1.315,1.151,0.64,0.606,0.087,0.078,1.846,ECU,ECU2023,Ecuador,ec,2023,2.21568764237058,118844826000.0,6609.80408154957,3.51,,-0.408196858042402,2.35521790742197,1.97395215922557,,,,116197121700.0,,ECU,ECU
497,2022,74,Ecuador,5.559,5.436,5.682,1.343,1.173,0.476,0.56,0.079,0.069,1.86,ECU,ECU2022,Ecuador,ec,2022,3.46616972213077,116586079000.0,6540.99824522101,3.761,,2.19571108300103,6.18613907258741,1.83322993167713,30.3183466317913,30.842245466388,13.0383442764852,114677350000.0,,ECU,ECU
498,2021,76,Ecuador,5.533,5.414,5.653,1.352,0.879,0.708,0.565,0.08,0.083,1.866,ECU,ECU2021,Ecuador,ec,2021,0.133251386096389,107435101000.0,6075.8026572556,4.552,,2.04901082789537,9.818417748417,2.73530514830235,31.850092135092,29.6007723710212,12.7055177467813,105704005400.0,,ECU,ECU
499,2020,67,Ecuador,5.764,5.653,5.875,0.935,0.806,0.64,0.56,0.107,0.062,2.653,ECU,ECU2020,Ecuador,ec,2020,-0.338872392562139,95865472000.0,5463.64509649315,6.127,,-1.82595644256135,-9.24509637743429,2.09143136395223,34.0396757717658,27.1210870155602,12.9414347272775,92538070200.0,,ECU,ECU
500,2019,58,Ecuador,5.92519998550415,5.8215537071228,6.0288462638855,0.853383600711823,1.22102761268616,0.838837742805481,0.555234551429749,0.115006476640701,0.0867533832788467,2.25493383407593,ECU,ECU2019,Ecuador,ec,2019,0.266012515466155,107595829000.0,6205.05759479761,3.812,,-0.0565751872692744,0.165403532646692,-0.507339455466227,33.1468968034622,29.6599987399275,13.40088971302,104536017000.0,,ECU,ECU
501,2018,50,Ecuador,6.028,,,,,,,,,,ECU,ECU2018,Ecuador,ec,2018,-0.224103246005552,107478962000.0,6303.91892523596,3.53,,1.81939670683758,1.044295546927,-1.53393873198942,33.7250446068871,31.206232521734,14.2925484323985,104610030900.0,,ECU,ECU
502,2017,48,Ecuador,5.973,,,,,,,,,,ECU,ECU2017,Ecuador,ec,2017,0.417335588666825,104467486000.0,6233.32244797718,3.836,,0.932031656124835,5.97039880954841,-0.388423584941001,31.5192679680287,27.9863154861129,13.6893043126773,102098707100.0,,ECU,ECU
503,2016,44,Ecuador,6.008,,,,,,,,,,ECU,ECU2016,Ecuador,ec,2016,1.72826463324533,97671433000.0,5917.63771271481,4.597,,1.17114450392724,-0.687954245877947,0.921880823309631,35.0549572104551,28.6412079584013,14.5417706457609,95796699000.0,,ECU,ECU
504,2015,51,Ecuador,5.976,,,,,,,,,,ECU,ECU2015,Ecuador,ec,2015,3.96664623255358,97209558000.0,5976.1596805651,3.616,,-5.47563265671535,0.119692109287612,-2.28484408591192,34.0758538247243,30.8458833789351,16.3890534868359,95498179000.0,,ECU,ECU
505,2014,48,Ecuador,5.975,,,,,,,,,,ECU,ECU2014,Ecuador,ec,2014,3.58922016616663,102717794000.0,6405.79979300441,3.48,,2.05296051570632,4.22606520388456,-0.651047970913705,33.3268796672496,28.8901339676781,14.0206757250712,101189491000.0,,ECU,ECU
506,2012,49,Ecuador,5.865,,,,,,,,,,ECU,ECU2012,Ecuador,ec,2012,5.10172180958666,87735048000.0,5634.08393191094,3.235,,5.00323590794862,5.783212336172,-0.166909556494228,,,,86468104000.0,,ECU,ECU
507,2011,66,Ecuador,5.425,,,,,,,,,,ECU,ECU2011,Ecuador,ec,2011,4.4745326579584,78986648000.0,5153.6916424375,3.458,,6.83751222954146,8.48147656332823,-0.506587087684931,,,,77743317000.0,,ECU,ECU
508,2024,135,Egypt,3.817,3.725,3.909,1.347,1.075,0.473,0.593,0.018,0.103,0.21,EGY,EGY2024,"Egypt, Arab Rep.",eg,2024,,,,7.198,,,,,,,,,,EGY,EGY
509,2023,127,Egypt,3.977,3.887,4.066,1.37,0.996,0.488,0.49,0.025,0.259,0.349,EGY,EGY2023,"Egypt, Arab Rep.",eg,2023,33.8847763115546,396002496996.96,3457.45691570455,7.334,-5.66130850390234,24.8250653743744,3.75870055176806,-3.17277519022305,,,,378684096996.935,,EGY,EGY
510,2022,121,Egypt,4.17,4.054,4.287,1.377,0.972,0.326,0.467,0.038,0.25,0.74,EGY,EGY2022,"Egypt, Arab Rep.",eg,2022,13.8956609775178,476747720364.742,4233.30783744856,7.344,0.142669652477037,10.4257892435745,6.58784560886967,-2.2100904275198,,,,460984520364.742,,EGY,EGY
511,2021,129,Egypt,4.288,4.198,4.377,1.388,0.732,0.548,0.469,0.041,0.254,0.856,EGY,EGY2021,"Egypt, Arab Rep.",eg,2021,5.21404940513043,424671765455.704,3827.35415374308,7.441,4.36620669870869,4.84715643244118,3.29064601202211,-4.38240299812002,,,,412272565455.704,,EGY,EGY
512,2020,133,Egypt,4.283,4.195,4.371,0.954,0.647,0.426,0.446,0.069,0.092,1.648,EGY,EGY2020,"Egypt, Arab Rep.",eg,2020,5.04493288977539,383817841547.099,3511.11381026379,7.974,4.88781543020781,6.17693409847963,3.55016483786838,-3.70903990583376,,,,372463841547.099,,EGY,EGY
513,2019,138,Egypt,4.15140008926392,4.08088064193726,4.22191953659058,0.875228941440582,0.982539534568787,0.596911311149597,0.373684734106064,0.0688012540340424,0.095461793243885,1.15881824493408,EGY,EGY2019,"Egypt, Arab Rep.",eg,2019,9.15279959324804,318678815489.749,2962.98892023003,7.851,2.19909578279478,13.6180959109963,5.55209307156956,-3.20758543154937,,,,307669215489.749,,EGY,EGY
514,2018,137,Egypt,4.166,,,,,,,,,,EGY,EGY2018,"Egypt, Arab Rep.",eg,2018,14.4014657807422,262588632526.73,2484.70315630508,9.855,-2.35870301315836,21.1748208164536,5.3311086189448,-2.93164483711978,,,,256309032526.73,,EGY,EGY
515,2017,122,Egypt,4.419,,,,,,,,,,EGY,EGY2017,"Egypt, Arab Rep.",eg,2017,29.5066083940039,248362771739.13,2395.10333299491,11.767,-8.75819408094445,29.5184798346035,4.18122099994778,-3.19681566782461,,,,243794271739.13,,EGY,EGY
516,2016,104,Egypt,4.735,,,,,,,,,,EGY,EGY2016,"Egypt, Arab Rep.",eg,2016,13.813606214829,332441717791.411,3270.6287768197,12.45,6.92201135491608,6.24566313377426,4.34664345555447,-6.16465951871263,,,,327970017791.411,,EGY,EGY
517,2015,120,Egypt,4.362,,,,,,,,,,EGY,EGY2015,"Egypt, Arab Rep.",eg,2015,10.370490343517,329366576819.407,3306.98159414141,13.052,1.54106846018941,9.93088973035982,4.37201907790141,-5.23529137853431,30.2303694913867,20.9886247391464,12.5192110970171,323665676819.407,,EGY,EGY
518,2014,135,Egypt,4.194,,,,,,,,,,EGY,EGY2014,"Egypt, Arab Rep.",eg,2014,10.0702154687481,305595408895.265,3133.39102265541,13.105,0.414129139027758,11.2476245037869,2.91591187985748,-1.94849131455399,32.9206291079812,19.8767136150235,12.2201408450704,298332708895.265,,EGY,EGY
519,2012,130,Egypt,4.273,,,,,,,,,,EGY,EGY2012,"Egypt, Arab Rep.",eg,2012,7.11172943343083,279116666666.667,2996.0677072015,12.597,-6.26271950249128,19.4828774694148,2.22619979863525,-2.49788021735236,28.6894966262614,20.2282199796979,12.3849047590613,272637266666.667,,EGY,EGY
520,2011,101,Egypt,4.853,,,,,,,,,,EGY,EGY2011,"Egypt, Arab Rep.",eg,2011,10.0649259874818,235989672977.625,2590.64384891965,11.849,-0.563878053386473,11.6629763507332,1.7645719489982,-2.32378812632193,29.1899277952009,21.9307417402086,14.0086354022318,229940172977.625,,EGY,EGY
521,2024,37,El Salvador,6.492,6.365,6.619,1.222,1.228,0.559,0.955,0.054,0.264,2.211,SLV,SLV2024,El Salvador,sv,2024,0.853782292567288,,,2.839,,,,,,,,,,SLV,SLV
522,2023,33,El Salvador,6.469,6.338,6.599,1.265,1.08,0.549,0.816,0.083,0.253,2.424,SLV,SLV2023,El Salvador,sv,2023,4.04554694222477,34015620000.0,5391.06926181338,2.992,,2.7288450232809,3.51097706608982,-1.36904279807399,27.5485203562363,25.9273204280269,20.606823550416,31873990000.0,101.704452248702,SLV,SLV
523,2022,50,El Salvador,6.122,5.986,6.257,1.278,1.044,0.383,0.713,0.079,0.222,2.403,SLV,SLV2022,El Salvador,sv,2022,7.19861615609867,31988920000.0,5093.51833879776,2.999,,7.143242839221,2.79955216943868,-6.82165878501212,27.2925750541125,28.0872252017261,21.0838627874902,30006450000.0,73.7611648033132,SLV,SLV
524,2021,49,El Salvador,6.12,5.99,6.25,1.265,0.768,0.607,0.666,0.089,0.212,2.514,SLV,SLV2021,El Salvador,sv,2021,3.46692585313082,29043140000.0,4642.60743101342,4.327,,4.14207468599355,11.9047617015957,-4.30553038660689,29.5074843835756,28.5747339991475,19.6896754276569,27355140000.0,66.4690525886664,SLV,SLV
525,2020,50,El Salvador,6.061,5.933,6.188,0.845,0.675,0.565,0.615,0.116,0.16,3.085,SLV,SLV2020,El Salvador,sv,2020,-0.371590212324095,24921190000.0,3997.19279583709,5.008,,0.653512318599752,-7.893101359867,1.11030429654712,33.9446069790407,23.5586663397695,18.3907750793602,23543800000.0,70.3842794023881,SLV,SLV
526,2019,34,El Salvador,6.34829998016357,6.23413324356079,6.46246671676636,0.748940408229828,1.14939761161804,0.752730011940002,0.524043917655945,0.11893630027771,0.11703035235405,2.93719172477722,SLV,SLV2019,El Salvador,sv,2019,0.0753241350024612,26881140000.0,4320.11671534627,4.17,,0.848014701105342,2.43747159065784,-0.421693578525018,24.7593666042437,24.1024004190298,18.0814504146774,25540040000.0,53.8790393562178,SLV,SLV
527,2018,35,El Salvador,6.253,,,,,,,,,,SLV,SLV2018,El Salvador,sv,2018,1.09033000581892,26020850000.0,4183.54620971358,4.006,,1.71626308707515,2.4124442237792,-3.30179306522223,24.7270938497397,24.9488391040262,18.128923536318,24550760000.0,52.2142820084663,SLV,SLV
528,2017,40,El Salvador,6.167,,,,,,,,,,SLV,SLV2017,El Salvador,sv,2017,1.0123540331558,24979190000.0,4020.12671373919,4.385,,0.986566456267596,2.24761908134138,-1.85990733613607,24.8439899000093,25.0974253686368,17.7537510645061,23591570000.0,55.248518820306,SLV,SLV
529,2016,45,El Salvador,6.003,,,,,,,,,,SLV,SLV2016,El Salvador,sv,2016,0.60404908699661,24191430000.0,3901.34014965811,4.418,,0.657746207396585,2.53906241135864,-2.27403286613894,23.2079037686245,23.6888663993406,17.3547756189279,22945050000.0,52.0656561693955,SLV,SLV
530,2015,46,El Salvador,6.068,,,,,,,,,,SLV,SLV2015,El Salvador,sv,2015,-0.731384487387957,23438240000.0,3790.34089108162,3.998,,1.307617777231,2.40000008852115,-3.2159293549397,22.7632940909989,20.8150431413365,16.7526849094045,22346390000.0,51.2784032678648,SLV,SLV
531,2014,42,El Salvador,6.13,,,,,,,,,,SLV,SLV2014,El Salvador,sv,2014,1.14134467538233,22593470000.0,3666.01248913873,4.154,,0.993230854860357,1.7293998423459,-5.3713869873012,22.7697175169483,20.5922799936442,16.7087952019765,21558030000.0,50.8379544344007,SLV,SLV
532,2012,52,El Salvador,5.809,,,,,,,,,,SLV,SLV2012,El Salvador,sv,2012,1.72973481581383,21386150000.0,3497.91256915509,3.843,,2.475549962784,2.88770010188691,-5.79721503254672,22.9022053992888,22.6560609136287,16.1824358287957,20515590000.0,54.8523398142256,SLV,SLV
533,2011,48,El Salvador,5.956,,,,,,,,,,SLV,SLV2011,El Salvador,sv,2011,5.1289237668161,20283780000.0,3330.60049486653,4.297,,5.95334315490372,3.77358499834686,-5.48105199392229,24.8898726231008,23.2282558637,15.3440335085472,19665540000.0,54.5625709816415,SLV,SLV
534,2024,39,Estonia,6.417,6.337,6.497,1.65,1.716,0.642,0.902,0.128,0.378,1.001,EST,EST2024,Estonia,ee,2024,3.52056053296586,,,7.828,,,,,,,,,,EST,EST
535,2023,34,Estonia,6.448,6.371,6.524,1.752,1.527,0.657,0.805,0.166,0.401,1.138,EST,EST2023,Estonia,ee,2023,9.15922507983982,41291245222.1948,30133.304450454,6.378,,8.05478314709862,-3.02303584066192,-1.75017354585816,37.8519021937307,36.2959069337815,21.4214878231849,40050178864.9176,28.2527574202604,EST,EST
536,2022,31,Estonia,6.455,6.377,6.534,1.798,1.526,0.494,0.728,0.153,0.372,1.383,EST,EST2022,Estonia,ee,2022,19.3982634080616,38376046174.971,28451.1477825175,5.571,,15.7824225083313,0.0604278323325786,-3.89799854711609,35.2785687051257,34.9684937808711,21.016686284165,36987912194.9418,25.9834554447716,EST,EST
537,2021,36,Estonia,6.341,6.266,6.415,1.793,1.232,0.728,0.689,0.123,0.333,1.442,EST,EST2021,Estonia,ee,2021,4.65316673847473,37204563051.4723,27953.7670230126,6.178,,5.37232915617214,7.15444748334397,-3.72846855950514,38.2324778803824,35.6412590951748,21.7403923673014,36275709776.356,24.5944842740264,EST,EST
538,2020,41,Estonia,6.189,6.115,6.263,1.344,1.079,0.64,0.641,0.119,0.263,2.103,EST,EST2020,Estonia,ee,2020,-0.44453109767983,31820771493.8974,23933.9939421065,6.956,,0.753341077907294,-2.88381004140328,-2.7306242700292,40.9084381155599,35.2026212872841,20.7215984585967,30896975845.1363,24.3854033747954,EST,EST
539,2019,51,Estonia,6.02180004119873,5.95126914978027,6.09233093261719,1.19244122505188,1.45323252677917,0.842615008354187,0.576664805412292,0.125136747956276,0.201766818761826,1.62992811203003,EST,EST2019,Estonia,ee,2019,2.27725931243522,31873748770.0313,24021.2501413306,4.514,,3.82267611749334,3.72665318178397,2.00905944057614,35.6510871727138,35.2025773474862,21.0626465669172,30681549837.647,13.8075698975519,EST,EST
540,2018,55,Estonia,5.893,,,,,,,,,,EST,EST2018,Estonia,ee,2018,3.43632688420446,31222632740.7247,23618.1361254581,5.412,,4.84907777388747,3.69969444001093,0.563761631353159,35.2168612467468,34.4274812856053,20.8332765978306,29976050226.9019,13.1736054942963,EST,EST
541,2017,63,Estonia,5.739,,,,,,,,,,EST,EST2017,Estonia,ee,2017,3.41723549488054,27469461919.1189,20851.5223496861,5.807,,3.74109667289247,5.63467432229395,1.69970978175346,34.6983825831746,34.6786425909497,20.8680916555804,26262150181.8824,13.1349085764879,EST,EST
542,2016,66,Estonia,5.611,,,,,,,,,,EST,EST2016,Estonia,ee,2016,0.148684907627373,24561027787.7896,18666.3736521706,6.882,,2.43852995890495,3.09301583441155,0.996247381037252,35.8214191120908,35.4410497581252,21.6774027118622,23537298481.751,13.7050142821031,EST,EST
543,2015,72,Estonia,5.517,,,,,,,,,,EST,EST2015,Estonia,ee,2015,-0.49232600654737,23311847750.9394,17722.1557669523,6.412,,1.3064346804756,1.83815704837467,1.46327360938589,35.8209566136791,35.5344384589226,21.5659169044997,22387751107.0312,13.3135753206017,EST,EST
544,2014,73,Estonia,5.429,,,,,,,,,,EST,EST2014,Estonia,ee,2014,-0.10617514652171,27055689003.0038,20581.7898991695,7.352,,2.8565454191879,3.32278753598732,0.518408483980374,33.6145594674937,34.6334354337073,20.7046889899527,25876006876.5489,14.4483977377516,EST,EST
545,2012,72,Estonia,5.426,,,,,,,,,,EST,EST2012,Estonia,ee,2012,3.93339987296985,23237406116.3988,17568.2137969714,10.021,,4.2055273670252,3.67202115931168,-1.85807259126915,34.1955592548035,34.204405603078,20.1620993799871,22063932819.8438,14.5041408926927,EST,EST
546,2011,72,Estonia,5.33,,,,,,,,,,EST,EST2011,Estonia,ee,2011,4.9819013145361,23303915794.7569,17555.5455239426,12.328,,5.5391726685742,7.6069766353788,1.30548764458293,34.8527645409945,33.517189879235,19.4461104284907,22028387855.0584,7.16885826942615,EST,EST
547,2024,137,Eswatini,3.774,3.654,3.893,1.183,1.152,0.038,0.428,0.054,0.13,0.79,SWZ,SWZ2024,Eswatini,sz,2024,,,,34.4,,,,,,,,,,SWZ,SWZ
548,2023,135,Eswatini,3.502,3.331,3.673,1.255,0.925,0.176,0.284,0.059,0.116,0.686,SWZ,SWZ2023,Eswatini,sz,2023,,4442875788.08505,3610.60879677551,35.086,9.06621202251704,1.62022800466512,5.01490471257054,2.42037953381641,,,,4134403562.18995,,SWZ,SWZ
549,2021,125,Eswatini,4.396,4.185,4.607,1.274,0.786,0.197,0.259,0.038,0.154,1.688,SWZ,SWZ2021,Eswatini,sz,2021,,4737671576.32851,3926.48687364215,34.153,7.070130261393,0.167992453327443,3.39933858133693,2.64513343871852,24.9761458493158,25.4555284707862,24.7043503201481,4375150957.8119,36.2473216953578,SWZ,SWZ
550,2024,132,Ethiopia,3.898,3.786,4.011,0.757,1.051,0.416,0.54,0.182,0.1,0.852,ETH,ETH2024,Ethiopia,et,2024,,,,3.398,,,,,,,,,,ETH,ETH
551,2023,130,Ethiopia,3.861,3.725,3.997,0.792,0.915,0.42,0.441,0.27,0.101,0.923,ETH,ETH2023,Ethiopia,et,2023,30.2188278135278,163697927593.982,1272.01628209211,3.402,,33.0206928816945,6.49813464238613,-2.92468913307886,6.12218921872514,4.50538091523482,3.93142273811014,163284493254.474,,ETH,ETH
552,2022,124,Ethiopia,4.091,3.908,4.273,0.793,1.114,0.25,0.451,0.283,0.101,1.099,ETH,ETH2022,Ethiopia,et,2022,33.8898797100898,126772703047.701,1011.0732858233,3.409,,34.6673530169267,5.32117628383672,-4.07059182048539,7.30178341290382,5.05571937050665,4.49688526014635,126199025534.765,,ETH,ETH
553,2021,131,Ethiopia,4.241,4.118,4.365,0.788,0.809,0.457,0.472,0.205,0.136,1.375,ETH,ETH2021,Ethiopia,et,2021,26.8395221557722,111261882958.426,910.947840320752,3.935,,21.7632640675501,5.64153071734657,-4.05104445487667,8.41741970874706,6.55460469638638,5.32472623532696,110688250515.368,,ETH,ETH
554,2020,134,Ethiopia,4.275,4.175,4.374,0.37,0.679,0.331,0.451,0.241,0.114,2.089,ETH,ETH2020,Ethiopia,et,2020,20.3563468559061,107657734392.446,905.313175805855,3.994,,18.2545902876571,6.05953088643369,-2.52541427273292,8.41226851464806,7.1046286242862,6.19630057347232,107045139885.794,,ETH,ETH
555,2019,136,Ethiopia,4.18620014190674,4.10992670059204,4.26247358322144,0.315125644207001,1.00110328197479,0.483846247196198,0.412566870450974,0.227698102593422,0.117437034845352,1.62845921516418,ETH,ETH2019,Ethiopia,et,2019,15.8096321719344,95912607722.3032,828.70897229725,2.917,,12.8603968185939,8.3640856990789,-5.23928384636561,9.70541703490996,7.78822030544149,6.66173914844703,95323016753.8224,31.4488486740364,ETH,ETH
556,2018,134,Ethiopia,4.286,,,,,,,,,,ETH,ETH2018,Ethiopia,et,2018,13.8330356586661,84269196625.8784,747.968143637014,2.802,,12.3822948123876,6.81614779681703,-5.47209883044265,10.8174753935638,8.97336366776418,7.519920423209,83891882898.1509,32.5332185023587,ETH,ETH
557,2017,127,Ethiopia,4.35,,,,,,,,,,ETH,ETH2017,Ethiopia,et,2017,10.6871150284238,81770886825.6048,745.632449222154,2.662,,6.67685508319342,9.56418964295607,-7.25029143899611,11.232503563404,9.44482816270803,7.6039292287321,81285285937.504,30.0951131996185,ETH,ETH
558,2016,119,Ethiopia,4.46,,,,,,,,,,ETH,ETH2016,Ethiopia,et,2016,6.62813337230924,74296745207.8721,696.195884706786,2.554,,10.3979255406466,9.43348265784402,-10.640419267884,10.0892965416291,9.35821999243861,8.08706553329928,74054063837.4245,29.0056900690034,ETH,ETH
559,2015,115,Ethiopia,4.508,,,,,,,,,,ETH,ETH2015,Ethiopia,et,2015,9.56889955968623,64589328550.5953,621.845673808133,2.443,,10.8365427789744,10.3924630202334,-11.7149020637799,10.3776370135472,9.94334434408776,8.35133826701354,64326828327.9098,27.9431250379303,ETH,ETH
560,2014,122,Ethiopia,4.512,,,,,,,,,,ETH,ETH2014,Ethiopia,et,2014,6.89001951597192,55612228233.5179,549.986577082588,2.359,,10.9817882908686,10.2574929610051,-10.3781721184148,9.55243367655399,9.73745298640636,8.81195539315636,55459432981.0435,26.9372797365191,ETH,ETH
561,2012,119,Ethiopia,4.561,,,,,,,,,,ETH,ETH2012,Ethiopia,et,2012,23.600417677317,43310721414.0829,452.101031885754,2.255,,33.5414050179965,8.64781163337416,-7.10674868080213,8.46637984459639,11.0704406589647,9.37759471505438,43214529006.0852,,ETH,ETH
562,2011,139,Ethiopia,4.064,,,,,,,,,,ETH,ETH2011,Ethiopia,et,2011,33.2499598823344,31952763089.33,343.024942351887,2.275,,20.061875081957,11.1782962271641,-3.30367964138338,10.583931315438,10.8764740793191,9.20935861701915,31883271774.1935,,ETH,ETH
563,2024,1,Finland,7.736,7.662,7.81,1.749,1.783,0.824,0.986,0.11,0.502,1.782,FIN,FIN2024,Finland,fi,2024,1.56568906231616,,,8.26,,,,,,,,,,FIN,FIN
564,2023,1,Finland,7.741,7.667,7.815,1.844,1.572,0.695,0.859,0.142,0.546,2.082,FIN,FIN2023,Finland,fi,2023,6.25064322154763,295532341254.907,52925.6897638424,7.151,,3.91351734729513,-1.16396281522198,-0.5344693537674,44.854383140641,42.0657105224645,25.3318454558759,297129375017.652,,FIN,FIN
565,2022,1,Finland,7.804,7.733,7.875,1.888,1.585,0.535,0.772,0.126,0.535,2.363,FIN,FIN2022,Finland,fi,2022,7.12350773301402,280241515774.32,50438.4753952355,6.719,,5.44943422380896,1.4500480727209,-2.50703012641764,37.9360749124468,37.1830424914701,21.200267544453,284510574953.308,,FIN,FIN
566,2021,1,Finland,7.821,7.756,7.886,1.892,1.258,0.775,0.736,0.109,0.534,2.518,FIN,FIN2021,Finland,fi,2021,2.19457432340007,294223210496.119,53099.1351400148,7.617,,2.43461236911682,2.73471348589543,0.326640931588569,40.1026675885578,37.0226399318229,20.8297824444051,301103210879.84,,FIN,FIN
567,2020,2,Finland,7.842,7.78,7.904,1.446,1.106,0.741,0.691,0.124,0.481,3.253,FIN,FIN2020,Finland,fi,2020,0.290554555653239,270000311606.226,48828.6846862799,7.759,,1.63841612956087,-2.49103620977239,0.529983303828095,41.4819765892371,35.469801638838,20.0057532774645,276322367069.261,,FIN,FIN
568,2019,1,Finland,7.80870008468628,7.747633934021,7.86976623535156,1.28518950939178,1.49952590465546,0.961271405220032,0.662316739559174,0.159670442342758,0.477857261896133,2.76283502578735,FIN,FIN2019,Finland,fi,2019,1.02409392963431,267014821129.411,48358.1807773701,6.695,,1.48185905545748,1.34973843826123,-0.15499529100125,37.3099724129835,36.8814932206374,20.7845948733429,269899706941.176,,FIN,FIN
569,2018,1,Finland,7.769,,,,,,,,,,FIN,FIN2018,Finland,fi,2018,1.08382098409305,273869255596.078,49654.2497035329,7.361,,1.98705887836203,1.19297772988504,-1.63811271947478,37.678359673142,37.0151570686272,20.9641879217783,276815737098.039,,FIN,FIN
570,2017,1,Finland,7.632,,,,,,,,,,FIN,FIN2017,Finland,fi,2017,0.754015047084346,253846138440.0,46085.0174739036,8.64,,0.836045810858835,3.30337016113322,-0.613710516292878,38.1729904853453,36.995006808897,20.8810623659359,255775633889.412,,FIN,FIN
571,2016,5,Finland,7.469,,,,,,,,,,FIN,FIN2016,Finland,fi,2016,0.356684500891695,238777818792.608,43451.2562442158,8.818,,0.055195317210746,2.57193423155972,-1.98213896057961,39.9389014310416,37.9719725380939,20.9872193661139,241867185380.545,,FIN,FIN
572,2015,5,Finland,7.413,,,,,,,,,,FIN,FIN2015,Finland,fi,2015,-0.207928839905268,233210733506.25,42560.3456767103,9.376,,1.63270263049233,0.46650351789539,-0.912485503630059,40.6832800487174,37.6194146304331,20.5868919844713,236841059684.375,,FIN,FIN
573,2014,6,Finland,7.406,,,,,,,,,,FIN,FIN2014,Finland,fi,2014,1.04119621178439,273478528954.901,50073.7760815871,8.663,,1.64467040761917,-0.47806831857902,-1.40306958808626,40.7932768210634,37.7605596172063,20.735954919725,277614151896.47,,FIN,FIN
574,2012,7,Finland,7.389,,,,,,,,,,FIN,FIN2012,Finland,fi,2012,2.80833622561574,257443384492.969,47551.6740841369,7.689,,2.9453461844269,-1.52284028499332,-2.25407429115713,39.0731517432053,37.3673756600026,20.2018185629161,259497761579.297,,FIN,FIN
575,2011,2,Finland,7.579,,,,,,,,,,FIN,FIN2011,Finland,fi,2011,3.41680754255211,275126915515.565,51060.3242589767,7.781,,2.60092822778056,2.39039472621836,-1.55989641961033,37.9949912726721,36.8450077154638,20.0526169335458,276659458249.028,,FIN,FIN
576,2024,33,France,6.593,6.517,6.668,1.733,1.535,0.832,0.743,0.099,0.264,1.386,FRA,FRA2024,France,fr,2024,1.99904942291463,,,7.37,,,,,,,,,,FRA,FRA
577,2023,27,France,6.609,6.533,6.685,1.818,1.348,0.727,0.65,0.112,0.281,1.672,FRA,FRA2023,France,fr,2023,4.87835726508441,3051831611384.76,44690.9345395117,7.335,,5.30357175264875,0.936487502671483,-0.993970970723725,47.3264654106394,42.2749864603668,23.1103805885841,3091101307415.06,98.4729036917015,FRA,FRA
578,2022,21,France,6.661,6.588,6.735,1.856,1.433,0.566,0.582,0.083,0.27,1.872,FRA,FRA2022,France,fr,2022,5.22236748369735,2796302210398.84,41082.8119320747,7.308,,3.22063217116909,2.57084047443969,-1.18259080268105,48.8338671441779,44.2550165980338,24.534247684466,2828314888998.07,96.7764980125667,FRA,FRA
579,2021,20,France,6.687,6.615,6.758,1.863,1.219,0.808,0.567,0.07,0.266,1.895,FRA,FRA2021,France,fr,2021,1.64233141038385,2966433692008.09,43725.0999521245,7.874,,1.22181611014376,6.88233786590355,0.244238511780542,49.9944440065304,43.504848267154,23.9794445386059,3024516531073.59,115.58850689623,FRA,FRA
580,2020,22,France,6.69,6.618,6.762,1.421,1.081,0.804,0.536,0.092,0.235,2.521,FRA,FRA2020,France,fr,2020,0.476498852725066,2647926055110.05,39169.8606000707,8.009,,2.9779787161909,-7.44064593044142,-2.00313613657686,51.9636314257982,43.3219907101665,24.7888064416138,2667982790343.98,122.181515731387,FRA,FRA
581,2019,23,France,6.66379976272583,6.59014940261841,6.73745012283325,1.26812934875488,1.45883917808533,1.02971422672272,0.514050900936127,0.112607702612877,0.227303236722946,2.05319833755493,FRA,FRA2019,France,fr,2019,1.10825492288294,2722793515171.76,40408.2848574751,8.415,,1.21052307126166,2.02744647639635,0.58736276457575,45.8897902925031,43.6550132168038,24.6605263993177,2787416524619.6,104.541768405548,FRA,FRA
582,2018,24,France,6.592,,,,,,,,,,FRA,FRA2018,France,fr,2018,1.85081508315502,2781576320884.39,41418.1766484844,9.018,,1.11459330798793,1.64590872932709,-0.735670615255371,47.1000773214216,44.7259377621146,24.3098642807809,2855661376338.82,103.380973835538,FRA,FRA
583,2017,23,France,6.489,,,,,,,,,,FRA,FRA2017,France,fr,2017,1.03228275064662,2588868323334.71,38687.1626407164,9.409,,0.586343167177745,2.08361485062076,-0.474615185215668,48.466341621356,45.0848754876607,23.7863349624871,2653805221561.18,104.034964734395,FRA,FRA
584,2016,31,France,6.442,,,,,,,,,,FRA,FRA2016,France,fr,2016,0.18333486112386,2470407619777.13,37024.2157133669,10.057,,0.517258225639353,0.860031082016107,-0.538632351885895,48.1500427991658,44.4509842015877,23.1463283405753,2525276585700.01,103.318270583925,FRA,FRA
585,2015,32,France,6.478,,,,,,,,,,FRA,FRA2015,France,fr,2015,0.0375143805125182,2442483452642.5,36702.4323733379,10.354,,1.13444010309355,1.06675473488909,-0.334528437032909,48.4491880082217,44.6530065209365,23.2974119760792,2491864986670.7,100.312637185328,FRA,FRA
586,2014,29,France,6.575,,,,,,,,,,FRA,FRA2014,France,fr,2014,0.50775882293799,2861236112552.42,43148.0459288416,10.273,,0.570795063645548,0.997832937998666,-0.962733699381149,49.1207847434763,44.9324802595085,23.1556593525911,2917864654134.5,99.72897755994,FRA,FRA
587,2012,25,France,6.764,,,,,,,,,,FRA,FRA2012,France,fr,2012,1.9541953161351,2683007095787.23,40863.5814412333,9.841,,1.08204689479506,0.183835271019575,-1.22530807843013,48.5371716441042,43.8790803963843,22.608974141338,2742349300400.39,91.0281619856124,FRA,FRA
588,2011,23,France,6.746,,,,,,,,,,FRA,FRA2011,France,fr,2011,2.11159795174994,2870408553990.28,43929.7840873812,9.228,,0.851478332211457,2.43757656877079,-1.02802797917579,47.927974289251,42.9691339303891,21.8260251212647,2941328117344.36,83.3376896463065,FRA,FRA
589,2024,97,Gabon,5.12,4.985,5.256,1.386,1.224,0.387,0.651,0.042,0.086,1.343,GAB,GAB2024,Gabon,ga,2024,1.17311998381218,,,20.061,,,,,,,,,,GAB,GAB
590,2023,95,Gabon,5.106,4.969,5.243,1.403,1.038,0.344,0.516,0.045,0.1,1.66,GAB,GAB2023,Gabon,ga,2023,3.62901534185376,19388402541.6698,7802.83659565049,20.278,,-9.96401107833999,2.44588083119469,,,,,18421276707.5839,,GAB,GAB
591,2022,94,Gabon,5.035,4.894,5.175,1.438,1.021,0.183,0.346,0.036,0.102,1.908,GAB,GAB2022,Gabon,ga,2022,4.23124798274579,20440655695.1804,8409.2074145028,20.399,,14.7583426834649,3.03761449502689,,,,,19032454429.1136,,GAB,GAB
592,2021,106,Gabon,4.958,4.826,5.091,1.459,0.738,0.396,0.343,0.032,0.099,1.892,GAB,GAB2021,Gabon,ga,2021,1.0869074651941,19444935097.2395,8181.40914134656,21.218,,20.3384091824716,1.46795731508091,,14.0519584891303,15.1149123543005,9.49032554463837,17052331403.4882,,GAB,GAB
593,2020,113,Gabon,4.852,4.706,4.998,1.037,0.707,0.362,0.424,0.058,0.064,2.201,GAB,GAB2020,Gabon,ga,2020,1.35276110675333,15342236163.9864,6605.80346077565,21.27,,-9.00986856172324,-1.8377610635094,,16.445371615907,17.4201458735275,12.4267778515741,14503352825.4392,,GAB,GAB
594,2019,108,Gabon,4.82929992675781,4.71117401123047,4.94742584228516,0.988044381141663,1.10639750957489,0.522574841976166,0.369459897279739,0.0520136021077633,0.0558045394718647,1.735027551651,GAB,GAB2019,Gabon,ga,2019,2.46456756151187,16874405465.391,7441.1786472281,20.358,,1.54748519798422,3.92080879452831,,13.5418676122117,19.4073418934518,11.4795282431197,15511133840.5581,,GAB,GAB
595,2018,104,Gabon,4.799,,,,,,,,,,GAB,GAB2018,Gabon,ga,2018,4.74906652083221,16867326401.9626,7624.2775233771,20.439,,7.17665749439934,0.83791658082157,,13.6976362674135,16.7820062631389,10.2153363843183,15754973543.4626,,GAB,GAB
596,2017,103,Gabon,4.758,,,,,,,,,,GAB,GAB2017,Gabon,ga,2017,2.65192583143902,14929487485.1623,6921.73373135624,20.303,,3.82030214446843,0.472642030911146,,15.6674947805283,17.6545271161171,11.0849703006568,13985728543.24,,GAB,GAB
597,2016,118,Gabon,4.465,,,,,,,,,,GAB,GAB2016,Gabon,ga,2016,2.10670712784054,14023890265.3665,6677.07003901644,20.134,,-4.26975397974572,2.09144220829562,,17.0854995180674,17.392060572169,11.4680637070479,12934874984.9426,,GAB,GAB
598,2015,134,Gabon,4.121,,,,,,,,,,GAB,GAB2015,Gabon,ga,2015,-0.338795188753406,14383107762.6952,7047.12654634355,19.978,,-8.92717245327955,3.8788993950789,0.980288664808838,17.1851872348986,20.0751681373457,12.8300685455322,13188718895.9174,,GAB,GAB
599,2014,143,Gabon,3.896,,,,,,,,,,GAB,GAB2014,Gabon,ga,2014,4.69045751826284,18203966895.8433,9201.36276648105,19.916,,-0.851390333321461,4.31496444107469,6.10892058354702,15.2532453291979,25.6652848775731,15.1052288790252,17256249272.8969,,GAB,GAB
600,2012,138,Gabon,4.114,,,,,,,,,,GAB,GAB2012,Gabon,ga,2012,2.65241828695626,17170464016.0593,9296.96587941088,19.728,,-2.9419027036061,5.25107691750407,11.5176523304205,16.2796182811036,29.7921686297394,14.0605243331958,15456970450.5363,,GAB,GAB
601,2024,117,Gambia,4.423,4.315,4.53,0.778,0.958,0.348,0.611,0.255,0.045,1.428,GMB,GMB2024,"Gambia, The",gm,2024,,,,6.496,,,,,,,,,,GMB,GMB
602,2023,112,Gambia,4.485,4.344,4.625,0.75,0.684,0.33,0.459,0.324,0.048,1.89,GMB,GMB2023,"Gambia, The",gm,2023,16.9742129632327,2396111021.64149,888.157407724123,6.479,4.45329654548509,15.6019043854862,4.79750895186164,-8.51928980667699,,,,2365211021.64149,,GMB,GMB
603,2022,119,Gambia,4.279,4.075,4.484,0.761,0.614,0.174,0.286,0.332,0.033,2.081,GMB,GMB2022,"Gambia, The",gm,2022,11.5131198380505,2204734527.88096,836.244875868476,6.076,9.35783664559597,8.81707580376896,5.49299823010114,-4.09350427164043,,,,2173634527.76626,,GMB,GMB
604,2021,93,Gambia,5.164,4.918,5.409,0.785,0.621,0.369,0.367,0.388,0.103,2.531,GMB,GMB2021,"Gambia, The",gm,2021,7.37034758876618,2014158842.14596,781.890925169531,6.269,11.2848180137213,7.3821228563862,5.25596878816744,-4.31333160293426,,,,1963778533.68402,,GMB,GMB
605,2020,99,Gambia,5.051,4.877,5.225,0.367,0.511,0.21,0.384,0.465,0.123,2.99,GMB,GMB2020,"Gambia, The",gm,2020,5.93127636562441,1812170891.19069,720.335143352133,5.892,25.2583956439869,2.18875895856547,0.591487287873974,-4.77621848558059,,,,1785259979.96958,,GMB,GMB
606,2019,113,Gambia,4.75059986114502,4.61895895004272,4.88224077224731,0.256990551948547,0.882678687572479,0.353247880935669,0.403419524431229,0.42598968744278,0.158093795180321,2.27021646499634,GMB,GMB2019,"Gambia, The",gm,2019,7.11567625631192,1813609692.49994,738.186751987483,4.538,20.4680865814816,6.25220639943007,6.22205315994859,-2.04445221575257,,,,1783609669.12913,,GMB,GMB
607,2018,120,Gambia,4.516,,,,,,,,,,GMB,GMB2018,"Gambia, The",gm,2018,6.52096823946573,1670671327.81651,696.219806960615,4.127,19.6801204275511,6.95176403794258,7.23489033258579,-8.08332529672771,,,,1641472104.63513,,GMB,GMB
608,2024,91,Georgia,5.4,5.304,5.496,1.444,1.275,0.482,0.844,0.0,0.172,1.182,GEO,GEO2024,Georgia,ge,2024,1.10971758022096,,,11.48,,,,,,,,,,GEO,GEO
609,2023,91,Georgia,5.185,5.087,5.283,1.467,0.99,0.524,0.68,0.0,0.174,1.349,GEO,GEO2023,Georgia,ge,2023,2.48776056578715,30777833585.4441,8283.66960242964,11.537,10.2601218588529,2.94809953621152,7.8322012152783,-5.5511012770178,25.241719719973,27.9670223119704,23.5992189290333,28388158127.4093,43.4063813839174,GEO,GEO
610,2022,90,Georgia,5.109,5.0,5.219,1.477,0.947,0.366,0.539,0.0,0.201,1.58,GEO,GEO2022,Georgia,ge,2022,11.8981654203198,24984568959.605,6729.84659930283,11.647,5.10459321971571,8.13545014384806,10.9585321385624,-4.42087610102786,24.9364534724128,26.4891572879495,22.9022783420258,23246873362.5952,42.9693933571232,GEO,GEO
611,2021,105,Georgia,4.973,4.867,5.079,1.467,0.612,0.595,0.508,0.0,0.208,1.583,GEO,GEO2021,Georgia,ge,2021,9.56691433824769,18853115588.8106,5083.60695484577,11.791,2.06923029008176,10.229587650373,10.6442336580969,-10.30459946521,27.2044002371385,24.8550820104077,21.4728937487649,17678574249.4334,54.7271260127791,GEO,GEO
612,2020,109,Georgia,4.891,4.785,4.998,1.03,0.47,0.498,0.488,0.032,0.181,2.191,GEO,GEO2020,Georgia,ge,2020,5.2024648897534,16010869215.68,4300.85701291207,11.73,4.63543510413947,6.84793338769904,-6.2904717853839,-12.4335796501942,29.0090180561971,24.6016188314688,21.1807829038543,15254265041.6439,65.193315792645,GEO,GEO
613,2019,117,Georgia,4.67259979248047,4.58750152587891,4.75769805908203,0.847198069095612,0.731193900108337,0.694657623767853,0.48549410700798,0.0476097352802753,0.174088075757027,1.69239830970764,GEO,GEO2019,Georgia,ge,2019,4.85289821696723,17638337116.9126,4741.2832715876,11.565,6.55865669781933,3.99568034557234,5.38071926589951,-5.99374849041921,24.3635120460121,26.1000281542855,22.8972770783896,16841958711.6913,44.723685798174,GEO,GEO
614,2018,119,Georgia,4.519,,,,,,,,,,GEO,GEO2018,Georgia,ge,2018,2.6152447139767,17902544880.6471,4804.0546040444,12.667,7.37748362882288,3.48481628679124,6.062036412677,-6.65935234039703,23.7175474941597,25.4057389694539,22.0478688235553,17228317459.0649,38.2238727024287,GEO,GEO
615,2017,128,Georgia,4.34,,,,,,,,,,GEO,GEO2017,Georgia,ge,2017,6.03531725272117,16473125375.0684,4418.75206546679,13.939,3.66225712829471,7.54674499838114,5.15990261658827,-7.95124743463903,26.8621190130624,28.0307208514756,23.0135462022254,15681941286.4977,38.8413159167876,GEO,GEO
616,2016,125,Georgia,4.286,,,,,,,,,,GEO,GEO2016,Georgia,ge,2016,2.13492713939121,15444548901.9637,4143.40125686315,16.604,10.1159781025291,2.27481842989697,3.45021517996871,-12.2417329389246,28.6748009739283,27.8302738489317,23.0424315377671,14744998637.3575,39.4788389461877,GEO,GEO
617,2015,126,Georgia,4.252,,,,,,,,,,GEO,GEO2015,Georgia,ge,2015,4.00357820695097,15223796148.8396,4086.6223465965,16.506,6.7481759122845,5.37742167651898,3.35102350265353,-11.6071164150782,27.6875651267801,27.1506310061364,22.3477480606692,14880351881.7349,36.0003473428274,GEO,GEO
618,2014,130,Georgia,4.297,,,,,,,,,,GEO,GEO2014,Georgia,ge,2014,3.06881210379543,17966015109.3043,4830.33486170249,17.439,6.99857918583662,4.58990448370156,4.09049059581743,-9.93087844279949,26.2373116449152,25.4539436353319,22.0531492339701,17737747151.643,30.3921568627451,GEO,GEO
619,2012,134,Georgia,4.187,,,,,,,,,,GEO,GEO2012,Georgia,ge,2012,-0.943658853270964,16894392033.2256,4530.69533409431,19.653,14.4751367835711,0.291166471422628,6.57883101954195,-11.1441786727056,24.2728608810983,24.6087392909632,23.0885041402301,16722078802.949,28.1048141377209,GEO,GEO
620,2011,146,Georgia,3.892,,,,,,,,,,GEO,GEO2011,Georgia,ge,2011,8.5429333333333,15475290469.2869,4119.66818307193,19.632,5.33421645154787,9.17171128297396,7.9343365253078,-11.9098234516365,23.1399670485459,23.9016820567838,22.6614046515192,15049331839.1101,27.6972297789187,GEO,GEO
621,2024,22,Germany,6.753,6.652,6.854,1.785,1.625,0.776,0.858,0.148,0.351,1.21,DEU,DEU2024,Germany,de,2024,2.2564981433876,,,3.406,,,,,,,,,,DEU,DEU
622,2023,24,Germany,6.719,6.622,6.815,1.871,1.39,0.702,0.7,0.174,0.368,1.513,DEU,DEU2023,Germany,de,2023,5.94643667725823,4525703903627.53,54343.2265084958,3.068,,6.14291653024772,-0.266438410090913,5.80317294206,,,,4636236589068.71,,DEU,DEU
623,2022,16,Germany,6.892,6.795,6.989,1.919,1.401,0.539,0.618,0.153,0.365,1.898,DEU,DEU2022,Germany,de,2022,6.87257438551097,4163596357879.39,49686.1154582583,3.12,,6.09185662231558,1.36973105536585,4.43791548373552,31.4551133705123,28.2974569090886,11.0108628299,4241258694941.65,,DEU,DEU
624,2021,14,Germany,7.034,6.947,7.122,1.924,1.088,0.776,0.585,0.163,0.358,2.142,DEU,DEU2021,Germany,de,2021,3.06666666666673,4348297440387.53,52265.6541620571,3.594,,2.80292938819132,3.66999986156735,6.93196765120446,32.720769435816,28.620439226865,11.0225053448154,4443312883197.6,,DEU,DEU
625,2020,14,Germany,7.155,7.077,7.232,1.48,0.993,0.757,0.6,0.195,0.306,2.824,DEU,DEU2020,Germany,de,2020,0.144877925813982,3940142541354.1,47379.765194548,3.881,,1.75504597095741,-4.09513749064689,6.34985102790796,32.1608467019556,28.5741617917336,10.4109728028015,3998734917350.98,,DEU,DEU
626,2019,17,Germany,7.0757999420166,7.00600481033325,7.14559507369995,1.31418454647064,1.36854374408722,0.97211480140686,0.56427413225174,0.252037703990936,0.309362292289734,2.29524946212769,DEU,DEU2019,Germany,de,2019,1.44565976888253,3957208055215.68,47623.8656074829,3.163,,2.01597612377067,0.987893349167578,7.88005874480123,27.899362920382,28.6669703073372,11.2143835151405,4034728306596.07,,DEU,DEU
627,2018,17,Germany,6.985,,,,,,,,,,DEU,DEU2018,Germany,de,2018,1.73216879766942,4052008447223.53,48874.8595028454,3.384,,1.86533423127291,1.11644310926225,8.44474369079798,27.3876244852279,28.3846138152737,11.2376680568792,4108434453701.96,,DEU,DEU
628,2017,15,Germany,6.965,,,,,,,,,,DEU,DEU2017,Germany,de,2017,1.50949485109628,3763092263752.95,45526.5999576533,3.781,,1.46798919402306,2.71602451931592,8.08358573755333,27.5391986454965,28.008141430334,11.1999003335225,3778789183700.01,,DEU,DEU
629,2016,16,Germany,6.951,,,,,,,,,,DEU,DEU2016,Germany,de,2016,0.491747008445174,3537784107980.55,42961.0356905775,4.104,,1.25625862371237,2.29471067684281,8.89985353214631,27.3671431834324,27.8597732869019,11.0792181745935,3555930677612.46,,DEU,DEU
630,2015,16,Germany,6.994,,,,,,,,,,DEU,DEU2015,Germany,de,2015,0.514426137125456,3423568450957.03,41911.0109851054,4.612,,1.68539778304084,1.65271977174628,8.10033539639847,27.4487709234683,27.956605577431,11.257498420106,3434101056827.73,,DEU,DEU
631,2014,26,Germany,6.75,,,,,,,,,,DEU,DEU2014,Germany,de,2014,0.906794000434246,3965800686309.79,48971.0824722599,4.979,,1.90082487333854,2.16949892879079,7.19249005241928,27.5095890686293,27.9498990007269,11.2604642281679,3967012279025.08,,DEU,DEU
632,2012,26,Germany,6.672,,,,,,,,,,DEU,DEU2012,Germany,de,2012,2.00848884782956,3597896500945.31,44735.5882319701,5.372,,1.43207641485445,0.474291305855544,7.19271816687107,27.933530449439,27.9934508888079,11.3944179004278,3611772218601.56,,DEU,DEU
633,2011,30,Germany,6.572,,,,,,,,,,DEU,DEU2011,Germany,de,2011,2.07517283735874,3824828563521.41,47646.582043143,5.967,,1.23193488042945,3.75796886586348,6.25886646333735,28.3049046331442,27.7640375426249,11.2547082949694,3845325104620.63,,DEU,DEU
634,2024,125,Ghana,4.34,4.235,4.444,1.053,1.01,0.438,0.771,0.139,0.025,0.904,GHA,GHA2024,Ghana,gh,2024,22.8483281157842,,,3.007,,,,,,,,,,GHA,GHA
635,2023,120,Ghana,4.289,4.182,4.396,1.077,0.747,0.36,0.623,0.183,0.028,1.273,GHA,GHA2023,Ghana,gh,2023,38.1069656296501,76370396722.154,2260.28741289427,3.063,,33.0798250532954,2.94478583082221,1.8424856852825,,,,75420372240.3018,,GHA,GHA
636,2022,107,Ghana,4.605,4.481,4.729,1.101,0.756,0.197,0.526,0.211,0.035,1.779,GHA,GHA2022,Ghana,gh,2022,31.2558951049016,74263364041.8742,2240.27945094566,3.084,,28.1682478691229,3.81750462109567,-2.34386724746484,22.6789929507667,15.5505506873008,12.2975358062853,72989253312.2189,,GHA,GHA
637,2021,111,Ghana,4.872,4.745,4.999,1.112,0.595,0.409,0.5,0.23,0.056,1.972,GHA,GHA2021,Ghana,gh,2021,9.9710886750444,79524421861.2743,2445.50081810782,3.384,,12.1061016311773,5.07646643533542,-3.19578911466864,20.7508748712557,14.9263731247694,12.2446867253345,77088309092.7881,,GHA,GHA
638,2020,96,Ghana,5.088,4.958,5.219,0.68,0.595,0.287,0.517,0.268,0.058,2.684,GHA,GHA2020,Ghana,gh,2020,9.88728956269944,70043099675.68,2196.54789313621,3.313,,9.36557496583738,0.513941670628171,-3.04664626466096,21.8835544057028,13.754507358813,11.3404319629261,70776526813.0503,,GHA,GHA
639,2019,91,Ghana,5.14799976348877,5.03307580947876,5.26292371749878,0.575862467288971,0.966367959976196,0.432162255048752,0.477290064096451,0.261291205883026,0.0565703809261322,2.37843728065491,GHA,GHA2019,Ghana,gh,2019,7.14364003330857,68337969247.7067,2186.18924111824,3.16,,8.48107029698721,6.5077747939152,-2.72757875831896,17.5109450941033,14.6948055474354,11.9969959057137,65527721243.3015,,GHA,GHA
640,2018,98,Ghana,4.996,,,,,,,,,,GHA,GHA2018,Ghana,gh,2018,7.80876516610703,67298914624.3723,2196.61290615342,3.253,,10.5684824952629,6.20007768127284,-3.03807908979548,17.6018475152484,15.0692892914466,12.244241507483,64269886147.6558,,GHA,GHA
641,2017,108,Ghana,4.657,,,,,,,,,,GHA,GHA2017,Ghana,gh,2017,12.3719215507048,60405924078.7278,2012.97025750655,3.369,,10.6773082339139,8.12889488100956,-3.31530397149447,17.355240305187,14.5205312646041,11.5770312754335,57431261824.7006,,GHA,GHA
642,2016,131,Ghana,4.12,,,,,,,,,,GHA,GHA2016,Ghana,gh,2016,17.4546347070868,56164929304.8754,1913.18673253576,5.232,,15.7486203078991,3.37346574966936,-5.04237663194914,18.2895853622151,14.1589434337656,11.058329192094,53961346502.9182,,GHA,GHA
643,2015,124,Ghana,4.276,,,,,,,,,,GHA,GHA2015,Ghana,gh,2015,17.1499695007878,49406010054.2663,1721.69964380717,6.806,,13.2529666807363,2.12075933817334,-5.71517581561193,17.3642996458735,14.5298039024017,11.6905632099655,47920547875.1384,,GHA,GHA
644,2014,114,Ghana,4.633,,,,,,,,,,GHA,GHA2014,Ghana,gh,2014,15.4896160333318,54783319817.3705,1953.64513603117,4.415,,23.9399587593999,2.85624016330883,-6.74397855148997,18.2035086076329,14.2150318928858,11.2521859793493,51920567774.009,,GHA,GHA
645,2012,86,Ghana,5.091,,,,,,,,,,GHA,GHA2012,Ghana,gh,2012,11.1863409441067,41271701060.954,1543.77524235764,3.141,,15.2052787396605,9.2927894063005,-11.9009237632839,26.8839178478186,19.3392683497525,15.3681810106551,39175664473.0821,,GHA,GHA
646,2011,108,Ghana,4.705,,,,,,,,,,GHA,GHA2011,Ghana,gh,2011,8.7284593709302,39336668080.559,1507.43573198753,4.227,,13.9148221759821,14.0471235803149,-9.00258173366364,21.1409260461554,19.3717131890671,14.8657903615734,38113676481.7098,,GHA,GHA
647,2024,81,Greece,5.776,5.677,5.875,1.608,1.438,0.725,0.396,0.003,0.063,1.543,GRC,GRC2024,Greece,gr,2024,2.74149045788606,,,10.133,,,,,,,,,,GRC,GRC
648,2023,64,Greece,5.934,5.84,6.027,1.684,1.276,0.696,0.337,0.018,0.093,1.83,GRC,GRC2023,Greece,gr,2023,3.46480128513405,243498333237.802,23400.7278817691,11.066,,5.87456266805546,2.3321238825698,-6.16330418209365,47.1947012803121,43.2372754204675,26.6335826101613,238668954547.047,190.608142099084,GRC,GRC
649,2022,58,Greece,5.931,5.838,6.024,1.708,1.247,0.535,0.248,0.008,0.097,2.089,GRC,GRC2022,Greece,gr,2022,9.64525981280632,218880566444.349,20971.8349258283,12.426,,6.4958241447423,5.74364918958959,-10.3357101038965,50.5946031348852,45.0580295027497,27.6693971786038,215323644043.481,202.480392684901,GRC,GRC
650,2021,58,Greece,5.948,5.853,6.043,1.703,0.98,0.774,0.249,0.015,0.108,2.119,GRC,GRC2021,Greece,gr,2021,1.22382501019854,218303801895.326,20654.7001960815,14.656,,1.39275645318513,8.65449785311438,-6.34795283469092,54.8325762184431,43.9497127949658,25.5777359596935,213013301589.942,233.448695008579,GRC,GRC
651,2020,69,Greece,5.723,5.632,5.813,1.273,0.811,0.76,0.243,0.0,0.074,2.561,GRC,GRC2020,Greece,gr,2020,-1.24798355581405,191362985554.861,17886.733165236,15.899,,-0.3639597319481,-9.19623147082588,-6.48664200392795,58.0698817576878,44.0015590829144,24.9917156858479,187724248007.129,249.366027184106,GRC,GRC
652,2019,77,Greece,5.5149998664856,5.42301368713379,5.6069860458374,1.12807011604309,1.16897356510162,0.979431748390198,0.173516348004341,0.0,0.0488443523645401,2.01617908477783,GRC,GRC2019,Greece,gr,2019,0.253007522038157,207305649887.019,19335.3602002969,17.045,,0.245015797961827,2.27718063644569,-1.50121840629263,46.9259260449285,44.0152636432372,25.9324359654947,203407936304.627,210.381371566225,GRC,GRC
653,2018,82,Greece,5.287,,,,,,,,,,GRC,GRC2018,Greece,gr,2018,0.62562141345364,213298873494.394,19873.4015238771,19.179,,-0.234800895538129,2.06467253338354,-2.92946837177349,48.0218614049715,45.6693521629155,27.1083919768284,209711639142.139,207.661903904942,GRC,GRC
654,2017,79,Greece,5.358,,,,,,,,,,GRC,GRC2017,Greece,gr,2017,1.12125452031419,200381103984.298,18631.9930129293,21.413,,0.203613276800695,1.47312498503697,-1.79956830770948,47.670388743995,45.683676231325,26.7428191688464,198842523409.192,198.458598610991,GRC,GRC
655,2016,87,Greece,5.227,,,,,,,,,,GRC,GRC2016,Greece,gr,2016,-0.825653978390973,193097239005.87,17919.2426377048,23.514,,-0.489960701596374,-0.0317952126675323,-1.68881636338714,48.8551944521521,46.3937185703594,27.0349616993722,192207306613.596,194.725367879293,GRC,GRC
656,2015,99,Greece,5.033,,,,,,,,,,GRC,GRC2015,Greece,gr,2015,-1.73588804765284,194567373678.099,17980.7298238137,24.981,,-0.17475366575222,-0.228301959026894,-0.828192197799729,52.2111640982534,43.8507857974366,25.3959107582621,195524237566.206,190.301552874834,GRC,GRC
657,2014,102,Greece,4.857,,,,,,,,,,GRC,GRC2014,Greece,gr,2014,-1.31226096405506,233911581521.062,21474.7257123892,26.708,,-1.92347453577474,0.792225038353592,-1.59663409250033,49.7478747922233,43.194299954025,25.3987231791514,236986597189.975,190.585867838051,GRC,GRC
658,2012,70,Greece,5.435,,,,,,,,,,GRC,GRC2012,Greece,gr,2012,1.50152696177758,238841140018.233,21624.346052551,24.731,,-0.334570200125881,-8.33113395866982,-2.58418506053025,57.3762666302254,44.3396291981173,24.9543887136577,244054444999.141,170.278178335433,GRC,GRC
659,2011,42,Greece,6.133,,,,,,,,,,GRC,GRC2011,Greece,gr,2011,3.3298532335065,283228079776.041,25504.7866510124,17.973,,0.976658122998671,-9.87677903873015,-10.0976272377955,54.7841287756502,40.7396508078936,22.4592713947757,275151260812.938,116.116344893868,GRC,GRC
660,2024,44,Guatemala,6.362,6.222,6.503,1.249,1.33,0.376,0.882,0.075,0.085,2.365,GTM,GTM2024,Guatemala,gt,2024,2.86919482222022,,,2.219,,,,,,,,,,GTM,GTM
661,2023,42,Guatemala,6.287,6.117,6.457,1.26,1.169,0.467,0.735,0.105,0.078,2.473,GTM,GTM2023,Guatemala,gt,2023,6.20657592272126,104450210572.012,5762.82174615918,2.344,4.98806734932895,6.64227801635242,3.52679214166824,3.11674962852809,13.490228348396,12.8398299855833,11.5588024388389,102563749565.884,,GTM,GTM
662,2022,43,Guatemala,6.15,5.939,6.362,1.287,1.188,0.31,0.631,0.106,0.066,2.562,GTM,GTM2022,Guatemala,gt,2022,6.88512823344287,95630524813.106,5358.08963795,3.051,5.27493097890668,6.31527590909438,4.20015588892568,1.25183056596165,13.994846641698,12.8951580396418,11.8202035087706,93633153318.3519,,GTM,GTM
663,2021,39,Guatemala,6.262,6.064,6.46,1.274,0.831,0.522,0.662,0.112,0.115,2.746,GTM,GTM2021,Guatemala,gt,2021,4.26105127422813,86478835636.3813,4913.94712869347,2.174,8.74420052456317,3.16642125173291,8.03326771516488,2.18604717106608,13.2721013454576,12.6562545319369,11.5557790012848,84342291465.0778,,GTM,GTM
664,2020,31,Guatemala,6.435,6.292,6.577,0.845,0.79,0.519,0.638,0.163,0.105,3.375,GTM,GTM2020,Guatemala,gt,2020,3.21444062197352,77719464220.73,4477.61761796418,2.955,9.38397336431813,2.87232203437225,-1.78555194467604,5.04131134881773,14.9980149962179,11.1186817566367,9.95508996692912,76315720435.3992,,GTM,GTM
665,2019,29,Guatemala,6.39890003204346,6.28443956375122,6.51336050033569,0.753815710544586,1.17426705360413,0.7059525847435,0.613146722316742,0.170611664652824,0.0983603000640869,2.88272309303284,GTM,GTM2019,Guatemala,gt,2019,3.69998398008598,77172317258.6478,4511.99755157656,2.193,8.85915232499506,3.56578287211866,4.0178979343828,2.36029059992479,13.1269488755913,11.7162499284606,10.4353913291649,75768261350.5168,,GTM,GTM
666,2018,27,Guatemala,6.436,,,,,,,,,,GTM,GTM2018,Guatemala,gt,2018,3.75186186704516,73328365862.4329,4352.94651790253,2.283,11.5054168764032,1.27161217513023,3.40687339997949,0.885829177236282,12.9824508391869,11.7783762240052,10.5609499289313,71826156760.7574,,GTM,GTM
667,2017,30,Guatemala,6.382,,,,,,,,,,GTM,GTM2017,Guatemala,gt,2017,4.42453655182538,71653754066.2763,4324.99607911366,2.462,11.1120239240217,1.7479141087134,3.07985149125689,1.19614112500964,12.8935255221021,11.8855660473947,10.6355739727646,70152653689.6945,,GTM,GTM
668,2016,29,Guatemala,6.454,,,,,,,,,,GTM,GTM2016,Guatemala,gt,2016,4.44844199942827,66053403469.0024,4060.13755621218,2.583,10.1204942310362,2.70719129663175,2.67780255532826,0.964776433206893,12.7960652625771,11.9784855616974,10.4215148794664,64628103061.907,,GTM,GTM
669,2015,39,Guatemala,6.324,,,,,,,,,,GTM,GTM2015,Guatemala,gt,2015,2.38872032839551,62186064718.7424,3893.50521848131,2.506,10.7558487120577,2.23162145989066,4.09217081621244,-1.24431009342642,12.7358107679485,11.6684134198032,10.3582515698864,60699664551.0048,,GTM,GTM
670,2014,43,Guatemala,6.123,,,,,,,,,,GTM,GTM2014,Guatemala,gt,2014,3.4183616966296,57852153058.502,3689.14472473545,2.717,10.6095553827158,2.86031160659735,4.44397758285268,-3.30032026304924,13.2836110327953,12.2754779124972,10.777815919786,56335052823.6798,,GTM,GTM
671,2012,47,Guatemala,5.965,,,,,,,,,,GTM,GTM2012,Guatemala,gt,2012,3.78180754679678,49593929487.1263,3286.61959336267,2.765,9.77861845512881,3.37775084412593,2.97470856847661,-3.72480170275582,13.1714004750496,11.6536287653464,11.0095522578867,48568929273.3039,24.7007424112068,GTM,GTM
672,2011,37,Guatemala,6.277,,,,,,,,,,GTM,GTM2011,Guatemala,gt,2011,6.21412393067091,46876006272.2387,3168.98370607705,3.172,6.11382983166567,6.89464340316468,4.16390688293349,-3.37024214653633,12.7453111287762,11.5886315232722,11.0178435431948,45572706218.2146,24.5639597782709,GTM,GTM
673,2024,102,Guinea,4.929,4.787,5.07,0.873,0.791,0.306,0.676,0.157,0.098,2.027,GIN,GIN2024,Guinea,gn,2024,8.12313914948596,,,5.23,,,,,,,,,,GIN,GIN
674,2023,97,Guinea,5.023,4.881,5.166,0.831,0.622,0.236,0.521,0.21,0.107,2.497,GIN,GIN2023,Guinea,gn,2023,7.80497591927973,22199409741.2578,1541.04050914957,5.244,,3.92197888518862,6.74493444630886,10.3063100625952,,,,20265865041.9188,,GIN,GIN
675,2022,91,Guinea,5.072,4.931,5.213,0.844,0.776,0.072,0.369,0.204,0.102,2.705,GIN,GIN2022,Guinea,gn,2022,10.4930409984424,19910452541.9219,1416.59612011764,5.267,,2.80558292389495,3.97240784200721,16.8265386883899,,,,19564303529.3781,,GIN,GIN
676,2021,109,Guinea,4.891,4.753,5.028,0.848,0.566,0.275,0.334,0.214,0.116,2.538,GIN,GIN2021,Guinea,gn,2021,12.5972882566934,17069115737.8259,1244.96550477914,5.827,,11.9862978624966,5.5823328114905,27.1761588078073,,,,16378939819.7924,,GIN,GIN
677,2020,103,Guinea,4.984,4.808,5.16,0.42,0.399,0.206,0.384,0.25,0.111,3.216,GIN,GIN2020,Guinea,gn,2020,10.6016203387167,14088693742.9464,1053.66097696415,6.018,,4.24998016732003,4.70459096113575,19.0560604764664,,,,13942249439.3847,,GIN,GIN
678,2019,102,Guinea,4.94929981231689,4.80613708496094,5.09246253967285,0.390007734298706,0.751365959644318,0.33365523815155,0.371878057718277,0.249490842223167,0.112204559147358,2.74072980880737,GIN,GIN2019,Guinea,gn,2019,9.47001039253012,13442861496.4454,1031.34146480732,5.018,,9.40290766328131,5.61691446889876,-2.34042432173531,,,,13328776519.4144,,GIN,GIN
679,2018,118,Guinea,4.534,,,,,,,,,,GIN,GIN2018,Guinea,gn,2018,9.82761701259191,11857030366.7891,933.273615633705,4.787,,7.05908442039132,6.35849192736715,-1.60638873400794,,,,11675180326.704,,GIN,GIN
680,2017,140,Guinea,3.964,,,,,,,,,,GIN,GIN2017,Guinea,gn,2017,8.91435947913097,10324668271.1362,833.598621691121,4.826,,10.3565072127234,10.3000053427355,5.03018582642409,,,,10274041364.5995,,GIN,GIN
681,2016,149,Guinea,3.507,,,,,,,,,,GIN,GIN2016,Guinea,gn,2016,8.17268112275132,8595955222.49719,711.996509782316,5.013,,5.66895163278967,10.82062719659,-31.9328390727135,,,,8493617258.44898,,GIN,GIN
682,2015,151,Guinea,3.607,,,,,,,,,,GIN,GIN2015,Guinea,gn,2015,11.7800825029834,8794201742.84609,747.356966759448,5.224,,2.9722848994975,3.82591056949435,-11.6007986964145,,,,8650895056.71164,,GIN,GIN
683,2014,150,Guinea,3.656,,,,,,,,,,GIN,GIN2014,Guinea,gn,2014,6.1505055670642,8778473372.82124,765.146999389279,5.09,,2.6158977058997,3.69655311664086,-11.1827727004958,,,,8566213820.86128,,GIN,GIN
684,2012,150,Guinea,3.847,,,,,,,,,,GIN,GIN2012,Guinea,gn,2012,15.2262941038638,7638044556.84656,699.353377212197,4.884,,11.5159611123425,5.91528626133322,-13.5979829951241,,,,7516064556.84534,,GIN,GIN
685,2011,136,Guinea,4.171,,,,,,,,,,GIN,GIN2011,Guinea,gn,2011,21.3169268542577,6785137203.33153,636.694958747648,5.094,,8.99929064251756,5.61211177430975,-17.1165293375314,,,,6651747203.33222,,GIN,GIN
686,2011,45,Guyana,5.993,,,,,,,,,,GUY,GUY2011,Guyana,gy,2011,4.9777356370697,3691384317.52178,4947.22170589917,11.819,11.7587764160364,2.40931982980719,5.19625156051602,-10.0853362607878,,,,3682055317.31347,,GUY,GUY
687,2020,144,Haiti,3.615,3.276,3.953,0.294,0.173,0.227,0.257,0.463,0.139,2.06,HTI,HTI2020,Haiti,ht,2020,22.7963113642528,14508222518.3018,1290.32538667383,15.546,-3.41324776395879,18.6851861283427,-3.30550546965893,0.355302483558182,,,,14536821917.3148,,HTI,HTI
688,2019,142,Haiti,3.72079992294312,3.52193236351013,3.9196674823761,0.284734427928925,0.64667135477066,0.374366730451584,0.169297516345978,0.463909655809402,0.161935672163963,1.61991691589355,HTI,HTI2019,Haiti,ht,2019,18.7037825672506,15016090929.5125,1352.17204191532,14.057,-4.74015262677218,19.8003879006213,-1.72309699839232,-1.12265260280797,,,,15065747025.9284,,HTI,HTI
689,2018,147,Haiti,3.597,,,,,,,,,,HTI,HTI2018,Haiti,ht,2018,12.4814111170435,16403864617.8458,1496.38048970156,13.878,6.16388449643877,6.5357588755091,1.66781095484656,-2.89019632961826,,,,16454143146.8647,,HTI,HTI
690,2017,148,Haiti,3.582,,,,,,,,,,HTI,HTI2017,Haiti,ht,2017,10.6800887242584,15093357161.1498,1395.23945184461,13.881,-0.905881386499465,13.7798773975934,2.51027134544685,-2.15252938271163,,,,15151864668.1994,,HTI,HTI
691,2016,145,Haiti,3.603,,,,,,,,,,HTI,HTI2016,Haiti,ht,2016,11.5029073942666,14069277526.2278,1318.40268167953,13.852,-2.13538970338677,15.7032145295515,1.81246807847532,-1.69084789043559,,,,14117174028.1575,,HTI,HTI
692,2015,136,Haiti,4.028,,,,,,,,,,HTI,HTI2015,Haiti,ht,2015,6.73184069658997,14849629308.6025,1411.12684746796,13.724,7.33548726057978,5.20596329822199,1.40000000859727,-1.82345284080223,,,,14890262233.9364,,HTI,HTI
693,2014,119,Haiti,4.518,,,,,,,,,,HTI,HTI2014,Haiti,ht,2014,3.43816659958601,15146883497.6331,1460.18898613914,13.755,8.36864815964039,2.21898603934831,2.88877250863379,-4.95582102756805,,,,15195978881.0564,,HTI,HTI
694,2012,126,Haiti,4.341,,,,,,,,,,HTI,HTI2012,Haiti,ht,2012,5.01804155429246,13708925477.1304,1361.39396587374,14.1,0.671275931527155,8.20779379091175,0.502424403581585,-3.14501833525929,,,,13763468551.0579,,HTI,HTI
695,2011,150,Haiti,3.789,,,,,,,,,,HTI,HTI2011,Haiti,ht,2011,6.33279483849042,13008746038.8867,1312.03953552013,14.485,6.98736420255494,4.32073061328364,5.09821354410036,-2.48774144631427,,,,13046543752.3463,,HTI,HTI
696,2024,63,Honduras,5.964,5.821,6.108,1.036,1.187,0.436,0.862,0.134,0.079,2.229,HND,HND2024,Honduras,hn,2024,4.60621098127107,,,6.061,,,,,,,,,,HND,HND
697,2023,61,Honduras,5.968,5.822,6.114,1.091,1.035,0.502,0.72,0.175,0.081,2.364,HND,HND2023,Honduras,hn,2023,6.66325180347457,34400509852.0436,3231.65724461936,6.07,7.74172345044945,6.1785877403702,3.58260362632656,-4.03707301824623,,,,31872841684.136,,HND,HND
698,2022,53,Honduras,6.023,5.849,6.196,1.115,1.072,0.341,0.613,0.189,0.062,2.631,HND,HND2022,Honduras,hn,2022,9.08963911525025,31426041806.7985,3003.28996826399,8.774,4.8435865407753,9.31239503002736,4.14356194013767,-6.69789798896129,,,,28961571884.2627,,HND,HND
699,2021,55,Honduras,6.022,5.855,6.189,1.111,0.885,0.555,0.582,0.202,0.076,2.611,HND,HND2021,Honduras,hn,2021,4.48087963413445,28144331506.6149,2735.14751503977,8.506,10.8599265565956,4.60572808888793,12.5652843771279,-5.46356164867157,,,,25771440693.9684,,HND,HND
700,2020,60,Honduras,5.919,5.758,6.081,0.703,0.787,0.593,0.578,0.241,0.083,2.934,HND,HND2020,Honduras,hn,2020,3.46841177951184,23352232483.755,2307.61494319511,10.982,13.1595005073251,3.40198228348704,-8.96508223267296,2.85135257343249,24.3924492884403,22.2099126100845,15.066131552103,21695036274.8888,,HND,HND
701,2019,56,Honduras,5.95319986343384,5.82436609268188,6.08203363418579,0.598763585090637,1.18666410446167,0.791989982128143,0.568148076534271,0.256528198719025,0.0868071019649506,2.46429538726807,HND,HND2019,Honduras,hn,2019,4.36587159819267,24882225741.8119,2502.32744328073,5.698,13.5261185095151,3.35874088466439,2.55963434592314,-2.65600856407128,,,,22895236635.6885,,HND,HND
702,2018,59,Honduras,5.86,,,,,,,,,,HND,HND2018,Honduras,hn,2018,4.34734937777528,24067750760.499,2464.64241531918,5.648,15.5540781113514,1.94721691531043,3.84499476966735,-6.57234650779592,,,,22173255705.3739,,HND,HND
703,2017,72,Honduras,5.504,,,,,,,,,,HND,HND2017,Honduras,hn,2017,3.93436084442044,23136247990.5977,2413.0076562942,5.528,14.1091275837915,4.5128429763521,4.84291391050387,-1.24589511291671,,,,21719792887.0182,,HND,HND
704,2016,91,Honduras,5.181,,,,,,,,,,HND,HND2016,Honduras,hn,2016,2.72461223295289,21717604952.1835,2307.34468351082,6.727,15.0985365589809,3.67806814426042,3.89297219726413,-3.14341400861299,,,,20198525790.5205,,HND,HND
705,2015,104,Honduras,4.871,,,,,,,,,,HND,HND2015,Honduras,hn,2015,3.15783117980923,20979791685.416,2271.20265980349,6.147,12.8349768268253,6.9327703694637,3.84007997093951,-4.67090141649466,21.9760874717836,23.363155171353,17.3444720611594,19549522844.999,,HND,HND
706,2014,105,Honduras,4.788,,,,,,,,,,HND,HND2014,Honduras,hn,2014,6.12924930313022,19756533971.8698,2179.88171977271,7.078,12.8806218683924,6.84935672480186,3.0580805621437,-6.94516636573265,24.2419177349486,23.1134335421745,16.5426382434487,18168820189.9466,,HND,HND
707,2012,84,Honduras,5.142,,,,,,,,,,HND,HND2012,Honduras,hn,2012,5.19618615531848,18528554397.5695,2126.03474686503,3.755,14.3569629848232,3.57978742613756,4.12868774866939,-8.53140502862293,23.4992682867094,21.186906822638,14.7474723155071,17246974067.0948,,HND,HND
708,2011,63,Honduras,5.564,,,,,,,,,,HND,HND2011,Honduras,hn,2011,6.7622795731476,17710275685.4074,2073.66121088074,4.474,9.97180699233074,7.8072052366428,3.83569066207505,-7.95391811894249,22.5041523742209,20.8951305715526,14.7879787886259,16768716965.8081,,HND,HND
709,2024,88,Hong Kong SAR of China,5.491,5.417,5.566,1.79,1.41,0.948,0.674,0.116,0.386,0.168,HKG,HKG2024,"Hong Kong SAR, China",hk,2024,1.72972119105914,,,2.793,,,,,,,,,,HKG,HKG
710,2023,86,Hong Kong SAR of China,5.316,5.229,5.403,1.909,1.184,0.857,0.485,0.147,0.402,0.333,HKG,HKG2023,"Hong Kong SAR, China",hk,2023,2.09660511249089,380812234827.832,50531.7385421945,2.949,2.91219092527806,2.77774905222925,3.27652625631858,8.49184480688452,,,,414999751583.194,,HKG,HKG
711,2022,82,Hong Kong SAR of China,5.308,5.214,5.403,1.951,1.201,0.702,0.407,0.123,0.39,0.535,HKG,HKG2022,"Hong Kong SAR, China",hk,2022,1.88136707196853,358681066274.469,48826.0527728276,4.318,3.35858659999335,1.68885829817785,-3.68357113148396,10.1831685319613,,,,382402060827.562,,HKG,HKG
712,2021,81,Hong Kong SAR of China,5.425,5.348,5.501,1.957,0.954,0.942,0.4,0.147,0.383,0.642,HKG,HKG2021,"Hong Kong SAR, China",hk,2021,1.56875834445922,368954169748.818,49770.5642374739,5.174,4.28705514626083,0.683636960252912,6.45440824066419,11.8330568374943,,,,394520310037.629,,HKG,HKG
713,2020,78,Hong Kong SAR of China,5.477,5.38,5.573,1.525,0.841,0.893,0.408,0.232,0.342,1.236,HKG,HKG2020,"Hong Kong SAR, China",hk,2020,0.2509620210808,344943149590.058,46109.2299946609,5.808,4.33404298552532,0.638293116434753,-6.54476757335387,6.99412189485111,,,,365064198422.111,,HKG,HKG
714,2019,78,Hong Kong SAR of China,5.51039981842041,5.42020273208618,5.60059690475464,1.37674605846405,1.24358427524567,1.13663065433502,0.459356516599655,0.28828090429306,0.332485437393188,0.673293113708496,HKG,HKG2019,"Hong Kong SAR, China",hk,2019,2.88320853773996,363074545072.389,48359.0011950597,2.917,2.99794472987414,2.04491647121345,-1.67239123872136,5.85365354996682,,,,381415346793.49,,HKG,HKG
715,2018,76,Hong Kong SAR of China,5.43,,,,,,,,,,HKG,HKG2018,"Hong Kong SAR, China",hk,2018,2.40613432046534,361731070995.726,48537.5668888343,2.805,1.33331966702298,3.65955345372002,2.84692770115917,3.73603565842398,,,,378930152452.638,,HKG,HKG
716,2017,76,Hong Kong SAR of China,5.43,,,,,,,,,,HKG,HKG2017,"Hong Kong SAR, China",hk,2017,1.49387243939522,341273289534.466,46160.429791493,3.124,2.06007106117858,2.88058680368654,3.7961040663029,4.57729182218877,,,,356100574860.134,,HKG,HKG
717,2016,71,Hong Kong SAR of China,5.472,,,,,,,,,,HKG,HKG2016,"Hong Kong SAR, China",hk,2016,2.40930743862224,320860317562.562,43734.1980702999,3.392,3.30754228059141,1.6382712065802,2.17543135634364,3.95440937584328,,,,328924087732.294,,HKG,HKG
718,2015,75,Hong Kong SAR of China,5.458,,,,,,,,,,HKG,HKG2015,"Hong Kong SAR, China",hk,2015,2.99084819322581,309385622601.348,42432.1619740441,3.314,1.30874321411279,3.6435717873687,2.38777713430783,3.31756278823982,,,,315110265423.937,,HKG,HKG
719,2014,72,Hong Kong SAR of China,5.474,,,,,,,,,,HKG,HKG2014,"Hong Kong SAR, China",hk,2014,4.42364532019699,291459995978.893,40315.3739510191,3.296,2.0901603044543,2.85026459638024,2.76242285756518,1.39201098734822,,,,297470635792.782,,HKG,HKG
720,2012,64,Hong Kong SAR of China,5.523,,,,,,,,,,HKG,HKG2012,"Hong Kong SAR, China",hk,2012,4.05390950903844,262628865879.697,36730.796195815,3.285,1.40535671774578,3.54482583426005,1.70028899867609,1.57916253447199,,,,266426366710.299,,HKG,HKG
721,2011,67,Hong Kong SAR of China,5.424,,,,,,,,,,HKG,HKG2011,"Hong Kong SAR, China",hk,2011,5.3052489299392,248513617677.287,35142.4879344543,3.422,1.06078361145656,3.89786843894694,4.81471108602818,5.55641787886819,,,,255300102774.923,,HKG,HKG
722,2024,69,Hungary,5.915,5.809,6.02,1.638,1.742,0.587,0.681,0.099,0.057,1.111,HUN,HUN2024,Hungary,hu,2024,3.70370370370369,,,4.434,,,,,,,,,,HUN,HUN
723,2023,56,Hungary,6.017,5.91,6.124,1.722,1.528,0.596,0.581,0.123,0.067,1.4,HUN,HUN2023,Hungary,hu,2023,17.1249659678737,212388906458.724,22141.8669799276,4.107,0.481988651849058,14.7490051351556,-0.907685956140242,0.787522464190016,,,,204857214604.962,,HUN,HUN
724,2022,51,Hungary,6.041,5.933,6.149,1.754,1.519,0.435,0.501,0.105,0.065,1.663,HUN,HUN2022,Hungary,hu,2022,14.6081439492433,177006128624.627,18353.298364905,3.609,-3.1304103307255,14.2313411581322,4.58340767295068,-8.3205705337549,42.4169558755882,37.9436459498737,23.4281197043669,171906025966.474,75.5259534751362,HUN,HUN
725,2021,51,Hungary,6.086,5.985,6.187,1.748,1.233,0.668,0.485,0.078,0.064,1.812,HUN,HUN2021,Hungary,hu,2021,5.11096534382855,182109999477.691,18755.1023464312,4.045,-3.26450115808617,6.43924810515087,7.06122060972912,-3.87800347437411,42.5387805161118,35.974472011826,21.4831535931987,176321181848.921,86.9236862466223,HUN,HUN
726,2020,54,Hungary,5.992,5.899,6.085,1.301,1.083,0.615,0.454,0.067,0.04,2.432,HUN,HUN2020,Hungary,hu,2020,3.32674385766738,157288955508.176,16131.9540355923,4.25,-4.16562578727742,6.38947660567723,-4.48704604765308,-0.856486462034654,44.4272824801442,38.010169085539,22.856020688758,153532999274.884,95.9372022493216,HUN,HUN
727,2019,53,Hungary,6.00040006637573,5.92303276062012,6.07776737213135,1.16430711746216,1.42300939559937,0.806793868541718,0.386401802301407,0.0704912394285202,0.0275481734424829,2.12184572219849,HUN,HUN2019,Hungary,hu,2019,3.33858635382008,164020460331.659,16786.2136399075,3.419,-2.85593422125175,4.78502518079389,4.86422573511891,-0.61012681765295,39.5460556380332,38.0821234203742,22.3640562554323,159691089245.166,83.3683015926417,HUN,HUN
728,2018,62,Hungary,5.758,,,,,,,,,,HUN,HUN2018,Hungary,hu,2018,2.85024792594646,160565642983.587,16425.2050299693,3.708,-3.2203535626322,4.847425391946,5.36234836176223,0.342221041090595,39.8511407364145,38.4360136848357,22.5345388023199,154276621414.076,86.5296515914666,HUN,HUN
729,2017,69,Hungary,5.62,,,,,,,,,,HUN,HUN2017,Hungary,hu,2017,2.34824281150154,143112196040.326,14621.2395956755,4.156,-2.44984029178709,4.02970505144422,4.27197601620695,1.72222481371539,42.0818241090581,39.747273631763,22.8812975214589,137321995627.354,91.9872247713716,HUN,HUN
730,2016,75,Hungary,5.324,,,,,,,,,,HUN,HUN2016,Hungary,hu,2016,0.394769306686392,128609822750.039,13104.6995457458,5.115,0.758582251116954,1.3204719948326,2.20100189293856,4.41513360524006,43.5168402277084,40.6110041504512,23.0674566943004,125141112045.183,96.77762376685,HUN,HUN
731,2015,91,Hungary,5.145,,,,,,,,,,HUN,HUN2015,Hungary,hu,2015,-0.0616446800641672,125174166987.372,12717.038597002,6.813,0.123325582574453,2.7757419080134,3.7073159793626,2.11974465500318,43.2697919414934,40.2212167276087,23.2351280113752,119182529780.817,96.3973535639551,HUN,HUN
732,2014,104,Hungary,4.8,,,,,,,,,,HUN,HUN2014,Hungary,hu,2014,-0.227566270988219,141033843265.669,14294.2584180751,7.725,0.727927850740095,3.6927260947232,4.23220980614269,0.747980298522413,45.0215129127658,40.0613114179011,23.0184223257961,134668476150.214,98.6713309160176,HUN,HUN
733,2012,110,Hungary,4.775,,,,,,,,,,HUN,HUN2012,Hungary,hu,2012,5.65214517088646,128814279315.132,12984.8365730133,11.003,5.93703845906845,2.89276167816158,-1.25022602347063,1.07616343983467,44.5997295340966,40.3400277777098,22.8677979866006,123360599722.351,94.1475132059307,HUN,HUN
734,2011,96,Hungary,4.943,,,,,,,,,,HUN,HUN2011,Hungary,hu,2011,3.9299209893507,141942264554.475,14234.471576937,11.029,6.27071635883203,1.92872070289376,1.86683747544298,0.428149463526032,44.981831721564,37.2771732430796,21.0415078006666,135068573275.969,90.562544900341,HUN,HUN
735,2024,3,Iceland,7.515,7.425,7.606,1.799,1.84,0.873,0.971,0.201,0.173,1.659,ISL,ISL2024,Iceland,is,2024,5.85683849970066,,,3.107,,,,,,,,,,ISL,ISL
736,2023,3,Iceland,7.525,7.433,7.618,1.881,1.617,0.718,0.819,0.258,0.182,2.05,ISL,ISL2023,Iceland,is,2023,8.73630299937298,31325116556.3807,79636.9548578508,3.518,5.51703690281139,5.69949212718926,5.03717943960838,0.927701016991328,32.4352209367663,31.8253916489808,23.43609824764,31871436144.8226,81.0578812308369,ISL,ISL
737,2022,3,Iceland,7.53,7.434,7.625,1.926,1.62,0.559,0.738,0.25,0.187,2.25,ISL,ISL2022,Iceland,is,2022,8.3087551155892,28770206626.5564,75314.085560994,3.789,-1.18279975356638,8.88519456670855,8.9925076126915,-2.42669497806943,33.0146229548237,31.08872967368,22.4684816271722,28515019178.2416,86.2909756775551,ISL,ISL
738,2021,3,Iceland,7.557,7.464,7.651,1.936,1.32,0.803,0.718,0.27,0.191,2.32,ISL,ISL2021,Iceland,is,2021,4.44423970189739,25825287184.3818,69325.9078287926,6.029,-0.909890205490951,6.37202614559868,5.25420975317854,-2.79395804491668,35.2171495312778,28.831878219794,21.3900980415332,25842739234.8722,95.8217048268859,ISL,ISL
739,2020,5,Iceland,7.554,7.438,7.67,1.482,1.172,0.772,0.698,0.293,0.17,2.967,ISL,ISL2020,Iceland,is,2020,2.84792401518665,21629953194.0659,59023.5663465778,5.478,1.67553661644041,4.01588811980919,-6.94045309489034,1.12712934760835,37.0340974122951,29.466666256956,22.4016137512027,22327335577.3176,100.316262095676,ISL,ISL
740,2019,4,Iceland,7.50449991226196,7.38765287399292,7.62134695053101,1.3265016078949,1.547567486763,1.00084340572357,0.661980748176575,0.362330228090286,0.144540771842003,2.46068811416626,ISL,ISL2019,Iceland,is,2019,3.01397179156053,24681343649.2952,68452.23622306,3.507,2.38684774572715,4.4567758015221,1.86117794293874,6.54263819647393,31.0706971338718,30.430432941635,21.9320134156456,25374511608.1548,90.1141894663873,ISL,ISL
741,2018,4,Iceland,7.494,,,,,,,,,,ISL,ISL2018,Iceland,is,2018,2.68291768267392,26260850582.0687,74452.1890731447,2.704,4.21253038766199,2.63161215080015,4.88917299486545,4.28102734251169,30.864744351571,33.0148565223487,22.9783610687234,26701147667.6892,81.9621967417907,ISL,ISL
742,2017,4,Iceland,7.495,,,,,,,,,,ISL,ISL2017,Iceland,is,2017,1.76041559180596,24728285177.4603,72010.1490316258,2.742,6.26018300940988,0.936992856331969,4.19494882908376,4.25674789459763,31.4502546624909,33.7867939171709,23.9232132016805,24848957647.0047,90.4444869015692,ISL,ISL
743,2016,3,Iceland,7.504,,,,,,,,,,ISL,ISL2016,Iceland,is,2016,1.69692761997751,20793168030.9524,61987.9263620283,2.978,5.84368814136005,2.260860866933,6.30368710650176,8.27171987498996,35.4887565854464,47.967765488071,37.612849787134,21200175322.7839,103.362423152956,ISL,ISL
744,2015,3,Iceland,7.501,,,,,,,,,,ISL,ISL2015,Iceland,is,2015,1.63305558181326,17517210519.0912,52951.6815110898,3.979,1.46667925783666,6.0545203480569,4.43666371937172,5.62762590827157,32.2106446925694,32.3634622603016,22.6894441179314,17486094485.2184,117.370839587281,ISL,ISL
745,2014,2,Iceland,7.561,,,,,,,,,,ISL,ISL2014,Iceland,is,2014,2.04461481539333,17867662177.8911,54576.7448146565,4.897,3.45764445652863,4.14165194460018,1.68721501750642,4.34644886292108,34.3342435576371,35.2037215743936,24.4919599819558,17641035407.3781,135.796521914069,ISL,ISL
746,2012,9,Iceland,7.355,,,,,,,,,,ISL,ISL2012,Iceland,is,2012,5.18589988750698,14751508133.5443,45995.5478789467,6.0,4.72101402970896,3.44088030034162,1.06363660743763,-3.5156011396135,37.0690714217926,34.1091154935637,21.503307076745,13461900235.8385,152.739624546059,ISL,ISL
747,2011,20,Iceland,6.888,,,,,,,,,,ISL,ISL2011,Iceland,is,2011,4.0010266434312,15221622925.9319,47714.5922308485,7.028,4.46319256484599,3.09666958205543,1.84577915624217,-4.70354106391418,38.4544582354193,33.1369310007771,20.5821774257347,13450225651.4506,156.915918249342,ISL,ISL
748,2024,118,India,4.389,4.32,4.457,1.149,0.86,0.316,0.914,0.141,0.12,0.889,IND,IND2024,India,in,2024,4.95303550973656,,,4.202,,,,,,,,,,IND,IND
749,2023,126,India,4.054,3.985,4.123,1.166,0.653,0.417,0.767,0.174,0.122,0.756,IND,IND2023,India,in,2023,5.64914318907925,3567551674623.01,2480.79208721621,4.172,,1.33405065563208,8.1529363109041,-0.895916592872975,,,,3515454309538.94,,IND,IND
750,2022,126,India,4.036,3.98,4.092,1.159,0.674,0.252,0.685,0.175,0.111,0.979,IND,IND2022,India,in,2022,6.69903414079852,3353470496886.33,2352.61392452078,4.822,1.70461092850436,6.74751308321969,6.9870393257555,-2.35728753316071,13.3042414679066,9.0901147744163,6.71965605554655,3307391497374.74,,IND,IND
751,2021,136,India,3.777,3.726,3.828,1.167,0.376,0.471,0.647,0.198,0.123,0.795,IND,IND2021,India,in,2021,5.13140747176369,3167270623260.47,2239.61384367482,6.38,0.316945144211866,8.35490771481598,9.68959249192875,-1.05524166809384,,,,3129982849042.07,,IND,IND
752,2020,140,India,3.819,3.769,3.869,0.741,0.316,0.383,0.622,0.246,0.106,1.405,IND,IND2020,India,in,2020,6.62343677628535,2674851578587.27,1907.04251637669,7.859,4.13599957786408,4.81485791893405,-5.77772470686801,1.22362111042791,,,,2638922006729.05,,IND,IND
753,2019,144,India,3.57329988479614,3.51900339126587,3.62759637832642,0.730576157569885,0.644198656082153,0.540570139884949,0.581142246723175,0.237072482705116,0.105587981641293,0.734130859375,IND,IND2019,India,in,2019,3.72950573539129,2835606256558.19,2041.42863698585,6.51,6.89487542729716,2.40551716106513,3.87143694070356,-1.04961203910072,,,,2808367623254.15,,IND,IND
754,2018,140,India,4.015,,,,,,,,,,IND,IND2018,India,in,2018,3.9388264669163,2702929641648.74,1966.25455171679,7.652,5.36166638954869,3.88424027196663,6.45385134497769,-2.42697545810527,15.6631319151388,13.1885329486481,12.0174277483166,2673994276922.32,46.5224986659322,IND,IND
755,2017,133,India,4.19,,,,,,,,,,IND,IND2017,India,in,2017,3.32817337461298,2651474262755.45,1950.10468280866,7.618,5.32760886237311,3.96925793352338,6.79538341897911,-1.43948820320988,15.6141099220983,12.7267619005257,11.3874439798131,2622801076651.03,47.5836093800197,IND,IND
756,2016,122,India,4.315,,,,,,,,,,IND,IND2016,India,in,2016,4.94821634062141,2294796885663.16,1707.50892912243,7.601,6.2327114148242,3.23797495080767,8.25630550179086,-0.527880606037518,15.2719500252316,12.8510169890546,11.1477384183764,2268496715258.31,47.6337555915272,IND,IND
757,2015,118,India,4.404,,,,,,,,,,IND,IND2015,India,in,2015,4.90697344127256,2103588360044.94,1583.99815907985,7.631,7.55648841353986,2.27958810849833,7.99625378571471,-1.06754907167965,15.1256903622794,12.4152095425778,10.5697090519718,2079182865637.81,49.9647183856551,IND,IND
758,2014,117,India,4.565,,,,,,,,,,IND,IND2014,India,in,2014,6.66565671867899,2039126479154.52,1553.88396075118,7.674,6.69517609043592,3.33175691706154,7.41022760508854,-1.33950896483453,14.803137644208,11.550620644555,9.98465419071312,2015014420953.0,49.9009248748319,IND,IND
759,2012,111,India,4.772,,,,,,,,,,IND,IND2012,India,in,2012,9.47899691419801,1827637590410.41,1429.32199520032,7.666,2.47352048880901,7.9343874779296,5.45638755166587,-5.00488971805304,16.166712404362,12.599872776486,10.8367717209692,1806177396650.21,50.6780305618952,IND,IND
760,2011,94,India,4.975,,,,,,,,,,IND,IND2011,India,in,2011,8.91179336483371,1823051829894.55,1445.46127486037,7.616,1.31798086194015,8.73357890618065,5.24131619937695,-3.42928468606061,14.4898394030493,11.4959960090891,10.1773871997608,1807020595447.34,51.5565536600977,IND,IND
761,2024,83,Indonesia,5.617,5.516,5.717,1.288,1.372,0.454,0.918,0.323,0.044,1.218,IDN,IDN2024,Indonesia,id,2024,,,,3.3,,,,,,,,,,IDN,IDN
762,2023,80,Indonesia,5.568,5.466,5.67,1.361,1.184,0.472,0.779,0.399,0.055,1.318,IDN,IDN2023,Indonesia,id,2023,3.67013142377007,1371171152331.16,4876.31432703188,3.308,7.28195525441058,1.5330736733459,5.04810577067288,-0.148899137539572,,,,1335866354417.72,,IDN,IDN
763,2022,84,Indonesia,5.277,5.161,5.392,1.384,1.169,0.314,0.663,0.422,0.038,1.288,IDN,IDN2022,Indonesia,id,2022,4.20946383402165,1319076267291.51,4730.74548910499,3.462,-0.955296610119879,9.56668684525337,5.30741934775764,1.00184767462664,,,,1282833043151.33,,IDN,IDN
764,2021,87,Indonesia,5.24,5.139,5.341,1.382,0.883,0.539,0.62,0.468,0.047,1.3,IDN,IDN2021,Indonesia,id,2021,1.56012990525673,1186509691070.97,4287.17313989405,3.827,2.7532239499583,6.00397322136207,3.70288562827751,0.295885914530007,,,,1154297486846.38,,IDN,IDN
765,2020,83,Indonesia,5.345,5.235,5.454,0.954,0.786,0.433,0.598,0.541,0.046,1.987,IDN,IDN2020,Indonesia,id,2020,1.9209680056685,1059054842711.55,3853.70288778903,4.255,9.98592671987597,-0.401651435218994,-2.06551182934165,-0.418606247730959,,,,1029975056940.17,,IDN,IDN
766,2019,84,Indonesia,5.28560018539429,5.19212293624878,5.37907743453979,0.891720712184906,1.15480089187622,0.610437035560608,0.568161427974701,0.542646527290344,0.0382786132395267,1.47957348823547,IDN,IDN2019,Indonesia,id,2019,3.03058664969487,1119099871385.79,4106.94856173421,3.59,8.62940479031393,1.59848849984144,5.01928768046282,-2.70566198130944,,,,1085078650200.79,,IDN,IDN
767,2018,92,Indonesia,5.192,,,,,,,,,,IDN,IDN2018,Indonesia,id,2018,3.1983464156241,1042271532953.49,3860.95353077708,4.387,6.47124983937941,3.81832356943335,5.17429153955024,-2.93907291486926,,,,1011212626719.05,,IDN,IDN
768,2017,96,Indonesia,5.093,,,,,,,,,,IDN,IDN2017,Indonesia,id,2017,3.80879806953157,1015618744168.08,3798.88326177649,3.783,6.50156399609036,4.29267812199525,5.06978590134916,-1.59465689988054,,,,983437956204.835,,IDN,IDN
769,2016,81,Indonesia,5.262,,,,,,,,,,IDN,IDN2016,Indonesia,id,2016,3.5258051568793,931877364034.196,3521.46943456251,4.301,9.22443234413206,2.43892408688207,5.03306918280177,-1.81915089252068,,,,902045435910.081,,IDN,IDN
770,2015,79,Indonesia,5.314,,,,,,,,,,IDN,IDN2015,Indonesia,id,2015,6.36312113115612,860854232717.718,3288.22269737572,4.514,8.34991063469474,3.98024266013961,4.87632230022123,-2.03504192738521,,,,832298853355.383,,IDN,IDN
771,2014,74,Indonesia,5.399,,,,,,,,,,IDN,IDN2014,Indonesia,id,2014,6.39492540819922,890814755511.014,3441.06808455308,4.049,6.79211858069728,5.44317454935612,5.006668425755,-3.08816907533729,,,,860946502311.299,,IDN,IDN
772,2012,76,Indonesia,5.348,,,,,,,,,,IDN,IDN2012,Indonesia,id,2012,4.27949999641975,917869913364.917,3632.272540431,4.468,7.75018856489028,3.75387875323653,6.03005065305615,-2.66027359462061,,,,891961469678.016,,IDN,IDN
773,2011,83,Indonesia,5.159,,,,,,,,,,IDN,IDN2011,Indonesia,id,2011,5.3560477898215,892969104529.572,3579.46442452684,5.153,4.59437674883754,7.46594303367513,6.16978420771008,0.188703954019704,,,,868239118588.313,,IDN,IDN
774,2024,99,Iran,5.093,4.994,5.193,1.33,1.367,0.609,0.456,0.202,0.122,1.007,IRN,IRN2024,"Iran, Islamic Rep.",ir,2024,,,,9.192,,,,,,,,,,IRN,IRN
775,2023,100,Iran,4.923,4.822,5.024,1.435,1.136,0.571,0.366,0.235,0.123,1.057,IRN,IRN2023,"Iran, Islamic Rep.",ir,2023,44.5791857572797,404625655204.619,4465.63766994952,9.041,,30.4931401221187,5.04489051061807,,,,,404153752602.602,,IRN,IRN
776,2022,101,Iran,4.876,4.772,4.98,1.465,1.102,0.411,0.281,0.229,0.13,1.259,IRN,IRN2022,"Iran, Islamic Rep.",ir,2022,43.4884641742179,394362621793.035,4405.09291519791,9.085,,50.585248062505,3.77663140152906,,,,,393776608248.051,,IRN,IRN
777,2021,110,Iran,4.888,4.78,4.995,1.41,0.741,0.642,0.281,0.241,0.146,1.427,IRN,IRN2021,"Iran, Islamic Rep.",ir,2021,43.3890162681514,383436202446.695,4334.79268631354,9.282,,56.3196546439665,4.71977773157164,,,,,383309265851.262,,IRN,IRN
778,2020,119,Iran,4.721,4.614,4.828,1.03,0.557,0.561,0.275,0.33,0.144,1.823,IRN,IRN2020,"Iran, Islamic Rep.",ir,2020,30.5941390387295,262186179355.944,2988.78122414716,9.687,,44.2649836337424,3.33028845926594,,,,,261745239277.174,,IRN,IRN
779,2019,118,Iran,4.67239999771118,4.56287908554077,4.78192090988159,1.02932250499725,0.886271178722382,0.749053835868835,0.301195472478867,0.276978939771652,0.14265151321888,1.28696942329407,IRN,IRN2019,"Iran, Islamic Rep.",ir,2019,39.9073455697784,333519146339.191,3831.27894763337,10.74,,30.5348662272656,-3.0705879849703,,,,,333580960831.753,,IRN,IRN
780,2018,117,Iran,4.548,,,,,,,,,,IRN,IRN2018,"Iran, Islamic Rep.",ir,2018,18.0141183371874,398880231367.268,4631.78709016514,12.195,,31.6411842965085,-1.83800757093036,,,,,400959595538.411,,IRN,IRN
781,2017,106,Iran,4.707,,,,,,,,,,IRN,IRN2017,"Iran, Islamic Rep.",ir,2017,8.04492437660278,489168731811.147,5753.11544659399,12.232,,13.0353311671579,2.75850524578875,,,,,489767735736.786,,IRN,IRN
782,2016,108,Iran,4.692,,,,,,,,,,IRN,IRN2016,"Iran, Islamic Rep.",ir,2016,7.24542548952979,459042684192.698,5477.03712389913,12.618,7.86127268623941,9.39978461338336,8.8150866425182,,,,,459572277672.439,,IRN,IRN
783,2015,105,Iran,4.813,,,,,,,,,,IRN,IRN2015,"Iran, Islamic Rep.",ir,2015,12.4846815611533,409191686496.677,4952.73355532178,11.166,13.9854467563743,0.197001678736839,-1.42488493937491,,,,,409496710332.525,,IRN,IRN
784,2014,110,Iran,4.686,,,,,,,,,,IRN,IRN2014,"Iran, Islamic Rep.",ir,2014,16.6065532357449,462284793280.825,5672.06372896319,10.68,3.86413888968712,9.75876873256327,4.98477506709494,,,,,464664338145.23,,IRN,IRN
785,2012,115,Iran,4.643,,,,,,,,,,IRN,IRN2012,"Iran, Islamic Rep.",ir,2012,27.2568127242908,644019315003.54,8114.08099831877,12.275,-6.68652747407913,18.9538841448282,-3.7471713986414,,,,,648228253786.387,,IRN,IRN
786,2011,84,Iran,5.149,,,,,,,,,,IRN,IRN2011,"Iran, Islamic Rep.",ir,2011,26.2933856738608,629082257472.368,8025.68743364356,12.491,-16.7975500882945,33.4095331541239,2.64571792008958,,,,,629549226632.111,,IRN,IRN
787,2024,101,Iraq,4.976,4.866,5.085,1.261,1.275,0.589,0.503,0.1,0.069,1.178,IRQ,IRQ2024,Iraq,iq,2024,,,,15.524,,,,,,,,,,IRQ,IRQ
788,2023,92,Iraq,5.166,5.049,5.283,1.249,0.996,0.498,0.425,0.141,0.048,1.809,IRQ,IRQ2023,Iraq,iq,2023,4.35835351089586,250842782139.464,5565.12644647176,15.447,,-18.1894127218862,-2.93555773971221,11.3117013578386,,,,251816082139.464,,IRQ,IRQ
789,2022,98,Iraq,4.941,4.783,5.099,1.281,0.953,0.324,0.351,0.134,0.038,1.861,IRQ,IRQ2022,Iraq,iq,2022,4.99476596381044,286640340965.517,6504.12428393548,15.511,,26.9938337592464,7.63981140218355,20.237730601562,,,,285694140965.517,,IRQ,IRQ
790,2021,107,Iraq,4.941,4.783,5.099,1.289,0.682,0.554,0.328,0.147,0.046,1.894,IRQ,IRQ2021,Iraq,iq,2021,6.04186489058044,209691945713.103,4868.49431080783,16.173,,38.8998331529519,1.5021807095434,11.7148037882244,,,,207627745713.103,,IRQ,IRQ
791,2020,112,Iraq,4.854,4.738,4.97,0.91,0.638,0.381,0.302,0.153,0.041,2.429,IRQ,IRQ2020,Iraq,iq,2020,0.574162679425795,180898797516.874,4295.18945121228,15.778,,-11.2201963874445,-12.0367930931001,-3.48598226553262,,,,179091897517.38,,IRQ,IRQ
792,2019,110,Iraq,4.78480005264282,4.63232803344727,4.93727207183838,0.982018709182739,1.0114666223526,0.529350697994232,0.283588051795959,0.153002068400383,0.0731649920344353,1.75217366218567,IRQ,IRQ2019,Iraq,iq,2019,-0.198965380023928,233636097800.338,5671.8568632942,14.109,,-2.6744400357903,5.51379057540518,6.74664580876131,27.6121352770907,38.6038295065324,1.34459361810327,232469897800.338,,IRQ,IRQ
793,2018,126,Iraq,4.437,,,,,,,,,,IRQ,IRQ2018,Iraq,iq,2018,0.367441488936849,227367469034.031,5646.68932074742,13.49,,18.2039920993937,2.63385099105624,15.1162785714327,24.4834204312244,39.0612217990099,1.98400716286706,225613469034.031,27.438248367378,IRQ,IRQ
794,2017,117,Iraq,4.456,,,,,,,,,,IRQ,IRQ2017,Iraq,iq,2017,0.18405889884769,187217660050.676,4759.2846435467,13.02,,14.6503597888451,-1.81975035118309,7.95462137277485,25.9749833916221,34.5637256795617,2.68703020692064,185776960050.676,35.8630061595051,IRQ,IRQ
795,2016,117,Iraq,4.497,,,,,,,,,,IRQ,IRQ2016,Iraq,iq,2016,0.556521397155511,166743557747.671,4334.42096404188,10.82,26.3997082773689,-11.1041709203303,13.7873730187089,1.29416694062961,26.5600237455794,27.5845069892397,2.07780523585979,165182357747.671,29.4760678291372,IRQ,IRQ
796,2015,112,Iraq,4.575,,,,,,,,,,IRQ,IRQ2015,Iraq,iq,2015,1.39333028780309,166774104959.102,4440.14189252367,10.842,57.625931221869,-28.7601353853759,2.60676642939541,-1.65602101285884,27.0309301531966,30.5958116187453,1.32119614893692,165257898273.689,27.3918908850844,IRQ,IRQ
797,2014,112,Iraq,4.677,,,,,,,,,,IRQ,IRQ2014,Iraq,iq,2014,2.23597407904679,228415656174.957,6249.39226978969,10.59,18.2890590602934,-4.80663703991596,2.26368817563613,6.94151191976759,25.7090141553581,39.169436418088,0.91477329322806,227112056174.957,,IRQ,IRQ
798,2012,105,Iraq,4.817,,,,,,,,,,IRQ,IRQ2012,Iraq,iq,2012,6.08909641595043,218002476129.472,6477.59618450955,7.965,10.9065508616124,2.66976938276827,13.9364301737537,13.5507635163078,,,,219061676129.629,,IRQ,IRQ
799,2011,98,Iraq,4.882,,,,,,,,,,IRQ,IRQ2011,Iraq,iq,2011,5.801455370853,185749664444.444,5775.54229080293,8.191,-8.46792182914735,24.6894374235643,7.546471200426,14.065166727563,,,,185512264444.444,,IRQ,IRQ
800,2024,15,Ireland,6.889,6.801,6.977,1.988,1.659,0.823,0.906,0.179,0.382,0.952,IRL,IRL2024,Ireland,ie,2024,2.11344999577317,,,4.369,,,,,,,,,,IRL,IRL
801,2023,17,Ireland,6.838,6.749,6.927,2.129,1.39,0.7,0.758,0.205,0.418,1.239,IRL,IRL2023,Ireland,ie,2023,6.29942487419125,551394889339.778,103887.800388081,4.288,,3.62187153658782,-5.53000736095537,8.11468850147428,,,,419845585586.835,,IRL,IRL
802,2022,14,Ireland,6.911,6.825,6.996,2.152,1.425,0.539,0.656,0.186,0.409,1.545,IRL,IRL2022,Ireland,ie,2022,7.82945736434105,548570250341.987,106194.755859223,4.501,,6.76287565719737,8.61950355191492,8.82777423084431,19.2347136594726,21.5610968148177,16.7857030010673,382869674217.081,45.400258888176,IRL,IRL
803,2021,13,Ireland,7.041,6.961,7.121,2.129,1.166,0.779,0.627,0.19,0.408,1.743,IRL,IRL2021,Ireland,ie,2021,2.34034113447044,531306516907.984,105561.137468992,6.364,,1.09810305153333,16.2556132446002,12.2562799365962,22.2211414269678,21.4086562163273,16.5930205963518,383333737150.831,62.1665685484345,IRL,IRL
804,2020,16,Ireland,7.085,7.006,7.164,1.644,1.092,0.753,0.606,0.238,0.367,2.384,IRL,IRL2020,Ireland,ie,2020,-0.326183651280033,436555518400.451,87567.1148972037,5.623,,-1.92433938965517,7.15789883057209,-6.71276262590436,25.09442647814,21.1204147309134,15.9051983090981,324405107692.09,70.0047790053242,IRL,IRL
805,2019,16,Ireland,7.09369993209839,7.01556777954102,7.17183208465576,1.44688677787781,1.47059643268585,0.975670695304871,0.587779939174652,0.295426994562149,0.373433262109756,1.94387817382813,IRL,IRL2019,Ireland,ie,2019,0.937842961189274,407124824064.995,82508.4659883582,4.95,,3.39169553046668,5.040550288018,-20.5619614423642,22.0031826278797,23.3558169373887,17.3566699903949,309776780487.207,68.2101531884769,IRL,IRL
806,2018,16,Ireland,7.021,,,,,,,,,,IRL,IRL2018,Ireland,ie,2018,0.471130713712916,395461216460.418,81248.3135388,5.741,,0.92433709655964,7.54434190760031,4.53684281424396,23.073079952408,23.87545075564,17.6404114712849,300093279897.474,73.3536674722741,IRL,IRL
807,2017,14,Ireland,6.977,,,,,,,,,,IRL,IRL2017,Ireland,ie,2017,0.362173038229378,348532394023.595,72499.3268743015,6.713,,1.4999372190243,10.0496285394614,1.64776682090383,23.7360954155754,23.9722633784645,17.6128723324965,268367803612.568,73.9850227274131,IRL,IRL
808,2016,15,Ireland,6.977,,,,,,,,,,IRL,IRL2016,Ireland,ie,2016,0.0201247735963237,305733136180.907,64292.659966313,8.374,,0.119373685791231,1.22263860996429,-1.19043608616156,25.7140756122021,25.6605796453949,18.6308582747747,243380813400.78,83.488524641017,IRL,IRL
809,2015,19,Ireland,6.907,,,,,,,,,,IRL,IRL2015,Ireland,ie,2015,-0.330959783371788,302391428540.035,64311.8234684057,9.908,,8.90845059884661,24.6155699766256,6.16611836652655,26.5632407453683,25.0526742783292,18.1112305946373,225197829191.13,85.4579233139236,IRL,IRL
810,2014,18,Ireland,6.94,,,,,,,,,,IRL,IRL2014,Ireland,ie,2014,0.190916398713745,266787238499.03,57278.2590911107,11.858,,0.260925717324383,9.33603372868623,2.07463267871007,34.3552997419652,31.634025024525,22.4604426817187,219734367164.689,117.757439976442,IRL,IRL
811,2012,18,Ireland,7.076,,,,,,,,,,IRL,IRL2012,Ireland,ie,2012,1.69474116680366,227270922957.327,49411.7387476787,15.451,,2.43515097679379,-0.398959964505451,-3.39179943405915,39.9228071664291,32.0695992528798,22.3065644373172,181973474361.183,128.785045575103,IRL,IRL
812,2011,10,Ireland,7.284,,,,,,,,,,IRL,IRL2011,Ireland,ie,2011,2.5489783020855,241337364609.738,52692.7813135606,15.354,,1.8645376125239,1.64877389978149,1.1722256559786,44.403718449446,31.6011916176063,21.6464169302643,194723926224.465,110.569372265448,IRL,IRL
813,2024,8,Israel,7.234,7.168,7.301,1.695,1.743,0.824,0.74,0.144,0.193,1.895,ISR,ISR2024,Israel,il,2024,3.07052614744924,,,3.15,,,,,,,,,,ISR,ISR
814,2023,5,Israel,7.341,7.277,7.405,1.803,1.513,0.74,0.641,0.153,0.193,2.298,ISR,ISR2023,Israel,il,2023,4.22535211267609,513611100815.691,52642.4267486308,3.596,,4.26608944082265,2.42300691049012,3.62219585411103,37.3325068697472,30.278963607764,22.0749261748925,506703670405.958,,ISR,ISR
815,2022,4,Israel,7.473,7.411,7.535,1.833,1.521,0.577,0.569,0.124,0.158,2.691,ISR,ISR2022,Israel,il,2022,4.39359665912654,525000415276.678,54930.7261602593,3.695,-1.68785684647237,4.72579800556809,6.47037150232485,3.2579212324977,35.257917194513,33.2542161441931,25.0103227772634,520492108611.226,,ISR,ISR
816,2021,9,Israel,7.364,7.301,7.426,1.826,1.221,0.818,0.568,0.155,0.143,2.634,ISR,ISR2021,Israel,il,2021,1.51020047690539,489708278893.053,52255.6159050999,4.812,1.00964623444939,2.07020211665778,9.34390774596847,3.25881768551542,38.202299421711,32.6931125019554,24.5714433555482,482170209223.983,,ISR,ISR
817,2020,13,Israel,7.157,7.09,7.224,1.376,1.074,0.788,0.509,0.208,0.119,3.083,ISR,ISR2020,Israel,il,2020,-0.61441235846577,411728563086.632,44679.7715799755,4.169,2.31426049991113,0.971284967965317,-1.46460564253812,4.05349579705705,41.699346026319,30.3181535474859,21.987414524036,407899013182.635,,ISR,ISR
818,2019,14,Israel,7.12860012054443,7.04527044296265,7.21192979812622,1.21646368503571,1.40325677394867,1.00805294513702,0.42069947719574,0.266861796379089,0.09989845007658,2.7133584022522,ISR,ISR2019,Israel,il,2019,0.84978312826417,399651065197.871,44140.8289372511,3.731,1.60143922931752,1.90166538221106,3.78514145224655,3.34369182611431,35.3384219558193,30.8312365895858,22.2714197526237,397736725276.623,,ISR,ISR
819,2018,13,Israel,7.139,,,,,,,,,,ISR,ISR2018,Israel,il,2018,0.794075660242718,375149611117.199,42233.2610344935,3.917,2.80575357227233,0.653516850568892,4.07447600571263,2.90564075690715,35.9291237534857,31.4738605296859,22.7888869148757,374876745460.837,,ISR,ISR
820,2017,11,Israel,7.19,,,,,,,,,,ISR,ISR2017,Israel,il,2017,0.25941497450575,357227098125.658,40997.9110240274,4.14,3.45564534075836,0.0402732589144676,4.27342178782185,3.69664005594415,35.6667973651824,33.063155031173,24.3108265731855,355438750393.854,,ISR,ISR
821,2016,11,Israel,7.213,,,,,,,,,,ISR,ISR2016,Israel,il,2016,-0.551552352993558,320958936788.842,37556.6272863143,4.723,3.03045774725726,0.378235722738012,4.36728364160348,3.9692616530511,34.5825404601932,31.6467271239544,23.1243832784363,318071673537.759,,ISR,ISR
822,2015,11,Israel,7.267,,,,,,,,,,ISR,ISR2015,Israel,il,2015,-0.601291007162392,302722655203.465,36123.9907881129,5.176,1.09923171642998,2.33451238274172,2.31351073538721,5.33085308370911,34.5425492521798,31.8757573420685,23.1198016375983,300150272715.578,,ISR,ISR
823,2014,11,Israel,7.278,,,,,,,,,,ISR,ISR2014,Israel,il,2014,0.479786761439324,314090281098.682,38230.4954049785,5.789,3.22770069991889,0.658477266941688,3.8853242385341,4.17707926335931,34.9766350195177,31.6275727898811,22.8722554017003,312212949125.541,,ISR,ISR
824,2012,11,Israel,7.301,,,,,,,,,,ISR,ISR2012,Israel,il,2012,1.67920719398061,262917911696.944,33236.5731239421,6.762,,3.32947036626514,2.54080459326553,0.373766851279691,36.3426563590715,30.6007169797026,21.6597621593309,256294768864.588,,ISR,ISR
825,2011,14,Israel,7.199,,,,,,,,,,ISR,ISR2011,Israel,il,2011,3.48494919760703,267406179630.431,34433.822610733,7.139,,1.46699975880868,5.5628227805086,1.70078343226233,36.2007854975382,31.3124105461657,22.2517501373869,263882192674.99,,ISR,ISR
826,2024,40,Italy,6.415,6.309,6.521,1.724,1.526,0.852,0.641,0.082,0.071,1.517,ITA,ITA2024,Italy,it,2024,0.982373023061417,,,6.778,,,,,,,,,,ITA,ITA
827,2023,41,Italy,6.324,6.211,6.436,1.8,1.328,0.72,0.513,0.112,0.074,1.777,ITA,ITA2023,Italy,it,2023,5.62219442195901,2300941152991.81,39003.3160954123,7.627,-0.875338874807456,5.81875394007432,0.69763299419678,-0.0107548120555719,47.6049028915113,39.3416094557081,24.877568219645,2250908366681.8,,ITA,ITA
828,2022,33,Italy,6.405,6.298,6.511,1.832,1.365,0.559,0.438,0.097,0.063,2.052,ITA,ITA2022,Italy,it,2022,8.20128991161718,2102995942720.44,35635.7442204098,8.069,-1.25116298090401,3.56016140243167,4.66176265113695,-1.5588851197709,48.3949139305084,39.6278539964024,24.6189526387081,2085487745453.12,,ITA,ITA
829,2021,31,Italy,6.467,6.363,6.57,1.834,1.052,0.801,0.412,0.085,0.059,2.222,ITA,ITA2021,Italy,it,2021,1.87378325762481,2179207773596.09,36852.5425414951,9.497,0.733185622941066,1.28332191197099,8.9310620660078,2.36551166160116,49.6527178126937,40.3348719250734,24.8769150126615,2182382012040.27,,ITA,ITA
830,2020,29,Italy,6.483,6.395,6.572,1.393,0.94,0.798,0.379,0.133,0.047,2.794,ITA,ITA2020,Italy,it,2020,-0.13770757391651,1907481094079.23,32091.4866621366,9.164,0.739269303549746,1.57740277527265,-8.86822121046387,3.9369545603398,50.3444915572159,40.5950400712713,24.8458109789517,1921655176693.23,,ITA,ITA
831,2019,30,Italy,6.38740015029907,6.30255556106567,6.47224473953247,1.23639607429504,1.34729599952698,1.02250492572784,0.321305572986603,0.170266211032867,0.0401455983519554,2.2495059967041,ITA,ITA2019,Italy,it,2019,0.611246943765304,2019606796583.53,33812.788724868,9.951,1.53937572616391,1.04700690370913,0.429162534371912,3.23388196417885,42.2948307679073,40.0859879467878,24.6616145255819,2027301728521.57,,ITA,ITA
832,2018,36,Italy,6.223,,,,,,,,,,ITA,ITA2018,Italy,it,2018,1.13748763600391,2099435266458.67,34746.3441392416,10.61,1.59237084044719,1.07058153142322,0.826646697363699,2.57144669559437,42.5027354888588,39.2904064273807,24.2435864233351,2115040163160.31,,ITA,ITA
833,2017,47,Italy,6.0,,,,,,,,,,ITA,ITA2017,Italy,it,2017,1.22653316645812,1970720904584.71,32554.14668453,11.211,2.27486413210815,0.709821721481291,1.60369994648362,2.47968309636806,42.9465753087,39.4241765372518,24.697204288008,1972735013154.24,,ITA,ITA
834,2016,48,Italy,5.964,,,,,,,,,,ITA,ITA2016,Italy,it,2016,-0.09401665691575,1887111188176.93,31126.3246947273,11.688,2.2202819139902,1.24817181951231,1.2362211072751,2.46140246001819,43.2014022058276,39.8892763245145,25.0831052252075,1882461088199.89,,ITA,ITA
835,2015,50,Italy,5.977,,,,,,,,,,ITA,ITA2015,Italy,it,2015,0.0387903996579733,1845428048839.1,30387.1293187854,11.896,3.3204815764273,0.782776474937791,0.885667638046783,1.23326652485505,43.5293517131866,39.8182456242875,24.8391474255923,1823940445540.23,,ITA,ITA
836,2014,50,Italy,5.948,,,,,,,,,,ITA,ITA2014,Italy,it,2014,0.241047429826756,2173255507985.84,35750.7197500382,12.683,3.92865780540824,0.902550731497669,-0.0013876397649283,1.70979552518119,43.5698249256497,39.9331071826154,24.9693939747194,2162198263107.91,,ITA,ITA
837,2012,45,Italy,6.021,,,,,,,,,,ITA,ITA2012,Italy,it,2012,3.04136333226775,2097929495121.68,35235.7989058242,10.655,3.461197425654,1.70237984690991,-3.12523879543816,-0.215238993496647,43.4989070049363,39.7540937173988,24.9107338882362,2084406708913.59,,ITA,ITA
838,2011,28,Italy,6.578,,,,,,,,,,ITA,ITA2011,Italy,it,2011,2.78063272879323,2306974020278.21,38851.3881339353,8.359,2.82160350979294,1.72878373434861,0.695463129207852,-2.74163808728921,41.8281531942746,38.3677146733526,23.6907780327076,2289189703989.3,,ITA,ITA
839,2024,73,Jamaica,5.87,5.563,6.178,1.182,1.545,0.504,0.869,0.075,0.019,1.676,JAM,JAM2024,Jamaica,jm,2024,5.41194447981659,,,4.885,,,,,,,,,,JAM,JAM
840,2023,67,Jamaica,5.842,5.624,6.059,1.28,1.324,0.567,0.647,0.089,0.028,1.907,JAM,JAM2023,Jamaica,jm,2023,6.47413734662063,19423355409.2316,6839.72503886968,4.4,-0.0312361035312853,11.6865531940529,2.20006147154612,2.92911319510629,,,,19134255409.2317,,JAM,JAM
841,2022,68,Jamaica,5.703,5.529,5.876,1.305,1.329,0.411,0.587,0.079,0.039,1.954,JAM,JAM2022,Jamaica,jm,2022,10.3495688391272,17097760723.9201,6022.15341099999,4.083,-1.23477619351779,12.7978003859778,5.22151984737387,-0.797768635721277,,,,16744360723.9202,,JAM,JAM
842,2021,63,Jamaica,5.85,5.676,6.023,1.296,1.045,0.646,0.567,0.08,0.053,2.164,JAM,JAM2021,Jamaica,jm,2021,5.86278242801063,14657586127.0331,5165.33780988607,5.188,3.7862101430332,7.42596071258264,4.6014245042592,1.01832689330442,,,,14238986127.0331,,JAM,JAM
843,2020,38,Jamaica,6.309,6.004,6.615,0.891,0.932,0.599,0.618,0.099,0.035,3.135,JAM,JAM2020,Jamaica,jm,2020,5.2267777929352,13812421803.4084,4879.44024631319,6.501,8.30933538446197,3.46419204267427,-9.92032244889079,-1.13600321037607,29.829620488055,29.2537958125104,25.7094656957291,13358021803.4082,106.282373001667,JAM,JAM
844,2019,60,Jamaica,5.88980007171631,5.65344285964966,6.12615728378296,0.779058396816254,1.40828919410706,0.788434088230133,0.553124606609344,0.116268493235111,0.030147785320878,2.21443653106689,JAM,JAM2019,Jamaica,jm,2019,3.90510000865872,15830766570.7266,5607.24300668501,4.987,9.5131944649357,3.18250309465809,0.892291653822227,-1.91168616244942,25.7899378239332,30.7879560836878,27.4539417450804,15389266570.7267,92.2464484531468,JAM,JAM
845,2018,56,Jamaica,5.89,,,,,,,,,,JAM,JAM2018,Jamaica,jm,2018,3.73663882152163,15730792835.5811,5578.10346083169,5.47,8.66801756353355,4.99324114976486,1.88992368121086,-1.49278165628941,26.5577947196904,31.0265093467497,26.7810665699502,15134792835.5809,,JAM,JAM
846,2017,56,Jamaica,5.89,,,,,,,,,,JAM,JAM2017,Jamaica,jm,2017,4.37839864991561,14808985171.3441,5259.31334136812,7.399,7.84167820121275,6.54982735214614,0.997123062335191,-2.68406864668736,26.6616007704384,29.5918823478556,26.2210037607905,14387985171.3441,102.463603382541,JAM,JAM
847,2016,76,Jamaica,5.311,,,,,,,,,,JAM,JAM2016,Jamaica,jm,2016,2.35102197485846,14077096714.1279,5009.79450059092,8.634,11.2974879032959,4.66411175576692,1.37522306445538,-0.308749953750269,26.2014403357146,28.386540526841,26.0266842466499,13482096714.1281,122.655747801579,JAM,JAM
848,2015,73,Jamaica,5.51,,,,,,,,,,JAM,JAM2015,Jamaica,jm,2015,3.69154228855725,14188936958.4343,5062.89556466908,8.825,9.67705080227993,6.65540782392959,0.92148712538031,-3.0312415035281,25.7864695383499,27.465331014542,24.8153092563686,13748936958.4345,124.64830084408,JAM,JAM
849,2014,65,Jamaica,5.709,,,,,,,,,,JAM,JAM2014,Jamaica,jm,2014,8.27407886231419,13899217721.6818,4975.11326954633,9.046,9.62037590824989,6.92994589148002,0.689822357374339,-8.01738724810733,25.6804618517507,26.7018053518149,24.0532304305783,13600817721.6819,132.413890497651,JAM,JAM
850,2012,75,Jamaica,5.374,,,,,,,,,,JAM,JAM2012,Jamaica,jm,2012,6.87397708674309,14807086555.5283,5340.83333232158,8.695,10.3745623903729,6.57190361388207,-0.613636039869121,-9.72634702774029,27.5103722033504,26.2286682812297,24.3328930313007,14607486110.2225,137.934669887058,JAM,JAM
851,2011,40,Jamaica,6.208,,,,,,,,,,JAM,JAM2011,Jamaica,jm,2011,7.555856465809,14444661522.1463,5232.63644918132,8.034,12.9618004384749,5.79618847204975,1.73037626746921,-14.283409237551,28.2010759070268,25.9651231873402,23.364368298024,13926261521.2056,133.978459775192,JAM,JAM
852,2024,55,Japan,6.147,6.063,6.23,1.678,1.55,0.921,0.746,0.014,0.2,1.038,JPN,JPN2024,Japan,jp,2024,2.73853681635241,,,2.563,,,,,,,,,,JPN,JPN
853,2023,51,Japan,6.06,5.976,6.144,1.786,1.354,0.785,0.632,0.023,0.219,1.261,JPN,JPN2023,Japan,jp,2023,3.26813365933163,4204494802431.55,33766.5268253808,2.6,,3.79301783489684,1.67901952310368,3.7860667684835,,,,4453892010756.24,,JPN,JPN
854,2022,47,Japan,6.129,6.047,6.211,1.825,1.396,0.622,0.556,0.009,0.207,1.513,JPN,JPN2022,Japan,jp,2022,2.49770278172255,4256410760723.75,34017.2718075024,2.6,,0.333979877221765,0.954736937781391,2.1180194826945,20.9609581817444,,,4515110236512.52,216.213375459903,JPN,JPN
855,2021,54,Japan,6.039,5.959,6.119,1.835,1.089,0.866,0.537,0.007,0.218,1.487,JPN,JPN2021,Japan,jp,2021,-0.233352779398264,5034620784584.98,40058.5373276179,2.828,,-0.19006062486126,2.55932023865617,3.90347308918604,21.6380905707389,,,5275289207258.22,216.329364856741,JPN,JPN
856,2020,57,Japan,5.94,5.861,6.02,1.389,0.949,0.838,0.504,0.02,0.192,2.048,JPN,JPN2020,Japan,jp,2020,-0.024995834027731,5055587093501.59,40040.7655055923,2.809,,0.941449700794308,-4.14711889947692,2.96758662260168,23.5988078728704,,,5241005753827.88,215.755540579043,JPN,JPN
857,2019,62,Japan,5.87080001831055,5.78967237472534,5.95192766189575,1.26672410964966,1.33233869075775,1.07288134098053,0.495465874671936,0.0357117801904678,0.181439638137817,1.4862003326416,JPN,JPN2019,Japan,jp,2019,0.46877615938395,5117993853016.51,40415.9567649547,2.351,,0.63480316569607,-0.402169200910933,3.45076611445329,16.4238978704123,,,5318494421653.03,198.010309174872,JPN,JPN
858,2018,58,Japan,5.886,,,,,,,,,,JPN,JPN2018,Japan,jp,2018,0.989094598021848,5040880939324.86,39751.1330982711,2.467,,-0.0002375063876058,0.643391023460339,3.51661817468288,16.0713191758764,,,5233677416722.46,197.335609410989,JPN,JPN
859,2017,54,Japan,5.915,,,,,,,,,,JPN,JPN2017,Japan,jp,2017,0.484199796126385,4930837369151.42,38834.0529341227,2.822,1.06914440729003,-0.0743495037290671,1.67533175166503,4.12036966283801,16.1953485344611,,,5113251596855.53,193.489159658852,JPN,JPN
860,2016,51,Japan,5.92,,,,,,,,,,JPN,JPN2016,Japan,jp,2016,-0.127258844489754,5003677627544.24,39375.4731620781,3.132,0.62219276043703,0.419944376057273,0.753826745903538,3.93809128404803,16.7112446327333,,,5177794688417.2,193.23043783523,JPN,JPN
861,2015,53,Japan,5.921,,,,,,,,,,JPN,JPN2015,Japan,jp,2015,0.795279630579839,4444930651964.18,34960.6393843385,3.385,-0.948441229804994,2.111298993275,1.56062669674904,3.0702796590698,16.9738508264281,,,4619771168713.41,194.584061217143,JPN,JPN
862,2014,46,Japan,5.987,,,,,,,,,,JPN,JPN2014,Japan,jp,2014,2.75922671353253,4896994405353.29,38475.3952461838,3.589,-0.459381591769,1.68629478626674,0.296205514142628,0.742322049627637,17.5741647729135,,,5079021304760.51,192.112850344345,JPN,JPN
863,2012,43,Japan,6.064,,,,,,,,,,JPN,JPN2012,Japan,jp,2012,-0.0440645104432602,6272362996105.03,49145.2804308193,4.358,2.18007652818581,-0.75609311955516,1.37475099920874,0.958442611412041,18.1117047475127,,,6445536590964.04,183.706209324867,JPN,JPN
864,2011,44,Japan,6.059,,,,,,,,,,JPN,JPN2011,Japan,jp,2011,-0.27245561610124,6233147172341.35,48760.0789494211,4.55,3.17448968701361,-1.62208025009267,0.0238095237748297,2.07915328846556,18.5956788727445,,,6414396892358.66,175.567641219028,JPN,JPN
865,2024,128,Jordan,4.31,4.193,4.426,1.158,1.202,0.573,0.7,0.051,0.164,0.461,JOR,JOR2024,Jordan,jo,2024,,,,17.996,,,,,,,,,,JOR,JOR
866,2023,125,Jordan,4.186,4.066,4.306,1.262,0.983,0.594,0.593,0.059,0.189,0.504,JOR,JOR2023,Jordan,jo,2023,2.08486986327134,50967475352.1127,4455.50540514568,17.969,7.03807269675926,1.79036458654697,2.67827153754409,-3.74831698453371,28.5045081567139,23.3015214135112,17.0896062339674,50463109154.9296,103.091444020189,JOR,JOR
867,2022,123,Jordan,4.12,3.997,4.242,1.292,0.98,0.438,0.517,0.056,0.173,0.663,JOR,JOR2022,Jordan,jo,2022,4.22915568897117,48764963380.2817,4332.25159897931,18.2,4.63110801809381,2.61607218645355,2.64743616429071,-7.82338416371671,28.7963616454714,23.4577330456951,17.4675167960003,48259188732.3944,100.908283146258,JOR,JOR
868,2021,134,Jordan,4.152,4.029,4.276,1.324,0.724,0.675,0.476,0.058,0.2,0.695,JOR,JOR2021,Jordan,jo,2021,1.34609377243118,46296100140.8451,4183.49998326866,19.837,4.70847117445251,2.20360600532175,3.65564191030398,-8.0300621920483,,,,46064410000.0,,JOR,JOR
869,2020,128,Jordan,4.395,4.273,4.516,0.89,0.685,0.583,0.455,0.079,0.15,1.553,JOR,JOR2020,Jordan,jo,2020,0.333294350628378,43700383098.5916,4022.0401356135,19.213,8.24786468054413,-0.708587970279524,-1.10275188309046,-5.73222808631066,28.1652218731959,20.104893527217,15.9811020446786,43576298591.5493,75.9660726859906,JOR,JOR
870,2019,119,Jordan,4.63339996337891,4.51824760437012,4.7485523223877,0.785179197788239,1.14011859893799,0.777624726295471,0.424855083227158,0.0914947688579559,0.151878625154495,1.26225805282593,JOR,JOR2019,Jordan,jo,2019,0.761514047265601,44503006338.0282,4170.1144003465,16.801,7.75516318410271,0.844355656854063,1.75124077866225,-1.73661317294453,26.2482662787032,22.0459864801981,14.8140015671358,44510471126.7606,79.3448532492717,JOR,JOR
871,2018,101,Jordan,4.906,,,,,,,,,,JOR,JOR2018,Jordan,jo,2018,4.46231108475481,43370860704.2254,4145.43989673265,18.257,6.24663101401516,2.27304680591043,1.91907091341564,-6.83122381081,26.2920735406073,23.4343100570305,14.7288480451847,43171142394.3662,,JOR,JOR
872,2017,90,Jordan,5.161,,,,,,,,,,JOR,JOR2017,Jordan,jo,2017,3.32389447576097,41608435915.493,4065.61628749384,18.12,6.4939601895352,1.78355010971296,2.47359815449045,-10.5575150922046,25.5588744285486,22.738482118816,14.7021242425125,41401816901.4085,75.3805020477717,JOR,JOR
873,2016,74,Jordan,5.336,,,,,,,,,,JOR,JOR2016,Jordan,jo,2016,-0.778430463054142,39892551126.7606,3986.71677010853,15.275,6.66225302949733,1.36200664175068,1.9941808493012,-9.65551431813951,25.8578401764743,22.0087683212616,15.0206304355319,39586916901.4085,74.071860773415,JOR,JOR
874,2015,80,Jordan,5.303,,,,,,,,,,JOR,JOR2015,Jordan,jo,2015,-0.876851359704049,38587017887.3239,4042.75678097555,13.075,6.17297626649221,2.16975211695323,2.49652879315188,-8.99211424558988,25.7146982444767,21.5718760290784,14.9510256180555,38153862957.7465,78.8614496694168,JOR,JOR
875,2014,82,Jordan,5.192,,,,,,,,,,JOR,JOR2014,Jordan,jo,2014,2.89947905006057,36847643521.1268,4191.18050084986,11.9,5.36000685759248,3.44532356315609,3.38407809933472,-7.07786962691051,27.4877592741813,23.0530536841064,15.4316440340028,36430961830.9859,77.7139917549107,JOR,JOR
876,2012,74,Jordan,5.414,,,,,,,,,,JOR,JOR2012,Jordan,jo,2012,4.5152295667099,31634561690.1408,4169.50470054618,12.2,3.99019709985347,4.60681522593885,2.42935800100238,-14.8926903748186,28.8746412441361,21.0457996671033,14.9212805170996,31246533521.1268,65.3506139398579,JOR,JOR
877,2011,54,Jordan,5.706,,,,,,,,,,JOR,JOR2011,Jordan,jo,2011,4.1624416292779,29524149154.9296,3946.85503855525,12.9,2.64640624425561,5.91051095801734,2.73717988632104,-10.0122011601875,28.8477144890018,20.0308690724264,14.6082372225069,29259642112.6761,60.4217719904335,JOR,JOR
878,2024,43,Kazakhstan,6.378,6.294,6.462,1.586,1.688,0.504,0.878,0.111,0.118,1.492,KAZ,KAZ2024,Kazakhstan,kz,2024,4.85655589318192,,,4.794,,,,,,,,,,KAZ,KAZ
879,2023,49,Kazakhstan,6.188,6.097,6.278,1.622,1.457,0.556,0.733,0.149,0.12,1.551,KAZ,KAZ2023,Kazakhstan,kz,2023,14.7249900200331,262641892078.524,12918.8661346014,4.821,,9.85761932391583,5.09999999973641,-3.41952978676609,17.3925228166182,16.4861706026168,11.8561721571431,236494030772.199,20.8220895673088,KAZ,KAZ
880,2022,44,Kazakhstan,6.144,6.049,6.239,1.664,1.491,0.389,0.628,0.136,0.149,1.688,KAZ,KAZ2022,Kazakhstan,kz,2022,15.0278644440851,225496328925.494,11255.3396437881,4.86,,19.7690064802492,3.19999999970734,2.85390106329207,16.1647366957137,16.8877605760788,12.0616921106992,199981133856.769,21.3547830101811,KAZ,KAZ
881,2021,40,Kazakhstan,6.234,6.138,6.33,1.668,1.22,0.611,0.584,0.134,0.157,1.86,KAZ,KAZ2021,Kazakhstan,kz,2021,8.04147134028396,197112255360.612,9983.60103576902,5.546,,13.9300750551614,4.29999999729456,-1.35935671668035,17.1165193502456,12.3381823490202,9.44711136309549,172923312214.507,22.4120405815457,KAZ,KAZ
882,2020,46,Kazakhstan,6.152,6.06,6.243,1.23,1.103,0.527,0.573,0.143,0.132,2.446,KAZ,KAZ2020,Kazakhstan,kz,2020,6.71815454861464,171082365861.423,8781.50797787648,4.89,,4.21085829258907,-2.49999999628,-6.46182057750937,16.8328642687514,11.8421559935191,8.3188093138288,156009669230.591,23.7157605024381,KAZ,KAZ
883,2019,50,Kazakhstan,6.05789995193481,5.97316980361938,6.14263010025024,1.12259423732758,1.45326769351959,0.698788940906525,0.497432142496109,0.153713792562485,0.110463686287403,2.02160263061523,KAZ,KAZ2019,Kazakhstan,kz,2019,5.33356098916669,181667184854.501,9457.12614657136,4.8,,7.63328623733945,4.50000000091883,-3.8684220835049,16.0642125509365,14.9385166774639,11.78694274063,158974562541.081,18.4830469477519,KAZ,KAZ
884,2018,60,Kazakhstan,5.809,,,,,,,,,,KAZ,KAZ2018,Kazakhstan,kz,2018,6.16366247577751,179339977690.485,9472.48527327758,4.85,,9.20560599766662,4.09999999309841,-0.984581633983154,14.7050433078792,16.0036830878528,11.7177995865876,157278679804.064,21.9922369362835,KAZ,KAZ
885,2017,60,Kazakhstan,5.79,,,,,,,,,,KAZ,KAZ2017,Kazakhstan,kz,2017,7.44266321306792,166805788827.233,8943.08416791984,4.9,,11.211105653729,4.10000000257358,-2.05429721551443,19.0261392086365,16.1673016065409,10.3030113756124,148657290109.179,16.9303582595661,KAZ,KAZ
886,2016,60,Kazakhstan,5.819,,,,,,,,,,KAZ,KAZ2016,Kazakhstan,kz,2016,14.3610942386247,137278320084.171,7475.56688689424,4.96,,13.6384336176426,1.09999999910173,-5.07331546745494,16.3309403041021,13.7478560018445,9.92425019653,123828020084.171,16.7694252748762,KAZ,KAZ
887,2015,54,Kazakhstan,5.919,,,,,,,,,,KAZ,KAZ2015,Kazakhstan,kz,2015,6.67828585615244,184388404706.042,10196.1226255982,4.93,,1.82354987628641,1.20000000053288,-5.4122312771503,15.487142712709,13.6664367402631,9.8357115521941,172770506433.204,19.307916061599,KAZ,KAZ
888,2014,54,Kazakhstan,5.855,,,,,,,,,,KAZ,KAZ2014,Kazakhstan,kz,2014,6.84944977003349,221415613595.469,12427.7094576939,5.06,,5.77123952478276,4.20000000566705,-1.28837366004242,15.308914994467,19.4543873797191,14.1934327397187,198714509414.101,12.6469696266918,KAZ,KAZ
889,2012,57,Kazakhstan,5.671,,,,,,,,,,KAZ,KAZ2012,Kazakhstan,kz,2012,5.19568369035072,207998568865.789,12018.7966527993,5.29,,4.78556981066754,4.79999999528297,1.26375902394522,15.7960435478034,22.5240272320204,13.3120981501594,179881468864.113,10.4981138465889,KAZ,KAZ
890,2011,59,Kazakhstan,5.594,,,,,,,,,,KAZ,KAZ2011,Kazakhstan,kz,2011,8.452904661768,192626464617.071,11287.1464926039,5.39,,20.5429582655299,7.40000000144188,7.3030140363931,15.2070759191101,24.0030665208961,18.2578342100647,164881370862.216,8.80131007226425,KAZ,KAZ
891,2024,115,Kenya,4.51,4.384,4.636,0.994,1.047,0.448,0.649,0.22,0.073,1.079,KEN,KEN2024,Kenya,ke,2024,4.48978854243448,,,5.434,,,,,,,,,,KEN,KEN
892,2023,114,Kenya,4.47,4.344,4.595,1.037,0.895,0.353,0.519,0.282,0.069,1.316,KEN,KEN2023,Kenya,ke,2023,7.67139634029402,108038588970.595,1952.30457929636,5.567,7.0500938448989,6.10780209189015,5.55587301319866,-3.99586269636629,27.7060592889122,18.5460646224245,13.9931197653574,106151840150.547,,KEN,KEN
893,2022,111,Kenya,4.487,4.357,4.616,1.051,0.881,0.19,0.418,0.291,0.055,1.601,KEN,KEN2022,Kenya,ke,2022,7.65986268272224,114448978152.637,2109.56288513137,5.707,5.02892163035786,6.95705445631218,4.85998104287999,-5.14588548301183,25.0629334714739,17.8826094865972,14.5993496343343,112689233872.207,,KEN,KEN
894,2021,119,Kenya,4.543,4.403,4.683,1.032,0.605,0.401,0.44,0.322,0.082,1.661,KEN,KEN2021,Kenya,ke,2021,6.10793603659176,109703658904.994,2061.35622089594,5.693,7.42758100514372,4.3307475585662,7.59048947333467,-5.10159025996023,23.5910069698036,17.3452383502575,13.554644324086,108174641713.497,,KEN,KEN
895,2020,122,Kenya,4.607,4.466,4.747,0.603,0.508,0.385,0.483,0.375,0.073,2.18,KEN,KEN2020,Kenya,ke,2020,5.40516207933392,100657505750.545,1927.66459027849,5.619,6.7146344090674,4.94885283291357,-0.272766327438816,-3.70614438428959,19.9941461757389,17.6588131025385,14.2998226320714,99981709856.8935,,KEN,KEN
896,2019,121,Kenya,4.58300018310547,4.45010232925415,4.71589803695679,0.476413398981094,0.905077755451202,0.536312758922577,0.519180536270142,0.393902093172073,0.0672010779380798,1.6849045753479,KEN,KEN2019,Kenya,ke,2019,5.23963795764792,100378436207.371,1960.40808854893,5.014,7.83110074767397,4.2752342393575,5.11415885767801,-5.23852935907811,18.7983198385291,19.0978050742836,15.1001093470909,98773632628.9327,,KEN,KEN
897,2018,121,Kenya,4.509,,,,,,,,,,KEN,KEN2018,Kenya,ke,2018,4.6898064677633,92202979985.2863,1836.45275528993,4.284,8.48796047494691,4.21502841459056,5.64794640709219,-5.41106679141752,23.6351781584909,18.6789342149032,14.3612789172776,90812279975.0377,,KEN,KEN
898,2017,124,Kenya,4.41,,,,,,,,,,KEN,KEN2017,Kenya,ke,2017,8.00564967709945,82036510877.2599,1667.48447230835,3.541,5.65674761585907,7.58193402820181,3.83795817364721,-6.99683322084959,25.1285090916527,21.1458721961561,15.0524641340645,80475458830.12,,KEN,KEN
899,2016,112,Kenya,4.553,,,,,,,,,,KEN,KEN2016,Kenya,ke,2016,6.29724953814625,74815144163.8931,1554.12610314423,2.757,10.1181287134987,5.84962894648808,4.21351706814744,-5.3970086381703,22.1909797740547,19.0657755266586,14.9664727307544,73804818194.5745,,KEN,KEN
900,2015,122,Kenya,4.356,,,,,,,,,,KEN,KEN2015,Kenya,ke,2015,6.58215429284779,70120446896.8359,1489.11959777284,2.762,6.26880578270384,9.23865468396285,4.96772112759767,-6.30459656347733,20.7150711505236,19.3515429430809,14.8394826504099,63195136105.8826,,KEN,KEN
901,2014,125,Kenya,4.419,,,,,,,,,,KEN,KEN2014,Kenya,ke,2014,6.87815499275949,68285796514.2896,1482.81566253497,2.768,8.24907899217324,7.63503190149002,5.02011100232484,-9.34004850596924,20.53749523364,19.5621058827303,15.1870212650473,60579831275.5359,,KEN,KEN
902,2012,123,Kenya,4.403,,,,,,,,,,KEN,KEN2012,Kenya,ke,2012,9.37777003547598,56396704671.5777,1285.00536171512,2.682,9.31351134458288,9.52297221154848,4.56867961444982,-7.4758716615935,,,,50187341471.2162,,KEN,KEN
903,2011,134,Kenya,4.18,,,,,,,,,,KEN,KEN2011,Kenya,ke,2011,14.0224913014704,46869473150.61,1096.14499807675,2.704,4.52618583226898,10.0650129672316,5.1211061197056,-8.14880935200664,,,,41961926464.5493,,KEN,KEN
904,2024,29,Kosovo,6.659,6.557,6.761,1.281,1.454,0.896,0.893,0.201,0.087,1.847,XKX,XKX2024,Kosovo,xk,2024,1.61944994559476,,,,,,,,,,,,,XKX,XKX
905,2023,29,Kosovo,6.561,6.455,6.667,1.364,1.277,0.599,0.739,0.254,0.073,2.255,XKX,XKX2023,Kosovo,xk,2023,4.94432438791283,10468219225.4869,5960.15820477447,,,4.56377769107739,4.06762701436438,-7.4997493779851,,,,10683305468.7416,,XKX,XKX
906,2022,34,Kosovo,6.368,6.25,6.485,1.374,1.269,0.372,0.639,0.275,0.045,2.393,XKX,XKX2022,Kosovo,xk,2022,11.5805104542012,9354903061.8898,5290.94747224687,,,7.1987107549258,4.27849895827543,-10.5108858226077,,,,9476376882.92131,,XKX,XKX
907,2021,32,Kosovo,6.455,6.339,6.571,1.362,0.949,0.569,0.599,0.309,0.035,2.631,XKX,XKX2021,Kosovo,xk,2021,3.35369139207997,9413403724.01899,5270.42670206205,,,6.11553993082821,10.7456560819583,-8.6934605029825,,,,9592462889.33813,,XKX,XKX
908,2020,34,Kosovo,6.372,6.257,6.487,0.937,0.807,0.483,0.593,0.356,0.014,3.182,XKX,XKX2020,Kosovo,xk,2020,0.198227922994854,7717145217.81247,4310.88824737367,,,1.38110717217515,-5.34027547826166,-7.01174200597718,,,,7904028034.98675,,XKX,XKX
909,2019,35,Kosovo,6.32520008087158,6.22285604476929,6.42754411697388,0.840481340885162,1.18396282196045,0.672709167003632,0.557280421257019,0.325286865234375,0.00855902396142483,2.73690271377563,XKX,XKX2019,Kosovo,xk,2019,2.67599202639893,7899737577.47286,4415.99716107514,,,0.962960139069509,4.75680057007834,-5.66136623459618,,,,8079554105.61387,,XKX,XKX
910,2018,46,Kosovo,6.1,,,,,,,,,,XKX,XKX2018,Kosovo,xk,2018,1.05379773654991,7878759714.82322,4384.18624084947,,5.07900884074454,1.49891925129965,3.40663227056285,-7.62173638381964,,,,8012300817.33829,,XKX,XKX
911,2017,66,Kosovo,5.662,,,,,,,,,,XKX,XKX2017,Kosovo,xk,2017,1.48823430592319,7180764703.35718,4009.31799347588,,6.36467506803805,0.440019143256507,4.82565565298054,-5.26348154548199,,,,7324662733.87212,,XKX,XKX
912,2016,78,Kosovo,5.279,,,,,,,,,,XKX,XKX2016,Kosovo,xk,2016,0.273169431045468,6682677289.98994,3759.44959067104,,6.61599044931985,0.779254169265613,5.57177504731632,-7.93442547946963,,,,6765147256.92673,,XKX,XKX
913,2015,77,Kosovo,5.401,,,,,,,,,,XKX,XKX2015,Kosovo,xk,2015,-0.536929392740659,6295848422.71573,3520.62850699375,,7.66556492106195,0.607840658633862,5.91623128345211,-8.69442568888461,,,,6398632302.81728,,XKX,XKX
914,2014,69,Kosovo,5.589,,,,,,,,,,XKX,XKX2014,Kosovo,xk,2014,0.428957808324092,7074394734.88431,3902.49424360946,,8.87148961121219,1.60143890288818,3.34880478431623,-7.09051727977766,,,,7225543489.81305,,XKX,XKX
915,2012,83,Kosovo,5.222,,,,,,,,,,XKX,XKX2012,Kosovo,xk,2012,2.47673782156533,6163484244.63408,3410.65550749316,,8.82916677524908,3.52540286006931,1.71219595890548,-6.16059038170407,,,,6360842590.23715,,XKX,XKX
916,2011,68,Kosovo,5.42,,,,,,,,,,XKX,XKX2011,Kosovo,xk,2011,7.3364177131527,6341613609.97976,3538.94759838576,,7.02819308420878,6.30376606515529,6.31981022896761,-13.3320955733888,,,,6496425181.02376,,XKX,XKX
917,2024,30,Kuwait,6.629,6.52,6.738,1.691,1.481,0.766,0.934,0.143,0.167,1.448,KWT,KWT2024,Kuwait,kw,2024,2.89855072463762,,,2.144,,,,,,,,,,KWT,KWT
918,2023,13,Kuwait,6.951,6.843,7.06,1.845,1.364,0.661,0.827,0.2,0.172,1.884,KWT,KWT2023,Kuwait,kw,2023,3.64216403030709,163704878875.85,33729.7985494456,2.127,13.2600017237269,-7.35671016267938,-3.64042590261035,31.395617236714,,,,195985100891.899,,KWT,KWT
919,2021,50,Kuwait,6.106,5.977,6.235,1.904,0.983,0.747,0.617,0.087,0.147,1.621,KWT,KWT2021,Kuwait,kw,2021,3.42362947609188,148459291453.471,34043.542153557,3.002,-19.4686168536897,28.7770836845713,2.26080609815888,23.5373149595846,,,,172593781562.64,,KWT,KWT
920,2020,48,Kuwait,6.106,5.977,6.235,1.461,0.857,0.58,0.591,0.12,0.13,2.368,KWT,KWT2020,Kuwait,kw,2020,2.101729548274,111045470461.207,25236.0755520534,3.557,24.6567666447314,-16.4586799927762,-4.81742860622226,19.8384588748188,,,,127412093261.493,,KWT,KWT
921,2019,48,Kuwait,6.10209989547729,5.99763631820679,6.2065634727478,1.42483365535736,1.24477982521057,0.776468932628632,0.570261418819427,0.13275109231472,0.1128149330616,1.84016799926758,KWT,KWT2019,Kuwait,kw,2019,1.09184802655856,140856394870.02,31707.8737464917,2.251,4.92698776518958,-0.110446099385726,2.26381690553512,21.4792265624363,,,,161059878933.509,,KWT,KWT
922,2018,51,Kuwait,6.021,,,,,,,,,,KWT,KWT2018,Kuwait,kw,2018,0.543133148199567,138646316321.596,32067.9623689512,2.204,-5.81511084248104,11.2991701085752,2.74333053861318,17.3456575452398,,,,156983445241.041,,KWT,KWT
923,2017,45,Kuwait,6.083,,,,,,,,,,KWT,KWT2017,Kuwait,kw,2017,2.17183298510006,120687539675.517,29047.6535822842,2.227,-9.92502260496546,16.2308738354507,-4.71222158000512,6.42748123987403,,,,139464096588.1,,KWT,KWT
924,2016,39,Kuwait,6.105,,,,,,,,,,KWT,KWT2016,Kuwait,kw,2016,3.19839776658374,109406674087.947,27323.6890643847,2.16,12.144871774067,-6.83784137377464,2.9260739013296,0.586532843680829,,,,122185300046.006,,KWT,KWT
925,2015,41,Kuwait,6.239,,,,,,,,,,KWT,KWT2015,Kuwait,kw,2015,3.27170166092133,114585555830.916,29882.2126867068,2.2,40.859737588485,-25.9583314682208,0.592771759399795,7.49155630909272,,,,127279526145.746,,KWT,KWT
926,2014,39,Kuwait,6.295,,,,,,,,,,KWT,KWT2014,Kuwait,kw,2014,2.90892672858625,162650450784.686,44368.781373043,2.9,11.8255814820549,-6.75796305451594,0.50091535084438,33.179075850826,,,,178291579838.843,,KWT,KWT
927,2012,32,Kuwait,6.515,,,,,,,,,,KWT,KWT2012,Kuwait,kw,2012,3.25514600287211,174047662555.419,52155.2225460479,2.231,-2.32907655975515,7.4872520591001,6.62587503701558,45.4600006723134,,,,183196516346.594,,KWT,KWT
928,2011,29,Kuwait,6.574,,,,,,,,,,KWT,KWT2011,Kuwait,kw,2011,4.8394034987095,154039231299.128,49169.6063983139,2.053,-10.2658862078326,17.2275372444238,9.62857696066133,42.9408981177774,,,,163069653850.474,,KWT,KWT
929,2024,75,Kyrgyzstan,5.858,5.778,5.938,1.032,1.715,0.647,0.981,0.169,0.053,1.261,KGZ,KGZ2024,Kyrgyz Republic,kg,2024,,,,3.289,,,,,,,,,,KGZ,KGZ
930,2023,75,Kyrgyzstan,5.714,5.632,5.795,1.054,1.477,0.588,0.834,0.225,0.03,1.505,KGZ,KGZ2023,Kyrgyz Republic,kg,2023,10.7532770416742,13987627908.8381,1970.15780961839,3.991,5.0170494227889,13.4157414075184,6.15139183716032,,25.7271599581674,33.2825453161806,21.2811665207908,13793509245.9481,44.0004229803138,KGZ,KGZ
931,2022,62,Kyrgyzstan,5.825,5.737,5.913,1.061,1.439,0.417,0.735,0.234,0.018,1.92,KGZ,KGZ2022,Kyrgyz Republic,kg,2022,13.9229093174176,12134931017.9465,1739.72030814894,4.043,-0.829301474662546,19.6572842421774,8.96750520041391,-42.683633961771,23.8319458168086,29.8791490055397,19.5419794530385,11864509827.1527,47.085480540382,KGZ,KGZ
932,2021,64,Kyrgyzstan,5.828,5.741,5.916,1.069,1.109,0.638,0.693,0.208,0.025,2.087,KGZ,KGZ2021,Kyrgyz Republic,kg,2021,11.9050398185147,9249133946.26531,1349.99730650542,4.096,0.543018692651354,15.992797923604,5.50700762671923,-7.97583742281609,23.4050916041465,27.311949649406,16.4912602816795,8626877845.0663,56.3623694600643,KGZ,KGZ
933,2020,68,Kyrgyzstan,5.744,5.653,5.834,0.665,0.971,0.501,0.673,0.266,0.02,2.648,KGZ,KGZ2020,Kyrgyz Republic,kg,2020,6.32542296338078,8270468614.24051,1229.51775742135,4.63,11.1026768503892,5.34018553508729,-7.14897757727955,4.52522127933728,25.7762999997186,24.629473738036,14.0363281932396,8014044231.28542,67.9562222931595,KGZ,KGZ
934,2019,74,Kyrgyzstan,5.54150009155273,5.45589208602905,5.62710809707642,0.51318097114563,1.34103667736053,0.680645883083344,0.614617764949799,0.301370739936829,0.030466690659523,2.06020665168762,KGZ,KGZ2019,Kyrgyz Republic,kg,2019,1.13362257718804,9371275264.36735,1421.99927504102,4.295,8.36475000741929,9.81131194747459,4.60062565707598,-11.3840798908834,23.2122999587777,25.8113419993908,15.9638338680814,8591968638.36629,51.3325378370411,KGZ,KGZ
935,2018,86,Kyrgyzstan,5.261,,,,,,,,,,KGZ,KGZ2018,Kyrgyz Republic,kg,2018,1.54266145238436,8271106235.41552,1283.52040333083,3.67,15.5303370528364,3.44744511589256,3.75791013557165,-11.6275560440076,25.4852528760826,28.0042382526007,17.998857013595,8020105523.91389,51.6567858407378,KGZ,KGZ
936,2017,92,Kyrgyzstan,5.131,,,,,,,,,,KGZ,KGZ2017,Kyrgyz Republic,kg,2017,3.1753098637994,7702938379.42036,1221.39056490366,3.57,12.6891774226794,6.32714586262388,4.73993722377884,-6.95269622627314,26.0497698575071,27.9702350173627,17.0462850607483,7331338207.04089,60.9182286766387,KGZ,KGZ
937,2016,98,Kyrgyzstan,5.004,,,,,,,,,,KGZ,KGZ2016,Kyrgyz Republic,kg,2016,0.388838296895799,6813095379.1187,1103.27498361324,3.474,17.4268792752423,6.05056427055605,4.33585592190116,-11.628233310749,27.0350965882562,28.1308467721619,16.9491731803417,6455295204.83045,60.4735108680683,KGZ,KGZ
938,2015,85,Kyrgyzstan,5.185,,,,,,,,,,KGZ,KGZ2015,Kyrgyz Republic,kg,2015,6.50331838993384,6678177511.66313,1105.65202996955,3.338,19.5333606473613,3.42728750288953,3.87582544512439,-15.7592478411185,27.2419483499478,30.066013239815,16.801668055009,6417477543.55163,72.4565575830671,KGZ,KGZ
939,2014,77,Kyrgyzstan,5.286,,,,,,,,,,KGZ,KGZ2014,Kyrgyz Republic,kg,2014,7.5342472977589,7468102412.68237,1264.52679529608,3.262,10.8087183257949,8.41522543621389,4.02403863083252,-17.4244156605429,25.9976655502703,29.448606667432,17.5486530868942,7159302170.58326,53.8893270176244,KGZ,KGZ
940,2012,89,Kyrgyzstan,5.042,,,,,,,,,,KGZ,KGZ2012,Kyrgyz Republic,kg,2012,2.76844236540957,6605142884.36215,1168.62244675446,3.114,13.1975919145231,8.65631680881187,-0.0881501998439376,-15.5252325924145,,,,6435842809.7884,,KGZ,KGZ
941,2011,102,Kyrgyzstan,4.828,,,,,,,,,,KGZ,KGZ2011,Kyrgyz Republic,kg,2011,16.6363262731495,6197765984.28468,1117.40184423062,2.999,1.05898880178791,22.4818422448936,5.95627429693504,-7.69730261933363,,,,5538865998.78064,,KGZ,KGZ
942,2024,93,Lao PDR,5.301,5.179,5.422,1.122,1.01,0.493,0.916,0.145,0.164,1.452,LAO,LAO2024,Lao PDR,la,2024,23.1305695942588,,,1.218,,,,,,,,,,LAO,LAO
943,2023,94,Lao PDR,5.139,5.017,5.261,1.208,0.846,0.423,0.796,0.17,0.167,1.529,LAO,LAO2023,Lao PDR,la,2023,31.2301341732646,15843155731.2552,2066.94979776957,1.188,,24.4217202066692,3.74568140158232,2.55329592767601,,,,14685693869.0246,,LAO,LAO
944,2022,89,Lao PDR,5.111,4.952,5.269,1.232,0.853,0.257,0.715,0.185,0.162,1.707,LAO,LAO2022,Lao PDR,la,2022,22.9562225132056,15468785203.7532,2046.40440255621,1.209,,15.7739459226011,2.70742652643155,-2.96567805589965,10.3160241648868,13.9139885255551,12.1129327825423,14311266175.7418,,LAO,LAO
945,2021,95,Lao PDR,5.14,5.018,5.263,1.239,0.654,0.479,0.679,0.197,0.184,1.709,LAO,LAO2021,Lao PDR,la,2021,3.75562036658877,18827148530.9347,2526.05105018529,2.066,,3.71344836687553,2.52835100486102,2.29262780940357,10.7627930320176,12.8208649065233,10.3910216640385,17754927767.6039,,LAO,LAO
946,2020,101,Lao PDR,5.03,4.941,5.119,0.808,0.598,0.33,0.643,0.268,0.179,2.204,LAO,LAO2020,Lao PDR,la,2020,5.10407262959919,18981805250.2424,2583.77730696131,2.361,,5.03450412544517,0.503031829018681,-1.60378619154944,11.447710373245,11.2201347844546,9.40187747302716,17853654979.9428,,LAO,LAO
947,2019,104,Lao PDR,4.88859987258911,4.80967330932617,4.96752643585205,0.71469384431839,0.987391889095306,0.486378282308578,0.612027287483215,0.272667109966278,0.194273963570595,1.62115263938904,LAO,LAO2019,Lao PDR,la,2019,3.32255881256925,18740561512.5555,2589.32081035237,2.537,,1.19742392109292,5.4577350924848,-7.04124343564555,12.4478555242012,13.9608743130828,11.4655560904234,17656111399.7487,,LAO,LAO
948,2018,105,Lao PDR,4.796,,,,,,,,,,LAO,LAO2018,Lao PDR,la,2018,2.04039266890201,18141641089.7963,2545.1075420815,2.9,,1.91988919391754,6.24796000755872,-9.08923603390857,12.310264175207,14.3221960942513,11.7206462434218,17355911535.6409,,LAO,LAO
949,2017,110,Lao PDR,4.623,,,,,,,,,,LAO,LAO2017,Lao PDR,la,2017,0.825478607568026,17071155481.4994,2432.43059478511,3.268,,1.85209676121123,6.8925308726989,-7.37970657985854,12.3355348883473,14.6214039802357,12.2393204927448,16170183136.7602,,LAO,LAO
950,2015,102,Lao PDR,4.876,,,,,,,,,,LAO,LAO2015,Lao PDR,la,2015,1.27735427102992,14426380125.6488,2121.01339097363,2.494,,2.34849600685918,7.27006584373785,-15.7184889292204,14.8922832872787,15.8072953979463,13.5061406202026,13784824955.5127,,LAO,LAO
951,2014,99,Lao PDR,4.876,,,,,,,,,,LAO,LAO2014,Lao PDR,la,2014,4.12924306873771,13279245886.3854,1981.03910900473,2.119,,5.72655918174564,7.61196343979319,-14.4922715355557,15.4860759577741,16.092664363216,13.8301819353549,12693401481.3153,,LAO,LAO
952,2012,109,Lao PDR,4.787,,,,,,,,,,LAO,LAO2012,Lao PDR,la,2012,4.2551267783209,10192846339.4029,1563.5650771337,1.399,,7.52885930495688,8.02609843461283,-7.31300411617256,10.9849961277883,15.2282456381955,13.6053412560259,9584409923.89747,,LAO,LAO
953,2011,82,Lao PDR,5.161,,,,,,,,,,LAO,LAO2011,Lao PDR,la,2011,7.5689885610998,8750104617.17303,1361.54704394913,1.055,,10.4687175993928,8.03865268023726,-2.35798203498442,10.7431744902983,14.4914902770389,13.1464121849439,8157259575.12919,,LAO,LAO
954,2024,51,Latvia,6.207,6.123,6.292,1.619,1.711,0.503,0.789,0.108,0.082,1.396,LVA,LVA2024,Latvia,lv,2024,1.26579885828729,,,6.72,,,,,,,,,,LVA,LVA
955,2023,46,Latvia,6.234,6.155,6.314,1.7,1.508,0.564,0.666,0.127,0.078,1.59,LVA,LVA2023,Latvia,lv,2023,8.93804623316637,42247850064.5125,22502.8429938094,6.465,,6.4069165256975,1.70679524969924,-3.93603588100191,34.6255496483292,32.3930808287766,16.8415352564105,43719961550.3251,,LVA,LVA
956,2022,41,Latvia,6.213,6.131,6.295,1.737,1.505,0.405,0.58,0.107,0.071,1.808,LVA,LVA2022,Latvia,lv,2022,17.3102830198815,38018905782.397,20229.4613617326,6.815,,9.83594135273617,1.8126824022841,-5.4769655564334,36.3393668497174,30.9260951300888,17.1477758374387,40324774809.7044,,LVA,LVA
957,2021,42,Latvia,6.18,6.106,6.255,1.732,1.221,0.637,0.502,0.075,0.09,1.923,LVA,LVA2021,Latvia,lv,2021,3.27582937431156,38185125732.9451,20262.8433862451,7.513,,3.29767842276085,6.94723316214511,-4.13624329026991,38.5253195726848,30.8020925932235,16.452961564551,38710728430.3017,,LVA,LVA
958,2020,52,Latvia,6.032,5.961,6.103,1.285,1.047,0.587,0.405,0.082,0.089,2.536,LVA,LVA2020,Latvia,lv,2020,0.219064904842156,33379927434.6149,17564.2321549354,8.098,,2.39332868457409,-3.46922915339618,3.09270300452461,36.2189154656701,31.3524787899402,16.2818527296083,34385289591.9083,,LVA,LVA
959,2019,57,Latvia,5.94999980926514,5.88171720504761,6.01828241348267,1.14139544963837,1.41439878940582,0.77790242433548,0.329198807477951,0.0754079446196556,0.0903915241360664,2.12128305435181,LVA,LVA2019,Latvia,lv,2019,2.81140920075615,33099503950.847,17294.9751600969,6.312,,4.31637930930459,0.675375256812075,-0.173662933662394,31.7652338159017,29.645265679803,16.1998506375401,33726980608.3372,,LVA,LVA
960,2018,53,Latvia,5.94,,,,,,,,,,LVA,LVA2018,Latvia,lv,2018,2.53445424186598,33247935477.3576,17252.1710428626,7.412,,3.74028070418355,4.30971088766286,-0.384114199278582,30.6512990258421,29.4984524628125,16.1995106602059,33883344508.4941,,LVA,LVA
961,2017,53,Latvia,5.933,,,,,,,,,,LVA,LVA2017,Latvia,lv,2017,2.93036312374665,29391059767.4259,15132.4958333982,8.715,,2.7092393048564,3.39894937779009,1.53282603585066,30.425906349079,29.5842915482447,17.2061420461167,30407324342.8224,,LVA,LVA
962,2016,54,Latvia,5.85,,,,,,,,,,LVA,LVA2016,Latvia,lv,2016,0.140633334505327,27117105059.5075,13838.5266823272,9.643,,0.607930746358676,2.55168585354701,1.75657365769608,30.6890668667795,29.8586049719461,17.2317291892857,28043520978.3806,,LVA,LVA
963,2015,68,Latvia,5.56,,,,,,,,,,LVA,LVA2015,Latvia,lv,2015,0.174242243625186,26344565876.8902,13321.9753140616,9.873,,0.386889189160144,3.78336528957813,-0.126358311809163,31.2338058250113,28.8140465762193,16.3739257773551,27135722905.2695,,LVA,LVA
964,2014,89,Latvia,5.098,,,,,,,,,,LVA,LVA2014,Latvia,lv,2014,0.620490636732421,30277203767.4058,15185.814581236,10.846,,1.66994936442666,2.09495959586268,-1.54126838976541,32.2820402619424,28.9606921829946,16.1740602062131,31426977355.7034,,LVA,LVA
965,2012,88,Latvia,5.046,,,,,,,,,,LVA,LVA2012,Latvia,lv,2012,2.25778924374595,27116149948.6683,13329.3499931271,15.047,,2.87856740673018,7.30524045527754,-3.86974112964083,31.9341020414488,28.7902868824145,15.4465961149387,27972506725.584,,LVA,LVA
966,2011,106,Latvia,4.762,,,,,,,,,,LVA,LVA2011,Latvia,lv,2011,4.3707355993922,26575547900.8247,12902.574053337,16.206,,4.7081060032657,3.03634590339776,-3.55024462389465,35.1497338007643,28.5531242447924,15.0349474767828,27444998699.8034,,LVA,LVA
967,2024,145,Lebanon,3.188,3.098,3.277,1.223,0.984,0.44,0.279,0.071,0.041,0.15,LBN,LBN2024,Lebanon,lb,2024,,,,,,,,,,,,,,LBN,LBN
968,2023,142,Lebanon,2.707,2.616,2.797,1.377,0.577,0.556,0.173,0.068,0.029,-0.073,LBN,LBN2023,Lebanon,lb,2023,221.341644023365,,,11.543,,,,-28.103669636709,,,,,,LBN,LBN
969,2022,136,Lebanon,2.392,2.305,2.479,1.417,0.476,0.398,0.123,0.061,0.027,-0.11,LBN,LBN2022,Lebanon,lb,2022,171.205491336641,20992421948.8081,3654.35845534878,11.6,,112.149478998819,-0.621678970663112,-34.606227109401,,,,20158671948.8081,,LBN,LBN
970,2021,145,Lebanon,2.955,2.862,3.049,1.392,0.498,0.631,0.103,0.082,0.034,0.216,LBN,LBN2021,Lebanon,lb,2021,154.756096023393,23131941556.7843,4045.37391066234,12.669,,150.000716803737,-7.00123862514116,-19.6978128626341,6.29571108447612,6.86804526963188,5.68479554564454,21239241556.7843,,LBN,LBN
971,2020,124,Lebanon,4.584,4.477,4.691,1.045,0.868,0.595,0.175,0.14,0.026,1.736,LBN,LBN2020,Lebanon,lb,2020,84.8643330472041,31712128253.7961,5561.19166950397,13.284,,85.5420423400206,-21.3998996914321,-8.76184199911137,14.9448707575471,11.5574436171576,8.90172832507978,30697478253.7961,,LBN,LBN
972,2019,111,Lebanon,4.77150011062622,4.68574237823486,4.85725784301758,0.889232516288757,1.19249331951141,0.788671135902405,0.18551667034626,0.158524140715599,0.0215181466192007,1.53554224967957,LBN,LBN2019,Lebanon,lb,2019,3.00538949390383,51605959131.2741,8905.88005497437,11.301,6.16602246203992,4.09482315573024,-6.91492472851026,-21.828092491848,29.1875576254008,19.3381419758165,15.4053905267612,50358759131.2741,,LBN,LBN
973,2018,91,Lebanon,5.197,,,,,,,,,,LBN,LBN2018,Lebanon,lb,2018,6.07698907889607,54901519155.5556,9174.53666204759,10.745,3.38554652858344,5.52248710107466,-1.88470575631651,-24.3470417876755,29.3461967656781,19.2691713666082,15.3254054569312,53788969155.5556,,LBN,LBN
974,2017,88,Lebanon,5.199,,,,,,,,,,LBN,LBN2017,Lebanon,lb,2017,4.32135218303191,53027680685.9038,8608.21084982387,10.251,5.39647299086804,2.7485363221939,0.903028464073813,-22.8822040339123,25.9835892601139,19.9683725672213,15.3598817637047,52818460685.9038,,LBN,LBN
975,2016,88,Lebanon,5.225,,,,,,,,,,LBN,LBN2016,Lebanon,lb,2016,-0.783359624361508,51147308774.1294,8089.012088155,9.786,7.41493218280356,0.87129520217637,1.55454940856943,-20.4780237123596,25.847004898603,17.7400851322845,13.5253568933955,50329518774.1294,,LBN,LBN
976,2015,93,Lebanon,5.129,,,,,,,,,,LBN,LBN2015,Lebanon,lb,2015,-3.74914524799629,49929337836.8159,7714.1099998804,9.306,3.63383207891925,3.33578444902192,0.462320792597581,-17.1077378092157,22.8975511838178,17.1247679637961,13.4650512835689,49420827836.8159,,LBN,LBN
977,2014,103,Lebanon,4.839,,,,,,,,,,LBN,LBN2014,Lebanon,lb,2014,1.8546042134091,48095213746.6003,7577.6413302369,8.833,7.16134867411629,0.105278623259466,2.48406010500743,-26.2298655609816,25.9468799781231,19.9176468501458,14.1095658840407,47517903746.6003,,LBN,LBN
978,2012,97,Lebanon,4.931,,,,,,,,,,LBN,LBN2012,Lebanon,lb,2012,6.58147447683677,44016799515.7546,8406.98405608118,7.937,-0.220386928994347,7.48605187549234,2.56479133680038,-23.4382140171445,26.7992055311946,19.9441294969934,15.1980266225285,43812619515.7546,,LBN,LBN
979,2011,92,Lebanon,5.049,,,,,,,,,,LBN,LBN2011,Lebanon,lb,2011,4.97148571692384,39927125961.5257,7834.96257108993,7.349,4.43103560124521,2.96508062083976,0.86733987855277,-13.8340690487529,26.3970134807849,21.8602330242067,16.3773329137847,39687755961.5257,,LBN,LBN
980,2024,138,Lesotho,3.757,3.558,3.957,0.737,1.131,0.0,0.606,0.065,0.072,1.145,LSO,LSO2024,Lesotho,ls,2024,6.10544624245032,,,16.147,,,,,,,,,,LSO,LSO
981,2023,141,Lesotho,3.186,2.904,3.469,0.771,0.851,0.0,0.523,0.082,0.085,0.875,LSO,LSO2023,Lesotho,ls,2023,6.34221743124953,2117962450.79469,916.282979328622,16.457,11.4937393751692,-0.368097835928623,1.82662525852363,-6.99085047562451,,,,2576299023.47091,,LSO,LSO
982,2021,141,Lesotho,3.512,3.276,3.748,0.839,0.848,0.0,0.419,0.076,0.018,1.312,LSO,LSO2021,Lesotho,ls,2021,6.04774591950676,2412130056.55851,1066.58645143823,18.23,4.9309372511699,3.12378106466741,2.26671067006538,-8.12794759731639,38.1052609182179,37.5814118211382,31.8702314148952,2813524924.21853,,LSO,LSO
983,2020,146,Lesotho,3.512,3.276,3.748,0.451,0.731,0.007,0.405,0.103,0.015,1.8,LSO,LSO2020,Lesotho,ls,2020,4.97809676252309,2053699870.07191,918.582577421982,18.399,2.27817065812967,6.54820559883913,-8.15595879914267,-5.89018409974701,43.2884148425526,41.3924100632335,35.9943565464507,2441757550.00044,2.99271685255602,LSO,LSO
984,2019,143,Lesotho,3.6528000831604,3.4918429851532,3.8137571811676,0.454938739538193,1.08894002437592,0.100934810936451,0.40936753153801,0.102627642452717,0.0504838228225708,1.44551396369934,LSO,LSO2019,Lesotho,ls,2019,5.18708359197982,2390702295.82777,1082.05706777516,16.876,7.49031602493293,3.57545446932066,-1.41799383085205,-7.45753439541607,39.246346848746,36.8042495429231,32.5421709597017,2852674377.63294,32.1670318908686,LSO,LSO
985,2018,144,Lesotho,3.802,,,,,,,,,,LSO,LSO2018,Lesotho,ls,2018,4.7518030162474,2556247291.99785,1170.65569702819,16.625,-0.330193275641916,11.7230687269439,-1.48063315848241,-5.62372777156263,39.2496841795946,37.0235318922454,31.8151694595976,3042775635.89218,32.8447143461545,LSO,LSO
986,2017,141,Lesotho,3.808,,,,,,,,,,LSO,LSO2017,Lesotho,ls,2017,4.447699373763,2306741672.29006,1069.36673247542,16.401,9.37269676063538,2.01891023820184,-3.13817493733471,-9.01074725417763,39.7153423495164,38.3283799291198,33.0073098646091,2620025914.52694,37.368022786851,LSO,LSO
987,2016,139,Lesotho,3.808,,,,,,,,,,LSO,LSO2016,Lesotho,ls,2016,6.59650490696543,2114426452.2019,992.491840678465,16.17,11.9030953150672,-0.292451232749613,3.60890731687714,-10.5017567713342,40.5844628063288,35.4153992132621,29.2862704413974,2400601096.79311,42.0604324864983,LSO,LSO
988,2014,97,Lesotho,4.898,,,,,,,,,,LSO,LSO2014,Lesotho,ls,2014,5.37028961008587,2441063054.05792,1173.5377928819,16.104,-3.24084954531814,14.0351521545479,1.71054990545476,-8.42016664486882,38.3219218166396,42.0285705734308,36.3284327192766,2719632972.79486,33.0174927862044,LSO,LSO
989,2012,98,Lesotho,4.898,,,,,,,,,,LSO,LSO2012,Lesotho,ls,2012,6.05143662139967,2477702216.26888,1217.93071228944,15.813,7.76762533451624,2.18204801752952,6.33408374679448,-18.765252030753,40.0545811100607,43.766329167757,38.0837569930604,2892666013.15149,32.1837873350535,LSO,LSO
990,2024,129,Liberia,4.277,4.111,4.444,0.582,0.888,0.324,0.653,0.143,0.068,1.618,LBR,LBR2024,Liberia,lr,2024,,,,2.882,,,,,,,,,,LBR,LBR
991,2023,121,Liberia,4.269,4.063,4.474,0.619,0.673,0.301,0.546,0.178,0.075,1.878,LBR,LBR2023,Liberia,lr,2023,10.0944535665552,4240000000.0,771.887142089677,2.933,,1.23085463416679,4.68375688761311,,,,,3967000000.0,,LBR,LBR
992,2022,125,Liberia,4.042,3.76,4.325,0.628,0.644,0.141,0.471,0.219,0.071,1.869,LBR,LBR2022,Liberia,lr,2022,7.59298486560313,4001047000.0,744.617175237387,2.977,,8.66620854081535,4.80810517290655,1.61973328165346,,,,3751047000.0,,LBR,LBR
993,2021,97,Liberia,5.122,4.815,5.428,0.636,0.67,0.309,0.405,0.178,0.08,2.844,LBR,LBR2021,Liberia,lr,2021,7.81559385858648,3513049500.0,667.96610514319,3.845,,5.35427604467455,4.98671283481617,-2.89623383635124,,,,3295000000.0,,LBR,LBR
994,2020,121,Liberia,4.625,4.417,4.833,0.228,0.58,0.253,0.43,0.221,0.057,2.857,LBR,LBR2020,Liberia,lr,2020,16.9557241496255,3176126300.0,616.787867006715,4.109,,-1.38060188980627,-2.98249127649473,-8.65744008690813,,,,2887982500.0,,LBR,LBR
995,2019,124,Liberia,4.55789995193481,4.39726543426514,4.71853446960449,0.174103006720543,0.92073392868042,0.392284274101257,0.405943095684052,0.226967871189117,0.0511398762464523,2.38675785064697,LBR,LBR2019,Liberia,lr,2019,26.9662760197878,3319596500.0,658.164180770507,3.068,,-0.560426634044902,-2.46729763532686,-19.6832166735006,,,,2965834700.0,,LBR,LBR
996,2018,141,Liberia,3.975,,,,,,,,,,LBR,LBR2018,Liberia,lr,2018,23.5635148953742,3422754800.0,692.203127129794,3.056,,-0.209872797387817,1.15757512207355,-19.6944373252366,,,,2985754800.0,,LBR,LBR
997,2017,149,Liberia,3.495,,,,,,,,,,LBR,LBR2017,Liberia,lr,2017,12.4196323907138,3390703400.0,699.269095727404,3.066,16.2947039582308,-2.61793415299387,2.45515592012239,-16.6798323783013,,,,3087813500.0,,LBR,LBR
998,2016,148,Liberia,3.533,,,,,,,,,,LBR,LBR2016,Liberia,lr,2016,8.83424868336488,3398419600.0,714.613063145659,3.081,6.18571573208098,6.97295697153928,-1.5549586174878,-8.12261279894881,,,,3117419600.0,,LBR,LBR
999,2015,150,Liberia,3.622,,,,,,,,,,LBR,LBR2015,Liberia,lr,2015,7.74869687621322,3227075700.0,692.590082351257,2.557,13.5354646875379,0.062713425558087,-0.0185649695590939,5.3024253714189,,,,2947075700.0,,LBR,LBR
1000,2014,116,Liberia,4.571,,,,,,,,,,LBR,LBR2014,Liberia,lr,2014,9.86111285574904,3225652000.0,706.714490064507,2.079,12.5808439342769,0.817921326764434,0.701393100287518,-19.9198359881725,,,,2892652000.0,,LBR,LBR
1001,2012,133,Liberia,4.196,,,,,,,,,,LBR,LBR2012,Liberia,lr,2012,6.83178703418548,2791614000.0,638.368751462083,2.146,5.30735347778052,7.79715716365929,7.99381444555367,-59.9955509928998,,,12.9715747055288,2529644000.0,20.3179952529254,LBR,LBR
1002,2011,140,Liberia,4.04,,,,,,,,,,LBR,LBR2011,Liberia,lr,2011,8.488167518494,2398000000.0,568.087865520004,2.211,2.54895433981956,10.9234453589782,8.20076822497064,-52.4853470186806,,,11.1487871559633,2273155200.0,21.7306088407006,LBR,LBR
1003,2024,79,Libya,5.82,5.727,5.913,1.247,1.309,0.549,0.724,0.111,0.214,1.666,LBY,LBY2024,Libya,ly,2024,2.12615766885025,,,18.615,,,,,,,,,,LBY,LBY
1004,2023,66,Libya,5.866,5.746,5.987,1.526,1.1,0.55,0.592,0.111,0.204,1.785,LBY,LBY2023,Libya,ly,2023,2.37317531435169,45096462972.4014,6172.81246940233,18.753,,-5.34146995735976,10.1558181770326,,,,,45309062967.0407,,LBY,LBY
1005,2021,86,Libya,5.33,5.118,5.543,1.476,0.943,0.606,0.477,0.106,0.179,1.544,LBY,LBY2021,Libya,ly,2021,2.86833027751019,35217995647.2862,4935.82787349801,19.641,,90.405606412238,28.3334624622298,16.1147728474926,,,,34577448955.2933,,LBY,LBY
1006,2020,81,Libya,5.41,5.262,5.558,1.044,0.821,0.435,0.474,0.131,0.174,2.331,LBY,LBY2020,Libya,ly,2020,1.44703656998741,46854285440.642,6650.33810585348,19.613,,-4.75412381683802,-29.4552967282824,-10.2022684905863,,,,47692571365.2013,,LBY,LBY
1007,2019,80,Libya,5.48880004882813,5.36987257003784,5.60772752761841,1.02191376686096,1.19628369808197,0.615626633167267,0.451354056596756,0.142757698893547,0.172258079051971,1.88856315612793,LBY,LBY2019,Libya,ly,2019,-2.16217883470595,69254496471.6938,9963.19489084483,19.05,,4.17567264236536,-11.1960828853386,6.95550505080755,,,,71084266693.7479,,LBY,LBY
1008,2018,72,Libya,5.525,,,,,,,,,,LBY,LBY2018,Libya,ly,2018,13.1702038536721,76686029772.1483,11196.5854810844,18.836,,3.59757389264269,7.9413678529104,14.7041123833162,,,,77676603170.6261,,LBY,LBY
1009,2017,70,Libya,5.566,,,,,,,,,,LBY,LBY2017,Libya,ly,2017,25.8036184788338,67157452181.7738,9965.83236729757,19.02,,1.80666382178316,32.4918021862688,6.59107791644499,,,,68439540256.2741,,LBY,LBY
1010,2016,68,Libya,5.525,,,,,,,,,,LBY,LBY2016,Libya,ly,2016,25.8538742124461,49912073701.298,7525.80299308216,19.522,,4.69231431810404,-1.4909411172622,-9.42697758493981,,,,50662881580.3574,,LBY,LBY
1011,2015,67,Libya,5.615,,,,,,,,,,LBY,LBY2015,Libya,ly,2015,10.4022933588151,48717501321.3052,7458.48917756374,19.676,,-7.04070727195378,-0.842656252118843,-19.1840709119308,,,,49953808617.0821,,LBY,LBY
1012,2014,63,Libya,5.754,,,,,,,,,,LBY,LBY2014,Libya,ly,2014,2.43294141599225,57372355592.022,8926.42074591474,19.308,7.07784993842523,-1.00660401665242,-23.0428058282215,-33.1750366593745,,,,57954482938.5682,,LBY,LBY
1013,2012,78,Libya,5.34,,,,,,,,,,LBY,LBY2012,Libya,ly,2012,6.05980392156864,92540938129.1315,14975.8902795144,19.03,0.0170496009954675,5.98193050372183,86.8267484395784,25.7575733312092,,,,90611575226.2892,,LBY,LBY
1014,2011,81,Libya,5.178,,,,,,,,,,LBY,LBY2011,Libya,ly,2011,15.5184815317561,48169263294.1007,7593.8391525702,19.478,-14.7517670767541,24.3427533511905,-50.3385151384986,6.62746278785412,,,,48225057019.063,,LBY,LBY
1015,2024,16,Lithuania,6.829,6.746,6.912,1.684,1.699,0.592,0.702,0.031,0.123,1.998,LTU,LTU2024,Lithuania,lt,2024,0.715735835228723,,,7.504,,,,,,,,,,LTU,LTU
1016,2023,19,Lithuania,6.818,6.739,6.896,1.766,1.454,0.598,0.533,0.044,0.116,2.307,LTU,LTU2023,Lithuania,lt,2023,9.11731962390475,79789877416.1681,27786.0057829276,6.841,,9.02175581692678,0.34226255222913,1.10087710830163,34.1003296593768,34.0430070209391,21.418435814263,76751468656.0277,36.9310516393631,LTU,LTU
1017,2022,20,Lithuania,6.763,6.677,6.849,1.808,1.511,0.432,0.487,0.059,0.089,2.377,LTU,LTU2022,Lithuania,lt,2022,19.7050461518394,71033884499.7824,25085.784063499,5.955,,16.0665436484411,2.53752500887173,-6.08497389220301,34.0464636044902,33.1338614763661,21.2820773125213,68451885058.5839,35.9357842383235,LTU,LTU
1018,2021,34,Lithuania,6.446,6.356,6.535,1.804,1.204,0.659,0.496,0.053,0.077,2.153,LTU,LTU2021,Lithuania,lt,2021,4.68354420903453,67037321008.9679,23934.728489916,7.112,,5.99976586948216,6.38001676204321,1.46940668521304,35.1889889533921,33.4673837680966,21.2744476140313,64252038543.154,47.9378829041006,LTU,LTU
1019,2020,39,Lithuania,6.255,6.167,6.344,1.35,1.065,0.612,0.476,0.056,0.073,2.624,LTU,LTU2020,Lithuania,lt,2020,1.19989444983569,57412038533.2718,20541.824988603,8.487,,2.03874603854945,0.0428140173486753,7.22470104088845,38.9088887136828,32.796635612808,20.5030171627523,55325495240.9729,52.3554078518907,LTU,LTU
1020,2019,41,Lithuania,6.21549987792969,6.12888145446777,6.3021183013916,1.19355964660645,1.43286573886871,0.795421183109283,0.420460790395737,0.0536910407245159,0.0813502743840218,2.23814606666565,LTU,LTU2019,Lithuania,lt,2019,2.33450937988027,55122066225.796,19727.7607453736,6.255,,2.3758604116648,4.67735155796807,3.73752991159912,32.3841356342817,31.9379467182196,20.0889400531483,52901803474.7058,41.7982343469891,LTU,LTU
1021,2018,42,Lithuania,6.149,,,,,,,,,,LTU,LTU2018,Lithuania,lt,2018,2.69792779208394,54261795148.5372,19368.5391045353,6.147,,3.5930097078956,4.9183697945524,0.309996924920131,31.6775234640563,31.5539038602942,16.7524651283353,52084496480.7654,38.0791689976833,LTU,LTU
1022,2017,50,Lithuania,5.952,,,,,,,,,,LTU,LTU2017,Lithuania,lt,2017,3.72288862303707,47756764508.446,16884.7100319318,7.073,,4.09579148864047,4.61224314600778,1.08697261761581,31.072121854115,31.2005679256061,16.7642158990642,46031954861.7177,44.8859433184755,LTU,LTU
1023,2016,52,Lithuania,5.902,,,,,,,,,,LTU,LTU2016,Lithuania,lt,2016,0.905525075460342,42970749245.0336,14981.6208126311,7.862,,0.987474343866324,2.67192019895775,-1.01460897973493,32.6841126186918,31.7748038314408,17.0998350982682,41513241212.6196,47.7462820347167,LTU,LTU
1024,2015,60,Lithuania,5.813,,,,,,,,,,LTU,LTU2015,Lithuania,lt,2015,-0.884097405500596,41540954817.2039,14300.2553666736,9.12,,-0.0022548670453801,2.83280857741104,-2.51745557937896,32.6692487755442,30.8685352528266,16.7577252933798,39940688841.875,49.4373317773801,LTU,LTU
1025,2014,56,Lithuania,5.833,,,,,,,,,,LTU,LTU2014,Lithuania,lt,2014,0.103758009433708,48306546656.9281,16473.5678231709,10.698,,0.609193063395622,3.77254131499667,3.54699194706827,32.7568188511499,29.5673217746633,16.0335026552639,47960568992.3636,48.5816817622371,LTU,LTU
1026,2012,71,Lithuania,5.426,,,,,,,,,,LTU,LTU2012,Lithuania,lt,2012,3.08998277055417,42709372066.8627,14294.7178607152,13.365,,2.50518117512286,4.38290559620856,-1.606838534778,34.1253096267013,29.1903555642825,15.6846191314427,41584616578.1745,47.4575104035203,LTU,LTU
1027,2011,60,Lithuania,5.588,,,,,,,,,,LTU,LTU2011,Lithuania,lt,2011,4.13027562645085,43186501862.7907,14261.8433787325,15.39,,5.62227829514424,6.32363739804052,-3.68690525403636,36.8394354331654,29.2193147221872,15.6660449989807,42261715400.6605,41.4084048325207,LTU,LTU
1028,2024,9,Luxembourg,7.122,7.031,7.213,2.028,1.558,0.864,0.931,0.117,0.397,1.227,LUX,LUX2024,Luxembourg,lu,2024,2.05113269954859,,,5.935,,,,,,,,,,LUX,LUX
1029,2023,8,Luxembourg,7.122,7.031,7.213,2.141,1.355,0.708,0.801,0.146,0.432,1.54,LUX,LUX2023,Luxembourg,lu,2023,3.74140361983136,85755006123.5976,128678.189942826,5.184,,3.43002456230172,-1.09572361576994,11.4985644113655,43.7262807783903,44.2631714976526,27.7967760330518,55813004025.6441,,LUX,LUX
1030,2022,9,Luxembourg,7.228,7.093,7.363,2.2,1.357,0.549,0.71,0.149,0.418,1.845,LUX,LUX2022,Luxembourg,lu,2022,6.33600807777919,81641807865.7591,125006.021815486,4.588,,5.68354663317177,1.38018589083207,9.19738675468933,40.4780185478982,41.523487985141,26.4083916985902,54993885553.5022,,LUX,LUX
1031,2021,6,Luxembourg,7.404,7.307,7.501,2.209,1.155,0.79,0.7,0.12,0.388,2.042,LUX,LUX2021,Luxembourg,lu,2021,2.52692009066166,85584105993.8746,133711.794435985,5.571,,4.64389231812459,7.16840198697749,6.53591622323811,39.3750267755248,41.157424054938,26.2462939218799,58630447829.0688,,LUX,LUX
1032,2020,9,Luxembourg,7.324,7.252,7.396,1.751,1.003,0.76,0.639,0.166,0.353,2.653,LUX,LUX2020,Luxembourg,lu,2020,0.819957302127036,73699366700.2134,116905.370396853,6.766,,4.3010148081047,-0.909829798886719,5.09743603704197,42.8868134216852,41.1361402989669,25.6764606097734,51783516552.218,,LUX,LUX
1033,2019,10,Luxembourg,7.23750019073486,7.17703056335449,7.29796981811523,1.53667604923248,1.38752841949463,0.986442685127258,0.610137045383453,0.195953920483589,0.3670414686203,2.15370035171509,LUX,LUX2019,Luxembourg,lu,2019,1.74332075653848,69890505323.5842,112726.439672814,5.592,,0.900736076793322,2.9158479150005,8.61852198736833,39.4689580644421,42.5732036772638,26.8813775167992,47877349992.9411,,LUX,LUX
1034,2018,14,Luxembourg,7.09,,,,,,,,,,LUX,LUX2018,Luxembourg,lu,2018,1.5281952430738,71000359760.4611,116786.511654677,5.589,,2.11133910459871,1.21932191856359,8.3299045617089,38.8740094918987,42.485421606275,26.917740647869,50751283867.9215,,LUX,LUX
1035,2017,17,Luxembourg,6.91,,,,,,,,,,LUX,LUX2017,Luxembourg,lu,2017,1.73079959118887,65712180342.9836,110193.213797228,5.523,,2.14290399690169,1.31718766293677,6.18033427082303,37.758533855547,39.9305046500542,24.5181470528935,47031112675.0589,,LUX,LUX
1036,2016,18,Luxembourg,6.863,,,,,,,,,,LUX,LUX2016,Luxembourg,lu,2016,0.290833333333317,62216885435.9488,106899.293549552,6.669,,-1.1076169264046,4.97819043681629,7.41517069613731,36.8348917454341,39.5213156943946,23.7675096749456,41225831605.5643,,LUX,LUX
1037,2015,20,Luxembourg,6.871,,,,,,,,,,LUX,LUX2015,Luxembourg,lu,2015,0.474743161437779,60071584216.1375,105462.012584423,6.796,,2.21918065733098,2.26978448419565,5.62139533101291,37.2151192531445,39.4391768034105,23.3218593726636,38657980989.0234,,LUX,LUX
1038,2014,17,Luxembourg,6.946,,,,,,,,,,LUX,LUX2014,Luxembourg,lu,2014,0.628543985440717,68804811897.6445,123678.702143275,6.044,,2.79670220085781,2.62308601577192,4.92857348332843,37.7373163017542,39.7195943366728,24.7451571133867,49979926556.9018,,LUX,LUX
1039,2012,19,Luxembourg,7.054,,,,,,,,,,LUX,LUX2012,Luxembourg,lu,2012,2.66284165508021,59776383527.3602,112584.676270958,5.03,,3.26597731840673,1.64990202978652,5.2554249641521,38.6174033671065,39.7868058878949,24.4278271542178,45915520597.7344,,LUX,LUX
1040,2011,16,Luxembourg,7.051,,,,,,,,,,LUX,LUX2011,Luxembourg,lu,2011,3.41068341068342,61696281326.2453,119025.057203467,5.122,,3.44946167967612,1.04429869455731,5.62953573207791,37.7583197126326,39.4675362256192,23.9870478540645,42768242732.4904,,LUX,LUX
1041,2024,130,Madagascar,4.157,4.05,4.265,0.588,0.938,0.341,0.292,0.131,0.118,1.751,MDG,MDG2024,Madagascar,mg,2024,,,,3.012,,,,,,,,,,MDG,MDG
1042,2023,123,Madagascar,4.228,4.097,4.359,0.628,0.823,0.333,0.25,0.172,0.123,1.897,MDG,MDG2023,Madagascar,mg,2023,9.87432675044888,15790113246.7478,506.159368687808,3.069,41.2992363184803,8.69367544716614,3.80000000009488,,,,,15444839759.942,,MDG,MDG
1043,2022,127,Madagascar,4.019,3.839,4.199,0.632,0.779,0.178,0.187,0.177,0.134,1.932,MDG,MDG2022,Madagascar,mg,2022,8.16059031991844,15134700203.0497,497.242514792961,3.186,39.1837693229308,6.93296643519818,3.99999999869678,-5.47996370230454,10.0623804946844,10.3205615356993,9.3570991994499,14765327495.3101,,MDG,MDG
1044,2021,128,Madagascar,4.339,4.148,4.53,0.67,0.645,0.378,0.202,0.143,0.154,2.148,MDG,MDG2021,Madagascar,mg,2021,5.81225118787715,14554754116.5427,490.206238571448,3.487,39.0494182460374,6.64074341609775,5.73961573854336,-4.96025397424559,10.5432142070751,11.0615443215367,10.2385306991003,14294802412.8899,,MDG,MDG
1045,2020,136,Madagascar,4.208,4.068,4.349,0.266,0.503,0.341,0.207,0.185,0.087,2.62,MDG,MDG2020,Madagascar,mg,2020,4.20179312190557,13051441203.9474,450.771615201509,3.284,42.7140565591637,4.31114513583488,-7.13767162064489,-4.7784229274215,11.7977522159647,10.6066108568423,9.52072872534251,12717776244.3308,,MDG,MDG
1046,2019,137,Madagascar,4.16559982299805,4.05281734466553,4.27838230133057,0.244553208351135,0.823694348335266,0.500617027282715,0.192967548966408,0.1911900639534,0.0762486383318901,2.13629841804504,MDG,MDG2019,Madagascar,mg,2019,5.61051441492365,14104664678.5063,499.818837622534,2.469,39.8770894409842,6.52209064077279,4.41123212909589,-2.13564971662682,10.1328730758179,11.5681282372208,10.5318646212179,13612309667.8372,,MDG,MDG
1047,2018,143,Madagascar,3.933,,,,,,,,,,MDG,MDG2018,Madagascar,mg,2018,8.59422958870476,13760033282.2925,500.45718552916,2.297,43.4833449657503,8.29799331094843,3.19435651744398,0.712560880258365,9.83236458371751,11.4412914064544,10.2831286792601,13299570422.2112,,MDG,MDG
1048,2017,143,Madagascar,3.774,,,,,,,,,,MDG,MDG2017,Madagascar,mg,2017,8.60905075422949,13176313593.5509,491.866848718929,2.119,52.4367881529961,4.96153975601543,3.93330759462793,-0.228589799383039,10.5891148272501,10.8751557569481,10.0275447299671,12760046042.0203,,MDG,MDG
1049,2016,144,Madagascar,3.644,,,,,,,,,,MDG,MDG2016,Madagascar,mg,2016,6.03575858154679,11848613858.442,453.970714522463,1.947,46.8427693226406,8.96008072992041,3.99314606199499,0.378142575318561,9.31726443885761,10.0501781622727,9.24485187347242,11379471782.2222,,MDG,MDG
1050,2015,148,Madagascar,3.695,,,,,,,,,,MDG,MDG2015,Madagascar,mg,2015,7.40419174202129,11323020701.3017,445.320069480568,1.785,47.146664487391,6.5037166915161,3.13229807490305,-2.25941841339224,9.55868886975373,9.78975810539539,8.94531037344997,10894778487.7487,,MDG,MDG
1051,2014,147,Madagascar,3.681,,,,,,,,,,MDG,MDG2014,Madagascar,mg,2014,6.08040811088302,12522957399.2281,505.684922503435,1.386,49.908503144345,6.7317708095171,3.33920311195367,-0.649123766588139,9.85274238142876,9.29169930746224,8.44113338214288,12173057216.3084,,MDG,MDG
1052,2012,146,Madagascar,3.966,,,,,,,,,,MDG,MDG2012,Madagascar,mg,2012,5.71384434191053,11578975061.9479,493.511162904211,0.599,48.0332440256903,5.46617486333369,3.01114811621208,-7.46271017824129,8.75653017319682,9.16639323442013,8.36825554307769,11207841557.6231,,MDG,MDG
1053,2011,129,Madagascar,4.309,,,,,,,,,,MDG,MDG2011,Madagascar,mg,2011,9.48254048582992,11551819617.874,506.163691559309,2.512,38.1513429866634,10.3861871358875,1.57842705366555,-6.7277511440997,8.93506573962959,9.69460356704252,8.71032363773385,11339961188.9187,,MDG,MDG
1054,2024,144,Malawi,3.26,3.13,3.39,0.588,0.489,0.28,0.677,0.115,0.136,0.975,MWI,MWI2024,Malawi,mw,2024,32.1796504225025,,,5.045,,,,,,,,,,MWI,MWI
1055,2023,136,Malawi,3.421,3.281,3.561,0.617,0.41,0.349,0.571,0.135,0.136,1.203,MWI,MWI2023,Malawi,mw,2023,28.7897428247298,12712150082.0792,602.343619809252,5.033,8.74625276181583,22.8067220172078,1.89245798756383,-17.9049420444647,,,,12349147692.6145,,MWI,MWI
1056,2022,131,Malawi,3.495,3.32,3.671,0.637,0.479,0.189,0.49,0.139,0.129,1.432,MWI,MWI2022,Malawi,mw,2022,20.953969729969,12429060150.742,604.269751184515,5.037,6.98562574929356,17.1668303930955,0.921115069005936,-17.8461868521848,20.1738542237372,14.1361846816996,13.5038573942269,12054582591.864,55.5992119991912,MWI,MWI
1057,2021,138,Malawi,3.75,3.56,3.941,0.648,0.279,0.388,0.477,0.14,0.157,1.661,MWI,MWI2021,Malawi,mw,2021,9.33014410835212,12378129750.9872,617.447520802454,5.662,14.5426258743756,8.15296842929594,4.55829212016083,-15.492249323196,17.1870765601142,12.288329272589,11.5877528800224,12006215738.734,,MWI,MWI
1058,2020,145,Malawi,3.6,3.419,3.781,0.113,0.168,0.298,0.484,0.213,0.134,2.19,MWI,MWI2020,Malawi,mw,2020,8.62551469650552,11769313597.8545,602.507478176106,5.728,16.9443491985666,6.21829711958308,0.793596429787286,-13.9233224686156,16.4935394603346,12.9073757320637,12.130562742797,11440171500.7669,,MWI,MWI
1059,2019,145,Malawi,3.53800010681152,3.40028953552246,3.67571067810059,0.176534727215767,0.530368089675903,0.446163296699524,0.487389832735062,0.213185057044029,0.131633952260017,1.55271828174591,MWI,MWI2019,Malawi,mw,2019,9.3708360560567,11051865579.8121,580.889816066776,4.966,16.6583028004239,7.72855642393151,5.71682519194337,-11.953204223662,14.7401066853775,12.4204473652036,11.9752126690082,10785451582.33,44.7856317896456,MWI,MWI
1060,2018,150,Malawi,3.41,,,,,,,,,,MWI,MWI2018,Malawi,mw,2018,12.420178108921,9879231591.52434,533.203173686705,5.014,24.6227744902615,6.15234698561271,4.35356471619211,-17.2586885571347,14.9216504111132,12.9525502279637,12.1756578865314,9558096354.04683,41.7011065966529,MWI,MWI
1061,2017,147,Malawi,3.587,,,,,,,,,,MWI,MWI2017,Malawi,mw,2017,11.5433939188771,8943543793.5839,495.769683367165,5.039,25.336201268027,10.5769245154404,4.00000000038216,-17.4208707671145,13.2444718284507,13.0565371469458,12.1843017846966,8735399094.03681,34.2946221230854,MWI,MWI
1062,2016,136,Malawi,3.97,,,,,,,,,,MWI,MWI2016,Malawi,mw,2016,21.7111132136499,7909868618.46366,450.506105510719,5.007,19.8012047155935,20.2926829287348,2.49999999902064,-12.7134008077219,12.3291507757964,11.1687741550083,10.638963161967,7886787909.55495,37.8862077338952,MWI,MWI
1063,2015,132,Malawi,4.156,,,,,,,,,,MWI,MWI2015,Malawi,mw,2015,21.8673475542553,9219474379.31534,539.605363240686,4.954,20.5087964607092,19.8146692597742,2.80000000125513,-11.5453760878876,12.9082034353954,11.5105715128485,10.5365817797809,8999698474.69735,27.3346460465678,MWI,MWI
1064,2014,131,Malawi,4.292,,,,,,,,,,MWI,MWI2014,Malawi,mw,2014,23.7920649469687,8801326169.14547,529.5133440206,4.967,19.2778710214511,20.9692813073299,5.6252699997921,-12.8223513014995,14.0654400013646,11.7964542832246,10.9491092554382,8640515834.70583,27.9207565041985,MWI,MWI
1065,2012,139,Malawi,4.113,,,,,,,,,,MWI,MWI2012,Malawi,mw,2012,21.2712650013779,8773203178.16512,558.46208832772,4.952,12.4873563820682,17.639764474193,1.90000000072142,-8.48798044395288,11.8715643730145,9.82244916034164,9.31571514240387,8638482884.79603,28.4619929057621,MWI,MWI
1066,2011,114,Malawi,4.624,,,,,,,,,,MWI,MWI2011,Malawi,mw,2011,7.6228226284852,11648142958.3651,763.061000394572,4.842,8.56192815315002,13.9902377428521,4.93266999845892,-9.75872117783752,12.526089145286,11.4006485954383,10.6177069783918,11532861683.3477,18.8455448350087,MWI,MWI
1067,2024,64,Malaysia,5.955,5.854,6.055,1.571,1.315,0.446,0.991,0.181,0.11,1.341,MYS,MYS2024,Malaysia,my,2024,1.834100204499,,,3.826,,,,,,,,,,MYS,MYS
1068,2023,59,Malaysia,5.975,5.872,6.078,1.646,1.143,0.54,0.829,0.226,0.119,1.473,MYS,MYS2023,Malaysia,my,2023,2.48886560125754,399705169318.477,11379.0861000632,3.869,7.32680719159387,-1.87225562537837,3.55548715410509,1.56542803967803,17.0192684093425,17.2778667148161,12.5725185914202,388101205732.467,64.3209101553548,MYS,MYS
1069,2022,55,Malaysia,6.012,5.858,6.167,1.665,1.155,0.385,0.659,0.222,0.122,1.804,MYS,MYS2022,Malaysia,my,2022,3.37869862549928,407605841348.235,11748.0919307944,3.93,-2.34527886822707,6.40348511820096,8.86182187578046,3.12519285726352,17.9061514875177,16.4086792687527,11.6374738583074,394667473818.317,60.1811225069523,MYS,MYS
1070,2021,70,Malaysia,5.711,5.578,5.845,1.689,0.938,0.62,0.654,0.213,0.126,1.471,MYS,MYS2021,Malaysia,my,2021,2.47710241465447,373784823672.946,10903.1116425938,4.64,-2.11195861208843,5.67593848764116,3.31534954399166,3.87747670667502,17.2542689687307,15.0934538926416,11.2160748437663,363611089241.775,63.2668366732951,MYS,MYS
1071,2020,82,Malaysia,5.384,5.289,5.48,1.259,0.797,0.587,0.624,0.27,0.064,1.784,MYS,MYS2020,Malaysia,my,2020,-1.1387021539305,337456163961.211,9957.52626697613,4.54,4.80149199718223,-0.818007729183023,-5.45684658426701,4.18956779359845,18.4715851445262,15.8672577102456,10.8846712054019,330671265155.887,62.0067215086738,MYS,MYS
1072,2019,82,Malaysia,5.38430023193359,5.28864717483521,5.47995328903198,1.168421626091,1.17400228977203,0.788511872291565,0.596941530704498,0.274886161088943,0.062163133174181,1.31942081451416,MYS,MYS2019,Malaysia,my,2019,0.662891865764326,365177721021.516,10920.191763972,3.26,4.80161718618398,0.0718269093121364,4.41318742129586,3.5038866968342,17.3574598059896,17.47921971095,11.9363488299347,355643356741.268,52.4213502119727,MYS,MYS
1073,2018,80,Malaysia,5.339,,,,,,,,,,MYS,MYS2018,Malaysia,my,2018,0.884709160571235,358788845712.53,10901.8019954421,3.3,4.27704807389124,0.624674674586643,4.84308697634881,2.23708206947011,15.9220579344968,16.0856501545673,12.0226658594691,347616421527.931,51.1859148831795,MYS,MYS
1074,2017,35,Malaysia,6.322,,,,,,,,,,MYS,MYS2017,Malaysia,my,2017,3.87120115774237,319109094160.343,9862.54806612235,3.41,0.798926040327275,3.77896094306453,5.81272240983328,2.807870911226,15.8258190286835,16.0609680474948,12.9459662411797,310119720279.85,50.0496777374929,MYS,MYS
1075,2016,42,Malaysia,6.084,,,,,,,,,,MYS,MYS2016,Malaysia,my,2016,2.09056659525742,301256033870.334,9476.53409809923,3.44,2.82594518260627,1.65825996642414,4.44978139761541,2.36768591329055,16.7638213141114,16.9977908273231,13.5507251724192,292917092605.123,51.8905275342534,MYS,MYS
1076,2015,47,Malaysia,6.005,,,,,,,,,,MYS,MYS2015,Malaysia,my,2015,2.10438980238359,301355266964.947,9648.6797937523,3.1,3.30703770408129,1.21805573355338,5.09153242155011,3.00891850128321,18.2910432040136,18.6151187858803,14.0568621293393,293133023632.862,53.5744697326154,MYS,MYS
1077,2014,61,Malaysia,5.77,,,,,,,,,,MYS,MYS2014,Malaysia,my,2014,3.14299050879095,338066095097.254,11013.3107334403,2.88,2.06851821643173,2.46746678366378,6.00672194558203,4.39159166153878,19.6835443850248,19.9400646937981,14.8407907140268,326875882255.886,52.6758487332831,MYS,MYS
1078,2012,56,Malaysia,5.76,,,,,,,,,,MYS,MYS2012,Malaysia,my,2012,1.66357102479206,314443047642.111,10600.5744240026,3.1,3.7484193736755,0.999932303470885,5.47345419253853,5.18877994987762,20.9798770041143,21.4065968461326,15.613146742555,302839192295.004,51.6464316160996,MYS,MYS
1079,2011,51,Malaysia,5.823,,,,,,,,,,MYS,MYS2011,Malaysia,my,2011,3.1744709215131,297951668674.835,10217.1068585031,3.05,-0.471868633960644,5.41240809007968,5.29391283414003,10.905001967915,19.7347795900774,20.3369846215943,14.794353171378,290892852065.831,50.0286816425423,MYS,MYS
1080,2020,90,Maldives,5.198,5.057,5.339,1.115,1.015,0.697,0.575,0.204,0.073,1.52,MDV,MDV2020,Maldives,mv,2020,-1.36977425569811,3712604583.36665,7393.8886543933,5.434,15.4867338047556,-3.36532461650745,-32.9088287752921,-35.7483018974442,35.3461280144751,24.7062436461416,20.1121885867863,3406811511.66321,,MDV,MDV
1081,2019,87,Maldives,5.1975998878479,5.05650854110718,5.33869123458862,0.937864303588867,1.40228760242462,0.914439558982849,0.548203647136688,0.224198251962662,0.0719064921140671,1.09867477416992,MDV,MDV2019,Maldives,mv,2019,0.220029731065383,5726094799.37709,11740.2724029785,4.562,13.0026742761959,-1.30973757371325,7.29833574515027,-25.8168822522057,25.4133270384298,24.8248361269829,19.9413849005153,5166269608.4174,,MDV,MDV
1082,2024,123,Mali,4.345,4.232,4.457,0.709,0.908,0.318,0.767,0.093,0.114,1.436,MLI,MLI2024,Mali,ml,2024,3.20639864099652,,,3.06,,,,,,,,,,MLI,MLI
1083,2023,122,Mali,4.232,4.117,4.347,0.747,0.688,0.267,0.586,0.12,0.09,1.734,MLI,MLI2023,Mali,ml,2023,2.05880228274214,20661794596.0873,869.270234286992,2.956,,2.22593321089587,4.65677599093294,-7.79375130462375,,,,19697353849.2482,,MLI,MLI
1084,2022,120,Mali,4.198,4.076,4.319,0.763,0.637,0.106,0.441,0.121,0.059,2.07,MLI,MLI2022,Mali,ml,2022,9.62147608489072,18780322203.7584,813.965034073188,2.387,,5.72783445978014,3.47495171106735,-7.85624060016223,,,,17997835632.0586,,MLI,MLI
1085,2021,123,Mali,4.479,4.347,4.611,0.792,0.483,0.311,0.35,0.128,0.042,2.373,MLI,MLI2021,Mali,ml,2021,3.92560283104276,19309463508.0377,862.467400106111,3.966,,3.3589739985495,3.05261356942125,-7.6051876049087,,,,18419319470.4693,,MLI,MLI
1086,2020,118,Mali,4.723,4.563,4.884,0.387,0.59,0.11,0.384,0.164,0.072,3.016,MLI,MLI2020,Mali,ml,2020,0.438088940320668,17465392764.3706,804.343956745857,3.528,,0.532340181509667,-1.235450447077,-2.17391657299105,14.5011206196834,15.0064600455912,14.164539862387,16726618026.267,,MLI,MLI
1087,2019,114,Mali,4.72930002212524,4.60314893722534,4.85545110702515,0.352462649345398,0.973141729831696,0.234981521964073,0.377534449100494,0.169667050242424,0.0621462762355804,2.55933523178101,MLI,MLI2019,Mali,ml,2019,-1.65826694846365,17280250810.0321,820.197390833912,3.29,,1.93054206895806,4.75616080770808,-7.45796271471238,12.8579610984104,15.4337621735565,14.5011383714312,16584807149.3751,,MLI,MLI
1088,2018,128,Mali,4.39,,,,,,,,,,MLI,MLI2018,Mali,ml,2018,0.299546507387934,17070867589.9055,835.086710561793,1.62,,1.4579639111606,4.74648432724561,-4.89872553380078,12.3716813160241,12.4310045381166,11.6697373131735,16560622892.2968,,MLI,MLI
1089,2017,118,Mali,4.447,,,,,,,,,,MLI,MLI2017,Mali,ml,2017,1.75985742927156,15365713048.1993,775.536492065709,1.494,3.14489590971151,1.93427321118722,5.30545608438166,-7.89367012414417,12.5069979898467,17.3981655879909,15.8828451038729,14864816778.5873,,MLI,MLI
1090,2016,127,Mali,4.19,,,,,,,,,,MLI,MLI2016,Mali,ml,2016,-1.79964707083386,14026048335.7047,730.85493818079,1.367,3.89130144418924,1.35112231370481,5.85229919941415,-7.24251138198572,12.3148516316637,16.0480466896016,15.3959707239547,13651410705.5837,,MLI,MLI
1091,2015,135,Mali,4.073,,,,,,,,,,MLI,MLI2015,Mali,ml,2015,1.45069057605961,13104764378.326,704.821646439506,1.401,2.20701772849495,2.88350937506129,6.17180002424978,-5.32405567352504,12.2766221931956,14.863566959739,14.0951093886952,12808995432.8001,,MLI,MLI
1092,2014,138,Mali,3.995,,,,,,,,,,MLI,MLI2014,Mali,ml,2014,0.883814547137841,14364937124.0727,797.154510755732,1.474,4.01870683269197,1.26864344003421,7.08468388056527,-4.71102385314756,12.9583593938241,13.1979038440851,12.6466400471577,13980007389.4599,,MLI,MLI
1093,2012,132,Mali,4.247,,,,,,,,,,MLI,MLI2012,Mali,ml,2012,5.32312847064058,12442035339.1049,733.738935290444,1.482,0.41466215645888,4.60540762762535,-0.83673463153076,-2.19137218098702,11.9890875202287,13.794157012197,12.9913134646021,11981790282.0746,,MLI,MLI
1094,2011,143,Mali,3.967,,,,,,,,,,MLI,MLI2011,Mali,ml,2011,2.95564395229391,12995112690.2596,789.06272549554,1.422,-6.17471474854372,12.1828901287918,3.21313378044307,-5.05796197481615,12.2422712608196,13.1378401023265,12.5452140284448,12532791363.7248,,MLI,MLI
1095,2024,48,Malta,6.316,6.234,6.398,1.76,1.671,0.837,0.837,0.217,0.115,0.879,MLT,MLT2024,Malta,mt,2024,,,,2.703,,,,,,,,,,MLT,MLT
1096,2023,40,Malta,6.346,6.261,6.43,1.827,1.444,0.707,0.727,0.25,0.125,1.267,MLT,MLT2023,Malta,mt,2023,5.09396758978883,22328640241.5553,40395.7692064458,3.11,,5.30471876620035,7.49851245937869,6.38045045138846,34.1189192398359,31.1306022432418,21.7543521056624,19351359464.3398,,MLT,MLT
1097,2022,37,Malta,6.3,6.212,6.388,1.841,1.468,0.547,0.671,0.2,0.143,1.429,MLT,MLT2022,Malta,mt,2022,6.15375621933037,19209979975.2323,36142.2058531852,2.921,,5.06118591578404,4.14788281601133,-0.872518136261447,35.956075127161,32.0223515768423,22.6539006002605,16534181877.2483,,MLT,MLT
1098,2021,33,Malta,6.447,6.359,6.535,1.838,1.169,0.789,0.679,0.174,0.166,1.631,MLT,MLT2021,Malta,mt,2021,1.49789217934724,19718565605.433,38027.3801730893,3.394,,2.42641153412831,13.4603051960595,9.35025700944488,37.1930568695297,32.026888007169,22.4324852909216,17295453183.5826,,MLT,MLT
1099,2020,24,Malta,6.602,6.516,6.688,1.411,1.055,0.747,0.664,0.275,0.183,2.268,MLT,MLT2020,Malta,mt,2020,0.638544956776712,16385919535.6742,31796.8213417258,4.347,,1.83795253840574,-3.47468750932252,16.1164990939613,39.8990075490024,32.8677650544308,22.5111847046788,14532952942.6412,,MLT,MLT
1100,2019,22,Malta,6.77279996871948,6.68860197067261,6.85699796676636,1.2525132894516,1.44295692443848,0.97204202413559,0.633239030838013,0.341180831193924,0.178864076733589,1.95201206207275,MLT,MLT2019,Malta,mt,2019,1.6420600176894,16337793530.7788,32412.2697818499,3.616,,2.50640359192941,4.08470602847339,17.8499331598587,32.703494923874,34.985914920342,25.1029746671277,14798835701.3958,,MLT,MLT
1101,2018,22,Malta,6.726,,,,,,,,,,MLT,MLT2018,Malta,mt,2018,1.15782362451517,16153779511.1559,33332.1905601302,3.658,,1.79841678185963,7.18909653691901,13.3484161587894,32.5918230267083,35.7785563115925,25.426819867154,14669786905.1092,,MLT,MLT
1102,2017,22,Malta,6.627,,,,,,,,,,MLT,MLT2017,Malta,mt,2017,1.36435448150708,14161366723.6779,30259.3952629768,4.002,,2.13502600271886,12.972119343498,19.1577413621011,31.815466834721,35.6445228437139,26.0056800382763,13113525048.4068,,MLT,MLT
1103,2016,27,Malta,6.527,,,,,,,,,,MLT,MLT2016,Malta,mt,2016,0.642702771527304,12025782834.3596,26409.6285858968,4.687,,2.12564827894555,4.07771929481284,-0.551812269317061,34.458589862234,36.1052607296523,26.2493787207003,10688627580.054,,MLT,MLT
1104,2015,30,Malta,6.488,,,,,,,,,,MLT,MLT2015,Malta,mt,2015,1.10054826378929,11340795041.8065,25481.8977555627,5.389,,4.20024274625111,9.62109756228348,2.65010086231415,35.3561677476409,36.4763650987311,24.3217053201045,10554342526.7615,,MLT,MLT
1105,2014,37,Malta,6.302,,,,,,,,,,MLT,MLT2014,Malta,mt,2014,0.310306472181665,11888032872.432,27356.6080303021,5.725,,2.27101339334533,7.63112937482686,8.34223890375466,37.7394748199761,37.5316177142784,25.576034598172,11000384403.131,,MLT,MLT
1106,2012,48,Malta,5.964,,,,,,,,,,MLT,MLT2012,Malta,mt,2012,2.37582057760386,9609532088.88683,22878.313086001,6.197,2.48900440694701,2.1597395797348,4.10259030296838,1.57359476452895,39.8705041588965,37.6898666120952,25.2954089128366,9144219499.75461,,MLT,MLT
1107,2011,47,Malta,5.96,,,,,,,,,,MLT,MLT2011,Malta,mt,2011,2.9629852819288,9789361703.69731,23516.9691249323,6.378,3.21528188647694,1.48287290300655,0.991963675296375,-0.132890972924924,40.4489553990723,37.939291593421,25.4110072184345,9386251622.32362,,MLT,MLT
1108,2024,114,Mauritania,4.542,4.408,4.676,1.023,0.919,0.516,0.454,0.113,0.195,1.323,MRT,MRT2024,Mauritania,mr,2024,,,,10.373,,,,,,,,,,MRT,MRT
1109,2023,111,Mauritania,4.505,4.337,4.673,1.078,0.705,0.4,0.343,0.133,0.198,1.649,MRT,MRT2023,Mauritania,mr,2023,4.95305034506872,10651709411.4594,2120.82320358953,10.446,,3.37147741701096,6.50718719858594,-9.07371592526961,,,,10660320959.1791,,MRT,MRT
1110,2022,103,Mauritania,4.724,4.437,5.011,1.099,0.764,0.244,0.32,0.13,0.195,1.973,MRT,MRT2022,Mauritania,mr,2022,9.52526628622843,9557966698.25369,1960.35240077424,10.531,,-0.61236174643426,6.79600510182286,-14.8995650002897,,,,9500605780.42507,,MRT,MRT
1111,2021,133,Mauritania,4.153,3.95,4.356,1.1,0.865,0.45,0.304,0.088,0.138,1.207,MRT,MRT2021,Mauritania,mr,2021,3.56516484650185,9222536364.01272,1947.78918383313,11.144,,7.46487321650835,0.742715395138262,-8.75965093399859,,,,9076362254.14883,,MRT,MRT
1112,2020,135,Mauritania,4.227,4.09,4.365,0.666,0.749,0.273,0.218,0.119,0.133,2.069,MRT,MRT2020,Mauritania,mr,2020,2.3856948845632,8260752385.23089,1795.76459566714,11.054,,6.4408732898183,-0.360657384151068,-6.97484998771505,,,,8155048186.47861,,MRT,MRT
1113,2019,129,Mauritania,4.37459993362427,4.26661682128906,4.48258304595947,0.539684891700745,1.11332356929779,0.425184816122055,0.185714483261108,0.128899663686752,0.122257634997368,1.85955739021301,MRT,MRT2019,Mauritania,mr,2019,2.30009262117937,7894764885.82312,1767.072710621,10.416,,5.32804482625433,3.14100489306969,-10.5273103616245,,,,7798537820.05985,,MRT,MRT
1114,2018,122,Mauritania,4.49,,,,,,,,,,MRT,MRT2018,Mauritania,mr,2018,3.06735996058356,7473550557.07378,1722.93528854073,10.407,,4.55445732510799,4.77217365692621,-13.0177274187857,,,,7435080653.07267,,MRT,MRT
1115,2017,126,Mauritania,4.356,,,,,,,,,,MRT,MRT2017,Mauritania,mr,2017,2.25427651934813,6800135898.28827,1615.00401327323,10.336,15.1756881068286,1.58393834945385,6.27054566937677,-10.4262723627796,,,,6703487753.41138,,MRT,MRT
1116,2016,123,Mauritania,4.292,,,,,,,,,,MRT,MRT2016,Mauritania,mr,2016,1.47171045650004,6398747592.13185,1565.76575722696,10.283,5.20624359423457,11.2101297440599,1.26090923067225,-11.0456852081297,,,,6282235172.53117,,MRT,MRT
1117,2015,130,Mauritania,4.201,,,,,,,,,,MRT,MRT2015,Mauritania,mr,2015,3.25472688117631,6166863896.68677,1554.94897871782,10.108,22.8912964047859,-4.79390858192335,5.37633924099251,-15.5013464565918,,,,5986395816.42587,,MRT,MRT
1118,2014,124,Mauritania,4.436,,,,,,,,,,MRT,MRT2014,Mauritania,mr,2014,3.53436856147324,6592537781.81518,1713.00865264234,10.028,32.7679508377827,-11.8763231173524,4.27482328814457,-22.3452375422524,,,,6339728998.26575,,MRT,MRT
1119,2012,112,Mauritania,4.758,,,,,,,,,,MRT,MRT2012,Mauritania,mr,2012,4.90242727217997,6728208836.22143,1859.11733247641,9.864,16.469090603489,0.455837161396261,4.47001319170479,-18.223160371795,,,,6537356580.81046,,MRT,MRT
1120,2011,113,Mauritania,4.643,,,,,,,,,,MRT,MRT2011,Mauritania,mr,2011,5.68631959575954,6764627745.9033,1931.19975525465,9.968,-0.465994039346579,17.5477655809925,4.17278327815399,,,,,6609314084.92644,,MRT,MRT
1121,2024,78,Mauritius,5.832,5.715,5.948,1.499,1.521,0.617,0.761,0.095,0.13,1.209,MUS,MUS2024,Mauritius,mu,2024,4.10263226568006,,,5.476,,,,,,,,,,MUS,MUS
1122,2023,70,Mauritius,5.816,5.706,5.927,1.57,1.358,0.49,0.641,0.123,0.118,1.517,MUS,MUS2023,Mauritius,mu,2023,7.05298238454735,14644524819.0054,11613.0441587588,5.571,0.914376243873279,8.507830178109,6.95828740328457,-4.42310477684678,28.0035090677626,23.6903507963727,19.7868771989555,15000124262.0903,,MUS,MUS
1123,2022,59,Mauritius,5.902,5.791,6.013,1.589,1.382,0.336,0.574,0.121,0.11,1.79,MUS,MUS2022,Mauritius,mu,2022,10.7737512242899,12927979286.0453,10239.7970461095,6.322,-1.8817473286566,9.56592044781137,8.87988519700977,-11.1140662620035,28.2113423968039,23.8563655080411,19.0504977293179,13475522983.7872,,MUS,MUS
1124,2021,52,Mauritius,6.071,5.958,6.184,1.591,1.116,0.568,0.589,0.131,0.107,1.969,MUS,MUS2021,Mauritius,mu,2021,4.02852888157383,11484348857.8529,9068.97300226707,7.719,3.5999745725893,3.15720035090573,3.40379866177662,-13.0319974912817,32.93694745482,21.5210400015037,18.264394630822,12106744454.6433,,MUS,MUS
1125,2020,51,Mauritius,6.049,5.933,6.165,1.178,0.996,0.574,0.59,0.153,0.096,2.462,MUS,MUS2020,Mauritius,mu,2020,2.58080077182822,11408106446.3144,9011.04288445023,8.626,4.53526534336547,2.57304044505899,-14.5465381490166,-8.78947144116732,31.6871860675824,24.241441339886,20.7062334641793,11947741898.9683,,MUS,MUS
1126,2019,49,Mauritius,6.10129976272583,5.9891357421875,6.21346378326416,1.07366394996643,1.39566683769226,0.763389408588409,0.590838134288788,0.186894550919533,0.0840882286429405,2.00672054290771,MUS,MUS2019,Mauritius,mu,2019,0.405655190309553,14436346979.6355,11403.2527870674,6.331,8.95757108039617,-0.46584287384826,2.89128499346516,-4.97698958833493,22.8420041612902,22.3399962507909,19.4074380794676,15153839975.8896,57.9616604310028,MUS,MUS
1127,2018,57,Mauritius,5.888,,,,,,,,,,MUS,MUS2018,Mauritius,mu,2018,3.21605383144587,14735695930.9727,11643.4605962124,6.426,6.71215609466,1.67538916911592,4.00674057198549,-3.76903120298371,22.5761613136365,21.8880391711179,18.4060481114775,15450103729.5488,55.3817941113535,MUS,MUS
1128,2017,55,Mauritius,5.891,,,,,,,,,,MUS,MUS2017,Mauritius,mu,2017,3.66699702675908,13713506130.6081,10841.6847754844,6.752,6.75298140014591,1.63650567594517,3.93798380632353,-4.46441191248389,22.2217761733363,21.550705652824,17.9326440888549,14051920385.6177,56.1575177483447,MUS,MUS
1129,2016,64,Mauritius,5.629,,,,,,,,,,MUS,MUS2016,Mauritius,mu,2016,0.977675134719049,12594155464.4136,9965.72531085228,6.814,5.97293542715017,2.38463204087334,3.8624682634,-3.90142490101587,23.0671234529288,22.1928682811313,17.6077916536348,12811307718.2771,,MUS,MUS
1130,2015,66,Mauritius,5.648,,,,,,,,,,MUS,MUS2015,Mauritius,mu,2015,1.28654970760232,12007291045.6489,9507.87133656424,7.41,7.00246757094131,1.39953074265865,3.69055690369433,-3.47276014053665,11.3912689815079,11.1609769656195,8.75800596765304,12411835683.3359,,MUS,MUS
1131,2014,71,Mauritius,5.477,,,,,,,,,,MUS,MUS2014,Mauritius,mu,2014,3.21769191994684,13074129952.0532,10366.3550754936,7.467,6.19731922699534,2.16830404926014,3.82696982009337,-5.27783309373618,21.8258977747027,22.4582678699441,18.083856415995,13453633098.4742,,MUS,MUS
1132,2012,67,Mauritius,5.477,,,,,,,,,,MUS,MUS2012,Mauritius,mu,2012,3.85216033315983,11668696396.7887,9291.23627601053,7.472,6.05193132211093,2.46552355243207,3.49611836470866,-7.09172688122855,20.3563158074857,22.5701566260937,18.6217074867957,12083538713.4471,36.5088808021811,MUS,MUS
1133,2011,64,Mauritius,5.477,,,,,,,,,,MUS,MUS2011,Mauritius,mu,2011,6.52249254869342,11518413429.9684,9197.04299089459,7.447,5.57883017241309,3.1614637980008,4.07753806610333,-13.5461288550227,20.4000036292481,21.9154566652654,18.0045184138976,11299782797.643,35.5204190571818,MUS,MUS
1134,2024,10,Mexico,6.979,6.889,7.068,1.435,1.504,0.55,0.879,0.057,0.118,2.438,MEX,MEX2024,Mexico,mx,2024,4.72225588452932,,,2.711,,,,,,,,,,MEX,MEX
1135,2023,25,Mexico,6.678,6.575,6.781,1.521,1.241,0.544,0.722,0.086,0.127,2.437,MEX,MEX2023,Mexico,mx,2023,5.52796087314389,1789114434843.46,13790.0243428344,2.765,6.82726295643863,4.45991367594138,3.19998116598492,-0.306117545828148,22.5258954506252,19.1429649561721,14.2665980098948,1744482317669.68,45.2613919277323,MEX,MEX
1136,2022,36,Mexico,6.33,6.218,6.441,1.55,1.169,0.389,0.632,0.086,0.115,2.389,MEX,MEX2022,Mexico,mx,2022,7.8962761916855,1464312692331.58,11385.4070757929,3.256,1.5793605736953,6.49719200406193,3.68911109348025,-1.20188858644509,22.3457245647787,19.3056685290032,13.4281110671168,1430370469535.23,44.0481728467751,MEX,MEX
1137,2021,46,Mexico,6.128,6.017,6.238,1.552,0.886,0.623,0.621,0.092,0.115,2.239,MEX,MEX2021,Mexico,mx,2021,5.68920847683753,1316569466932.59,10314.0506741437,4.019,0.386354415459224,4.48797277024499,6.04848344290505,-0.341323111758756,20.8923836587694,18.3430886452526,13.4112621199031,1282549137527.22,44.8609557980964,MEX,MEX
1138,2020,37,Mexico,6.317,6.213,6.42,1.126,0.83,0.634,0.585,0.092,0.089,2.961,MEX,MEX2020,Mexico,mx,2020,3.39683415570006,1121064767261.88,8841.27075003163,4.44,1.6458420984599,4.61979011759097,-8.3540345574586,2.39997618948584,21.6980704247972,18.6445328305744,13.8975134544893,1085047504590.05,45.8373464169213,MEX,MEX
1139,2019,24,Mexico,6.46500015258789,6.37068033218384,6.55931997299194,1.02438747882843,1.22633349895477,0.831601023674011,0.553892552852631,0.083094485104084,0.0831336677074432,2.66254019737244,MEX,MEX2019,Mexico,mx,2019,3.63596142127046,1304106203694.81,10369.5553568761,3.477,3.93998795520047,4.31901022867262,-0.392690521579212,-0.296844402091808,19.810335354308,18.5191670654746,12.7877486120091,1267424146058.02,41.327394069304,MEX,MEX
1140,2018,23,Mexico,6.595,,,,,,,,,,MEX,MEX2018,Mexico,mx,2018,4.89935015356551,1256300182879.73,10084.7937562021,3.275,2.69522694437023,5.20449997011548,1.97208210249194,-2.06414074457574,19.8697097098835,18.3342427407296,12.7121572973761,1223821716221.84,,MEX,MEX
1141,2017,24,Mexico,6.488,,,,,,,,,,MEX,MEX2017,Mexico,mx,2017,6.04145724018986,1190721475906.0,9649.27816772402,3.419,0.717765161995541,6.56759492961866,1.87172853327193,-1.79746290774801,19.8664920928197,19.4469058462512,12.6874317280509,1160558920059.09,,MEX,MEX
1142,2016,25,Mexico,6.578,,,,,,,,,,MEX,MEX2016,Mexico,mx,2016,2.8217078474766,1112233497452.7,9097.92397674769,3.853,-1.24759733279354,6.07758782303863,1.77249323845399,-2.27311198277187,20.3281994162596,19.1915888785393,13.1237856071941,1083159760755.14,,MEX,MEX
1143,2015,21,Mexico,6.778,,,,,,,,,,MEX,MEX2015,Mexico,mx,2015,2.72064064964023,1213294467716.88,10021.2386118827,4.311,0.207059192646062,3.22542892692515,2.70232342550646,-2.59917628210589,20.8689511517254,18.3681968714647,12.3459757814792,1182962837135.44,,MEX,MEX
1144,2014,14,Mexico,7.187,,,,,,,,,,MEX,MEX2014,Mexico,mx,2014,4.01861608078679,1364507717614.13,11391.3773497683,4.819,-0.782518932664157,4.36836891312464,2.50376350288664,-1.82131927662925,20.9971763643316,17.6885991092414,10.2428550435991,1332054399903.7,,MEX,MEX
1145,2012,16,Mexico,7.088,,,,,,,,,,MEX,MEX2012,Mexico,mx,2012,4.11150981070289,1255110424817.79,10744.1335242686,4.892,0.13259561761418,4.54221493776905,3.55321075993527,-1.40984864750597,20.932432601798,17.9381165846035,9.35241106248164,1228761368842.97,,MEX,MEX
1146,2011,24,Mexico,6.74,,,,,,,,,,MEX,MEX2011,Mexico,mx,2011,3.40737824605742,1229013703416.76,10664.4944032313,5.175,-0.718087414556668,5.66963367375268,3.44404505794418,-0.857892612318958,20.8740737970003,18.1690562712129,9.61707214633816,1210622838008.34,,MEX,MEX
1147,2024,77,Mongolia,5.833,5.747,5.919,1.336,1.731,0.423,0.629,0.18,0.053,1.481,MNG,MNG2024,Mongolia,mn,2024,6.80284899332961,,,5.424,,,,,,,,,,MNG,MNG
1148,2023,77,Mongolia,5.696,5.61,5.783,1.353,1.511,0.4,0.501,0.237,0.055,1.64,MNG,MNG2023,Mongolia,mn,2023,10.3475831314339,20325121393.9074,5838.63108083902,5.503,,21.7690280161027,7.4221127615025,0.596631968292984,,,,18096012116.6868,,MNG,MNG
1149,2022,61,Mongolia,5.84,5.75,5.93,1.379,1.494,0.244,0.425,0.239,0.058,2.001,MNG,MNG2022,Mongolia,mn,2022,15.1479560897226,17146471713.748,4993.51487463495,6.211,,17.7147124177501,5.0327096366527,-13.4342448059604,,,,15067905989.6867,,MNG,MNG
1150,2021,68,Mongolia,5.761,5.676,5.845,1.393,1.197,0.467,0.398,0.247,0.059,1.999,MNG,MNG2021,Mongolia,mn,2021,7.35281243380219,15286441737.6686,4517.61578018785,7.747,1.38672967252835,14.4200654807454,1.63676957736662,-13.7928750935516,31.6966486780552,28.9902166507322,16.9088495192029,13054692170.9439,67.5710143237735,MNG,MNG
1151,2020,71,Mongolia,5.677,5.595,5.76,0.966,1.065,0.442,0.397,0.263,0.053,2.492,MNG,MNG2020,Mongolia,mn,2020,3.79604026111247,13312981429.0891,4001.25193077703,6.594,12.751251517645,3.70672176955705,-4.55775197583431,-5.06732429872457,33.1789935421218,29.2280677437767,14.1457872325812,12053017479.445,73.9367835152858,MNG,MNG
1152,2019,81,Mongolia,5.45620012283325,5.37718629837036,5.53521394729614,0.90487277507782,1.45893061161041,0.615788161754608,0.355703115463257,0.263885736465454,0.0465331263840199,1.81052756309509,MNG,MNG2019,Mongolia,mn,2019,7.30106953550723,14206359017.5143,4347.54610314873,9.269,6.38744086651105,9.97221325666415,5.60224422064255,-15.2163324376399,25.6162465688217,30.7123689903759,16.8505209165187,12634360587.8507,60.8440397174621,MNG,MNG
1153,2018,83,Mongolia,5.285,,,,,,,,,,MNG,MNG2018,Mongolia,mn,2018,6.82424790145522,13178094720.4986,4107.64288528468,5.377,9.03445571352021,7.96061586470999,7.74488062024881,-14.4368935873352,22.5006291310701,28.5069631375435,16.6885283141983,11943636998.2069,65.9653147370968,MNG,MNG
1154,2017,94,Mongolia,5.125,,,,,,,,,,MNG,MNG2017,Mongolia,mn,2017,4.30143105302342,11480847740.736,3645.96708669551,6.359,8.30906021963084,10.8004464117482,5.63687638694772,-10.0640976839599,23.7015119822005,24.8214247022326,13.5469084468923,9872124813.33454,,MNG,MNG
1155,2016,100,Mongolia,4.955,,,,,,,,,,MNG,MNG2016,Mongolia,mn,2016,0.733272227314397,11181350649.3573,3619.90026383792,7.235,16.2616757809116,2.99312676057677,1.48978448679577,-6.25748206242188,27.3985619685378,21.1456921237602,11.3509934515419,10260106001.6486,,MNG,MNG
1156,2015,101,Mongolia,4.907,,,,,,,,,,MNG,MNG2015,Mongolia,mn,2015,5.7356828193832,11619892590.6941,3838.92126989984,4.861,18.8380789952191,0.609769217723354,2.37983580731722,-8.16234225533353,24.313084296183,22.8150159606259,11.8941379230625,10652455621.4482,,MNG,MNG
1157,2014,100,Mongolia,4.874,,,,,,,,,,MNG,MNG2014,Mongolia,mn,2014,12.253980812976,12226514668.0622,4126.23975800524,4.798,10.7740524626641,7.44883659506563,7.88522548204762,-15.8208781709903,23.7332236614954,25.155191062282,12.9016342446788,11232542766.2328,,MNG,MNG
1158,2012,102,Mongolia,4.834,,,,,,,,,,MNG,MNG2012,Mongolia,mn,2012,14.3303348325837,12292770631.565,4328.89001905655,3.905,4.72533131942512,12.7843788573595,12.3198198494032,-43.7712346792978,27.0748266010603,25.6174161277785,15.3121421838175,11343401728.8116,,MNG,MNG
1159,2011,119,Mongolia,4.562,,,,,,,,,,MNG,MNG2011,Mongolia,mn,2011,8.411214953271,10409797377.8571,3736.04201455077,4.769,1.2944583627867,15.1192654880847,17.2907775869555,-43.3455193285101,24.4306901415433,28.5930240405597,18.466991091551,9551979901.62167,,MNG,MNG
1160,2024,71,Montenegro,5.877,5.789,5.965,1.507,1.551,0.618,0.768,0.075,0.138,1.22,MNE,MNE2024,Montenegro,me,2024,3.33675009282281,,,14.1,,,,,,,,,,MNE,MNE
1161,2023,76,Montenegro,5.707,5.599,5.815,1.571,1.318,0.587,0.632,0.11,0.132,1.357,MNE,MNE2023,Montenegro,me,2023,8.58476910455403,7530593375.22034,12221.4775546967,14.621,-3.79759139792422,10.5429703323513,6.33769754243548,-11.307542480472,,,,7604564025.47826,,MNE,MNE
1162,2022,67,Montenegro,5.722,5.503,5.941,1.537,1.385,0.424,0.563,0.17,0.061,1.581,MNE,MNE2022,Montenegro,me,2022,13.0403036347004,6229801580.79157,10093.4387007266,14.851,-5.97834502982153,12.3553221508805,6.40668032879275,-13.1281582011878,,,,6353915382.64158,,MNE,MNE
1163,2021,75,Montenegro,5.547,5.413,5.681,1.573,1.023,0.659,0.46,0.135,0.077,1.619,MNE,MNE2021,Montenegro,me,2021,2.41080198403165,5861427505.12493,9465.96153027794,16.543,0.987900164675139,4.72624261012977,13.0434642521552,-9.2332691434238,,,,5982455401.55457,,MNE,MNE
1164,2020,73,Montenegro,5.581,5.475,5.686,1.155,0.891,0.637,0.397,0.166,0.081,2.254,MNE,MNE2020,Montenegro,me,2020,-0.255655699848551,4769996866.00758,7677.37132106817,17.878,6.09297220318207,-0.175605916816622,-15.3068937570407,-25.9335027097551,,,,4845904669.64871,,MNE,MNE
1165,2019,72,Montenegro,5.54610013961792,5.4500880241394,5.64211225509644,1.0101500749588,1.26565790176392,0.839028894901276,0.303223848342896,0.149010330438614,0.0984351113438606,1.88056588172913,MNE,MNE2019,Montenegro,me,2019,0.361563704540767,5542054181.12616,8909.6538759126,15.128,4.07053896252694,2.02214868727721,4.06294499167197,-14.3566693575483,,,,5604334042.31501,,MNE,MNE
1166,2018,73,Montenegro,5.523,,,,,,,,,,MNE,MNE2018,Montenegro,me,2018,2.611223782638,5506942238.35668,8850.3749248372,15.19,3.1998303307668,3.22610640466073,5.0778888113381,-17.124414916804,,,,5571825861.24026,,MNE,MNE
1167,2017,81,Montenegro,5.347,,,,,,,,,,MNE,MNE2017,Montenegro,me,2017,2.3802359905313,4856599480.79882,7803.35824465203,16.082,3.24747915936112,3.82497232809919,4.71646527572034,-15.6778556675142,,,,4956345528.61142,,MNE,MNE
1168,2016,83,Montenegro,5.237,,,,,,,,,,MNE,MNE2016,Montenegro,me,2016,-0.271385023385176,4376930578.32395,7033.43962398373,17.732,2.73127367909589,5.10106883707128,2.94928032097511,-16.1640057366555,,,,4415192363.25036,,MNE,MNE
1169,2015,88,Montenegro,5.161,,,,,,,,,,MNE,MNE2015,Montenegro,me,2015,1.54869158222486,4054730077.57718,6517.19267514764,17.555,6.56797930972674,2.21957293262733,3.39038139712073,-10.9289242728137,,,,4143543186.70004,,MNE,MNE
1170,2014,83,Montenegro,5.192,,,,,,,,,,MNE,MNE2014,Montenegro,me,2014,-0.710514051710227,4593853290.963,7387.87296917548,18.054,8.29036457472537,1.03622831974151,1.78369858106701,-12.4174302295561,,,,4654833219.9679,,MNE,MNE
1171,2012,80,Montenegro,5.299,,,,,,,,,,MNE,MNE2012,Montenegro,me,2012,4.14524724981119,4087526241.81268,6586.39970256684,19.808,9.36889845742004,0.177016999632059,-2.72379077130623,-15.624667372656,,,,4156682443.874,,MNE,MNE
1172,2011,86,Montenegro,5.147,,,,,,,,,,MNE,MNE2011,Montenegro,me,2011,3.4501431124869,4544428421.49513,7328.78943085498,19.759,8.38313880982115,1.20270354887286,3.22845102061061,-14.6274128082021,,,,4580993271.28926,,MNE,MNE
1173,2024,112,Morocco,4.622,4.509,4.736,1.139,0.635,0.585,0.748,0.031,0.095,1.388,MAR,MAR2024,Morocco,ma,2024,0.985256592004507,,,8.943,,,,,,,,,,MAR,MAR
1174,2023,107,Morocco,4.795,4.677,4.912,1.213,0.471,0.495,0.631,0.042,0.082,1.861,MAR,MAR2023,Morocco,ma,2023,6.09114152504141,144417103249.646,3771.4462890625,9.044,,6.36094888191869,3.40334130078834,-0.617116657998831,26.9094627642723,26.4454112897633,20.9764268313274,142354111742.215,,MAR,MAR
1175,2022,100,Morocco,4.903,4.783,5.023,1.236,0.535,0.337,0.54,0.013,0.085,2.158,MAR,MAR2022,Morocco,ma,2022,6.65704202759067,130951926351.241,3455.39624023438,9.494,,2.66186120617975,1.52720357976111,-3.66568548335361,28.2079312044055,26.8879504938948,22.1085229186507,129037582204.306,,MAR,MAR
1176,2021,100,Morocco,5.06,4.938,5.181,1.208,0.268,0.565,0.492,0.02,0.102,2.405,MAR,MAR2021,Morocco,ma,2021,1.40195883962006,142022058447.231,3785.93627929688,10.576,,2.41520355664963,8.15473889823681,-2.35786783699057,25.6308472487276,24.2112248579969,19.6652056359581,140063329923.044,,MAR,MAR
1177,2020,107,Morocco,4.918,4.8,5.036,0.792,0.219,0.558,0.477,0.034,0.088,2.749,MAR,MAR2020,Morocco,ma,2020,0.705968661338261,121353645057.144,3268.0302734375,11.223,,0.142417962079094,-7.17820744246774,-1.1275993199651,27.2102123069577,26.5649143632863,20.0221120456722,120193575825.745,,MAR,MAR
1178,2019,97,Morocco,5.09479999542236,4.98572492599487,5.20387506484985,0.758622109889984,0.645208477973938,0.745096921920776,0.450054138898849,0.0400325506925583,0.0773856043815613,2.37840247154236,MAR,MAR2019,Morocco,ma,2019,0.303386036590383,128920266409.458,3508.09765625,9.194,,0.816805456485284,2.89097476137077,-3.4182057355437,23.3876778864301,23.683448536742,19.9144279438656,126978615953.539,,MAR,MAR
1179,2018,89,Morocco,5.208,,,,,,,,,,MAR,MAR2018,Morocco,ma,2018,1.80391671141896,127341147581.818,3501.69799804688,9.271,,0.939181637531973,3.06564133025955,-4.87290163435469,22.8575069212215,23.8782132748568,20.2861213777208,125425336311.069,,MAR,MAR
1180,2017,85,Morocco,5.254,,,,,,,,,,MAR,MAR2017,Morocco,ma,2017,0.754663249323619,118540573367.844,3296.52661132813,9.223,,-0.0608910142931904,5.05789816173446,-3.10210665362038,22.6792712298231,23.3675941641332,20.1297012322291,116714427716.555,,MAR,MAR
1181,2016,84,Morocco,5.235,,,,,,,,,,MAR,MAR2016,Morocco,ma,2016,1.63531114327064,111572947004.917,3140.85546875,9.3,,0.969883868049919,0.52118550608968,-3.74613174513,22.7685873873314,23.3285547214574,19.8672577619678,110026167792.814,,MAR,MAR
1182,2015,90,Morocco,5.151,,,,,,,,,,MAR,MAR2015,Morocco,ma,2015,1.5579071134626,110413823841.592,3146.24780273438,9.46,,3.17293530967125,4.34458297635238,-1.95690775142638,23.0606083372986,23.6911121128558,19.4374650876196,108703008127.117,,MAR,MAR
1183,2014,92,Morocco,5.013,,,,,,,,,,MAR,MAR2014,Morocco,ma,2014,0.442310053557048,119130841411.664,3435.40698242188,9.7,,0.215437762428678,2.7192440802029,-5.53783287947429,25.4170336330975,24.5151674465327,20.3536177532067,116737884764.791,,MAR,MAR
1184,2012,99,Morocco,4.885,,,,,,,,,,MAR,MAR2012,Morocco,ma,2012,1.28712240079219,106937392311.129,3164.17724609375,8.99,,0.533172461926384,3.06234368502997,-8.95034696939186,27.3687204155206,25.7160764708046,21.9652841058592,104953373174.425,,MAR,MAR
1185,2011,105,Morocco,4.793,,,,,,,,,,MAR,MAR2011,Morocco,ma,2011,0.9069249096918,110080631332.375,3301.98876953125,8.91,,-0.598844907171141,5.52464523319847,-7.26703537698178,27.0639992297542,24.8990280279243,21.4534608720228,108370716160.633,51.2263215704569,MAR,MAR
1186,2024,96,Mozambique,5.19,5.004,5.376,0.559,1.131,0.124,0.813,0.127,0.173,2.262,MOZ,MOZ2024,Mozambique,mz,2024,,,,3.527,,,,,,,,,,MOZ,MOZ
1187,2023,90,Mozambique,5.216,5.027,5.406,0.56,0.883,0.156,0.728,0.158,0.196,2.536,MOZ,MOZ2023,Mozambique,mz,2023,7.12697482131851,20954220983.5473,622.985619320596,3.519,17.4723875576335,5.30134150828523,5.43685912188634,-10.5335560237746,,,,19117015861.5895,,MOZ,MOZ
1188,2022,97,Mozambique,4.954,4.727,5.181,0.57,0.885,0.0,0.625,0.161,0.192,2.519,MOZ,MOZ2022,Mozambique,mz,2022,10.2794018093421,18883528581.3734,578.251663751351,3.596,10.0609773062369,9.15161419934587,4.36445074535436,-33.7160091783462,26.0040350878841,24.5696842511418,22.66159088001,17461632220.2092,76.6350609536734,MOZ,MOZ
1189,2021,101,Mozambique,5.048,4.823,5.273,0.578,0.66,0.191,0.593,0.185,0.2,2.641,MOZ,MOZ2021,Mozambique,mz,2021,6.40847652975692,16168055475.4449,509.907829475551,4.053,13.0234604005894,4.5505652081862,2.37743572761507,-21.1927915856731,23.3044189350831,25.1104162863117,22.7477557091156,15828197520.8126,84.1569664621914,MOZ,MOZ
1190,2020,116,Mozambique,4.794,4.592,4.997,0.183,0.634,0.196,0.608,0.228,0.163,2.783,MOZ,MOZ2020,Mozambique,mz,2020,3.48393567493204,14235420174.1884,462.433876479921,3.921,13.4759281646703,3.17166106815796,-1.21952250011192,-24.9913481328696,22.904910395848,22.6889665288537,21.5267029366581,13948700692.435,101.390931763888,MOZ,MOZ
1191,2019,120,Mozambique,4.62360000610352,4.46820306777954,4.77899694442749,0.178741365671158,0.955202877521515,0.324223637580872,0.560775339603424,0.220422104001045,0.163064315915108,2.22121620178223,MOZ,MOZ2019,Mozambique,mz,2019,2.80270307928111,15512759046.672,519.09255091362,3.646,13.642538422536,4.67764534705535,2.31781394821475,-16.0764477598265,20.0432502816617,28.5160622638108,26.6828600594733,15236312737.5433,78.8783415047574,MOZ,MOZ
1192,2018,123,Mozambique,4.466,,,,,,,,,,MOZ,MOZ2018,Mozambique,mz,2018,3.91133439990729,15017358952.8452,517.507260258101,3.604,18.4866253580844,3.7951186149991,3.48493202422782,-29.4674796418232,19.649486675822,23.0097573144796,21.1926368441561,14730512197.9489,81.3537163156048,MOZ,MOZ
1193,2017,123,Mozambique,4.417,,,,,,,,,,MOZ,MOZ2017,Mozambique,mz,2017,15.1132073899384,13264640645.7768,470.93856305196,3.539,18.4094039568728,7.97801240165271,2.63820737310658,-17.9387522356553,17.6256749397463,23.9228257718468,22.1120849463555,12884983781.3009,78.5046092527536,MOZ,MOZ
1194,2016,113,Mozambique,4.55,,,,,,,,,,MOZ,MOZ2016,Mozambique,mz,2016,17.4180418197597,12069051237.1711,441.489734819071,3.457,8.03766079352036,12.1608912915425,4.69699024225795,-33.6916062672094,18.5198742757507,21.3937577828951,20.0767622116195,11833552380.143,92.242445572337,MOZ,MOZ
1195,2014,94,Mozambique,4.971,,,,,,,,,,MOZ,MOZ2014,Mozambique,mz,2014,2.55974875844295,17978246586.0662,697.142680444123,3.377,13.5647500969582,1.0858708962558,7.70256844839309,-32.2453333565598,,27.223385140269,23.9653838768408,17776333933.4733,,MOZ,MOZ
1196,2012,94,Mozambique,4.971,,,,,,,,,,MOZ,MOZ2012,Mozambique,mz,2012,2.60245456956618,16688114144.0745,685.685748199513,3.305,13.2185859800858,3.17523457430677,7.9945031610722,-40.6875061700663,22.2435713893799,20.5118903918834,18.6287778328985,16612647548.8091,,MOZ,MOZ
1197,2011,110,Mozambique,4.693,,,,,,,,,,MOZ,MOZ2011,Mozambique,mz,2011,11.1666056127874,14619279988.716,618.17649286789,3.296,16.3668897938917,2.34836229044998,7.13405842300445,-22.7703546509242,21.2948647268172,18.6942440150919,16.7995295127161,14364079955.0014,,MOZ,MOZ
1198,2024,126,Myanmar,4.321,4.172,4.471,0.975,1.144,0.446,0.569,0.322,0.163,0.702,MMR,MMR2024,Myanmar,mm,2024,,,,3.032,,,,,,,,,,MMR,MMR
1199,2023,118,Myanmar,4.354,4.208,4.501,0.978,0.988,0.436,0.45,0.401,0.174,0.928,MMR,MMR2023,Myanmar,mm,2023,,66757619000.0,1233.19666209269,3.032,,10.7876664462616,0.958446625192025,,,,,65509819000.0,,MMR,MMR
1200,2022,117,Myanmar,4.372,4.212,4.533,1.032,1.125,0.269,0.46,0.4,0.194,0.893,MMR,MMR2022,Myanmar,mm,2022,,62253049891.6449,1158.05005034332,3.057,,6.1637164891327,4.03749343593624,,,,,61143674717.8036,,MMR,MMR
1201,2021,126,Myanmar,4.394,4.277,4.511,1.038,0.829,0.491,0.513,0.452,0.194,0.877,MMR,MMR2021,Myanmar,mm,2021,,66345291160.1683,1242.72134419599,4.34,,19.5172093720929,-12.0163724829117,,,,,65297947226.451,,MMR,MMR
1202,2020,127,Myanmar,4.426,4.324,4.527,0.666,0.713,0.341,0.601,0.52,0.178,1.407,MMR,MMR2020,Myanmar,mm,2020,,79006113643.1906,1490.21683548367,1.476,9.00783472805541,5.34411000806585,-9.04834717984643,,,,,77509313176.5807,,MMR,MMR
1203,2019,133,Myanmar,4.30800008773804,4.22381973266602,4.39218044281006,0.678090929985046,1.09817826747894,0.495443075895309,0.597478866577148,0.56981372833252,0.187530353665352,0.681462526321411,MMR,MMR2019,Myanmar,mm,2019,8.82506696804558,75065106227.6892,1425.98954211903,0.407,10.032984943461,5.42293300468495,6.57911006765414,0.0902156578672671,13.7755198098588,14.3891961645863,6.01765247726484,72641276228.2097,,MMR,MMR
1204,2018,131,Myanmar,4.36,,,,,,,,,,MMR,MMR2018,Myanmar,mm,2018,6.87232865662935,67860515989.517,1298.21310320785,0.767,10.118468387409,5.34109463991011,6.26886221471075,-3.77415133315681,6.38116100422309,7.01300899608592,2.75697125272766,65984255989.6395,,MMR,MMR
1205,2017,130,Myanmar,4.308,,,,,,,,,,MMR,MMR2017,Myanmar,mm,2017,4.5725365531752,66053040483.0016,1272.82241830603,1.356,9.56481061128967,5.8734089465466,6.13610824360305,-7.44369978642156,16.9198889367861,15.9852528823652,6.07774232896579,63958040482.7508,,MMR,MMR
1206,2016,114,Myanmar,4.545,,,,,,,,,,MMR,MMR2016,Myanmar,mm,2016,6.92882525816076,63298361996.2153,1229.19713515893,1.058,11.9521699150966,3.61567809536274,5.86247291517364,-3.03174958632843,15.3475412654351,16.789835742121,7.17585983640205,61653951995.8482,,MMR,MMR
1207,2015,119,Myanmar,4.395,,,,,,,,,,MMR,MMR2015,Myanmar,mm,2015,9.45417189526018,59607290407.5944,1166.73305546288,0.766,11.3920487516908,4.13669673908328,6.99284029025125,-5.21601722230963,17.0397019631239,18.5063974234852,6.01128503979476,57499580407.6055,,MMR,MMR
1208,2014,129,Myanmar,4.307,,,,,,,,,,MMR,MMR2014,Myanmar,mm,2014,4.953299184844,65531374199.6742,1293.00042298704,0.763,11.6348268756733,3.91022519270633,8.1699074556052,-3.78673335196155,16.4944873473376,22.0275608393611,5.84092892509613,62535394200.1764,,MMR,MMR
1209,2012,121,Myanmar,4.439,,,,,,,,,,MMR,MMR2012,Myanmar,mm,2012,1.46758322674679,59937796648.2158,1202.6658960055,0.767,12.4792891965108,3.13009695263828,7.33267044704149,-2.1015900196755,10.5504277139389,19.7007501337319,4.52409369741194,57556421307.7229,,MMR,MMR
1210,2011,74,Myanmar,5.322,,,,,,,,,,MMR,MMR2011,Myanmar,mm,2011,5.0214601462073,59977326085.9908,1213.62898703376,0.75,8.93204412182702,10.2545766682247,5.59148237823661,-2.60285417206877,,,,59964576988.5087,,MMR,MMR
1211,2024,103,Namibia,4.911,4.797,5.025,1.182,1.482,0.104,0.564,0.052,0.056,1.47,NAM,NAM2024,Namibia,na,2024,4.23903922877036,,,19.148,,,,,,,,,,NAM,NAM
1212,2023,106,Namibia,4.832,4.705,4.958,1.266,1.212,0.307,0.47,0.069,0.061,1.446,NAM,NAM2023,Namibia,na,2023,5.87993463284275,12351025066.9131,4168.28521087347,19.365,4.24110437522486,6.41362439275798,4.159985754998,-14.6468621115493,,,,11781635235.6255,,NAM,NAM
1213,2022,105,Namibia,4.631,4.496,4.766,1.289,1.126,0.145,0.383,0.069,0.071,1.549,NAM,NAM2022,Namibia,na,2022,6.08128114112413,12567271004.6761,4349.04532248966,19.695,2.0335593460759,6.44785295155228,5.34966408559102,-12.8152208955281,35.7240407981571,31.2951687801176,27.1715483207126,12080731344.0848,,NAM,NAM
1214,2021,124,Namibia,4.459,4.326,4.593,1.292,0.877,0.354,0.384,0.067,0.071,1.414,NAM,NAM2021,Namibia,na,2021,3.61690530108814,12402486183.6396,4412.8355693052,20.922,5.2452505218625,1.5343303300027,3.60382919248703,-11.230237845488,37.6029913421383,30.206766036628,28.0639865897267,11934183889.9631,,NAM,NAM
1215,2020,125,Namibia,4.574,4.448,4.7,0.882,0.801,0.262,0.411,0.091,0.059,2.068,NAM,NAM2020,Namibia,na,2020,2.20938236933469,10583748541.5258,3878.58982993966,21.004,3.09380710033486,4.63153061468802,-8.10140201443319,2.98724582177764,40.3152887138993,33.0317167416936,31.2059110714252,10539865094.8199,,NAM,NAM
1216,2019,122,Namibia,4.57110023498535,4.45157241821289,4.69062805175781,0.840081989765167,1.24573814868927,0.406871169805527,0.444598972797394,0.0764544829726219,0.0543203428387642,1.50303316116333,NAM,NAM2019,Namibia,na,2019,3.72239414422695,12541928303.48,4731.9210318831,19.921,8.86737756581921,0.926315844160413,-0.839152163419357,-1.76497330612085,34.5239746739119,32.2396187199815,30.3930951920007,12234173555.5494,,NAM,NAM
1217,2018,113,Namibia,4.639,,,,,,,,,,NAM,NAM2018,Namibia,na,2018,4.29159105337875,13682019076.4022,5308.60813408705,19.877,5.47138727608474,4.42848894081101,1.05993949860752,-3.55152146428618,35.0992328749854,30.7315444486879,28.9317139130964,13176748522.8513,,NAM,NAM
1218,2017,119,Namibia,4.441,,,,,,,,,,NAM,NAM2017,Namibia,na,2017,6.14579981111164,12895153370.9132,5143.96072323076,21.733,0.0979958700889618,9.91903698902131,-1.02724808856709,-4.42059051747783,38.5620994254896,32.6896921958431,31.3076966346094,12661495881.2477,,NAM,NAM
1219,2016,111,Namibia,4.574,,,,,,,,,,NAM,NAM2016,Namibia,na,2016,6.72858234593338,10722018732.0936,4395.68776162376,23.352,1.73731930326058,7.96867201225912,0.0337944502063294,-16.4970881327639,35.4515783037479,31.0662242067809,29.673463838066,10511261596.5703,,NAM,NAM
1220,2015,113,Namibia,4.574,,,,,,,,,,NAM,NAM2015,Namibia,na,2015,3.39401538410559,11335161083.5061,4774.10650865775,20.808,5.25645278962166,3.86457435077661,4.26417453763675,-13.7578944670231,38.001067750554,35.6552012546896,33.4223868666157,11317050632.4328,,NAM,NAM
1221,2011,97,Namibia,4.886,,,,,,,,,,NAM,NAM2011,Namibia,na,2011,5.005595180812,12523359440.5499,5834.7917675794,19.476,4.7345080105914,3.81487636243496,5.09133813864338,-6.84779731737787,34.1976397187985,32.529309615367,29.5505904218204,12010748072.7806,,NAM,NAM
1222,2024,92,Nepal,5.311,5.184,5.437,0.944,1.21,0.463,0.764,0.155,0.099,1.676,NPL,NPL2024,Nepal,np,2024,,,,10.706,,,,,,,,,,NPL,NPL
1223,2023,93,Nepal,5.158,5.027,5.29,0.965,0.99,0.443,0.653,0.209,0.115,1.783,NPL,NPL2023,Nepal,np,2023,7.11475951738199,40908073366.8455,1377.62603571292,10.628,,5.41614518486134,1.95254463264347,0.358510890863517,,,,41385089422.5577,,NPL,NPL
1224,2022,78,Nepal,5.36,5.214,5.507,0.979,1.027,0.281,0.567,0.215,0.104,2.187,NPL,NPL2022,Nepal,np,2022,7.6507917679853,41182939600.67,1385.91066275016,10.844,,8.24119195323605,5.63131455871746,-7.49867255763833,,,,41421597989.0937,,NPL,NPL
1225,2021,84,Nepal,5.377,5.251,5.502,0.984,0.784,0.499,0.519,0.237,0.13,2.224,NPL,NPL2021,Nepal,np,2021,4.14968003360264,36924841394.2605,1252.75076731986,12.186,,6.76271216331268,4.838149614115,-14.5240163530398,19.4418821873399,19.882121562856,17.4853032787772,37122384063.19,39.9222686422289,NPL,NPL
1226,2020,88,Nepal,5.269,5.132,5.406,0.519,0.702,0.496,0.488,0.287,0.135,2.642,NPL,NPL2020,Nepal,np,2020,5.05236655289212,33433659301.2466,1154.21517578318,12.975,,3.21740233241114,-2.3696206292072,-0.251653542060189,20.1647829301293,19.3654266718347,15.7736497317824,33828751647.5543,39.0485631284493,NPL,NPL
1227,2019,92,Nepal,5.13719987869263,5.0241231918335,5.25027656555176,0.444050371646881,1.10078930854797,0.668879389762878,0.480608254671097,0.300971806049347,0.127502962946892,2.01438689231873,NPL,NPL2019,Nepal,np,2019,5.56868547784929,34186180699.0255,1203.14294706401,10.389,,4.69115593292496,6.65705543110467,-5.12963069016168,21.7018652753922,22.4013479087979,19.8090602391943,34539791626.5539,31.7771473472895,NPL,NPL
1228,2018,100,Nepal,4.913,,,,,,,,,,NPL,NPL2018,Nepal,np,2018,4.0611633875107,33111525237.149,1179.19843190389,10.559,,4.3558584680418,7.62237610397935,-8.30080510271616,20.1657916960524,22.0168965987014,19.0828260583935,33328197894.5092,,NPL,NPL
1229,2017,101,Nepal,4.88,,,,,,,,,,NPL,NPL2017,Nepal,np,2017,3.62709610696607,28971588940.364,1034.28374906846,10.66,,8.26141254915089,8.97727935643466,-3.56432924017779,16.8538084482168,19.9373283662624,17.9993621205853,29263410261.8486,,NPL,NPL
1230,2016,99,Nepal,4.962,,,,,,,,,,NPL,NPL2016,Nepal,np,2016,8.79034332004633,24524109483.5293,877.256454696737,10.742,,7.15033478751282,0.433113719381524,-0.68434663855188,14.2271107367293,18.5759336570502,16.143749756907,24843843665.6829,,NPL,NPL
1231,2015,107,Nepal,4.793,,,,,,,,,,NPL,NPL2015,Nepal,np,2015,7.86890895590899,24360801286.7638,875.543635474862,10.644,,4.40904543328786,3.97605327162971,10.0433083922087,13.9897984541113,16.9926063388756,14.6863045680746,24704984111.0513,,NPL,NPL
1232,2014,121,Nepal,4.514,,,,,,,,,,NPL,NPL2014,Nepal,np,2014,8.36415469659563,22731612922.1906,821.455224911731,10.617,,8.03536619587905,6.01148284250441,2.18298241690426,13.5829915227027,16.2338856665405,13.9949104858592,23065091325.5243,,NPL,NPL
1233,2012,135,Nepal,4.156,,,,,,,,,,NPL,NPL2012,Nepal,np,2012,9.45980980357135,21703100877.1309,788.202937148377,10.643,,7.7411500296797,4.67014192446953,2.66070688066427,13.8393358530682,13.8909014659574,12.040804546654,21854809619.7468,,NPL,NPL
1234,2011,121,Nepal,4.474,,,,,,,,,,NPL,NPL2011,Nepal,np,2011,9.22707546125951,21573872420.7008,785.518656222132,10.64,,26.3973066649675,3.42180870116162,1.33775079697372,13.9379082430485,13.0566910729399,11.6246777452046,21678317045.9088,,NPL,NPL
1235,2024,5,Netherlands,7.306,7.24,7.372,1.822,1.667,0.844,0.86,0.186,0.344,1.583,NLD,NLD2024,Netherlands,nl,2024,3.34754304219953,,,3.599,,,,,,,,,,NLD,NLD
1236,2023,6,Netherlands,7.319,7.256,7.383,1.901,1.462,0.706,0.725,0.247,0.372,1.906,NLD,NLD2023,Netherlands,nl,2023,3.83839354342808,1154361305398.06,64572.0059558854,3.537,,7.343742684744,0.0745607216494903,9.84754479203882,39.3157917907379,38.8015537669106,24.8408812672174,1144673458276.42,,NLD,NLD
1237,2022,5,Netherlands,7.403,7.346,7.46,1.942,1.488,0.545,0.672,0.251,0.394,2.11,NLD,NLD2022,Netherlands,nl,2022,10.0012078753473,1046540797548.64,59123.318556487,3.526,,6.15557492580412,5.00723459045037,6.65774559718475,39.3652774144211,39.1672536274174,23.898794550321,999999206889.109,,NLD,NLD
1238,2021,5,Netherlands,7.415,7.359,7.471,1.945,1.206,0.787,0.651,0.271,0.419,2.137,NLD,NLD2021,Netherlands,nl,2021,2.67572008805385,1054472123449.6,60141.9880911492,4.209,,2.74734323804928,6.27683073230526,10.0468874909398,41.7954124838764,39.4413100779541,24.3086759015198,1046137352484.48,,NLD,NLD
1239,2020,6,Netherlands,7.464,7.41,7.518,1.501,1.079,0.753,0.647,0.302,0.384,2.798,NLD,NLD2020,Netherlands,nl,2020,1.27246037789161,932560861701.17,53467.9277413737,3.82,,2.3557302816255,-3.86795339323423,5.61802810313741,43.0242399226909,39.8403846836905,23.9228232020312,880056390964.983,,NLD,NLD
1240,2019,6,Netherlands,7.44890022277832,7.39442825317383,7.50337219238281,1.33894634246826,1.46364593505859,0.975675344467163,0.613626480102539,0.33631756901741,0.368569761514664,2.35211706161499,NLD,NLD2019,Netherlands,nl,2019,2.63369910249601,928903005576.469,53554.9007491475,3.379,,3.02788368438249,2.30009159476197,6.83928934055718,37.4976348782249,39.5897884586878,23.575774886203,891679358650.979,,NLD,NLD
1241,2018,5,Netherlands,7.488,,,,,,,,,,NLD,NLD2018,Netherlands,nl,2018,1.7034979474447,929733599796.862,53955.0770024266,3.832,,2.53340287057884,2.25874039624952,8.97983331472266,37.9872039305298,39.5038315806588,22.9523938963993,910598593874.509,,NLD,NLD
1242,2017,6,Netherlands,7.441,,,,,,,,,,NLD,NLD2017,Netherlands,nl,2017,1.38145871407206,848233537845.884,49513.6817346384,4.837,,1.4393271596339,2.7815460987956,8.12817028557607,38.2852485346822,39.5435373524527,23.0613921884343,824285426585.884,,NLD,NLD
1243,2016,6,Netherlands,7.377,,,,,,,,,,NLD,NLD2016,Netherlands,nl,2016,0.316666666666743,797163949289.885,46808.5291492503,6.007,,0.565543724908352,2.42428576536633,7.27492902578538,39.4433297462422,39.4819314749887,22.3479015517062,765032765730.352,,NLD,NLD
1244,2015,7,Netherlands,7.339,,,,,,,,,,NLD,NLD2015,Netherlands,nl,2015,0.600248147278776,775743675302.734,45793.8135434697,6.872,,0.888432968331628,2.12060522421717,4.9187157948109,40.6125791110952,38.7047591804627,21.7961168520041,757772895013.281,,NLD,NLD
1245,2014,7,Netherlands,7.378,,,,,,,,,,NLD,NLD2014,Netherlands,nl,2014,0.976035079699679,901556501756.467,53457.2234864322,7.419,,0.344077998493205,1.61261007449123,8.85180304004638,41.9474910370498,39.7303673446533,21.5393728808314,883166065399.213,,NLD,NLD
1246,2012,4,Netherlands,7.512,,,,,,,,,,NLD,NLD2012,Netherlands,nl,2012,2.45554765291604,845689017065.625,50473.9442002689,5.821,0.291989328271109,1.32912975468633,-0.977877008513829,7.82619576758532,42.1384861264721,38.925029472891,20.3223179669174,829582906275.0,,NLD,NLD
1247,2011,4,Netherlands,7.512,,,,,,,,,,NLD,NLD2011,Netherlands,nl,2011,2.34107017751373,913140741332.687,54701.7728030611,4.977,1.75309022999399,0.242655794971853,1.77334520657246,7.22308776759068,41.8898710848718,38.4731705011943,20.6643770778933,902234771926.072,,NLD,NLD
1248,2024,12,New Zealand,6.952,6.874,7.031,1.698,1.712,0.815,0.861,0.167,0.429,1.27,NZL,NZL2024,New Zealand,nz,2024,2.92279782301957,,,4.869,,,,,,,,,,NZL,NZL
1249,2023,11,New Zealand,7.029,6.954,7.105,1.81,1.527,0.673,0.746,0.226,0.48,1.567,NZL,NZL2023,New Zealand,nz,2023,5.73316283034957,252175506110.168,48280.8114166238,3.729,,4.75854916721366,0.733302171674978,-6.76716667289858,,,,244146718394.277,,NZL,NZL
1250,2022,10,New Zealand,7.123,7.048,7.198,1.842,1.544,0.513,0.672,0.23,0.471,1.852,NZL,NZL2022,New Zealand,nz,2022,7.17222476016441,246733522841.353,48216.5095836302,3.297,,5.58708755877011,2.7748426484212,-8.76545636261221,35.9255939135397,33.6102947082101,29.9338565180745,239404000803.12,54.5666722344428,NZL,NZL
1251,2021,10,New Zealand,7.2,7.12,7.279,1.852,1.235,0.752,0.68,0.245,0.483,1.954,NZL,NZL2021,New Zealand,nz,2021,3.94112060778728,253644079784.977,49624.1816729553,3.776,,4.57816245517681,4.54624763852878,-5.83652013150899,33.6507867705769,32.8294404066466,29.0601312027406,246933088131.277,51.369754769912,NZL,NZL
1252,2020,10,New Zealand,7.277,7.198,7.355,1.4,1.094,0.785,0.665,0.276,0.445,2.612,NZL,NZL2020,New Zealand,nz,2020,1.71456170007245,212697530897.56,41785.6922905898,4.595,,1.95515165378657,-0.424906457573115,-1.12865212882116,36.402848240201,31.7365606478207,27.3768537037489,208606894464.654,46.1185059391692,NZL,NZL
1253,2019,8,New Zealand,7.29960012435913,7.22224760055542,7.37695264816284,1.24231791496277,1.48721837997437,1.00813829898834,0.646789908409119,0.325726211071014,0.461268275976181,2.12810802459717,NZL,NZL2019,New Zealand,nz,2019,1.61963190184048,212846907683.439,42747.2099299966,4.109,,3.08556630950096,2.36196217785604,-2.79306502128914,30.086221465604,32.7926642420491,28.1697748200882,207518405665.816,32.7886249322913,NZL,NZL
1254,2018,8,New Zealand,7.307,,,,,,,,,,NZL,NZL2018,New Zealand,nz,2018,1.59829703801696,211846555690.736,43228.6976473771,4.335,-1.72292209083665,1.7531271050093,3.49949703045593,-4.04821394261566,29.7041672518478,32.0327461925121,27.4821620456409,204160040592.513,36.6308100322367,NZL,NZL
1255,2017,8,New Zealand,7.324,,,,,,,,,,NZL,NZL2017,New Zealand,nz,2017,1.85078767452536,206566916732.292,42913.186956185,4.736,1.10316666204087,3.61693254394582,3.39728250444887,-2.80906760923629,29.9213102461441,32.1534135468692,27.3310425007911,198736921883.604,38.6627179042666,NZL,NZL
1256,2016,8,New Zealand,7.314,,,,,,,,,,NZL,NZL2016,New Zealand,nz,2016,0.646240284454524,188898209220.167,40070.8956577431,5.147,2.54895980164814,2.41043257431994,3.74831145236631,-2.12609804081912,30.728221494194,32.3754869047049,27.2771662422565,182801552357.251,41.4034426972586,NZL,NZL
1257,2015,8,New Zealand,7.334,,,,,,,,,,NZL,NZL2015,New Zealand,nz,2015,0.292704628136101,178104220784.881,38639.3501941427,5.415,4.25698894037999,1.44403850036466,3.73403577291154,-2.6179752290053,31.5368739648469,32.7345779316123,27.4117158776336,172197562719.015,42.9302575989538,NZL,NZL
1258,2014,9,New Zealand,7.286,,,,,,,,,,NZL,NZL2014,New Zealand,nz,2014,1.227507505974,201337554959.49,44578.2253868016,5.428,5.29757011781446,0.481109438978876,3.75431941509395,-3.0912993181172,32.3564167961137,32.6746628539879,26.8505144232156,193229267483.34,43.9103004132691,NZL,NZL
1259,2012,13,New Zealand,7.221,,,,,,,,,,NZL,NZL2012,New Zealand,nz,2012,1.05991318445632,176210710655.208,39974.2997334925,6.931,6.02490493287587,-0.189641681425684,2.2894629674209,-3.90856098118256,35.0304330234397,33.1506156491673,26.9094457778146,168876091936.708,51.6565054668175,NZL,NZL
1260,2011,8,New Zealand,7.372,,,,,,,,,,NZL,NZL2011,New Zealand,nz,2011,4.0279066739204,168295307149.46,38388.5280906616,6.491,3.55340930643183,2.46773450113406,2.24134221542516,-2.8657021926417,40.0860958550439,33.8586396282214,25.6666291132704,160666204294.734,48.135830634183,NZL,NZL
1261,2024,47,Nicaragua,6.33,6.186,6.475,1.084,1.47,0.646,0.912,0.103,0.271,1.844,NIC,NIC2024,Nicaragua,ni,2024,4.62473841057141,,,4.574,,,,,,,,,,NIC,NIC
1262,2023,43,Nicaragua,6.284,6.135,6.433,1.097,1.263,0.542,0.793,0.133,0.251,2.203,NIC,NIC2023,Nicaragua,ni,2023,8.38765854872536,17829218219.3591,2612.87066241288,4.716,-1.07265412819915,10.6686540407565,4.56922317096145,7.74683434240701,16.260603538766,21.4796661012932,19.9162713669623,16935018482.1057,,NIC,NIC
1263,2022,40,Nicaragua,6.259,6.109,6.408,1.109,1.292,0.385,0.66,0.148,0.218,2.448,NIC,NIC2022,Nicaragua,ni,2022,10.4674244465991,15649897116.8965,2325.16737851871,4.961,0.414507364899459,8.77765225788374,3.75228475736668,-2.47222072522306,16.672579533371,21.4843320016173,19.8411915266524,14530697776.4776,,NIC,NIC
1264,2021,45,Nicaragua,6.165,6.017,6.312,1.105,1.029,0.617,0.617,0.168,0.212,2.418,NIC,NIC2021,Nicaragua,ni,2021,4.92841396948968,14144060853.1362,2128.60980633198,6.118,5.86910681876842,3.54283387393042,10.3160912841791,-3.82407049684088,17.257049095306,20.6157266599794,18.9072309186047,13248461277.5386,,NIC,NIC
1265,2020,56,Nicaragua,5.972,5.81,6.134,0.693,0.904,0.604,0.553,0.201,0.176,2.841,NIC,NIC2020,Nicaragua,ni,2020,3.68181341625572,12681569254.2815,1931.61515811642,6.201,5.48690239801175,5.39260941499944,-1.75595289214087,3.70695448310772,16.4743714745287,18.5543452304414,17.0710795569353,11871469383.2535,,NIC,NIC
1266,2019,46,Nicaragua,6.13710021972656,6.01188182830811,6.26231861114502,0.620033144950867,1.27081274986267,0.803093254566193,0.560117304325104,0.212871477007866,0.174084573984146,2.49608111381531,NIC,NIC2019,Nicaragua,ni,2019,5.37628990844126,12699028889.666,1958.62132892996,5.472,6.70025037839599,5.3954978400473,-2.89702791954369,5.93824934608707,16.4517768112133,18.8466384856424,17.4217691279891,12232628822.9947,,NIC,NIC
1267,2018,45,Nicaragua,6.105,,,,,,,,,,NIC,NIC2018,Nicaragua,ni,2018,4.94723728039886,13025234820.8225,2035.16750115975,5.2,8.02399043556612,2.65847892308047,-3.36368764606334,-1.79728045766792,16.8472373864078,16.9619879683714,15.6994164536848,12373034902.7208,,NIC,NIC
1268,2017,41,Nicaragua,6.141,,,,,,,,,,NIC,NIC2017,Nicaragua,ni,2017,3.85067166284727,13785924216.2724,2182.61875100395,3.3,6.39428293595598,4.12270412733761,4.63253398090997,-7.16020184439183,16.5222279336946,17.8257748837743,16.5737516137274,13074230327.7193,,NIC,NIC
1269,2016,43,Nicaragua,6.071,,,,,,,,,,NIC,NIC2016,Nicaragua,ni,2016,3.52317317628473,13286101094.3863,2131.68828465802,3.9,6.54767125662685,4.59008266954466,4.56295442923394,-8.48330139890493,16.3937838341333,17.3827187116218,16.1664462040546,12651897675.9312,,NIC,NIC
1270,2015,48,Nicaragua,5.992,,,,,,,,,,NIC,NIC2015,Nicaragua,ni,2015,3.99737996694396,12756685550.3389,2074.45446460028,4.7,4.14824565770946,7.58928670486381,4.79144081994679,-9.87325426365583,15.9243286883013,16.728064145962,15.5895883603149,12267685461.4032,,NIC,NIC
1271,2014,57,Nicaragua,5.828,,,,,,,,,,NIC,NIC2014,Nicaragua,ni,2014,6.03596861798425,11880433902.9361,1958.36966453366,4.52,4.7475671960675,8.39196021308561,4.78649248722054,-8.02832630350546,15.4277807861718,16.4345985609738,15.3162663787317,11432533909.6492,,NIC,NIC
1272,2012,65,Nicaragua,5.507,,,,,,,,,,NIC,NIC2012,Nicaragua,ni,2012,7.1935505333896,10531980451.1847,1784.69212752824,5.208,5.41310978715737,6.24324468031767,6.49597922902167,-11.7242906566647,15.2289367986193,16.4207047223107,15.0091937917603,10116180544.4559,,NIC,NIC
1273,2011,89,Nicaragua,5.115,,,,,,,,,,NIC,NIC2011,Nicaragua,ni,2011,8.082387980991,9774320144.00049,1679.71034177231,6.618,0.293568631161654,10.2142805344967,6.31747638326586,-11.9077335594988,14.9751016219398,15.7606904764077,14.5197169475596,9505620189.24681,,NIC,NIC
1274,2024,110,Niger,4.725,4.588,4.863,0.606,0.796,0.258,0.759,0.122,0.137,2.048,NER,NER2024,Niger,ne,2024,9.07151997725013,,,0.355,,,,,,,,,,NER,NER
1275,2023,109,Niger,4.556,4.401,4.712,0.573,0.677,0.293,0.615,0.145,0.147,2.107,NER,NER2023,Niger,ne,2023,3.70097316425834,16819170420.5653,642.937917863471,0.425,,3.38791792310056,2.49999999999999,-13.8696165457749,,,,16182366023.8817,,NER,NER
1276,2022,109,Niger,4.501,4.291,4.712,0.561,0.628,0.137,0.54,0.154,0.14,2.341,NER,NER2022,Niger,ne,2022,4.22621791916392,15433852712.2963,609.745147574878,0.418,,4.01899997944746,11.9000000000277,-16.1987356727326,,,,14058647971.5528,,NER,NER
1277,2021,104,Niger,5.003,4.76,5.247,0.57,0.56,0.326,0.571,0.165,0.145,2.667,NER,NER2021,Niger,ne,2021,3.8378680284051,14915002436.069,608.722439593808,0.78,,3.11864597184903,1.38359636198477,-14.0736964853201,,,,15188308377.3499,,NER,NER
1278,2020,97,Niger,5.074,4.875,5.273,0.162,0.402,0.167,0.516,0.2,0.157,3.47,NER,NER2020,Niger,ne,2020,2.8981937602627,13744653103.058,579.512495758236,0.594,,1.16297974177712,3.55064109436891,-13.2104717583835,,,,13156291934.1654,,NER,NER
1279,2019,103,Niger,4.90959978103638,4.75827169418335,5.0609278678894,0.108330331742764,0.703800141811371,0.298816353082657,0.435311615467072,0.208176895976067,0.13755476474762,3.0176305770874,NER,NER2019,Niger,ne,2019,-2.48979265070855,12889555561.2299,561.691304349698,0.531,,-0.0243827627404585,5.93985257123522,-12.1993364507939,,,,13479237677.1727,,NER,NER
1280,2018,114,Niger,4.628,,,,,,,,,,NER,NER2018,Niger,ne,2018,2.96760366004456,12837307496.8821,578.568035680892,0.535,,2.40368624331715,7.21141802762897,-12.6586015970767,,,,13405990160.9815,,NER,NER
1281,2017,134,Niger,4.166,,,,,,,,,,NER,NER2017,Niger,ne,2017,2.79637318871284,11185104251.6943,521.804130023434,0.554,4.7542146049944,0.368276728970102,5.00536078615544,-11.3934461122487,,,,11600276120.4447,,NER,NER
1282,2016,135,Niger,4.028,,,,,,,,,,NER,NER2016,Niger,ne,2016,1.65388922387806,10398861981.7583,502.706475406446,0.548,3.44059819209033,1.79272146557585,5.74089315058157,-11.3633579890889,,,,10734604834.9542,,NER,NER
1283,2015,142,Niger,3.856,,,,,,,,,,NER,NER2015,Niger,ne,2015,-0.576090369833189,9683867926.44282,485.662574175279,0.553,2.84083767674412,2.249426436212,4.39264883207291,-15.3473430526611,,,,10161942025.7141,,NER,NER
1284,2014,144,Niger,3.845,,,,,,,,,,NER,NER2014,Niger,ne,2014,-0.930287259984466,10862943543.5419,565.30989731175,0.524,5.76740721438735,-0.40567684540504,6.64213665495603,-12.0310951996373,,,,11351529661.747,,NER,NER
1285,2012,136,Niger,4.152,,,,,,,,,,NER,NER2012,Niger,ne,2012,0.455089820359289,9426912647.59111,528.510104469655,2.177,-0.255604358333003,5.30833937178907,10.5489445763446,-10.8373796125038,,,,9746582481.36369,,NER,NER
1286,2011,137,Niger,4.122,,,,,,,,,,NER,NER2011,Niger,ne,2011,2.9423851401332,8772950777.79176,510.75956176268,0.316,1.23525214586231,3.97160518256159,2.35775693603874,-16.3335422488129,,,,9327272805.03519,,NER,NER
1287,2024,105,Nigeria,4.885,4.748,5.022,0.989,1.245,0.38,0.639,0.17,0.028,1.433,NGA,NGA2024,Nigeria,ng,2024,,,,2.989,,,,,,,,,,NGA,NGA
1288,2023,102,Nigeria,4.881,4.744,5.018,1.042,1.075,0.256,0.566,0.201,0.019,1.722,NGA,NGA2023,Nigeria,ng,2023,24.6595502031139,363846332834.618,1596.63696129001,3.074,1.23305048739489,12.6218692275514,2.86021499108364,1.65528597155347,,,,352906093813.226,,NGA,NGA
1289,2022,95,Nigeria,4.981,4.825,5.136,1.065,1.007,0.092,0.448,0.176,0.013,2.181,NGA,NGA2022,Nigeria,ng,2022,18.8471877843274,477403400101.174,2139.37478476974,3.821,0.91923189527194,11.3113349413983,3.25168140827093,0.213362293998091,,,,464530827755.53,,NGA,NGA
1290,2021,118,Nigeria,4.552,4.453,4.651,1.079,0.732,0.3,0.444,0.175,0.038,1.784,NGA,NGA2021,Nigeria,ng,2021,16.9528457221608,440833635873.827,2017.27486481527,5.45,1.22771853011479,10.1310336867347,3.64718654072446,-0.738183955457954,,,,432250677057.07,,NGA,NGA
1291,2020,117,Nigeria,4.759,4.658,4.861,0.663,0.625,0.051,0.433,0.212,0.039,2.736,NGA,NGA2020,Nigeria,ng,2020,13.2460234276597,432198898467.795,2019.65706326224,5.742,5.37128021114731,7.84914204720589,-1.79425308274458,-3.69874324007746,,,,427431916390.616,,NGA,NGA
1292,2019,115,Nigeria,4.72410011291504,4.62195205688477,4.82624816894531,0.64590185880661,0.986717939376831,0.167835935950279,0.435079455375671,0.221328124403954,0.047589935362339,2.21963548660278,NGA,NGA2019,Nigeria,ng,2019,11.3964223378115,474517490844.461,2265.15520863056,5.206,4.52218849556078,10.384779195217,2.20842927714881,-2.88402835896401,,,,465356470849.403,,NGA,NGA
1293,2018,85,Nigeria,5.265,,,,,,,,,,NGA,NGA2018,Nigeria,ng,2018,12.0951065173432,421739251509.08,2057.87944554011,5.067,6.05597715767932,10.2284850865888,1.92275734200651,1.72693303668361,,,,410486871490.792,,NGA,NGA
1294,2017,91,Nigeria,5.155,,,,,,,,,,NGA,NGA2017,Nigeria,ng,2017,16.5022662139641,375745731053.427,1876.34027111773,4.828,5.79056686533654,11.1189180817699,0.80588661910221,3.60982550121523,,,,367400071058.266,,NGA,NGA
1295,2016,95,Nigeria,5.074,,,,,,,,,,NGA,NGA2016,Nigeria,ng,2016,15.6968126387972,404649125252.16,2070.4127339595,4.499,6.68623362327265,9.54367006412473,-1.61686894906529,1.25472098152786,,,,398387885254.181,,NGA,NGA
1296,2015,103,Nigeria,4.875,,,,,,,,,,NGA,NGA2015,Nigeria,ng,2015,9.00943498007699,493026682800.63,2585.73360671797,4.135,13.5961532451283,2.86366512298943,2.65269329543003,-3.13140101186134,,,,480318932817.476,,NGA,NGA
1297,2014,78,Nigeria,5.268,,,,,,,,,,NGA,NGA2014,Nigeria,ng,2014,8.04741087967907,574183763411.508,3088.72131316169,3.902,11.3562130249598,4.66262291733076,6.30971865525467,0.157882534299197,,,,555021693443.684,,NGA,NGA
1298,2012,82,Nigeria,5.248,,,,,,,,,,NGA,NGA2012,Nigeria,ng,2012,12.2242413020583,463971018239.281,2633.19734671361,3.76,6.22480861375458,9.94763670635021,4.23006117493168,3.7446896447893,,,,441706108191.483,,NGA,NGA
1299,2011,100,Nigeria,4.856,,,,,,,,,,NGA,NGA2011,Nigeria,ng,2011,10.8261371880017,414466676831.16,2418.41316975875,3.77,5.68557985915585,9.77845809675884,5.30792420289512,2.57400123356654,,,,391494346889.747,,NGA,NGA
1300,2024,86,North Macedonia,5.503,5.409,5.597,1.458,1.537,0.544,0.637,0.13,0.007,1.19,MKD,MKD2024,North Macedonia,mk,2024,3.48974086026947,,,13.417,,,,,,,,,,MKD,MKD
1301,2023,84,North Macedonia,5.369,5.27,5.468,1.475,1.277,0.569,0.58,0.194,0.015,1.26,MKD,MKD2023,North Macedonia,mk,2023,9.36187249769016,15763621848.115,8624.29360948531,13.174,-2.1580240376152,7.76646685488322,2.07274977880975,0.358884359072908,,,,14961106563.4281,,MKD,MKD
1302,2022,87,North Macedonia,5.254,5.146,5.361,1.498,1.171,0.408,0.515,0.207,0.02,1.435,MKD,MKD2022,North Macedonia,mk,2022,14.2047173195833,13932436550.0883,7606.2375253797,14.476,-3.8949908013561,8.87368732523663,2.75888415332967,-6.23699171036603,,,,13334444854.3316,,MKD,MKD
1303,2021,89,North Macedonia,5.199,5.095,5.303,1.505,0.863,0.637,0.488,0.215,0.031,1.461,MKD,MKD2021,North Macedonia,mk,2021,3.23074912132919,14000283827.0154,7620.80296977508,15.801,0.54891828545638,4.28552531461972,4.51067949038222,-2.67744223538636,33.3297232827698,28.8368005812638,17.3929631432116,13385879515.7774,,MKD,MKD
1304,2020,95,North Macedonia,5.101,5.001,5.202,1.068,0.772,0.535,0.45,0.212,0.022,2.042,MKD,MKD2020,North Macedonia,mk,2020,1.20007348888487,12361036913.8409,6659.59651070776,16.575,3.76716860112634,1.37428071825137,-4.68845000956652,-2.91596537662612,34.9241702124671,27.6965267786278,16.1270346639672,11892343875.3738,,MKD,MKD
1305,2019,90,North Macedonia,5.15980005264282,5.06814765930176,5.25145244598389,0.935371994972229,1.18317353725433,0.802994132041931,0.410224586725235,0.18586353957653,0.0245950594544411,1.61759495735168,MKD,MKD2019,North Macedonia,mk,2019,0.766439573459716,12606338448.547,6718.85826635458,17.414,4.70038784902453,0.86816868476069,3.91041953840173,-2.98648910497823,29.6872350269893,28.333923745494,17.0832810795126,12024667114.9758,,MKD,MKD
1306,2018,84,North Macedonia,5.274,,,,,,,,,,MKD,MKD2018,North Macedonia,mk,2018,1.45831298507117,12683068114.2388,6713.98925398989,21.208,2.09837749145698,3.92615528936682,2.88059670964267,0.143273398779884,27.8450488948036,26.8205511623931,17.5749363175957,12150990659.4701,,MKD,MKD
1307,2017,89,North Macedonia,5.185,,,,,,,,,,MKD,MKD2017,North Macedonia,mk,2017,1.35161889677442,11307067069.6658,5955.2973863451,22.857,3.69588556406759,2.80702703539038,1.08177273813243,-0.586294696197347,27.9967047089011,26.4700723016764,17.1611135905492,10859414347.1733,,MKD,MKD
1308,2016,92,North Macedonia,5.175,,,,,,,,,,MKD,MKD2016,North Macedonia,mk,2016,-0.23929078768441,10672467073.2873,5598.48622617967,24.312,3.43336996492373,3.46525285653088,2.84820519363306,-2.66389921940311,27.7831376744929,26.4266581420489,16.9511578216024,10247925155.7349,,MKD,MKD
1309,2015,95,North Macedonia,5.121,,,,,,,,,,MKD,MKD2015,North Macedonia,mk,2015,-0.299920475631552,10064519962.5655,5262.68671928674,26.395,5.3457581796468,2.00342084578241,3.85586514041738,-1.71222694530355,28.7946070150674,26.957175033187,16.8182331222247,9747431783.18268,,MKD,MKD
1310,2014,93,North Macedonia,5.007,,,,,,,,,,MKD,MKD2014,North Macedonia,mk,2014,-0.281705032928494,11362265252.778,5925.38592218015,28.215,6.2280670790202,1.44696785759902,3.62912351276373,-0.481713137157683,28.3672213651207,26.0592139842049,16.2352837081218,11149662118.4457,,MKD,MKD
1311,2012,118,North Macedonia,4.574,,,,,,,,,,MKD,MKD2012,North Macedonia,mk,2012,3.31605566687647,9745261300.57788,5049.8265386157,31.096,7.98522175537971,1.00299826672435,-0.456183223607937,-3.27478423718895,29.3726417014675,27.8566883006966,16.4166504179317,9534185814.44031,,MKD,MKD
1312,2011,127,North Macedonia,4.369,,,,,,,,,,MKD,MKD2011,North Macedonia,mk,2011,3.9047542206973,10494626767.6445,5416.86672931659,31.502,5.66722821086817,3.72217234010574,2.33988604520331,-2.49367551945885,28.9817013007717,28.3319617567096,16.999651001969,10307350188.4715,,MKD,MKD
1313,2024,7,Norway,7.262,7.171,7.353,1.902,1.711,0.863,0.962,0.168,0.425,1.231,NOR,NOR2024,Norway,no,2024,3.14530134431073,,,3.97,,,,,,,,,,NOR,NOR
1314,2023,7,Norway,7.302,7.215,7.389,1.952,1.517,0.704,0.835,0.224,0.484,1.586,NOR,NOR2023,Norway,no,2023,5.51784987104659,485310823603.662,87925.0944188399,3.572,17.8198050632036,-10.6191584030873,0.479647246011822,17.3298808213308,35.7193016678045,53.9729835170194,26.9210572515361,507846254957.478,,NOR,NOR
1315,2022,7,Norway,7.315,7.229,7.402,1.994,1.521,0.544,0.752,0.212,0.463,1.829,NOR,NOR2022,Norway,no,2022,5.76412317852272,593726965415.619,108798.451165901,3.231,-19.4429902739663,28.1618243830717,3.00563516076298,28.7529564185732,29.4185197058963,56.5333494505264,31.4803116224232,596856513825.084,,NOR,NOR
1316,2021,8,Norway,7.365,7.29,7.44,1.997,1.239,0.786,0.728,0.217,0.474,1.925,NOR,NOR2021,Norway,no,2021,3.48388055266678,503367986030.268,93072.8925119571,4.359,-14.9228767781215,20.2134754838135,3.90868677689417,14.8001387979332,36.5206567819884,47.4371815831474,25.5055180112726,502221885913.853,,NOR,NOR
1317,2020,7,Norway,7.392,7.323,7.462,1.543,1.108,0.782,0.703,0.249,0.427,2.58,NOR,NOR2020,Norway,no,2020,1.28658490708005,367633418886.627,68340.0181033702,4.424,5.34941941734859,-2.51726059053333,-1.2781717845226,1.14557292891118,45.3909564287933,44.6149223980414,21.2531867719174,382834834941.145,,NOR,NOR
1318,2019,5,Norway,7.48799991607666,7.41971874237061,7.55628108978271,1.42420732975006,1.49517250061035,1.00807189941406,0.670200884342194,0.28798508644104,0.434100568294525,2.16826629638672,NOR,NOR2019,Norway,no,2019,2.16773003305402,408742840909.091,76430.5889473338,3.684,3.80517087143277,-0.548467415755809,1.12377787436797,2.91600859889184,38.5620876873851,47.4757272646143,23.2830044006887,421234090909.091,,NOR,NOR
1319,2018,3,Norway,7.554,,,,,,,,,,NOR,NOR2018,Norway,no,2018,2.76483134528788,439788625883.8,82792.8427113304,3.801,-3.57599603018969,6.74295724699287,0.828900664137592,7.94959431636822,37.129454079189,46.6544725255768,23.3136059270012,457569996925.915,,NOR,NOR
1320,2017,2,Norway,7.594,,,,,,,,,,NOR,NOR2017,Norway,no,2017,1.87510059552554,401745275035.261,76131.8384032764,4.164,-1.03296137737101,4.08094934122931,2.46374628510146,5.38896566318335,38.6946477433892,45.1614951447487,22.2900403628777,416379568809.188,,NOR,NOR
1321,2016,1,Norway,7.537,,,,,,,,,,NOR,NOR2016,Norway,no,2016,3.54999999999998,370956547619.048,70867.3609970749,4.68,4.74390944581817,-1.59809716352439,1.16472423497285,3.98049523650322,39.7385780326601,45.1821625880325,21.9603759264578,387092976190.476,,NOR,NOR
1322,2015,4,Norway,7.498,,,,,,,,,,NOR,NOR2015,Norway,no,2015,2.17113665389527,388159512245.53,74809.9658049898,4.296,6.48637648241762,-2.80446812171388,1.85733972643303,8.01360708862408,38.1512199127016,45.3886561903889,22.0885488164749,404192290999.276,,NOR,NOR
1323,2014,4,Norway,7.522,,,,,,,,,,NOR,NOR2014,Norway,no,2014,2.04170286707211,501736471832.848,97666.6951838749,3.486,3.94314737277321,0.258332848947191,2.04813199855084,10.954886718139,35.6063174620846,45.8675756916366,23.412031718882,517499761967.733,,NOR,NOR
1324,2012,2,Norway,7.655,,,,,,,,,,NOR,NOR2012,Norway,no,2012,0.696864111498362,512777309840.997,102175.919298374,3.129,,3.35308930089886,2.71795926678982,12.3837606139974,33.7289756030843,48.4241130481831,26.8725432287815,517101160292.222,,NOR,NOR
1325,2011,3,Norway,7.524,,,,,,,,,,NOR,NOR2011,Norway,no,2011,1.28495158809152,501360549669.404,101221.813476644,3.196,,6.67279000191441,1.10565602733728,13.254644393537,34.1417879241789,48.6554998364727,27.5519417038651,506139118181.721,,NOR,NOR
1326,2024,52,Oman,6.197,5.973,6.42,1.603,1.411,0.5,0.93,0.142,,,OMN,OMN2024,Oman,om,2024,,,,3.161,,,,,,,,,,OMN,OMN
1327,2014,22,Oman,6.853,,,,,,,,,,OMN,OMN2014,Oman,om,2014,1.01401483924156,92699089726.9181,23160.6502252547,3.449,3.40789682865649,1.75729954907395,1.29225229411081,4.62995815380301,,,,88413003901.1704,,OMN,OMN
1328,2012,23,Oman,6.853,,,,,,,,,,OMN,OMN2012,Oman,om,2012,2.94773495257209,87408842652.7958,24642.2978768596,3.765,2.21469423925791,3.60643426874947,8.86312225557018,8.99068507231773,,,,82904291287.3862,,OMN,OMN
1329,2024,109,Pakistan,4.768,4.644,4.892,0.982,0.759,0.417,0.529,0.136,0.046,1.898,PAK,PAK2024,Pakistan,pk,2024,12.6325318530452,,,5.472,,,,,,,,,,PAK,PAK
1330,2023,108,Pakistan,4.657,4.535,4.779,1.069,0.6,0.321,0.542,0.144,0.074,1.907,PAK,PAK2023,Pakistan,pk,2023,30.7681280657005,337912301397.727,1365.27743222493,5.408,,25.9997683355601,-0.0396925228069165,-0.244214768763813,,,,332147301397.546,,PAK,PAK
1331,2022,108,Pakistan,4.555,4.404,4.707,1.081,0.657,0.158,0.511,0.141,0.102,1.907,PAK,PAK2022,Pakistan,pk,2022,19.8738599646655,374890295666.694,1538.3228133171,5.485,,13.9370112392938,4.7781068690358,-3.25858181478804,,,,369642295666.626,,PAK,PAK
1332,2021,121,Pakistan,4.516,4.397,4.634,1.049,0.413,0.374,0.448,0.181,0.112,1.94,PAK,PAK2021,Pakistan,pk,2021,9.49621056124947,348516647445.148,1455.31922370186,6.338,-1.45225942307802,10.2673420806694,6.51388575852702,-3.52439577565177,,,,344116647445.148,,PAK,PAK
1333,2020,106,Pakistan,4.934,4.802,5.066,0.637,0.423,0.322,0.418,0.252,0.097,2.784,PAK,PAK2020,Pakistan,pk,2020,9.73999313898155,300425609817.981,1278.39735206896,6.127,0.739692508004723,9.9444982105729,-1.27408744338709,-0.216650637871501,,,,294966609817.792,,PAK,PAK
1334,2019,66,Pakistan,5.69329977035522,5.59879589080811,5.78780364990234,0.616799473762512,0.872979581356049,0.469933241605759,0.405421733856201,0.228705063462257,0.122592121362686,2.97687673568726,PAK,PAK2019,Pakistan,pk,2019,10.5783618004555,320909472770.669,1390.41690981745,4.83,2.93179330274519,9.03633484170507,2.49763692943365,-2.66677325730292,,,,315299473058.399,,PAK,PAK
1335,2018,67,Pakistan,5.653,,,,,,,,,,PAK,PAK2018,Pakistan,pk,2018,5.07805725868917,356128166704.921,1569.33814626355,4.083,4.51556820489702,3.84178663274797,6.15170261099519,-5.29556175645778,,,,350691167594.255,,PAK,PAK
1336,2017,75,Pakistan,5.472,,,,,,,,,,PAK,PAK2017,Pakistan,pk,2017,4.08537368032608,339205534861.1,1519.23459514248,3.215,4.01832568832305,4.02974599325579,4.43262590683975,-4.76985760466006,,,,334191536057.051,,PAK,PAK
1337,2016,80,Pakistan,5.269,,,,,,,,,,PAK,PAK2016,Pakistan,pk,2016,3.7651191635658,313630000130.435,1424.69161195897,2.285,7.76126513302726,0.922163326262009,6.57383828511043,-2.29279660651385,,,,308284997722.844,,PAK,PAK
1338,2015,92,Pakistan,5.132,,,,,,,,,,PAK,PAK2015,Pakistan,pk,2015,2.52932817254229,299963590534.773,1380.47020838317,3.566,5.47083938915616,4.44198033438504,4.21794209572506,-0.934446742353906,,,,295364590988.181,,PAK,PAK
1339,2014,81,Pakistan,5.194,,,,,,,,,,PAK,PAK2014,Pakistan,pk,2014,7.18938402847028,271390474857.632,1266.61340849959,1.827,4.2162526354002,7.20976543926079,4.11642817161422,-1.34787339235798,,,,267435475356.814,,PAK,PAK
1340,2012,81,Pakistan,5.292,,,,,,,,,,PAK,PAK2012,Pakistan,pk,2012,9.68235186055684,250106966104.704,1204.36475491585,3.667,3.27593378279305,9.91831543776397,3.02758391088629,-0.936399348037174,,,,246861967230.679,,PAK,PAK
1341,2011,85,Pakistan,5.149,,,,,,,,,,PAK,PAK2011,Pakistan,pk,2011,11.9160927116277,230586581059.665,1131.73513834324,0.796,-1.7109984014482,16.4109562675144,2.68011685421705,-0.957124213324854,,,,227569579578.823,,PAK,PAK
1342,2024,41,Panama,6.407,6.284,6.531,1.594,1.6,0.717,0.876,0.041,0.042,1.537,PAN,PAN2024,Panama,pa,2024,0.685197879812108,,,6.518,,,,,,,,,,PAN,PAN
1343,2023,39,Panama,6.358,6.227,6.489,1.702,1.392,0.633,0.72,0.063,0.043,1.806,PAN,PAN2023,Panama,pa,2023,1.48641355277038,83318176900.0,18686.4050961265,6.544,,1.70673831397947,7.39930155626219,-4.48721721694321,,,,79285543400.0,,PAN,PAN
1344,2022,38,Panama,6.265,6.105,6.424,1.714,1.402,0.475,0.63,0.065,0.036,1.943,PAN,PAN2022,Panama,pa,2022,2.85965128834711,76276116700.0,17332.4360742988,8.086,4.63502823276982,2.17180785976841,10.769665870619,-0.622928866140088,,,,72807217200.0,,PAN,PAN
1345,2021,37,Panama,6.309,6.154,6.464,1.715,1.107,0.709,0.592,0.049,0.051,2.086,PAN,PAN2021,Panama,pa,2021,1.63070337301898,67396392500.0,15509.8069109784,10.177,5.44450330124734,1.41511725950885,16.4671249191559,-1.1555200892392,17.1412565556766,11.1554031266436,7.46060570249365,63404274400.0,,PAN,PAN
1346,2020,42,Panama,6.18,6.036,6.323,1.298,0.976,0.667,0.596,0.079,0.053,2.509,PAN,PAN2020,Panama,pa,2020,-1.5502754080376,57059846500.0,13290.5608347594,14.663,7.54031997578567,-0.494685753745316,-17.8212299695008,0.675537934000576,19.26891438532,11.5147047841427,8.04998951730443,55305091100.0,,PAN,PAN
1347,2019,36,Panama,6.30480003356934,6.18773937225342,6.42186069488525,1.09766781330109,1.37614929676056,0.878546535968781,0.579849779605865,0.0972073078155518,0.0542305260896683,2.22117614746094,PAN,PAN2019,Panama,pa,2019,-0.355083821021245,69778991200.0,16477.9066285687,6.256,6.51656727060851,0.538350741190015,3.10306788630359,-5.05023173163902,15.0372968929585,11.8306566995339,8.64837791499915,65459457700.0,,PAN,PAN
1348,2018,31,Panama,6.321,,,,,,,,,,PAN,PAN2018,Panama,pa,2018,0.761578359399944,67316471200.0,16151.3273478476,5.161,6.13925501164893,0.700536904723975,3.91819807389903,-7.884192985624,13.5920943066457,13.1867976086809,9.59096781317913,61995613500.0,,PAN,PAN
1349,2017,27,Panama,6.43,,,,,,,,,,PAN,PAN2017,Panama,pa,2017,0.875585918759878,64327688800.0,15694.6297454295,5.338,4.88371900784036,1.7946937582834,5.7440594635578,-5.82244596474605,13.9417844546437,13.4436094044467,9.66574469547863,60514887600.0,,PAN,PAN
1350,2016,30,Panama,6.452,,,,,,,,,,PAN,PAN2016,Panama,pa,2016,0.739734025300033,59760858700.0,14832.3611608191,4.717,4.02418338473219,2.47501533207914,4.57196707937275,-7.54284607111912,13.6950577799679,12.6851464212311,10.0557385161368,55623707800.0,,PAN,PAN
1351,2015,25,Panama,6.701,,,,,,,,,,PAN,PAN2015,Panama,pa,2015,0.137492058461504,55767806100.0,14082.6548502728,4.335,3.37836019068686,3.01478936555419,5.26691719595516,-8.69390485131528,13.9994263537471,12.8142246963562,9.79801961592855,52316906100.0,,PAN,PAN
1352,2014,25,Panama,6.786,,,,,,,,,,PAN,PAN2014,Panama,pa,2014,2.62652699929151,51427104900.0,13213.1989637473,4.391,2.14040732578904,4.69411939871949,4.62581375565551,-12.9838146887401,12.9112874571712,13.2308283618392,9.95964875100329,47073004900.0,,PAN,PAN
1353,2012,15,Panama,7.143,,,,,,,,,,PAN,PAN2012,Panama,pa,2012,5.69819959165992,41595439700.0,11064.8063606203,3.691,1.32232372129142,6.31829463661421,9.62729346439019,-8.97959013521379,,,,38857139700.0,,PAN,PAN
1354,2011,21,Panama,6.863,,,,,,,,,,PAN,PAN2011,Panama,pa,2011,5.8758024367877,35687738300.0,9662.29592216607,4.03,1.92499208255031,5.48770339491702,11.9088772249531,-12.6581291367517,,,,33773738300.0,,PAN,PAN
1355,2024,54,Paraguay,6.172,6.064,6.279,1.329,1.615,0.291,0.921,0.097,0.063,1.857,PRY,PRY2024,Paraguay,py,2024,3.83540271728533,,,6.093,,,,,,,,,,PRY,PRY
1356,2023,57,Paraguay,5.977,5.868,6.085,1.398,1.408,0.549,0.788,0.131,0.065,1.637,PRY,PRY2023,Paraguay,py,2023,4.63202285403356,42956263543.9482,6276.35113919957,5.794,,2.06875531020788,4.71412407945468,-0.566372055431578,19.0269280155417,17.6391526826565,10.1764595919888,41584973464.2718,,PRY,PRY
1357,2022,66,Paraguay,5.738,5.625,5.851,1.428,1.427,0.392,0.678,0.148,0.062,1.604,PRY,PRY2022,Paraguay,py,2022,9.76556667164402,41952910858.0846,6205.62595379319,6.755,,8.05446050272607,0.176038366132886,-7.15542769879496,16.5354158578939,17.3957386518946,10.2661363911407,40588715171.0241,,PRY,PRY
1358,2021,73,Paraguay,5.578,5.467,5.689,1.409,1.13,0.624,0.629,0.171,0.059,1.555,PRY,PRY2021,Paraguay,py,2021,4.787983101236,39950899938.7482,5976.9317978996,7.311,3.74521256194368,8.44812602664209,4.01673731780312,-1.10846909700613,16.7400694932577,16.8868520553402,9.794253597875,38564964617.2409,,PRY,PRY
1359,2020,72,Paraguay,5.653,5.473,5.832,0.983,0.97,0.549,0.602,0.206,0.037,2.306,PRY,PRY2020,Paraguay,py,2020,1.76751592356698,35432178068.1814,5365.47220721191,7.548,11.0890000853411,2.20392146778615,-0.819785390971916,1.87300921514449,18.4727986970316,16.7319714533172,9.5149992858083,34220989522.023,,PRY,PRY
1360,2019,67,Paraguay,5.69210004806519,5.5902624130249,5.79393768310547,0.897990822792053,1.36819756031036,0.735869646072388,0.586510062217712,0.204299241304398,0.0650773793458939,1.83412528038025,PRY,PRY2019,Paraguay,py,2019,2.75709727562775,37925338329.1494,5821.18199548637,6.595,12.0533260672889,3.06187945458328,-0.40185510068001,-0.577796386359664,20.3502301282138,17.5461211473474,9.99575607479091,36767424995.415,,PRY,PRY
1361,2018,63,Paraguay,5.743,,,,,,,,,,PRY,PRY2018,Paraguay,py,2018,3.97561015740694,40225448340.6322,6258.44991640954,6.217,13.4929626362885,1.96024819846549,3.20425034076639,-0.232847914321805,16.1304844057012,17.331779790204,10.0750585766838,38831476238.1311,,PRY,PRY
1362,2017,64,Paraguay,5.681,,,,,,,,,,PRY,PRY2017,Paraguay,py,2017,3.60247741348943,38997129473.5558,6152.26711537703,6.138,14.5093886137326,2.15920929174615,4.81007885554041,3.35657585005266,14.4661468516944,17.4431333716623,9.95647441372393,37645080815.2412,,PRY,PRY
1363,2016,70,Paraguay,5.493,,,,,,,,,,PRY,PRY2016,Paraguay,py,2016,4.08682280577241,36089700222.9461,5775.1596339946,5.255,13.3865990752183,4.13475444403026,4.26802583314583,4.60142654296843,15.4216143903646,16.8648796628657,9.55906333660439,34772206410.5902,,PRY,PRY
1364,2015,70,Paraguay,5.538,,,,,,,,,,PRY,PRY2015,Paraguay,py,2015,3.12900274473925,36211447840.0971,5879.33792308671,4.556,17.8457424475867,1.60388801037963,2.95715173487106,-0.211443868847551,14.8283479769772,17.3584836645057,9.64227469729351,34791041670.0166,,PRY,PRY
1365,2014,53,Paraguay,5.878,,,,,,,,,,PRY,PRY2014,Paraguay,py,2014,5.02882767456766,40377929295.6419,6652.25478942291,5.034,17.8199443309874,2.85700648471038,5.30123859237025,-0.786984268884853,14.001361051633,16.7182017190764,9.74517637965316,38813188600.5099,,PRY,PRY
1366,2012,54,Paraguay,5.779,,,,,,,,,,PRY,PRY2012,Paraguay,py,2012,3.67591897974496,33271921136.315,5642.1699167298,4.085,11.7942698365307,4.79827587865157,-0.708043112316886,-1.8192171071173,15.7041029014301,16.6920046610406,9.45777835121958,31826845945.9459,,PRY,PRY
1367,2011,70,Paraguay,5.398,,,,,,,,,,PRY,PRY2011,Paraguay,py,2011,8.2539682539683,33756238766.5,5805.40154543044,4.67,11.7058473870639,5.09571053875749,4.28637120702282,-0.677611879362919,13.0832818921182,15.5615483849859,9.36683510297004,32316546158.8783,,PRY,PRY
1368,2024,65,Peru,5.947,5.844,6.049,1.323,1.364,0.551,0.71,0.05,0.021,1.929,PER,PER2024,Peru,pe,2024,2.00770739412712,,,4.828,,,,,,,,,,PER,PER
1369,2023,68,Peru,5.841,5.736,5.946,1.371,1.18,0.662,0.615,0.078,0.029,1.907,PER,PER2023,Peru,pe,2023,6.45561348369586,267603248655.253,7906.58502858,4.899,,6.56634363134418,-0.55018230632048,0.829344941528944,,,,253422835356.13,,PER,PER
1370,2022,75,Peru,5.526,5.412,5.64,1.39,1.153,0.499,0.549,0.073,0.027,1.835,PER,PER2022,Peru,pe,2022,8.33370630096231,246488757636.211,7363.27206939639,3.85,7.47452596171798,4.76646193670118,2.72550021563363,-3.9528164279387,,,,229767512928.334,,PER,PER
1371,2021,74,Peru,5.559,5.439,5.679,1.397,0.865,0.735,0.545,0.09,0.037,1.89,PER,PER2021,Peru,pe,2021,4.27166381536798,226354278280.885,6826.9720069846,5.097,0.814299824349344,10.0831018285055,13.3552295093079,-2.06502617018971,22.8441909229558,20.6748661939378,15.9225447315513,208856003550.009,35.2452537131848,PER,PER
1372,2020,64,Peru,5.84,5.692,5.988,0.986,0.833,0.623,0.536,0.087,0.031,2.744,PER,PER2020,Peru,pe,2020,2.00241205759292,201409694755.934,6133.32552410183,7.179,8.888580606911,3.71917119669504,-10.9333065010382,0.938341730002029,26.9065402747666,18.0501223065786,13.2210909618819,196052808902.926,34.7649150438361,PER,PER
1373,2019,63,Peru,5.79680013656616,5.6766300201416,5.91697025299072,0.918549180030823,1.2084059715271,0.824444174766541,0.51321005821228,0.0916118174791336,0.0270326603204012,2.21349954605103,PER,PER2019,Peru,pe,2019,2.25212191358027,228346006003.648,7037.00803692604,3.379,12.2832644568721,1.87221626775495,2.24063176875049,-0.623492995809212,20.6619118591877,19.5290026661565,14.5254040570996,220088217727.993,26.5266050304096,PER,PER
1374,2018,65,Peru,5.697,,,,,,,,,,PER,PER2018,Peru,pe,2018,1.50915423024742,222597009739.235,6978.49121548627,3.492,11.9886777000573,2.27741531762133,3.969351341365,-1.17201548545427,19.8892517491084,19.0379642707319,14.2863713099787,211617892395.279,25.7290009576063,PER,PER
1375,2017,65,Peru,5.663,,,,,,,,,,PER,PER2017,Peru,pe,2017,2.99490045809443,211007984080.911,6736.16693725487,3.691,12.7122035671679,3.61565826105974,2.51883544233135,-0.857819433900692,20.1502784685185,17.8234033989894,13.1743416510927,201299928108.921,24.7483395120072,PER,PER
1376,2016,63,Peru,5.715,,,,,,,,,,PER,PER2016,Peru,pe,2016,3.55717663556279,191898104390.379,6217.03599995447,3.741,12.9852567811511,3.08088269037734,3.95331871520767,-2.20406789294844,19.1880269352898,18.2765652206734,13.7875476429229,183940620942.667,23.7062564342415,PER,PER
1377,2015,64,Peru,5.743,,,,,,,,,,PER,PER2015,Peru,pe,2015,3.39809194746308,189802976285.619,6231.71150338894,3.272,13.0638220152775,2.69052090074331,3.25224477218451,-4.60845775233445,20.5675823700928,19.679565807863,14.9196513179116,183303872361.819,22.865554469277,PER,PER
1378,2014,58,Peru,5.824,,,,,,,,,,PER,PER2014,Peru,pe,2014,3.41194579807465,200786250582.943,6667.13410360861,3.208,12.994785090205,2.43244108501779,2.38215737180541,-4.2824745585632,20.5114219115948,21.8296907288523,16.7209266785318,191695514405.553,19.56538960172,PER,PER
1379,2012,55,Peru,5.776,,,,,,,,,,PER,PER2012,Peru,pe,2012,3.61121294940163,192650021648.583,6519.37852981527,3.238,17.8200224863401,1.20258494022738,6.13972470560435,-2.79147705040979,17.9177884982323,21.5132965845721,16.5466871027669,180517336685.894,19.2166594587652,PER,PER
1380,2011,77,Peru,5.258,,,,,,,,,,PER,PER2011,Peru,pe,2011,3.36931095333853,171761737046.585,5861.35793645245,3.477,11.1780878633624,6.7457871247569,6.32719240161117,-1.96422212136988,17.6278849212839,20.8025617676613,15.9688951452089,159083185069.533,20.7202165724133,PER,PER
1381,2024,57,Philippines,6.107,5.994,6.22,1.177,1.385,0.315,0.966,0.075,0.11,2.079,PHL,PHL2024,Philippines,ph,2024,3.21260487006347,,,2.153,,,,,,,,,,PHL,PHL
1382,2023,53,Philippines,6.048,5.929,6.166,1.232,1.146,0.441,0.826,0.099,0.136,2.167,PHL,PHL2023,Philippines,ph,2023,5.97802515541409,437146372729.942,3804.8725797521,2.222,,4.59648506190769,5.54585117087767,-2.83353281449545,16.8770861651743,15.7187829817515,14.1015072518775,485154567168.652,,PHL,PHL
1383,2022,76,Philippines,5.523,5.371,5.675,1.238,1.108,0.286,0.714,0.104,0.141,1.931,PHL,PHL2022,Philippines,ph,2022,5.82115811213955,404353369604.631,3548.06930572116,2.598,,5.48864820202009,7.58098212785563,-4.51605763317135,18.6068893324404,16.0827426789485,14.6190058206626,428113122133.855,,PHL,PHL
1384,2021,60,Philippines,5.904,5.8,6.007,1.268,0.912,0.514,0.678,0.107,0.142,2.283,PHL,PHL2021,Philippines,ph,2021,3.92718022100332,394087359848.11,3484.38593882819,3.398,,2.2824784602486,5.71473313426225,-1.50797765976295,19.1392292224505,15.4805124388839,14.1300039313539,408104073652.169,,PHL,PHL
1385,2020,62,Philippines,5.88,5.778,5.982,0.853,0.828,0.426,0.651,0.125,0.126,2.872,PHL,PHL2020,Philippines,ph,2020,2.3931623931624,361751145451.597,3227.57910235199,2.522,,1.6504901854719,-9.5182947406494,3.20065009232564,19.5603029244639,15.9052544996477,13.9509857073772,389165789740.532,,PHL,PHL
1386,2019,52,Philippines,6.00600004196167,5.90827751159668,6.10372257232666,0.775120675563812,1.24538171291351,0.602189481258392,0.62191516160965,0.129260212182999,0.130385726690292,2.50174188613892,PHL,PHL2019,Philippines,ph,2019,2.39206534422404,376823402244.928,3400.78949772302,2.237,6.3544615865094,0.697076301045342,6.11852566118505,-0.808557862517338,14.8073074113259,16.0691583518188,14.4884730212515,414552288030.862,,PHL,PHL
1387,2018,69,Philippines,5.631,,,,,,,,,,PHL,PHL2018,Philippines,ph,2018,5.30934661627707,346841896583.515,3168.51036606257,2.338,2.29210640315297,3.74065383086987,6.34148557098946,-2.55939306315271,14.2125593181982,15.518451436653,14.0475332791904,383816939950.168,,PHL,PHL
1388,2017,71,Philippines,5.524,,,,,,,,,,PHL,PHL2017,Philippines,ph,2017,2.85318772590947,328480736798.792,3038.12124955619,2.552,3.23199926868631,2.32025994680146,6.93098832521765,-0.652387929430577,13.6131575685269,14.9321380731304,13.5937937492138,364718697508.835,,PHL,PHL
1389,2016,72,Philippines,5.43,,,,,,,,,,PHL,PHL2016,Philippines,ph,2016,1.25369880080982,318627003012.52,2985.19564020101,2.695,4.3065509839925,1.2803117382459,7.14945675286656,-0.376262661570348,13.4351490149158,14.5097320230323,13.0871006914948,354012676979.657,,PHL,PHL
1390,2015,82,Philippines,5.279,,,,,,,,,,PHL,PHL2015,Philippines,ph,2015,0.674192536845408,306445871246.718,2909.85818014474,3.068,6.34358648951781,-0.719682789326697,6.34830971539886,2.37094985952193,13.4767411154665,14.677050281683,13.0196105915341,341466825828.893,,PHL,PHL
1391,2014,90,Philippines,5.073,,,,,,,,,,PHL,PHL2014,Philippines,ph,2014,3.59782343864211,297483555344.802,2866.83803767919,3.6,2.39960023627699,3.05305530800513,6.34798748029741,3.61563913350118,12.8216477695435,14.4354568986788,13.0155171794537,331766346480.069,43.4263389404755,PHL,PHL
1392,2012,92,Philippines,4.985,,,,,,,,,,PHL,PHL2012,Philippines,ph,2012,3.02696391124796,261920540972.102,2614.61644410764,3.504,3.61326895307167,1.99417610100127,6.89695170786769,2.65327822076163,13.5454813743813,13.8032343786345,12.3059271147044,290823739749.145,49.1574552049271,PHL,PHL
1393,2011,103,Philippines,4.825,,,,,,,,,,PHL,PHL2011,Philippines,ph,2011,4.7184170471842,234216730295.938,2383.91892526787,3.592,2.6409504980993,3.91880578110506,3.85823282420755,2.40919069908821,13.5211906616269,13.3982787220552,11.8490007823205,259495340501.428,48.805848124495,PHL,PHL
1394,2024,26,Poland,6.673,6.611,6.734,1.666,1.595,0.63,0.79,0.021,0.169,1.802,POL,POL2024,Poland,pl,2024,3.7842600751287,,,2.472,,,,,,,,,,POL,POL
1395,2023,35,Poland,6.442,6.37,6.513,1.738,1.417,0.639,0.6,0.081,0.175,1.791,POL,POL2023,Poland,pl,2023,11.5289127961105,809200697797.088,22056.6661704127,2.743,,9.54718862520608,0.138832754787188,1.79621693846398,39.2552938167515,36.0388169131676,18.0711486619571,778230830221.408,,POL,POL
1396,2022,39,Poland,6.26,6.177,6.343,1.767,1.474,0.477,0.511,0.12,0.139,1.772,POL,POL2022,Poland,pl,2022,14.4294507575758,695607470875.276,18891.2121169279,2.811,,10.689577427514,5.25545697386036,-2.27455866454271,36.0632407243175,33.8091813534998,17.1225309189416,668250895914.937,,POL,POL
1397,2021,48,Poland,6.123,6.04,6.205,1.758,1.174,0.712,0.523,0.124,0.14,1.693,POL,POL2021,Poland,pl,2021,5.05502704719272,689170230665.35,18635.5104895754,3.268,,5.34023602800748,6.92718266052501,-1.30156521580162,36.9985474454804,35.7886364097481,18.9590677200004,658886045351.756,,POL,POL
1398,2020,45,Poland,6.166,6.087,6.245,1.309,0.982,0.668,0.558,0.08,0.13,2.438,POL,POL2020,Poland,pl,2020,3.37446972618589,605914237903.742,15987.5753654045,3.155,,4.23859434856777,-2.03556882399977,2.39835922164097,40.522296880667,34.7081923171819,17.291144093996,583489675593.182,,POL,POL
1399,2019,43,Poland,6.1862998008728,6.11671924591064,6.25588035583496,1.16922914981842,1.31039977073669,0.868038475513458,0.557903528213501,0.0633742436766624,0.160541251301765,2.05679798126221,POL,POL2019,Poland,pl,2019,2.227478809383,602683770144.88,15874.5220531254,3.267,,3.02644690867653,4.58045817256199,-0.272945793712772,33.827053466204,34.1467261960069,17.1407592886385,577797688425.851,,POL,POL
1400,2018,40,Poland,6.182,,,,,,,,,,POL,POL2018,Poland,pl,2018,1.81295156542679,594616687350.017,15658.2120316794,3.835,,1.22699825174134,6.2458584723942,-1.96597240687912,33.0589633854181,34.1003647349327,17.1848218488937,569457737081.91,,POL,POL
1401,2017,42,Poland,6.123,,,,,,,,,,POL,POL2017,Poland,pl,2017,2.0759355367385,528356676667.211,13913.3402919927,4.867,,1.77020284945432,5.15245773325907,-1.18631982461877,34.2617520918092,33.5318974617845,16.7355756807269,505864085381.071,,POL,POL
1402,2016,46,Poland,5.973,,,,,,,,,,POL,POL2016,Poland,pl,2016,-0.664767331433961,473259583969.643,12464.0110508476,6.141,,0.0828624483893066,3.03117767594847,-1.06875807090352,34.8011532937469,32.8126112028125,16.2090291324573,454775433601.938,,POL,POL
1403,2015,57,Poland,5.835,,,,,,,,,,POL,POL2015,Poland,pl,2015,-0.87412587412577,480054118583.367,12637.5220324406,7.475,,1.32071091723995,4.43176700264478,-1.3254755565429,34.1387372869929,32.4821172392908,15.6135953190934,462002918158.907,,POL,POL
1404,2014,60,Poland,5.791,,,,,,,,,,POL,POL2014,Poland,pl,2014,0.0538213132399802,542134167178.627,14262.2841914116,8.971,,0.482272387523025,3.92050862390032,-2.97288032663133,35.0749023643641,32.2897733286165,15.6271982270924,521376161737.583,,POL,POL
1405,2012,51,Poland,5.822,,,,,,,,,,POL,POL2012,Poland,pl,2012,3.56037151702783,498148649702.66,13087.420943321,10.031,,2.18343357394524,1.51178167644575,-4.11182485634079,35.0580862781262,32.7536212229741,16.0052569222101,479188660855.595,,POL,POL
1406,2011,53,Poland,5.803,,,,,,,,,,POL,POL2011,Poland,pl,2011,4.2394014962594,527848543023.469,13867.6669408192,9.576,,3.06571454649757,5.25546256612796,-5.11055687403888,34.8359106996135,32.537093932932,16.6696825635336,509126016589.444,,POL,POL
1407,2024,60,Portugal,6.013,5.907,6.118,1.646,1.56,0.822,0.879,0.04,0.034,1.032,PRT,PRT2024,Portugal,pt,2024,2.41613187791884,,,6.384,,,,,,,,,,PRT,PRT
1408,2023,55,Portugal,6.03,5.925,6.134,1.728,1.368,0.699,0.757,0.047,0.035,1.397,PRT,PRT2023,Portugal,pt,2023,4.31128191898672,289114289663.542,27331.2094945255,6.509,,6.90236590321598,2.52628110806764,0.561731143094815,37.5720219836965,37.7731930829814,22.8699241808978,281752856063.905,,PRT,PRT
1409,2022,56,Portugal,5.968,5.86,6.076,1.758,1.356,0.537,0.693,0.031,0.037,1.556,PRT,PRT2022,Portugal,pt,2022,7.83269124233323,256898675068.927,24620.519556875,6.011,,5.32749894377305,6.98584193827881,-2.08477768135412,39.3111765510363,38.0831326873869,23.1729319243708,251691706536.851,,PRT,PRT
1410,2021,56,Portugal,6.016,5.911,6.122,1.76,1.078,0.777,0.655,0.016,0.039,1.691,PRT,PRT2021,Portugal,pt,2021,1.26565719069044,256055879091.139,24711.4510062111,6.577,,2.01977632737365,5.55875752305435,-0.672210743652409,42.4539286342892,37.7052925940193,22.2832932193953,252978982539.953,,PRT,PRT
1411,2020,59,Portugal,5.929,5.821,6.037,1.323,0.939,0.76,0.621,0.029,0.033,2.225,PRT,PRT2020,Portugal,pt,2020,-0.0124383299575305,229618773422.577,22299.4044062173,6.801,,2.10314342298463,-8.20463206255478,-0.629832722737585,44.5273320079934,37.7665912618546,22.2595830862446,225467491361.699,,PRT,PRT
1412,2019,59,Portugal,5.9109001159668,5.8067102432251,6.0150899887085,1.16880083084106,1.33953034877777,0.979315280914307,0.589895188808441,0.0530369468033314,0.0277334656566381,1.75255870819092,PRT,PRT2019,Portugal,pt,2019,0.338178410046034,240115970063.019,23343.3628970034,6.464,,1.83436786237921,2.74568471619554,0.765771121812592,38.6689545444553,37.4542586260299,22.4472570141358,233752871351.921,,PRT,PRT
1413,2018,66,Portugal,5.693,,,,,,,,,,PRT,PRT2018,Portugal,pt,2018,0.993715683468326,242092894542.888,23541.1401075289,6.994,,1.8523724616237,2.94628241620853,0.7276825303456,39.2823047343675,37.6059440214255,22.8445730542681,236395409034.201,,PRT,PRT
1414,2017,77,Portugal,5.41,,,,,,,,,,PRT,PRT2017,Portugal,pt,2017,1.36861411643472,220862990767.229,21442.3842768879,8.869,,1.53220021015437,3.31472078233416,1.56389644169824,41.668947889985,37.2991776711652,22.6364061063622,216161830459.115,,PRT,PRT
1415,2016,89,Portugal,5.195,,,,,,,,,,PRT,PRT2016,Portugal,pt,2016,0.607397074641719,206305431241.638,19980.2808866516,11.068,,1.85408723431426,2.00414109360487,1.42555528145605,41.3199326718019,37.2639343776862,22.6170386298855,201411635475.272,,PRT,PRT
1416,2015,94,Portugal,5.123,,,,,,,,,,PRT,PRT2015,Portugal,pt,2015,0.48793862390472,199038523119.639,19215.7813014347,12.447,,1.96244673853694,1.58979828893855,0.508297093307308,44.0036278174494,37.9656455268759,23.078466918073,194045468799.965,,PRT,PRT
1417,2014,88,Portugal,5.102,,,,,,,,,,PRT,PRT2014,Portugal,pt,2014,-0.278153367467428,230078616299.675,22120.6850127107,13.897,,0.724456717260622,0.741391470583679,0.315317528197346,47.560533270166,38.3937765369021,22.8746795754976,225198395238.514,,PRT,PRT
1418,2012,85,Portugal,5.101,,,,,,,,,,PRT,PRT2012,Portugal,pt,2012,2.77333854051586,216536676771.973,20593.4274224109,15.531,,-0.376402236465708,-4.05090261868355,-1.52721549957903,44.362913573288,36.4004717016117,21.0111817015375,211105801823.003,,PRT,PRT
1419,2011,73,Portugal,5.327,,,,,,,,,,PRT,PRT2011,Portugal,pt,2011,3.65301100430724,245426767676.002,23246.5425416481,12.682,,-0.260435343228338,-1.71352750320345,-6.11854777822696,44.4757197536512,36.4502204173696,21.3595814303725,241146265856.975,,PRT,PRT
1420,2015,15,Puerto Rico,7.039,,,,,,,,,,PRI,PRI2015,Puerto Rico,pr,2015,,103375500000.0,29763.4883013861,12.0,,1.97754447018805,-1.04929003238674,,,,,69602000000.0,,PRI,PRI
1421,2011,27,Puerto Rico,6.593,,,,,,,,,,PRI,PRI2011,Puerto Rico,pr,2011,,100351700000.0,27278.8830499205,15.7,,2.36982634915921,-0.358510628287917,,,,,65720700000.0,,PRI,PRI
1422,2018,29,Qatar,6.374,,,,,,,,,,QAT,QAT2018,Qatar,qa,2018,0.255815382724408,183334953818.681,71039.8490579352,0.11,-6.6128188668191,12.4144035260003,1.23487220191065,9.08293669883969,,,,179589624148.352,,QAT,QAT
1423,2017,32,Qatar,6.374,,,,,,,,,,QAT,QAT2017,Qatar,qa,2017,0.394878914083005,161099122225.275,63279.8556949332,0.14,-2.86771171538501,7.78756965604812,-1.49760470227838,3.98856887721847,,,,160679616730.769,,QAT,QAT
1424,2016,35,Qatar,6.375,,,,,,,,,,QAT,QAT2016,Qatar,qa,2016,2.6765917009819,151732181868.132,61253.6375482797,0.15,14.3011557096888,-8.97669905751843,3.06419188430156,-5.45006694867961,,,,150622841208.791,,QAT,QAT
1425,2015,36,Qatar,6.375,,,,,,,,,,QAT,QAT2015,Qatar,qa,2015,1.8140772393776,161739955576.923,68985.2946961507,0.17,39.4893730514304,-25.1298074959928,4.75334572438737,8.50181028353526,,,,158174570961.538,,QAT,QAT
1426,2014,28,Qatar,6.611,,,,,,,,,,QAT,QAT2014,Qatar,qa,2014,3.34972085659523,206224598571.429,95840.6310094498,0.2,6.5437014774265,-1.4827510630932,5.33432329196459,23.9592611415734,,,,196924049120.879,,QAT,QAT
1427,2012,27,Qatar,6.666,,,,,,,,,,QAT,QAT2012,Qatar,qa,2012,2.31534853431661,186833502362.637,108470.378825036,0.48,-0.892370941640354,6.32996223555197,4.73001184360784,33.1847245628586,,,,174708777087.912,,QAT,QAT
1428,2011,31,Qatar,6.569,,,,,,,,,,QAT,QAT2011,Qatar,qa,2011,1.13836623529202,167775268626.374,103261.506539346,0.56,-10.808399552063,18.2701713424367,13.3751764107929,31.0675119241216,,,,154504256813.187,,QAT,QAT
1429,2024,58,Republic of Korea,6.038,5.945,6.131,1.709,1.357,0.903,0.678,0.1,0.139,1.152,KOR,KOR2024,"Korea, Rep.",kr,2024,2.32174328643542,,,2.604,,,,,,,,,,KOR,KOR
1430,2023,52,Republic of Korea,6.058,5.968,6.148,1.815,1.178,0.77,0.555,0.126,0.158,1.456,KOR,KOR2023,"Korea, Rep.",kr,2023,3.5974562502901,1712792854202.37,33121.3712885508,2.675,3.06189296952557,2.06407396162432,1.35673324311098,1.91626791993389,30.5053798203587,29.4603899687342,15.7242791307935,1744702631805.69,52.2965549034288,KOR,KOR
1431,2022,57,Republic of Korea,5.951,5.862,6.04,1.853,1.188,0.603,0.446,0.112,0.163,1.587,KOR,KOR2022,"Korea, Rep.",kr,2022,5.08951365062842,1673916511799.71,32394.6833725203,2.857,2.97897986524902,1.27552257409207,2.61267219187226,1.54300407564714,33.6430322591716,32.0041644408096,18.4445796703636,1698504131878.33,51.1791323198157,KOR,KOR
1432,2021,59,Republic of Korea,5.935,5.849,6.021,1.851,0.886,0.841,0.414,0.111,0.176,1.656,KOR,KOR2021,"Korea, Rep.",kr,2021,2.49833333333339,1818432106880.04,35125.5224984723,3.639,0.117975152059719,2.76293194144772,4.30473481906969,4.68690580624589,30.4912143759034,29.9337668091094,16.7347339402527,1838899317165.23,48.955278643504,KOR,KOR
1433,2020,63,Republic of Korea,5.845,5.763,5.928,1.403,0.758,0.801,0.353,0.134,0.135,2.262,KOR,KOR2020,"Korea, Rep.",kr,2020,0.537288023411737,1644312831906.17,31721.2989141857,3.931,1.21885992613016,1.56374685675343,-0.709415359397681,4.6160437677793,29.7259285261153,27.90250204791,14.8612576736336,1658668665990.32,46.4315966423379,KOR,KOR
1434,2019,61,Republic of Korea,5.87239980697632,5.78599309921265,5.95880651473999,1.24530065059662,1.13356053829193,1.02254259586334,0.25935634970665,0.170303866267204,0.0945962816476822,1.94675707817078,KOR,KOR2019,"Korea, Rep.",kr,2019,0.383000303608136,1651422932447.77,31902.4169048194,3.746,4.32142949289067,-0.839325308149668,2.24397786011012,3.61361701036494,27.5124513514783,27.8801616271049,15.1995665314457,1665675897739.53,39.969480137044,KOR,KOR
1435,2018,54,Republic of Korea,5.895,,,,,,,,,,KOR,KOR2018,"Korea, Rep.",kr,2018,1.47583935002645,1725373496825.43,33447.1562836166,3.824,3.16426921092061,0.482948983102617,2.90740377377135,4.48983945461857,24.9180357987045,27.4489232783243,15.5363837327673,1732322374323.88,37.5556431793942,KOR,KOR
1436,2017,57,Republic of Korea,5.875,,,,,,,,,,KOR,KOR2017,"Korea, Rep.",kr,2017,1.94433230786366,1623074183501.9,31600.7358741365,3.653,1.22662019971689,2.22278138152841,3.15963574012777,4.63508697043555,23.9628732652167,26.1846800505088,14.4938185341627,1629690182358.85,37.3486351375477,KOR,KOR
1437,2016,55,Republic of Korea,5.838,,,,,,,,,,KOR,KOR2016,"Korea, Rep.",kr,2016,0.971685739912168,1499679823909.61,29280.4403170048,3.65,1.35455942282986,1.98603850545349,2.94688171508626,6.52964042316155,23.5045488696898,25.7571874228072,13.981952981677,1505162317173.77,38.0655141568922,KOR,KOR
1438,2015,58,Republic of Korea,5.835,,,,,,,,,,KOR,KOR2015,"Korea, Rep.",kr,2015,0.70633177245575,1466038936206.43,28737.4391706499,3.546,0.337001849362955,3.18559596664953,2.80910326824133,7.17024612402236,23.4894294290035,24.8139902551051,13.1581443398916,1470624628355.3,37.4929571097141,KOR,KOR
1439,2014,47,Republic of Korea,5.984,,,,,,,,,,KOR,KOR2014,"Korea, Rep.",kr,2014,1.27477446401322,1484488526271.8,29252.9312377352,3.082,3.32627074144665,0.906896750615815,3.2024537945736,5.5931452840881,23.6188944543038,24.9884443554289,13.2411616632556,1491673283689.83,36.5002640215506,KOR,KOR
1440,2012,41,Republic of Korea,6.267,,,,,,,,,,KOR,KOR2012,"Korea, Rep.",kr,2012,2.18707104433314,1278046536287.01,25459.1689000965,2.812,4.09279126823994,1.2518081696316,2.40253099246186,3.81759181803713,24.6334415518133,26.6522034337066,14.0775914974355,1291410762822.05,32.4090205799357,KOR,KOR
1441,2011,56,Republic of Korea,5.643,,,,,,,,,,KOR,KOR2011,"Korea, Rep.",kr,2011,4.0259650043609,1253289537500.81,25097.595426845,2.992,4.41899075105516,1.2818638059201,3.68566778212526,1.32756234709964,18.1357749652036,20.6923420295748,13.8509676319419,1261047470780.75,,KOR,KOR
1442,2024,80,Republic of Moldova,5.819,5.706,5.933,1.332,1.43,0.414,0.83,0.054,0.037,1.722,MDA,MDA2024,Moldova,md,2024,4.67773516007048,,,1.434,,,,,,,,,,MDA,MDA
1443,2023,71,Republic of Moldova,5.816,5.702,5.93,1.385,1.277,0.542,0.695,0.077,0.044,1.795,MDA,MDA2023,Moldova,md,2023,13.41701043813,16539436547.295,6729.41286813969,1.555,3.33363793902442,8.70839048786753,0.78324270969388,-11.4467623766158,34.8320175699925,29.708479392107,18.7788282655058,16806186549.4146,34.6190791884973,MDA,MDA
1444,2022,63,Republic of Moldova,5.819,5.717,5.922,1.425,1.302,0.375,0.61,0.093,0.02,1.995,MDA,MDA2022,Moldova,md,2022,28.7372976766236,14510490660.2516,5738.42473515618,0.897,-6.25269320835054,19.2532036308322,-5.01548231924089,-17.1069335842635,32.2783659538064,29.3439093728068,18.9403645740556,14570210660.9501,34.5213178653949,MDA,MDA
1445,2021,62,Republic of Moldova,5.857,5.766,5.948,1.417,1.008,0.597,0.561,0.102,0.028,2.142,MDA,MDA2021,Moldova,md,2021,5.10641129002836,13691869264.0794,5274.60582195352,0.785,0.954053040073207,6.38172855134019,13.9299997889786,-12.4095546577967,29.9554323731733,28.6306561988997,18.3881163669346,13958389264.1744,32.1187790600053,MDA,MDA
1446,2020,66,Republic of Moldova,5.766,5.677,5.856,0.985,0.888,0.542,0.536,0.137,0.013,2.665,MDA,MDA2020,Moldova,md,2020,3.76597122245358,11530746234.4492,4375.7788930524,1.186,2.46743108413222,5.57500940096507,-8.27597831976949,-7.6900486921726,32.7222723725292,28.730607144958,17.9098984894955,11920936240.3002,33.9555752157792,MDA,MDA
1447,2019,70,Republic of Moldova,5.60750007629395,5.52464008331299,5.6903600692749,0.707916796207428,1.23731219768524,0.713299453258514,0.389571487903595,0.174049183726311,0.0143787441775203,2.37096834182739,MDA,MDA2019,Moldova,md,2019,4.83778351428722,11736797054.6965,4405.33418162155,1.466,2.75105922952457,5.35171200346649,3.5523140853476,-9.42148010949479,28.2718051226835,27.6442061685764,17.656290127877,12351757049.22,25.4510119081043,MDA,MDA
1448,2018,71,Republic of Moldova,5.529,,,,,,,,,,MDA,MDA2018,Moldova,md,2018,3.04505397337058,11252353420.8798,4156.44981956646,1.196,5.46110987490281,3.21103213223728,4.07559546585034,-10.7699247852566,27.7835978216092,28.2132967058371,18.014083738484,11788143412.4832,27.5107781705941,MDA,MDA
1449,2017,67,Republic of Moldova,5.64,,,,,,,,,,MDA,MDA2017,Moldova,md,2017,6.57022997455604,9514404016.20949,3453.26727720294,1.586,3.86837094456251,6.25246649143298,4.17561205106279,-5.8373598499054,27.2406325954008,27.5460176684531,17.7273904313314,10070244015.4311,29.6674963417643,MDA,MDA
1450,2016,56,Republic of Moldova,5.838,,,,,,,,,,MDA,MDA2016,Moldova,md,2016,6.35930898037931,7980917075.7748,2847.08794770479,1.557,10.3573741791746,3.5508738308871,4.64601436259409,-3.61387040187985,26.6745413540011,25.7144155907706,16.4301183204667,8426887067.08369,32.2474466077299,MDA,MDA
1451,2015,55,Republic of Moldova,5.897,,,,,,,,,,MDA,MDA2015,Moldova,md,2015,9.67624033101868,7797667196.73087,2749.55137054338,1.742,2.30781538967562,11.5743149591168,-0.338235622387202,-5.93562136370789,28.3300680569036,26.1932303744659,16.2909680870475,8247147199.75981,23.3135833177914,MDA,MDA
1452,2014,52,Republic of Moldova,5.889,,,,,,,,,,MDA,MDA2014,Moldova,md,2014,5.08878554625879,9402090137.7423,3289.95758568777,1.425,5.58218922393701,5.14320721702923,4.99962585407656,-6.04440067766107,29.3674215047913,26.2499864887658,16.8287991530895,10224420143.5917,21.0660070666528,MDA,MDA
1453,2012,53,Republic of Moldova,5.791,,,,,,,,,,MDA,MDA2012,Moldova,md,2012,4.54633427355292,8709138634.82921,3044.8084324815,2.151,5.57968418273751,7.42422201997522,-0.589733954762579,-7.39016827021289,27.8544262189137,26.1270875543098,15.5953463406884,9519279677.54776,20.3471393454785,MDA,MDA
1454,2011,75,Republic of Moldova,5.305,,,,,,,,,,MDA,MDA2011,Moldova,md,2011,7.6872510335619,8414352020.49442,2941.36224066021,2.648,5.77428512369843,8.19079859862242,5.81816614684824,-10.1250094571942,27.3599576796909,25.6061350063637,15.2403272229961,8991792743.46916,19.7666739342535,MDA,MDA
1455,2024,35,Romania,6.563,6.47,6.655,1.636,1.401,0.561,0.847,0.028,0.015,2.075,ROU,ROU2024,Romania,ro,2024,-4.5191101423114,,,5.379,,,,,,,,,,ROU,ROU
1456,2023,32,Romania,6.491,6.39,6.592,1.699,1.236,0.583,0.717,0.041,0.006,2.21,ROU,ROU2023,Romania,ro,2023,10.3971874764996,350775856415.189,18404.2730871704,5.589,-3.05841844463584,12.7699377919606,2.40427177912809,-6.97326015106598,,,,341406887173.994,,ROU,ROU
1457,2022,24,Romania,6.589,6.488,6.69,1.726,1.28,0.423,0.631,0.044,0.0,2.485,ROU,ROU2022,Romania,ro,2022,13.7954887432521,296354358293.475,15557.8826247584,5.614,-3.86724262232895,12.0919624576312,3.96530766311717,-9.22066575659504,37.1727949908237,31.6111842815503,16.1575659433589,287401142589.008,50.8849084169995,ROU,ROU
1458,2021,28,Romania,6.477,6.379,6.575,1.719,1.006,0.655,0.605,0.039,0.006,2.446,ROU,ROU2021,Romania,ro,2021,5.05232876096582,286578196368.297,14986.7854904274,5.59,0.0030716317842362,5.61025509902417,5.5457096259051,-7.17641506065995,37.0004968611526,30.2120181352643,14.9237413745441,280850525992.947,55.763127232688,ROU,ROU
1459,2020,47,Romania,6.14,6.027,6.253,1.275,0.832,0.595,0.564,0.045,0.001,2.83,ROU,ROU2020,Romania,ro,2020,2.63107311184743,252033792712.145,13082.3006559554,5.035,2.28207952392105,4.11051645013276,-3.67438440910189,-5.11170596373103,38.0029756100571,30.0013350418379,14.1465071921172,248241836530.323,57.1432591512537,ROU,ROU
1460,2019,47,Romania,6.12370014190674,6.03073215484619,6.21666812896729,1.12040162086487,1.19443809986115,0.792294859886169,0.53485232591629,0.0681816190481186,0.000829568831250072,2.41274976730347,ROU,ROU2019,Romania,ro,2019,3.82785432599438,251677082534.495,12992.0326104674,3.912,0.20117835036637,6.94651343516345,3.92326384963494,-4.83888471153027,33.6028999372392,29.6771501214245,14.5223191022293,248106362712.884,43.2482552316798,ROU,ROU
1461,2018,48,Romania,6.07,,,,,,,,,,ROU,ROU2018,Romania,ro,2018,4.62548443137779,243468683030.34,12502.2624061935,4.187,0.585245894985438,6.18674870152643,6.120930007146,-4.57574630656688,32.5197676719564,29.7294052906013,14.3743364188349,239021337055.325,42.5380470568596,ROU,ROU
1462,2017,52,Romania,5.945,,,,,,,,,,ROU,ROU2017,Romania,ro,2017,1.3390212110439,210147385855.419,10727.9822007426,4.927,0.872621780869853,4.65130664700149,8.19547826641261,-3.19415712159883,31.596734508301,29.0301690682447,15.586647387346,207139929998.628,44.3270277867867,ROU,ROU
1463,2016,57,Romania,5.825,,,,,,,,,,ROU,ROU2016,Romania,ro,2016,-1.54479666813897,185290759248.844,9404.54005870715,5.901,3.01037862400641,2.61991857394388,2.85993252302089,-2.10324885883263,32.2247603503175,30.1447052108474,17.1118362525795,182793770174.934,47.2791346591961,ROU,ROU
1464,2015,71,Romania,5.528,,,,,,,,,,ROU,ROU2015,Romania,ro,2015,-0.594156437495203,177885131240.315,8977.01748158196,6.812,3.39222469611366,3.26453494332559,3.1570360543854,-0.637491637323504,33.0135797053001,32.8476962834535,18.9181762479079,176016433717.531,45.1695982561751,ROU,ROU
1465,2014,86,Romania,5.124,,,,,,,,,,ROU,ROU2014,Romania,ro,2014,1.06830987684298,199722319675.741,10031.7710755404,6.802,6.63787782811327,1.71417093292732,4.11600109267832,-0.341464408053706,32.4416023202099,31.7187343494218,17.9390645906369,198781424858.361,46.267365320935,ROU,ROU
1466,2012,90,Romania,5.033,,,,,,,,,,ROU,ROU2012,Romania,ro,2012,3.33492267693442,179117323107.087,8929.95366231474,6.794,7.24295337975641,3.81023942192328,1.90361696799603,-4.5780429237629,32.3000888420702,29.9762545863773,17.1587053558134,176155821463.583,40.3917534469162,ROU,ROU
1467,2011,80,Romania,5.178,,,,,,,,,,ROU,ROU2011,Romania,ro,2011,5.7892532881588,192623977894.173,9560.6755277458,7.177,7.83299754096995,3.98254945792303,4.49558909946313,-4.81588301986923,33.654601650106,29.8967874871219,17.2153737430501,190288593351.457,37.245722751539,ROU,ROU
1468,2024,66,Russian Federation,5.945,5.865,6.026,1.63,1.549,0.47,0.702,0.095,0.125,1.373,RUS,RUS2024,Russian Federation,ru,2024,,,,2.527,,,,,,,,,,RUS,RUS
1469,2023,72,Russian Federation,5.785,5.712,5.859,1.642,1.351,0.531,0.551,0.138,0.121,1.451,RUS,RUS2023,Russian Federation,ru,2023,,2021421476035.42,13817.0458984375,3.076,4.24838463209547,7.07360156603734,3.60000000000001,2.48008562206929,30.3377520345609,29.4453325952277,12.3719261393058,1994504886035.41,18.9616724306898,RUS,RUS
1470,2022,70,Russian Federation,5.661,5.588,5.734,1.68,1.383,0.366,0.449,0.12,0.091,1.572,RUS,RUS2022,Russian Federation,ru,2022,,2266029240645.34,15445.2421875,3.867,-4.50335865315288,16.7152740606271,-2.06971152527731,10.4912490569379,31.7525190243487,27.3083642947007,10.9703387752924,2219007320645.76,19.5062376778091,RUS,RUS
1471,2021,80,Russian Federation,5.459,5.392,5.525,1.685,1.095,0.586,0.401,0.117,0.08,1.494,RUS,RUS2021,Russian Federation,ru,2021,6.69445891957612,1843392293734.38,12521.5224609375,4.749,-10.2423105030022,19.4115890615904,5.61429037578345,6.77842857565971,30.5455761442173,26.3708632811249,11.606494475109,1800376274532.51,20.8666992191571,RUS,RUS
1472,2020,77,Russian Federation,5.477,5.413,5.541,1.241,0.992,0.511,0.409,0.115,0.06,2.148,RUS,RUS2020,Russian Federation,ru,2020,3.38165937237898,1493075894362.14,10108.3271484375,5.62,5.8252621205664,0.898246027195242,-2.65365450102773,2.36911533657246,35.2998185923772,27.6767173115632,10.7991196203537,1458071184362.37,22.992021036968,RUS,RUS
1473,2019,73,Russian Federation,5.5460000038147,5.46836519241333,5.62363481521606,1.12699961662292,1.37864410877228,0.680445909500122,0.399499595165253,0.0990419164299965,0.0456993617117405,1.81571674346924,RUS,RUS2019,Russian Federation,ru,2019,4.47036660760173,1693115002708.32,11447.701171875,4.513,5.31670923072754,3.26313281881684,2.19807571335009,3.87612476973049,29.6140297769421,27.4804517541099,10.938399737976,1639594452707.88,17.2760484379376,RUS,RUS
1474,2018,68,Russian Federation,5.648,,,,,,,,,,RUS,RUS2018,Russian Federation,ru,2018,2.87829723647884,1657328773461.31,11211.8876953125,4.871,-1.02848259453331,9.99797671148308,2.80724541059601,6.97989872935135,28.9441478427563,27.5163963231875,11.4687676015317,1616936904758.28,16.1685789853238,RUS,RUS
1475,2017,59,Russian Federation,5.81,,,,,,,,,,RUS,RUS2017,Russian Federation,ru,2017,3.68332944412233,1574199360089.0,10658.9130859375,5.238,4.94560423099718,5.34981508767618,1.82579006401834,2.04412673615753,30.7103051722937,24.4845856851678,10.2884056740183,1532146060813.91,16.3253741158845,RUS,RUS
1476,2016,49,Russian Federation,5.963,,,,,,,,,,RUS,RUS2016,Russian Federation,ru,2016,7.04244762954799,1276786350881.14,8663.158203125,5.591,9.48435447263491,2.84422269802643,0.193690071260534,1.91643731021353,31.0284467524216,24.2684308208386,9.18312209969854,1241289768349.06,14.2417395793548,RUS,RUS
1477,2015,56,Russian Federation,5.856,,,,,,,,,,RUS,RUS2015,Russian Federation,ru,2015,15.5344050528403,1363482182197.71,9277.7138671875,5.615,7.89459357479114,7.24973590678889,-1.97271922580408,4.97088857375125,30.6476505158828,24.4720476684928,10.6420948088217,1325733351220.47,13.5407657768558,RUS,RUS
1478,2014,64,Russian Federation,5.716,,,,,,,,,,RUS,RUS2014,Russian Federation,ru,2014,7.82341183865513,2059241589895.01,14055.47265625,5.212,3.39714683575481,7.49007111696609,0.736267221765672,2.79290979175164,26.4617539784902,27.1517347071711,13.2553613046452,1991279402292.03,11.2004612827286,RUS,RUS
1479,2012,68,Russian Federation,5.464,,,,,,,,,,RUS,RUS2012,Russian Federation,ru,2012,5.07474300799149,2208293553878.42,15401.8515625,5.484,0.176416618842598,8.90786842087834,4.02408615746921,3.22793090052757,24.1958551261758,27.2377003203952,13.7546730412872,2140632821885.44,8.55140859340356,RUS,RUS
1480,2011,76,Russian Federation,5.284,,,,,,,,,,RUS,RUS2011,Russian Federation,ru,2011,8.4404648593257,2045922753398.04,14305.33203125,6.571,-12.8569352915768,24.4600860621898,4.30002918567749,4.75452652542426,23.3499683933859,29.1482849253086,13.9542036796753,1985523437666.18,8.64108194430582,RUS,RUS
1481,2021,143,Rwanda,3.268,3.074,3.462,0.785,0.133,0.462,0.621,0.187,0.544,0.536,RWA,RWA2021,Rwanda,rw,2021,-0.391346748300791,11069280649.6459,828.833032800998,15.775,12.9483222313441,2.85751132750647,10.8579677614975,-10.924027530399,20.3056091539863,21.4510885908876,14.476131510883,10843185964.5843,,RWA,RWA
1482,2020,148,Rwanda,3.415,3.282,3.548,0.364,0.202,0.407,0.627,0.227,0.493,1.095,RWA,RWA2020,Rwanda,rw,2020,9.85039902274207,10174387374.3478,778.701538550324,11.829,9.02726772141586,6.71183680148918,-3.37368746369782,-12.064812216896,21.5299234136986,21.3818577861111,15.0744687955714,9937664507.81212,,RWA,RWA
1483,2019,150,Rwanda,3.31229996681213,3.20954656600952,3.41505336761475,0.343242675065994,0.52287632226944,0.572383284568787,0.604087889194489,0.235704988241196,0.485542476177216,0.548444986343384,RWA,RWA2019,Rwanda,rw,2019,3.34787655037648,10349300380.33,810.051420243718,11.236,13.717350611345,2.47117029507604,9.44738518613097,-11.8932236858243,19.3459477614836,20.7410796619662,14.6053573065033,10001278819.8817,,RWA,RWA
1484,2018,152,Rwanda,3.334,,,,,,,,,,RWA,RWA2018,Rwanda,rw,2018,-0.311210160390699,9637904655.17446,771.773521962568,10.759,17.656522610566,-0.603329019206939,8.51646722592409,-10.114250948548,18.6862551605661,20.4227338483464,14.2497109124285,9290176578.87054,,RWA,RWA
1485,2017,151,Rwanda,3.408,,,,,,,,,,RWA,RWA2017,Rwanda,rw,2017,8.27953672260832,9252834336.49492,758.301002985965,11.875,8.32839190737932,8.16262594714252,3.91817093628465,-9.46048131401367,18.6727527881822,19.7925342168543,13.4513713908946,8961396887.97232,,RWA,RWA
1486,2016,151,Rwanda,3.471,,,,,,,,,,RWA,RWA2016,Rwanda,rw,2016,7.17434301982009,8695272300.91019,729.519154199595,11.801,11.6743123556092,5.03012214050614,5.97074525431094,-15.3051258052923,18.4596733146591,20.024072633037,14.4161495047057,8456915984.28202,,RWA,RWA
1487,2015,152,Rwanda,3.515,,,,,,,,,,RWA,RWA2015,Rwanda,rw,2015,2.52850284192421,8543759677.58157,733.998585018273,11.838,16.7659340409904,0.485928791648902,8.8568555974538,-12.6837777141814,16.9330145798429,18.9428692571806,13.2938948827544,8381415487.9646,,RWA,RWA
1488,2014,154,Rwanda,3.465,,,,,,,,,,RWA,RWA2014,Rwanda,rw,2014,2.35449052820358,8238966063.86692,724.957521209377,11.844,11.9607651018482,4.73237348815783,6.16716615166932,-11.3438930759343,17.4176076115731,18.2524162000775,12.947629272471,8050147969.23617,,RWA,RWA
1489,2012,152,Rwanda,3.715,,,,,,,,,,RWA,RWA2012,Rwanda,rw,2012,10.2710182318876,7654761573.54991,706.817317494399,11.701,11.4386055799393,4.7228346580055,8.64150815836322,-9.68045775900612,,,,7552066586.40123,,RWA,RWA
1490,2011,132,Rwanda,4.204,,,,,,,,,,RWA,RWA2011,Rwanda,rw,2011,3.0801706924026,6884913658.10632,651.133677964662,11.775,8.84027616090931,7.19147737875907,7.95838869847094,-6.92834416704242,,,,6827682931.80234,,RWA,RWA
1491,2024,32,Saudi Arabia,6.6,6.497,6.702,1.743,1.566,0.714,0.915,0.105,0.187,1.37,SAU,SAU2024,Saudi Arabia,sa,2024,1.68792112375817,,,3.896,,,,,,,,,,SAU,SAU
1492,2023,28,Saudi Arabia,6.594,6.48,6.707,1.842,1.361,0.511,0.787,0.114,0.188,1.79,SAU,SAU2023,Saudi Arabia,sa,2023,2.32708518362692,1067582933333.33,32093.9622984711,4.008,,-2.96488667496891,-0.754914810584665,3.29091687721662,27.6447464547199,30.2812284416499,8.90827834777226,1073418445360.0,,SAU,SAU
1493,2022,30,Saudi Arabia,6.463,6.344,6.581,1.861,1.37,0.351,0.682,0.093,0.17,1.936,SAU,SAU2022,Saudi Arabia,sa,2022,2.4740737192537,1108571466666.67,34454.1957708412,5.589,,17.9839455619021,7.48598429134137,13.5628144844014,24.5564116852309,30.5056555296342,7.77202251312307,1118179993493.33,,SAU,SAU
1494,2021,25,Saudi Arabia,6.523,6.409,6.637,1.87,1.092,0.577,0.651,0.078,0.18,2.075,SAU,SAU2021,Saudi Arabia,sa,2021,3.06328988941547,874156000000.0,28396.0864182336,6.621,,13.3007001530628,5.07511034987979,4.63688719545091,28.1174592471214,29.4527337475459,9.67348884669067,887051480960.0,,SAU,SAU
1495,2020,27,Saudi Arabia,6.494,6.384,6.604,1.435,0.964,0.571,0.603,0.09,0.163,2.668,SAU,SAU2020,Saudi Arabia,sa,2020,3.44545825956692,734271200000.0,23271.4037647084,7.66,,-9.18456817699072,-3.58153486307663,-3.47926474073661,33.4352754724405,28.3940139101988,8.23747102959451,745486551306.667,,SAU,SAU
1496,2019,27,Saudi Arabia,6.4064998626709,6.29569387435913,6.51730585098267,1.33432853221893,1.30995011329651,0.759818136692047,0.548477470874786,0.0874406844377518,0.163322314620018,2.20311880111694,SAU,SAU2019,Saudi Arabia,sa,2019,-2.09333333333329,838564800000.0,27892.8421521179,5.636,,-2.02274033833496,1.09773374954092,4.58535509505622,28.3126533982579,29.483222132743,6.99777692253749,846719422506.667,,SAU,SAU
1497,2018,28,Saudi Arabia,6.375,,,,,,,,,,SAU,SAU2018,Saudi Arabia,sa,2018,2.45814158007532,846583733333.333,28036.0264674095,6.029,,14.7336140424025,3.19922678028009,8.61769056124221,28.060984871274,28.5326216205745,8.29249731233516,854758208400.0,,SAU,SAU
1498,2017,33,Saudi Arabia,6.371,,,,,,,,,,SAU,SAU2017,Saudi Arabia,sa,2017,-0.838194579675018,714994666666.667,23081.2045336558,5.89,,6.38731634132101,0.911048655580274,1.69587571441748,26.9356079112944,25.7906229771974,3.25981633813735,726876989173.333,,SAU,SAU
1499,2016,37,Saudi Arabia,6.344,,,,,,,,,,SAU,SAU2016,Saudi Arabia,sa,2016,2.06884036053473,666000000000.0,21515.6600083775,5.6,,-2.36045062575421,1.88449273567737,-3.67180807394518,27.8822151877638,20.7987575730923,3.2827628158999,681352861413.333,,SAU,SAU
1500,2015,34,Saudi Arabia,6.379,,,,,,,,,,SAU,SAU2015,Saudi Arabia,sa,2015,1.20607322150109,669484266666.667,22453.571552265,5.6,,-16.4369469112862,4.5090590631757,-7.86281622610283,31.5060030287991,24.4046163295448,3.25862773573768,690847754533.333,,SAU,SAU
1501,2014,35,Saudi Arabia,6.411,,,,,,,,,,SAU,SAU2014,Saudi Arabia,sa,2014,2.23629031536978,766605866666.667,27079.6733871148,5.877,,-2.04340434872742,3.81142279142699,10.4695042638399,28.5643522338467,36.1816867563758,2.73430379870125,789633446080.0,,SAU,SAU
1502,2012,33,Saudi Arabia,6.48,,,,,,,,,,SAU,SAU2012,Saudi Arabia,sa,2012,2.86626887489915,741849866666.667,28348.5730107499,5.622,,4.01223554962029,5.40891607761418,23.4095849519027,25.6414905085679,44.8082397264927,2.51831727318052,761738805173.333,,SAU,SAU
1503,2011,26,Saudi Arabia,6.597,,,,,,,,,,SAU,SAU2011,Saudi Arabia,sa,2011,5.82621608838862,676634666666.667,26966.2941648251,5.77,,15.412103777545,10.9937616764876,24.383882084584,23.0117286334723,44.0426739392602,2.31337048451552,692763354533.333,,SAU,SAU
1504,2024,107,Senegal,4.856,4.732,4.979,0.907,0.977,0.433,0.767,0.129,0.09,1.553,SEN,SEN2024,Senegal,sn,2024,,,,2.992,,,,,,,,,,SEN,SEN
1505,2023,99,Senegal,4.969,4.841,5.096,0.927,0.751,0.392,0.607,0.152,0.069,2.071,SEN,SEN2023,Senegal,sn,2023,5.93947798773215,30848333083.7055,1706.44218024762,2.8,,3.85182919223391,4.58406140454957,-19.6828748022512,23.4471383424065,24.0548192097193,19.4408121819845,29815310912.7186,,SEN,SEN
1506,2022,102,Senegal,4.855,4.727,4.983,0.943,0.727,0.231,0.519,0.142,0.06,2.234,SEN,SEN2022,Senegal,sn,2022,9.69681899081073,27619479059.6131,1564.74522071584,2.837,,8.72786615579552,3.82586363675534,-20.0668972619486,23.2604407000257,22.2809896883086,18.7027845144628,26730995883.9422,,SEN,SEN
1507,2021,103,Senegal,5.046,4.921,5.171,0.933,0.53,0.447,0.494,0.143,0.081,2.419,SEN,SEN2021,Senegal,sn,2021,2.18032278088147,27520784129.7508,1598.10676952274,3.44,,1.44730627584974,6.54400109964304,-12.0900482268387,19.5888527919007,20.8139102456868,17.5501329724803,26818952801.8446,,SEN,SEN
1508,2020,93,Senegal,5.132,4.998,5.266,0.518,0.558,0.357,0.381,0.158,0.088,3.071,SEN,SEN2020,Senegal,sn,2020,2.54314685681652,24530513037.7518,1461.08720350553,3.437,,1.60273383045899,1.3420737726679,-10.8532305243561,20.9459226870621,20.2302779535469,17.4488278981927,24122233479.2522,,SEN,SEN
1509,2019,101,Senegal,4.98080015182495,4.87737274169922,5.08422756195068,0.504061818122864,0.954593420028687,0.518391907215118,0.352400898933411,0.16439713537693,0.0818659365177155,2.4051239490509,SEN,SEN2019,Senegal,sn,2019,1.76011151192938,23403995992.1354,1431.18128932159,2.863,,2.08580185181253,4.61362809749708,-8.10949609772066,21.2330008972598,21.2096729266894,18.4192836371669,22793623628.4741,,SEN,SEN
1510,2018,111,Senegal,4.681,,,,,,,,,,SEN,SEN2018,Senegal,sn,2018,0.460985642464282,23116701556.1381,1452.55612562445,3.455,,-0.839644464738328,6.20924103389086,-9.58292425612148,19.8471337116101,19.7715974515781,16.3782524667298,22515158389.2178,,SEN,SEN
1511,2017,109,Senegal,4.631,,,,,,,,,,SEN,SEN2017,Senegal,sn,2017,1.3181531484778,20996562943.5979,1356.80518449031,4.078,4.5140477813771,0.598916826886537,7.4074861863013,-7.26914082739769,19.7879059351511,21.3413004622002,15.9064516552729,20409580182.44,,SEN,SEN
1512,2016,115,Senegal,4.535,,,,,,,,,,SEN,SEN2016,Senegal,sn,2016,0.837284942557434,19040312333.1864,1266.43957151587,4.455,4.29827404463135,0.955649520089025,6.35606857181878,-4.178756111634,18.3100718301521,20.8189569514001,16.3711764463022,18541862786.7709,,SEN,SEN
1513,2015,128,Senegal,4.219,,,,,,,,,,SEN,SEN2015,Senegal,sn,2015,0.13521193363526,17774766696.1759,1218.00613555438,6.757,4.04115044114453,1.06978461964601,6.36704365066983,-5.31619475400192,18.2988992923632,19.1978528881255,15.7743360472944,17312461398.5564,,SEN,SEN
1514,2014,142,Senegal,3.904,,,,,,,,,,SEN,SEN2014,Senegal,sn,2014,-1.09025507446895,19797253440.2679,1398.89137601382,5.841,6.95969224016425,-1.51585973451603,6.22407443790986,-6.80294523804886,,,,19408861677.0509,,SEN,SEN
1515,2012,147,Senegal,3.959,,,,,,,,,,SEN,SEN2012,Senegal,sn,2012,1.41822871177844,17660870411.5235,1326.83798848379,3.888,1.7090973367486,3.27411157616761,4.00299555090457,-8.65191854670285,,,,17359552048.495,,SEN,SEN
1516,2011,125,Senegal,4.414,,,,,,,,,,SEN,SEN2011,Senegal,sn,2011,3.40322829786971,17814283639.3119,1374.67591873844,2.853,1.34650524218175,3.85747038355476,1.33409107961258,-6.44529936745546,,,,17532438785.7207,,SEN,SEN
1517,2024,31,Serbia,6.606,6.513,6.698,1.489,1.62,0.545,0.767,0.131,0.107,1.946,SRB,SRB2024,Serbia,rs,2024,4.6705297488997,,,7.39,,,,,,,,,,SRB,SRB
1518,2023,37,Serbia,6.411,6.3,6.522,1.538,1.391,0.585,0.663,0.2,0.101,1.932,SRB,SRB2023,Serbia,rs,2023,12.3719043552519,81342660752.3732,12281.5058488303,8.268,,13.8402321392915,3.84747112784942,-2.39368330844907,,,,77124644204.4078,,SRB,SRB
1519,2022,45,Serbia,6.144,5.988,6.299,1.552,1.343,0.424,0.617,0.246,0.081,1.881,SRB,SRB2022,Serbia,rs,2022,11.9815117344703,66797564758.339,10022.9688543402,8.439,,10.5159219499465,2.63098644408841,-6.67240065379081,35.4693044866048,38.6571264729606,23.8974066325941,63640695711.6359,,SRB,SRB
1520,2021,43,Serbia,6.178,6.062,6.294,1.55,1.086,0.658,0.546,0.219,0.088,2.031,SRB,SRB2021,Serbia,rs,2021,4.08510285335102,66159884072.5308,9680.52798074468,9.843,,5.68404945078089,7.94905650472278,-4.01208394283306,37.6982895078739,34.5619415663687,19.6609961159321,63725727979.9209,,SRB,SRB
1521,2020,49,Serbia,6.078,5.974,6.181,1.101,0.924,0.634,0.482,0.189,0.066,2.682,SRB,SRB2020,Serbia,rs,2020,1.57553290083415,55874017668.998,8098.70955668849,9.011,,2.6493593974983,-0.950023991851594,-3.89586001943546,42.5376524683873,39.4299683143155,22.4302344933492,54250382218.3185,,SRB,SRB
1522,2019,64,Serbia,5.77820014953613,5.67880392074585,5.87759637832642,0.988181829452515,1.32744896411896,0.828403294086456,0.395428419113159,0.150282889604568,0.0594471469521523,2.02904009819031,SRB,SRB2019,Serbia,rs,2019,1.84922984511086,53864693664.5568,7755.632986437,10.395,,2.34783114136296,4.75020793899014,-6.56331526088246,35.742587631728,39.2908234713367,23.0002958047357,51089361866.0137,,SRB,SRB
1523,2018,70,Serbia,5.603,,,,,,,,,,SRB,SRB2018,Serbia,rs,2018,1.95984076293801,52787520248.9242,7559.86165747394,12.733,,1.99999940277962,4.64935035491007,-4.65847286841161,35.1923667823381,38.6414959649739,22.6384537211685,50210951337.9451,,SRB,SRB
1524,2017,78,Serbia,5.398,,,,,,,,,,SRB,SRB2017,Serbia,rs,2017,3.13106248590115,45972834713.8077,6548.03653824187,13.477,,2.99735460836095,2.36339378690924,-5.05239948291626,36.1410383011071,39.0176736635876,23.1289563600506,43120235148.2036,,SRB,SRB
1525,2016,73,Serbia,5.395,,,,,,,,,,SRB,SRB2016,Serbia,rs,2016,1.12231397417769,42225495909.5633,5982.37030126471,15.257,,1.54382768559221,2.97519779211943,-2.81825710129299,37.7905966728824,38.3245677884817,22.4444642528224,39988171446.5188,,SRB,SRB
1526,2015,86,Serbia,5.177,,,,,,,,,,SRB,SRB2015,Serbia,rs,2015,1.39235822000187,41297410634.9586,5820.3215576888,17.66,,2.16912087992016,1.29573851189748,-3.31781960336985,39.0527737026285,37.4578854866977,21.4666537370513,39457763395.7096,,SRB,SRB
1527,2014,87,Serbia,5.123,,,,,,,,,,SRB,SRB2014,Serbia,rs,2014,2.08244793880154,49114321280.3466,6886.67809068704,19.223,,2.90940668005459,-1.80427024822048,-5.36439658261537,40.9109680719636,37.3230768522299,21.0521740869991,47332816794.2133,,SRB,SRB
1528,2012,106,Serbia,4.813,,,,,,,,,,SRB,SRB2012,Serbia,rs,2012,7.33038589596646,45103269969.4112,6263.04086072815,24.0,,6.04404445896019,-0.443956029497713,-10.4794350040675,35.4259392948407,31.5382682858758,17.8145603317234,43688184212.71,,SRB,SRB
1529,2011,118,Serbia,4.564,,,,,,,,,,SRB,SRB2011,Serbia,rs,2011,11.1373976342129,51251098408.0924,7082.2861666075,22.959,,11.0023151879629,0.0542724785839397,-9.92802601945114,34.0831778366048,31.7220568030059,18.3137738004771,49347436352.3306,,SRB,SRB
1530,2024,146,Sierra Leone,2.998,2.894,3.102,0.786,0.692,0.327,0.613,0.138,0.052,0.391,SLE,SLE2024,Sierra Leone,sl,2024,28.6337500014115,,,3.126,,,,,,,,,,SLE,SLE
1531,2023,140,Sierra Leone,3.245,3.124,3.366,0.654,0.566,0.253,0.469,0.181,0.053,1.068,SLE,SLE2023,Sierra Leone,sl,2023,47.6428733253179,6411869546.28929,757.85833603088,3.153,-7.41152686570411,29.2160488413443,5.7100218981806,-9.45681062756132,,,,6357900250.52952,,SLE,SLE
1532,2022,135,Sierra Leone,3.138,2.976,3.299,0.67,0.54,0.092,0.371,0.193,0.051,1.221,SLE,SLE2022,Sierra Leone,sl,2022,27.2082883814653,7119137321.90082,860.130884035452,3.175,-6.01728888901549,26.9524276570781,5.3135546141915,-6.35040642174422,,,,7052172099.95978,,SLE,SLE
1533,2021,140,Sierra Leone,3.574,3.416,3.732,0.686,0.416,0.273,0.387,0.202,0.055,1.556,SLE,SLE2021,Sierra Leone,sl,2021,11.8739588840234,7165214367.64956,885.184270659578,3.556,10.6356633402498,7.43295884720851,5.8968527047094,-7.29657128553341,,,,7095115114.09872,,SLE,SLE
1534,2020,139,Sierra Leone,3.849,3.698,4.001,0.279,0.377,0.1,0.408,0.243,0.047,2.396,SLE,SLE2020,Sierra Leone,sl,2020,13.4468711101052,6688594757.62129,845.313836261458,3.508,4.11503758257957,13.2769444949676,-1.2533490322766,-5.83703102745449,,,,6661953410.23387,,SLE,SLE
1535,2019,139,Sierra Leone,3.92639994621277,3.80654430389404,4.04625558853149,0.240560382604599,0.747984945774078,0.203953966498375,0.382027685642242,0.257647007703781,0.0479409359395504,2.04627180099487,SLE,SLE2019,Sierra Leone,sl,2019,14.8049990906021,6523577590.38319,843.71251730417,3.203,7.32478787177941,9.91558334836972,5.50270937378153,-7.78800790188033,,,,6453832475.36326,,SLE,SLE
1536,2018,129,Sierra Leone,4.374,,,,,,,,,,SLE,SLE2018,Sierra Leone,sl,2018,16.0295447693699,6390514688.52816,845.914540460932,3.192,1.71133503661085,14.0105639405151,3.47290262012454,-9.25504556429235,,,,6321721809.58471,,SLE,SLE
1537,2017,113,Sierra Leone,4.571,,,,,,,,,,SLE,SLE2017,Sierra Leone,sl,2017,18.2215094003386,5818480351.63706,788.486867334833,3.834,6.15141218216197,8.95600063695517,3.7538032140037,-11.680321040579,,,,5718813430.74186,,SLE,SLE
1538,2016,106,Sierra Leone,4.709,,,,,,,,,,SLE,SLE2016,Sierra Leone,sl,2016,10.8860609413903,6042615859.61074,838.631615328371,4.294,9.79196077547815,5.85170885537505,6.34672785193577,-4.86340760211655,,,,5946667599.37297,,SLE,SLE
1539,2015,111,Sierra Leone,4.635,,,,,,,,,,SLE,SLE2015,Sierra Leone,sl,2015,6.68943562498681,6651626733.64854,945.148168480629,4.606,-0.760895336885431,19.6403377509812,-20.4910741067999,-15.0801915545255,,,,6651514105.59496,,SLE,SLE
1540,2014,123,Sierra Leone,4.507,,,,,,,,,,SLE,SLE2014,Sierra Leone,sl,2014,4.63931171409667,7845456215.27807,1140.92742266148,4.678,17.3056043420051,1.79536377351708,4.55925353270435,-6.02552076426269,,,,7845075238.30954,,SLE,SLE
1541,2012,127,Sierra Leone,4.318,,,,,,,,,,SLE,SLE2012,Sierra Leone,sl,2012,6.58776239392585,5927684219.15278,904.840762004552,4.552,7.99597287417293,12.0412148525003,15.201748273464,-20.4162828250865,,,,5927502383.72685,,SLE,SLE
1542,2011,153,Sierra Leone,3.586,,,,,,,,,,SLE,SLE2011,Sierra Leone,sl,2011,6.79138291952621,4587078913.13315,718.161680687537,4.54,3.15860057434456,17.295115798704,6.00983104607874,-41.7151434822152,,,,4586860848.1358,,SLE,SLE
1543,2024,34,Singapore,6.565,6.481,6.65,2.022,1.565,0.935,0.856,0.164,0.522,0.501,SGP,SGP2024,Singapore,sg,2024,2.36645846996694,,,3.182,,,,,,,,,,SGP,SGP
1544,2023,30,Singapore,6.523,6.44,6.605,2.118,1.361,0.769,0.743,0.168,0.575,0.788,SGP,SGP2023,Singapore,sg,2023,4.82146729476466,501427500080.059,84734.2559206054,3.444,,-3.06902994364776,1.07503175095101,17.8297603314757,17.4419313013187,18.3600303311543,14.0060490127897,420675068720.039,177.001669924649,SGP,SGP
1545,2022,25,Singapore,6.587,6.454,6.72,2.168,1.354,0.607,0.66,0.17,0.561,1.067,SGP,SGP2022,Singapore,sg,2022,6.12106004039418,498474540987.78,88428.7024226232,3.591,,13.4781380113655,3.83807678519807,18.8115123045876,15.1357776721242,16.220527796295,12.0331929577548,402947122111.431,157.363109274773,SGP,SGP
1546,2021,27,Singapore,6.48,6.392,6.569,2.149,1.127,0.851,0.672,0.163,0.587,0.932,SGP,SGP2021,Singapore,sg,2021,2.30485959040484,434111559282.849,79601.4129622433,4.64,-4.54706641979064,10.2637667092318,9.69076687082064,19.9108522556576,16.3755096469446,17.2288553319936,12.8128979341856,369181671818.698,150.141912840552,SGP,SGP
1547,2020,33,Singapore,6.377,6.293,6.46,1.695,1.019,0.897,0.664,0.176,0.547,1.379,SGP,SGP2020,Singapore,sg,2020,-0.181916666666634,349488382610.662,61466.803676358,4.1,7.88077029037357,-2.43859056928547,-3.86979893430043,17.4848519172132,25.72187235996,18.0524117336083,12.7315446821269,301827008237.772,151.566324742808,SGP,SGP
1548,2019,31,Singapore,6.37709999084473,6.31191253662109,6.44228744506836,1.51958012580872,1.39545691013336,1.13781428337097,0.635317206382751,0.218770906329155,0.533162236213684,0.937031745910645,SGP,SGP2019,Singapore,sg,2019,0.565260568780326,376901649222.451,66081.7199235165,3.1,5.46558710120685,-0.20441464095768,1.34505874082728,15.3540131622503,14.1428501738265,20.9008158773088,13.1515012662641,333217559842.775,127.826745717478,SGP,SGP
1549,2018,34,Singapore,6.262,,,,,,,,,,SGP,SGP2018,Singapore,sg,2018,0.43862011844684,376892697588.005,66840.6373389791,3.613,1.66586028737781,3.60410043476227,3.51711418509255,15.7021310963339,14.6912551356356,18.1885271324369,13.0131483056707,330780032057.128,110.757602622235,SGP,SGP
1550,2017,34,Singapore,6.343,,,,,,,,,,SGP,SGP2017,Singapore,sg,2017,0.576260310166349,343257164581.712,61162.0973932771,4.2,2.31884960646253,2.89404191400374,4.51292631770927,18.6260950135482,14.3053219704801,20.1885302156652,13.9900847741536,319463982475.515,109.329418386523,SGP,SGP
1551,2016,26,Singapore,6.572,,,,,,,,,,SGP,SGP2016,Singapore,sg,2016,-0.532268739716253,319053943915.005,56899.9181805173,4.08,4.83669122346199,0.489627028998726,3.58864369582668,18.0392463471499,14.4426416718661,18.4661444034328,13.3086682238479,299704968202.289,109.05642242549,SGP,SGP
1552,2015,22,Singapore,6.739,,,,,,,,,,SGP,SGP2015,Singapore,sg,2015,-0.522618167075298,307998545269.398,55645.6068614606,3.79,2.21015017142368,3.07195500966418,2.97679931634806,18.6930222903094,15.9255259430938,17.9971098900658,13.1397745298612,286982925099.558,103.320839751929,SGP,SGP
1553,2014,24,Singapore,6.798,,,,,,,,,,SGP,SGP2014,Singapore,sg,2014,1.02514803039391,314863580758.455,57564.8023114977,3.74,5.63232355514565,-0.267270041634802,3.93554027709007,17.9502135491878,13.1510655902688,18.0208994708332,13.5565571344028,303910658616.471,99.6097986729595,SGP,SGP
1554,2012,30,Singapore,6.546,,,,,,,,,,SGP,SGP2012,Singapore,sg,2012,4.57560270376527,295092888076.589,55547.5553077786,3.72,4.86057756338297,0.495345771200874,4.43549759378537,17.6432739045995,12.3839623831082,17.4768046793331,13.5806687357042,281970766822.76,107.828093624626,SGP,SGP
1555,2011,33,Singapore,6.549,,,,,,,,,,SGP,SGP2011,Singapore,sg,2011,5.2477933984048,279356499090.458,53891.4570264372,3.89,4.16049084438408,1.17079820355097,6.21493416858989,22.2184518342372,12.7726522542327,17.0209629280307,13.1057219512653,269757413084.683,104.78518384861,SGP,SGP
1556,2024,50,Slovakia,6.221,6.154,6.288,1.629,1.762,0.547,0.704,0.058,0.07,1.451,SVK,SVK2024,Slovak Republic,sk,2024,2.75760909424272,,,5.234,,,,,,,,,,SVK,SVK
1557,2023,45,Slovakia,6.257,6.182,6.332,1.706,1.54,0.638,0.566,0.096,0.058,1.653,SVK,SVK2023,Slovak Republic,sk,2023,10.5319476645211,132908336234.295,24491.3771867262,5.84,,10.1364912548588,1.37833727209444,-1.67789244355586,,,,129363521385.089,,SVK,SVK
1558,2022,29,Slovakia,6.469,6.36,6.578,1.731,1.544,0.472,0.494,0.128,0.022,2.078,SVK,SVK2022,Slovak Republic,sk,2022,12.7741463637611,115928615553.286,21342.7666714692,6.143,,7.48894730705902,0.449673875081572,-9.59769039750434,39.7275195706744,37.8525065186833,19.4396053860888,113663598494.847,64.3157885777548,SVK,SVK
1559,2021,35,Slovakia,6.391,6.306,6.475,1.736,1.232,0.707,0.479,0.118,0.025,2.094,SVK,SVK2021,Slovak Republic,sk,2021,3.14960629921268,120592216208.386,22138.1949833348,6.894,,2.24393114860719,5.72698854011892,-4.78961916349394,42.3673684934443,37.3647445235687,18.9625203261059,115128905716.297,77.5153959377722,SVK,SVK
1560,2020,35,Slovakia,6.331,6.251,6.411,1.304,1.066,0.653,0.468,0.107,0.018,2.714,SVK,SVK2020,Slovak Republic,sk,2020,1.93694126694223,107732602896.441,19735.4858280801,6.719,,2.40777968361606,-2.5855125291319,-0.437071238574067,42.1100121910824,36.8239761622339,18.4644755641513,105812952730.797,77.6028833494382,SVK,SVK
1561,2019,37,Slovakia,6.28060007095337,6.20436096191406,6.35683917999268,1.19483768939972,1.4243311882019,0.853465259075165,0.423542529344559,0.116729773581028,0.0112914405763149,2.25642204284668,SVK,SVK2019,Slovak Republic,sk,2019,2.66456133425431,105843498304.094,19406.0589683582,5.761,,2.40120775491499,2.27589918160336,-3.51259174873163,38.0979921157923,37.0269429908891,18.7604421075869,103173702727.27,63.0335112883596,SVK,SVK
1562,2018,38,Slovakia,6.198,,,,,,,,,,SVK,SVK2018,Slovak Republic,sk,2018,2.51403712883812,106611673364.837,19573.3717031314,6.544,,2.10864784120307,4.06212036983018,-1.59262375291934,37.1287832002824,36.2529022296339,18.4643244182766,104466604126.592,63.5000460975992,SVK,SVK
1563,2017,39,Slovakia,6.173,,,,,,,,,,SVK,SVK2017,Slovak Republic,sk,2017,1.31194588223228,95978130734.9766,17645.5298716761,8.142,,1.18187358611384,2.87473225538896,-1.71807692688754,37.0392854927539,36.085622037663,18.5023911736731,93926182364.7602,64.1338449914943,SVK,SVK
1564,2016,40,Slovakia,6.098,,,,,,,,,,SVK,SVK2016,Slovak Republic,sk,2016,-0.520010196278266,90347173228.6356,16636.0769133073,9.679,,-0.390909938960164,1.94781902582312,-1.41742583384371,40.3193736538256,37.7682184586176,18.0127807632426,87583418794.8866,66.125877039885,SVK,SVK
1565,2015,45,Slovakia,6.078,,,,,,,,,,SVK,SVK2015,Slovak Republic,sk,2015,-0.325219777427673,89178548717.3324,16442.0760860018,11.492,,-0.185693219770044,5.1768795103709,-2.05103816352739,40.6783469163369,40.5008095233836,18.051517345777,86733263300.8359,64.6326174204545,SVK,SVK
1566,2014,45,Slovakia,5.995,,,,,,,,,,SVK,SVK2014,Slovak Republic,sk,2014,-0.0761653295419871,101713075598.862,18770.9289896545,11.536,,-0.132601652541283,2.70795062355194,1.77620820872982,40.0498953140123,37.9029208892627,17.3884666474231,100294158379.669,65.7022973447767,SVK,SVK
1567,2012,46,Slovakia,5.969,,,,,,,,,,SVK,SVK2012,Slovak Republic,sk,2012,3.6061026352289,94724394278.052,17516.9691054078,13.966,,1.33888228226206,1.56917115628399,0.938943103720465,39.1325775702987,34.4915087234555,15.4996173956928,93046097962.1777,58.4255976190845,SVK,SVK
1568,2011,55,Slovakia,5.657,,,,,,,,,,SVK,SVK2011,Slovak Republic,sk,2011,3.9192859914629,99705104723.4341,18469.4354316836,13.634,,1.61977068406445,2.56242455855089,-4.92376770602968,39.0601443681058,34.9302305237701,16.0042981154156,96477145180.4088,48.6865522353748,SVK,SVK
1569,2024,19,Slovenia,6.792,6.695,6.889,1.692,1.718,0.802,0.961,0.121,0.113,1.384,SVN,SVN2024,Slovenia,si,2024,1.96562656432512,,,3.357,,,,,,,,,,SVN,SVN
1570,2023,21,Slovenia,6.743,6.643,6.843,1.786,1.502,0.695,0.789,0.157,0.131,1.683,SVN,SVN2023,Slovenia,si,2023,7.44687717385838,69148468417.3208,32610.110922729,3.652,,10.0501057520513,2.11259184318999,4.47248441339547,42.9407083105927,41.7639867774884,20.3464830446835,68204657444.1747,,SVN,SVN
1571,2022,22,Slovenia,6.65,6.55,6.75,1.815,1.539,0.532,0.707,0.144,0.113,1.799,SVN,SVN2022,Slovenia,si,2022,8.83369886749452,59927702746.2843,28373.8382265999,4.011,,6.51715101546723,2.69923755687375,-1.03019750160202,43.5327700809559,42.3241707736786,21.0207424971582,58905498955.8115,,SVN,SVN
1572,2021,22,Slovenia,6.63,6.542,6.718,1.81,1.249,0.769,0.685,0.118,0.115,1.885,SVN,SVN2021,Slovenia,si,2021,1.91706506089259,61529280461.092,29187.369382785,4.744,,2.68996436135656,8.38965032094461,3.36842854821461,46.6165984713657,43.1527281407409,21.6127607196297,61087662970.4137,,SVN,SVN
1573,2020,30,Slovenia,6.461,6.376,6.546,1.36,1.093,0.722,0.69,0.122,0.085,2.388,SVN,SVN2020,Slovenia,si,2020,-0.05485681576061,53384760135.1581,25392.0651093612,4.971,,1.18953023258868,-4.08499815297814,7.67395367082141,49.1075307851423,42.1064159274095,20.4885506119886,53456563151.3511,,SVN,SVN
1574,2019,33,Slovenia,6.36339998245239,6.27747106552124,6.44932889938354,1.20865249633789,1.46467769145966,0.932548046112061,0.646700143814087,0.145701497793198,0.0765163227915764,1.88858652114868,SVN,SVN2019,Slovenia,si,2019,1.63052260754344,53909922735.545,25814.1687167572,4.446,,2.33858818675805,3.50525166840163,6.45290585431634,40.7895004063214,42.248384816706,21.6992617438153,53555776974.3685,,SVN,SVN
1575,2018,44,Slovenia,6.118,,,,,,,,,,SVN,SVN2018,Slovenia,si,2018,1.7386086198818,53689067639.9176,25888.0481065655,5.108,,2.1809554232366,4.37908171612922,6.52066143026877,41.1450376558141,42.6985994041014,22.033082917798,53372127792.3945,,SVN,SVN
1576,2017,51,Slovenia,5.948,,,,,,,,,,SVN,SVN2017,Slovenia,si,2017,1.42910743319306,48153200134.6613,23303.077705959,6.564,,1.28762872790161,5.17440453956443,6.82058845826205,42.2981039649573,42.3960148904371,21.9054599223497,47713353120.1966,,SVN,SVN
1577,2016,62,Slovenia,5.758,,,,,,,,,,SVN,SVN2016,Slovenia,si,2016,-0.054999541670474,44290685824.0682,21447.8377796036,8.0,,0.885483330309867,3.03441395415184,5.29223433710436,44.6747700849883,42.6928843776503,22.1634784860129,43632048585.5441,,SVN,SVN
1578,2015,63,Slovenia,5.768,,,,,,,,,,SVN,SVN2015,Slovenia,si,2015,-0.525552285820877,42709468274.8137,20697.2748530619,8.962,,0.867195845770979,2.39330872436074,4.11844607611057,46.7222084667928,44.4393657164977,22.1224219708005,41777966741.8734,,SVN,SVN
1579,2014,55,Slovenia,5.848,,,,,,,,,,SVN,SVN2014,Slovenia,si,2014,0.19934382657075,49514466379.6057,24013.0682060959,9.668,,0.631553050140269,2.76283164316371,5.32786784003455,47.5336371357467,43.723864185323,22.0340192699754,49538339538.6998,,SVN,SVN
1580,2012,44,Slovenia,6.06,,,,,,,,,,SVN,SVN2012,Slovenia,si,2012,2.59741386039003,46167053954.3367,22442.1417859955,8.841,,0.626619401658687,-2.9155386026986,1.40334115378876,47.4901246961825,43.4411262914035,21.7020526038348,45851550969.7617,,SVN,SVN
1581,2011,49,Slovenia,5.922,,,,,,,,,,SVN,SVN2011,Slovenia,si,2011,1.8028517194191,51199194599.3094,24940.6284841605,8.166,,1.36451861108193,0.655439911782537,-0.772202643426759,48.809028972781,42.4717213181273,21.6954700360199,50883600760.681,,SVN,SVN
1582,2024,122,Somalia,4.347,4.203,4.49,0.535,0.877,0.046,0.916,0.206,0.192,1.575,SOM,SOM2024,Somalia,so,2024,,,,18.861,,,,,,,,,,SOM,SOM
1583,2018,112,Somalia,4.668,,,,,,,,,,SOM,SOM2018,Somalia,so,2018,,7873440838.36559,509.525802439801,18.738,,4.97532968432834,2.05431485565899,,0.0001371416300083,9.72518662971281e-05,9.50733004586453e-05,7839349638.49573,,SOM,SOM
1584,2017,98,Somalia,4.982,,,,,,,,,,SOM,SOM2017,Somalia,so,2017,,7621501720.00021,510.939952988052,18.523,,0.597727181659508,14.7357951487888,,0.0001358845219942,8.10262630966027e-05,8.09554782536434e-05,7588940646.51802,,SOM,SOM
1585,2016,93,Somalia,5.151,,,,,,,,,,SOM,SOM2016,Somalia,so,2016,,6613743089.99932,460.928491979039,18.578,,4.08186837702725,7.03487297368963,,,,,6583423311.6127,,SOM,SOM
1586,2015,76,Somalia,5.44,,,,,,,,,,SOM,SOM2015,Somalia,so,2015,,6152149080.00168,445.583078625015,18.597,,6.94895320598204,10.4621884118733,,,,,6122909830.00215,,SOM,SOM
1587,2024,95,South Africa,5.213,5.086,5.339,1.283,1.465,0.142,0.676,0.064,0.043,1.54,ZAF,ZAF2024,South Africa,za,2024,4.36115246518962,,,33.168,,,,,,,,,,ZAF,ZAF
1588,2023,83,South Africa,5.422,5.295,5.549,1.389,1.369,0.322,0.537,0.078,0.034,1.693,ZAF,ZAF2023,South Africa,za,2023,6.0752438457966,380699271814.508,6022.5425418935,32.098,6.3887935898176,4.80427142532388,0.698485194788034,-1.6136668878188,,,,375533190780.566,,ZAF,ZAF
1589,2022,85,South Africa,5.275,5.132,5.417,1.417,1.428,0.149,0.464,0.09,0.019,1.708,ZAF,ZAF2022,South Africa,za,2022,7.03987272546482,406920004594.074,6523.41097815853,33.268,3.61854067499116,4.99247138395964,1.91147996033504,-0.461509368787066,33.4798352578178,30.273151278645,26.0054597822428,398453691164.869,76.2372383337531,ZAF,ZAF
1590,2021,91,South Africa,5.194,5.073,5.315,1.425,1.088,0.361,0.442,0.089,0.046,1.742,ZAF,ZAF2021,South Africa,za,2021,4.61874544887136,420886877628.703,6843.39941886204,34.007,0.472106500505819,6.53869058287115,4.95503259440756,3.73044877034516,34.53100888431,30.0652667080962,25.8946273252854,412864533620.666,73.8065091009354,ZAF,ZAF
1591,2020,104,South Africa,4.956,4.839,5.074,0.967,0.895,0.265,0.447,0.144,0.051,2.187,ZAF,ZAF2020,South Africa,za,2020,3.23238831615113,337974655408.055,5580.60383075189,29.217,2.19841383909371,5.3913943350576,-6.1689177146757,2.00352275153333,37.8354162011745,27.8138753889078,23.2649440409195,332348812405.049,75.7255090793216,ZAF,ZAF
1592,2019,109,South Africa,4.81409978866577,4.69645357131958,4.93174600601196,0.902140438556671,1.25908625125885,0.407034069299698,0.434781819581985,0.126406848430634,0.0595021396875381,1.62511730194092,ZAF,ZAF2019,South Africa,za,2019,4.10285075461156,389330032224.269,6533.71121032856,28.468,5.26841565254553,4.61352469052481,0.25993557687633,-2.61999067483039,34.6532754617872,28.8976157499402,24.8673453267976,379611912078.734,64.5892781351104,ZAF,ZAF
1593,2018,106,South Africa,4.722,,,,,,,,,,ZAF,ZAF2018,South Africa,za,2018,4.50987264867388,405260723892.517,6914.1780318076,26.906,5.85618355804149,3.99329508509443,1.55678384721676,-3.00051939426577,33.9954978254972,28.3643368318902,24.8948940727422,393942734756.111,59.1023114070608,ZAF,ZAF
1594,2017,105,South Africa,4.724,,,,,,,,,,ZAF,ZAF2017,South Africa,za,2017,5.18618655524149,381448814653.456,6618.33508255701,27.035,4.64731548547952,5.47332197481477,1.15794695181735,-2.37436753188649,33.2518124768773,28.9131558196206,24.76928728931,370872987853.886,56.2597208390879,ZAF,ZAF
1595,2016,101,South Africa,4.829,,,,,,,,,,ZAF,ZAF2016,South Africa,za,2016,6.60290842394872,323585509674.481,5651.20585165749,26.536,3.27825167845193,6.9521719608848,0.664552307858116,-2.63361451678798,32.1896608002111,29.0406590015195,24.8283559884696,315294109648.646,53.7387913884354,ZAF,ZAF
1596,2015,116,South Africa,4.459,,,,,,,,,,ZAF,ZAF2015,South Africa,za,2015,4.51869094892506,346709790458.563,6112.27382485974,25.149,3.66774283297157,5.54552812339873,1.32186223678229,-4.31028688643788,33.6797787454907,29.6472581887112,25.0486927031144,338766618711.13,52.6511572360833,ZAF,ZAF
1597,2014,113,South Africa,4.642,,,,,,,,,,ZAF,ZAF2014,South Africa,za,2014,6.13282953059149,381198869776.106,6856.73137092522,24.89,3.56702763012509,5.36654618468381,1.41382645223793,-4.81243259488483,31.9053501556958,28.8726130567165,24.4319342176034,371745234720.224,,ZAF,ZAF
1598,2012,96,South Africa,4.963,,,,,,,,,,ZAF,ZAF2012,South Africa,za,2012,5.73797139141739,434400545085.811,8076.97678479741,24.727,3.88287299810937,4.68520638813985,2.39623238465745,-4.68373643403848,30.3651797341743,26.5227856834625,23.3457659894736,423516734077.151,,ZAF,ZAF
1599,2011,90,South Africa,5.101,,,,,,,,,,ZAF,ZAF2011,South Africa,za,2011,5.0008533879502,458199494830.834,8646.05571071635,24.639,3.27930122317635,5.53905643151262,3.16855627858818,-2.01967628513274,31.0619734464171,25.9740547550987,22.8746700116825,447479678691.973,,ZAF,ZAF
1600,2019,152,South Sudan,2.81660008430481,2.60568380355835,3.02751636505127,0.28908297419548,0.553278505802155,0.208809033036232,0.0656092539429665,0.20993460714817,0.111156798899174,1.37875127792358,SSD,SSD2019,South Sudan,ss,2019,87.2413641500033,,,12.709,-25.0979573292195,,,-4.15741601037528,,,,,,SSD,SSD
1601,2018,156,South Sudan,2.853,,,,,,,,,,SSD,SSD2018,South Sudan,ss,2018,83.5015294921999,,,12.952,-27.287868332326,,,-9.0382483224269,,,,,,SSD,SSD
1602,2017,154,South Sudan,3.254,,,,,,,,,,SSD,SSD2017,South Sudan,ss,2017,187.851630279442,,,13.111,-77.5612801177758,,,8.30684638743949,,,,,,SSD,SSD
1603,2016,147,South Sudan,3.591,,,,,,,,,,SSD,SSD2016,South Sudan,ss,2016,379.999585624026,,,12.955,-33.0091896068993,,,-5.76700049530002,,,,,,SSD,SSD
1604,2015,143,South Sudan,3.832,,,,,,,,,,SSD,SSD2015,South Sudan,ss,2015,52.7663304192142,11997800760.2242,1080.14718624765,12.485,-3.32140405501115,17.6893321393151,-10.7933646271143,-4.169014055128,,,,10522802563.6757,,SSD,SSD
1605,2024,38,Spain,6.466,6.385,6.547,1.69,1.685,0.894,0.734,0.112,0.18,1.17,ESP,ESP2024,Spain,es,2024,2.77417826534772,,,11.394,,,,,,,,,,ESP,ESP
1606,2023,36,Spain,6.421,6.339,6.502,1.766,1.471,0.729,0.619,0.119,0.177,1.54,ESP,ESP2023,Spain,es,2023,3.53236133492433,1620090734956.89,33509.0127982139,12.179,,6.23528003904008,2.67566349258229,2.65494270436243,34.0313577036742,29.6351122988085,14.9927519014579,1606770094001.98,107.25996894973,ESP,ESP
1607,2022,32,Spain,6.436,6.354,6.519,1.798,1.491,0.567,0.533,0.101,0.157,1.789,ESP,ESP2022,Spain,es,2022,8.39057634118627,1446498147749.03,30287.3657583614,12.917,,4.71187418437,6.17931222572963,0.309856961117303,35.3952923242011,29.7913046390255,15.496178371307,1424534712303.51,109.217961229509,ESP,ESP
1608,2021,29,Spain,6.476,6.392,6.56,1.808,1.211,0.808,0.505,0.101,0.149,1.893,ESP,ESP2021,Spain,es,2021,3.0931351197642,1461244901852.69,30817.6828559001,14.781,,2.55611238398019,6.6831441850028,0.765004613238448,38.3621185067432,30.1223659907048,14.8775287865224,1456884138329.43,132.546759027224,ESP,ESP
1609,2020,28,Spain,6.491,6.408,6.574,1.375,1.057,0.826,0.462,0.135,0.124,2.513,ESP,ESP2020,Spain,es,2020,-0.322753017299739,1289783836971.21,27230.3599933583,15.532,,1.133914569064,-10.9400706591866,0.819280213926574,40.3694073931071,29.2233358778761,13.4462555370373,1281402401923.74,138.955245532848,ESP,ESP
1610,2019,28,Spain,6.40089988708496,6.31799125671387,6.48380851745605,1.23053526878357,1.4210991859436,1.05134308338165,0.425983816385269,0.165305480360985,0.109579779207706,1.99708843231201,ESP,ESP2019,Spain,es,2019,0.699518994458739,1403496387686.27,29776.2011500384,14.104,,1.42867121354817,1.9611785315135,2.11978917805626,32.1149229088067,27.8396917947532,13.6580229877723,1396786257474.51,111.293101240882,ESP,ESP
1611,2018,30,Spain,6.354,,,,,,,,,,ESP,ESP2018,Spain,es,2018,1.6749813686379,1431642809327.06,30592.1264795541,15.255,,1.18735474303686,2.39541120364247,1.86142647160727,31.7256136391383,27.752508504664,14.1254961741386,1423751671292.55,107.203121919581,ESP,ESP
1612,2017,36,Spain,6.31,,,,,,,,,,ESP,ESP2017,Spain,es,2017,1.95607633363963,1321754088818.83,28367.9392609439,17.224,,1.25794431599297,2.8960420808163,2.82857699785743,31.3619207811122,27.0360266114199,13.6257034043746,1313739000871.77,106.577780516625,ESP,ESP
1613,2016,34,Spain,6.403,,,,,,,,,,ESP,ESP2016,Spain,es,2016,-0.202598000426452,1243015667917.12,26740.6851818829,19.635,,0.372182498532794,2.91515602808174,3.15808866042231,32.4323867041507,27.1288470631817,13.6838393292056,1236606698893.78,105.968137016467,ESP,ESP
1614,2015,37,Spain,6.361,,,,,,,,,,ESP,ESP2015,Spain,es,2015,-0.500365709903242,1206164777553.12,25969.8383138327,22.057,,0.55244184266985,4.06086669718569,2.03697429462383,32.6560648764801,27.5393887658309,14.0820816990338,1195894016724.61,104.513601500945,ESP,ESP
1615,2014,36,Spain,6.329,,,,,,,,,,ESP,ESP2014,Spain,es,2014,-0.151114837527235,1380244561361.96,29694.8874886229,24.441,,-0.220686783271887,1.52048592279819,1.7359500732857,34.5306651240821,28.3139018373375,14.0482352839264,1366800133424.7,104.927837414283,ESP,ESP
1616,2012,38,Spain,6.322,,,,,,,,,,ESP,ESP2012,Spain,es,2012,2.44612782366809,1330994811670.31,28456.4438151477,24.789,,-0.202955006065054,-2.8651136729107,0.0552331666960445,38.0321130850107,25.8732928943477,11.7062948133333,1314155086548.05,77.446159411603,ESP,ESP
1617,2011,22,Spain,6.761,,,,,,,,,,ESP,ESP2011,Spain,es,2011,3.1961018883379,1487568659241.25,31824.6219134777,21.39,,-0.145958716781735,-0.639920691287372,-2.68728637358443,31.1937980143915,25.9231395446762,11.8256931383282,1454580711702.34,57.7899857640377,ESP,ESP
1618,2024,133,Sri Lanka,3.891,3.78,4.001,1.271,1.308,0.567,0.696,0.121,0.025,-0.099,LKA,LKA2024,Sri Lanka,lk,2024,-0.42936004906973,,,4.996,,,,,,,,,,LKA,LKA
1619,2023,128,Sri Lanka,3.898,3.778,4.018,1.361,1.179,0.586,0.583,0.144,0.031,0.014,LKA,LKA2023,Sri Lanka,lk,2023,16.5411742279832,84356863743.6335,3827.96495637489,5.997,,17.5191628455588,-2.29801056186895,1.84799342605644,17.9759257309443,11.0345970473948,9.84652924546153,81623429815.1851,,LKA,LKA
1620,2022,112,Sri Lanka,4.442,4.28,4.603,1.422,1.224,0.426,0.539,0.12,0.086,0.625,LKA,LKA2022,Sri Lanka,lk,2022,49.7211021114327,74144870023.4244,3342.71989646203,4.528,,47.4637415221157,-7.34679123599076,-1.95354537364034,15.7424761417298,8.22474888024107,7.27705001462942,72199977445.7357,,LKA,LKA
1621,2021,127,Sri Lanka,4.362,4.237,4.487,1.415,0.934,0.66,0.529,0.15,0.079,0.595,LKA,LKA2021,Sri Lanka,lk,2021,7.01478071238195,88609324901.9774,3999.33764677637,4.981,,8.02109017405199,4.2074764951157,-3.7064634239359,17.4670693340871,8.27299656913743,7.36992822487811,86619332546.1363,,LKA,LKA
1622,2020,130,Sri Lanka,4.325,4.196,4.454,0.99,0.82,0.593,0.559,0.239,0.049,1.075,LKA,LKA2020,Sri Lanka,lk,2020,6.15394508391738,84304298770.5329,3846.17449566736,5.364,,3.1043067536519,-4.62451503662909,-1.40813715376196,19.0691713263156,8.74304853573251,7.77529241184503,82024773617.0515,,LKA,LKA
1623,2019,130,Sri Lanka,4.3270001411438,4.22295236587524,4.43104791641235,0.897986948490143,1.19494009017944,0.792036712169647,0.528632462024689,0.252666145563126,0.0494445636868477,0.611288547515869,LKA,LKA2019,Sri Lanka,lk,2019,3.52839358231811,89014978344.1404,4082.69404871533,4.67,7.09887513275574,3.8705276117724,-0.220483886072614,-2.07088768368178,15.9340645136853,11.8842431168464,10.9039513329268,86545573251.9399,,LKA,LKA
1624,2018,120,Sri Lanka,4.366,,,,,,,,,,LKA,LKA2018,Sri Lanka,lk,2018,2.135037737132,94493871200.7869,4360.58473469252,4.318,6.95991097680649,4.29530620201848,2.31008425192161,-2.96215302641473,15.2847949269537,12.5063969528883,11.1537606464574,92095811316.3413,,LKA,LKA
1625,2017,116,Sri Lanka,4.471,,,,,,,,,,LKA,LKA2017,Sri Lanka,lk,2017,7.70413767850602,94376237797.2367,4401.05567045499,4.046,5.78078147817079,5.47284529470402,6.4606812707036,-2.44658578991858,15.3308825079959,12.7301741330692,11.6086827384764,92061614515.9046,,LKA,LKA
1626,2016,120,Sri Lanka,4.44,,,,,,,,,,LKA,LKA2016,Sri Lanka,lk,2016,3.9588884659307,88012282205.8357,4149.76105454457,4.242,4.78941323673689,5.44322171526078,5.05362489256818,-1.97972336537526,15.6608133527173,13.1558457999971,11.4234897677955,85816595299.7365,,LKA,LKA
1627,2015,117,Sri Lanka,4.415,,,,,,,,,,LKA,LKA2015,Sri Lanka,lk,2015,3.76836783062096,85140955388.8509,4060.13139670248,4.519,3.82773664325456,3.01438079835941,4.2059554759927,-2.21136123658296,17.0880556548114,12.5770043166394,11.7202648575883,83118677957.8894,73.512659162998,LKA,LKA
1628,2014,132,Sri Lanka,4.271,,,,,,,,,,LKA,LKA2014,Sri Lanka,lk,2014,3.1790022823606,82528535713.926,3971.91913148166,4.157,5.80537155039993,1.92062881101653,6.37797889289399,-2.40848114779964,14.2032918225841,10.9286954830402,9.74785982267564,80720442913.0281,68.5910423335315,LKA,LKA
1629,2012,137,Sri Lanka,4.151,,,,,,,,,,LKA,LKA2012,Sri Lanka,lk,2012,7.54291373239437,70447216891.3366,3327.77612404326,3.88,2.55187234202109,10.4634471767858,8.63218138024038,-5.69099820826854,15.0683571125145,11.6875492527087,10.1110307052525,69233385160.8634,66.747235367261,LKA,LKA
1630,2011,130,Sri Lanka,4.26,,,,,,,,,,LKA,LKA2011,Sri Lanka,lk,2011,6.7167684358854,67753284043.9282,3224.95736331928,4.118,5.22391262563151,3.97992934293185,8.66948301160571,-6.81209784164494,15.5785036232024,12.4783946177691,10.8476049114868,67101713795.8986,68.5257394060365,LKA,LKA
1631,2024,108,State of Palestine,4.78,4.675,4.886,1.047,1.456,,0.618,0.055,0.081,,PSE,PSE2024,West Bank and Gaza,ps,2024,,,,,,,,,,,,,,PSE,PSE
1632,2023,103,State of Palestine,4.879,4.753,5.006,,,,,,,,PSE,PSE2023,West Bank and Gaza,ps,2023,5.87110177678988,17420800000.0,3372.34974423005,,,-3.90362226607192,-5.41093700031979,-16.6201865252463,,,,20657700000.0,,PSE,PSE
1633,2022,99,State of Palestine,4.908,4.727,5.089,1.144,1.309,,0.416,0.065,0.067,,PSE,PSE2022,West Bank and Gaza,ps,2022,3.74122391852077,19165500000.0,3799.95527015163,24.42,,1.68265652739991,4.08276027347105,-10.6265229873781,,,,23693000000.0,,PSE,PSE
1634,2021,122,State of Palestine,4.483,4.3,4.665,1.148,0.957,0.521,0.336,0.073,0.079,1.368,PSE,PSE2021,West Bank and Gaza,ps,2021,1.23748102831369,18109000000.0,3678.63565662194,26.39,-3.1194174840674,8.95397174062261,7.01198227592003,-9.81804738509636,26.1664917273852,23.3919485341977,21.4745760229569,21736300000.0,,PSE,PSE
1635,2020,126,State of Palestine,4.517,4.384,4.649,0.646,0.819,0.434,0.33,0.082,0.075,2.131,PSE,PSE2020,West Bank and Gaza,ps,2020,-0.735332001092191,15531700000.0,3233.56863835858,25.895,3.22478542182297,2.22090183339058,-11.3184661065134,-12.251111498554,29.2345671715076,22.719692573968,20.8517768532849,18024400000.0,,PSE,PSE
1636,2019,125,State of Palestine,4.55280017852783,4.44328546524048,4.66231489181519,0.587819218635559,1.19475555419922,0.61382657289505,0.298700749874115,0.0918162614107132,0.0719136521220207,1.6939857006073,PSE,PSE2019,West Bank and Gaza,ps,2019,1.58018333639455,17133500000.0,3656.85827137011,25.34,2.00529807738656,3.84946930147241,1.36268746558062,-10.3854804313719,24.4661085271964,20.2905602961643,18.5343072791262,19791500000.0,,PSE,PSE
1637,2018,110,State of Palestine,4.696,,,,,,,,,,PSE,PSE2018,West Bank and Gaza,ps,2018,-0.195107773730735,16276600000.0,3562.33094270256,26.256,6.19365815999576,-0.301992725159963,1.22707737782703,-13.1500305467431,24.6173065578854,20.7943589392946,18.7818419132978,19062800000.0,,PSE,PSE
1638,2017,104,State of Palestine,4.743,,,,,,,,,,PSE,PSE2017,West Bank and Gaza,ps,2017,0.212570934228881,16128000000.0,3620.36048715937,25.677,2.48648397866908,3.22541499220273,1.41936756294787,-13.2065607876551,26.8736803995996,22.4682166359904,20.6640477717206,18257000000.0,,PSE,PSE
1639,2016,103,State of Palestine,4.775,,,,,,,,,,PSE,PSE2016,West Bank and Gaza,ps,2016,-0.219106604907316,15405400000.0,3527.61382413178,23.939,4.81021837744655,1.27802248372888,8.86461881995935,-13.90776226662,25.6715596577174,22.925023450803,20.4085254637335,17301000000.0,,PSE,PSE
1640,2015,108,State of Palestine,4.754,,,,,,,,,,PSE,PSE2015,West Bank and Gaza,ps,2015,1.43161145810476,13972400000.0,3272.15432360708,23.005,10.8929228684251,-3.70701301671946,3.72129967114788,-13.8789175930847,26.9877492913172,21.0130073514929,19.7299145972775,15684800000.0,,PSE,PSE
1641,2014,108,State of Palestine,4.715,,,,,,,,,,PSE,PSE2014,West Bank and Gaza,ps,2014,1.73298510037447,13989700000.0,3352.11259506043,20.526,2.63940419367075,3.67222811544951,-0.157866650855297,-13.5869104014545,26.6277111254709,20.0249172361707,18.5779214645673,15472300000.0,,PSE,PSE
1642,2012,113,State of Palestine,4.7,,,,,,,,,,PSE,PSE2012,West Bank and Gaza,ps,2012,2.77908768282492,12208400000.0,3067.43872735614,19.202,3.98603685527007,2.86773402643237,6.09645656326154,-14.917075141058,25.6999265911176,16.3510692169326,16.2534371585957,13065900000.0,,PSE,PSE
1643,2011,120,State of Palestine,4.555,,,,,,,,,,PSE,PSE2011,West Bank and Gaza,ps,2011,2.8772435849594,11186100000.0,2880.79843707909,17.597,1.29651407870956,5.41982473738784,9.60080848913594,-18.500705760576,28.191350444212,18.5934791260582,17.5812816491896,11935600000.0,,PSE,PSE
1644,2017,137,Sudan,4.139,,,,,,,,,,SDN,SDN2017,Sudan,sd,2017,32.3516260968437,41283617976.1905,966.505676269531,12.953,,34.6223707315316,0.70925628476644,-11.1697054533751,,,,39632308795.2381,,SDN,SDN
1645,2016,130,Sudan,4.139,,,,,,,,,,SDN,SDN2016,Sudan,sd,2016,17.750253831196,42630376000.0,1033.21594238281,13.606,,20.6855877306245,3.46764218409288,-9.88346111101847,9.72624152630822,8.77413482505213,7.39027026174951,41763874766.6667,,SDN,SDN
1646,2015,133,Sudan,4.139,,,,,,,,,,SDN,SDN2015,Sudan,sd,2015,16.9095706050977,51726758676.7677,1292.37963867188,14.347,,14.0225574392301,1.91017689052751,-10.5569345811594,10.7117252744407,10.314396584643,8.19443800491008,50563738020.202,,SDN,SDN
1647,2014,118,Sudan,4.55,,,,,,,,,,SDN,SDN2014,Sudan,sd,2014,36.9066427863595,49516748617.9775,1275.43835449219,15.411,,34.0669855189111,4.66137954229873,-7.16013618473832,11.4318600296855,11.0418206251384,7.98231786209787,48568747977.5281,,SDN,SDN
1648,2012,124,Sudan,4.401,,,,,,,,,,SDN,SDN2012,Sudan,sd,2012,35.5590574147024,37632919966.6667,1019.22210693359,17.002,,30.1285931395558,-17.0046884048945,-16.6318777556219,11.6352473770618,9.41241516683834,6.89440699516488,35608466700.0,,SDN,SDN
1649,2011,124,Sudan,4.424,,,,,,,,,,SDN,SDN2011,Sudan,sd,2011,18.0966171221351,55018567210.5263,1332.6572265625,17.44,,26.3283499650477,-3.21353209253371,-4.82188496528231,,11.3060875333572,3.85621016052459,51237402657.8947,,SDN,SDN
1650,2015,40,Suriname,6.269,,,,,,,,,,SUR,SUR2015,Suriname,sr,2015,6.89390359168238,5126237646.22072,8813.61705392067,7.22,7.40270503379035,4.85459060945995,-3.41304268067621,-15.3413674981336,,,,5112966262.14963,,SUR,SUR
1651,2014,40,Suriname,6.269,,,,,,,,,,SUR,SUR2014,Suriname,sr,2014,3.38341272749477,5240606060.60606,9108.18905406764,6.94,10.5328389572179,1.58368715816022,0.255503031645475,-7.94454297839106,,,,5170283939.39394,,SUR,SUR
1652,2012,40,Suriname,6.269,,,,,,,,,,SUR,SUR2012,Suriname,sr,2012,5.00686319367273,4980000000.0,8851.24050668908,8.1,0.908894422312256,10.7352006048331,2.69034974668847,3.26046699609317,,,,4787510969.69697,,SUR,SUR
1653,2020,131,Swaziland,4.308,4.168,4.448,0.849,0.693,0.074,0.323,0.067,0.147,2.155,SWZ,SWZ2020,Eswatini,sz,2020,,4105756862.55271,3442.3216527415,32.944,2.95077555171257,4.86403113991642,-2.88706296038356,6.59907530715042,26.2531517548324,27.4652727830382,27.2807643937709,3719044112.00409,38.6290929583278,SWZ,SWZ
1654,2019,132,Swaziland,4.30810022354126,4.16805458068848,4.44814586639404,0.82753974199295,1.06483519077301,0.215585827827454,0.299935787916183,0.0672648325562477,0.146765872836113,1.68620729446411,SWZ,SWZ2019,Eswatini,sz,2019,2.59801620311077,4594818143.27624,3894.32951592818,28.138,7.3882529343561,2.54846036774322,4.96212142479391,3.83354009105268,25.4026601031647,25.9326005374672,24.6460210021434,4112925340.93876,29.945964807407,SWZ,SWZ
1655,2018,135,Swaziland,4.212,,,,,,,,,,SWZ,SWZ2018,Eswatini,sz,2018,4.81506167461513,4659474399.74018,3986.10557163026,26.369,6.58030106851029,3.50177180405096,0.769171433736886,1.30340249223708,26.673457591593,24.7281088099449,24.2471643074188,4339197362.55768,27.0233176614236,SWZ,SWZ
1656,2014,101,Swaziland,4.867,,,,,,,,,,SWZ,SWZ2014,Eswatini,sz,2014,5.68134885776447,4250545460.94523,3740.69277623691,23.828,2.17753262824353,6.31006367634119,1.71688783296895,12.047539811251,25.5091090344802,30.6541058982908,30.0079563731118,4063414218.60234,14.4248280159816,SWZ,SWZ
1657,2012,100,Swaziland,4.867,,,,,,,,,,SWZ,SWZ2012,Eswatini,sz,2012,8.93964682788212,4886551483.93374,4347.99569336631,25.128,0.0014956527641697,8.74837350194572,5.39663069666719,4.91018584462683,22.3302560357525,28.8375522484598,28.2333786479943,4571223253.09633,12.8823565660319,SWZ,SWZ
1658,2024,4,Sweden,7.345,7.262,7.427,1.783,1.698,0.889,0.952,0.17,0.467,1.385,SWE,SWE2024,Sweden,se,2024,2.83581658224034,,,8.528,,,,,,,,,,SWE,SWE
1659,2023,4,Sweden,7.344,7.267,7.422,1.878,1.501,0.724,0.838,0.221,0.524,1.658,SWE,SWE2023,Sweden,se,2023,8.54862489748902,584960475767.32,55516.836477474,7.611,,6.14906969650426,-0.310670184725893,6.97807095420788,,,,606603219320.577,,SWE,SWE
1660,2022,6,Sweden,7.395,7.322,7.468,1.921,1.51,0.562,0.754,0.225,0.52,1.903,SWE,SWE2022,Sweden,se,2022,8.36929098869189,579895717343.956,55296.9371472535,7.392,,5.78193714856063,1.45928850757269,4.72576156484506,32.2346800481688,33.2892542143838,27.6047528383889,604826974545.303,36.9103515627997,SWE,SWE
1661,2021,7,Sweden,7.384,7.315,7.454,1.92,1.204,0.803,0.724,0.218,0.512,2.003,SWE,SWE2021,Sweden,se,2021,2.16319736447153,637186904843.636,61174.9680215622,8.722,,2.7406333444759,5.9375085730744,6.70313387861944,32.9123112765962,32.497937739118,27.3986454587442,663252463172.592,40.6550853120913,SWE,SWE
1662,2020,8,Sweden,7.363,7.293,7.433,1.478,1.062,0.763,0.685,0.244,0.448,2.683,SWE,SWE2020,Sweden,se,2020,0.497367318853572,545147614972.141,52653.7565934247,8.291,,1.79366288715698,-2.00533750353763,5.7975833223945,34.8791012428256,32.2525810708591,26.8222445905957,564371291338.878,44.1780067548593,SWE,SWE
1663,2019,7,Sweden,7.35349988937378,7.28248071670532,7.42451906204224,1.32223522663116,1.43334770202637,0.986470460891724,0.650297701358795,0.27282789349556,0.442066371440887,2.24629926681519,SWE,SWE2019,Sweden,se,2019,1.78415097403835,532169294165.94,51773.0464558993,6.833,,2.42065007708676,2.54964785253048,5.32712064769757,31.331078945366,32.9529310255426,27.5007981614175,547611418095.424,38.7948169871001,SWE,SWE
1664,2018,7,Sweden,7.343,,,,,,,,,,SWE,SWE2018,Sweden,se,2018,1.95353530127028,551312498430.164,54181.9069780904,6.365,,2.61612019490897,1.90296458840773,2.19206475154498,31.9437622149225,33.4843813839468,28.1188716718966,561279115315.834,42.5823207006916,SWE,SWE
1665,2017,9,Sweden,7.314,,,,,,,,,,SWE,SWE2017,Sweden,se,2017,1.79449904665589,536083940228.684,53300.8587281785,6.718,,2.22655133855243,1.82515601494717,2.07432570613665,31.9272025376033,33.6060714302079,28.3863058971085,543698522015.555,44.3525255912895,SWE,SWE
1666,2016,10,Sweden,7.284,,,,,,,,,,SWE,SWE2016,Sweden,se,2016,0.984269244577992,514218206628.325,51820.3972482676,6.99,,1.65202001199931,2.34974080432539,1.84679598887557,32.0365400392302,33.5150311215854,28.1990591296495,515550957283.109,46.3170822116813,SWE,SWE
1667,2015,10,Sweden,7.291,,,,,,,,,,SWE,SWE2015,Sweden,se,2015,-0.0467847449832812,501698263620.663,51197.9529341175,7.432,,2.25343232544076,4.41014067579341,2.59383978182218,32.3526346696221,32.6235158309397,27.3210460460165,505274264709.006,47.7563038415595,SWE,SWE
1668,2014,8,Sweden,7.364,,,,,,,,,,SWE,SWE2014,Sweden,se,2014,-0.179638494114635,577730245154.162,59583.7140001673,7.954,,1.83270691050184,2.2957638087284,3.25046610689162,33.2570490627025,32.0885398756661,26.7091994995563,589823904990.464,49.8169253192044,SWE,SWE
1669,2012,5,Sweden,7.48,,,,,,,,,,SWE,SWE2012,Sweden,se,2012,0.888377506923638,549742183874.355,57749.8251328664,7.976,,0.949517917737836,-0.414465721070883,5.53301807097919,33.0085659544123,32.2441705114657,26.4350873349314,562604589238.968,43.7272319165571,SWE,SWE
1670,2011,7,Sweden,7.379,,,,,,,,,,SWE,SWE2011,Sweden,se,2011,2.9611507382214,570541353128.724,60379.7748160321,7.804,,1.11730008631683,3.16391048145204,5.51025822994298,32.4393124120237,32.7007815462767,26.7985753751517,583474661753.753,43.9567484111978,SWE,SWE
1671,2024,13,Switzerland,6.935,6.854,7.015,1.87,1.622,0.883,0.889,0.156,0.468,1.047,CHE,CHE2024,Switzerland,ch,2024,1.06234041976595,,,4.11,,,,,,,,,,CHE,CHE
1672,2023,9,Switzerland,7.06,6.973,7.147,1.97,1.425,0.747,0.759,0.173,0.498,1.488,CHE,CHE2023,Switzerland,ch,2023,2.13540088016377,884940402230.409,99564.710026145,4.043,1.82218673744216,1.02331402592833,0.716066868695833,5.3624904490089,16.9055901382913,17.2390835961747,9.1000541682465,860241113084.629,20.0953886501017,CHE,CHE
1673,2022,8,Switzerland,7.24,7.156,7.324,2.022,1.463,0.582,0.678,0.151,0.475,1.87,CHE,CHE2022,Switzerland,ch,2022,2.83502798644463,818426550206.45,93245.7952120851,4.122,0.145920367675993,2.4971595038279,2.56832817834069,8.83701935773527,16.6721583115085,17.3936227798371,9.10068229044156,801895036040.353,17.8028338561752,CHE,CHE
1674,2021,4,Switzerland,7.512,7.437,7.586,2.026,1.226,0.822,0.677,0.147,0.461,2.153,CHE,CHE2021,Switzerland,ch,2021,0.581814168489856,813408787222.499,93446.4344518943,5.013,1.37651137331578,1.24619196669597,5.39188804141473,7.07340304784119,19.0110684890616,18.4759192533729,10.0936772612024,800495604747.336,19.9857790162513,CHE,CHE
1675,2020,4,Switzerland,7.571,7.5,7.643,1.566,1.079,0.816,0.653,0.204,0.413,2.839,CHE,CHE2020,Switzerland,ch,2020,-0.725874933313384,741999406005.627,85897.7843338323,4.817,3.35750961859024,-0.699187622738137,-2.14173720650054,0.375066944737831,20.0431954756295,17.8932165958268,9.34487114995366,716684165061.556,20.8521076737596,CHE,CHE
1676,2019,3,Switzerland,7.55989980697632,7.49127197265625,7.62852764129639,1.39077425003052,1.47240340709686,1.04053318500519,0.628954470157623,0.269055753946304,0.407945901155472,2.35026741027832,CHE,CHE2019,Switzerland,ch,2019,0.362886179940614,721369112726.724,84121.9310304414,4.394,2.73966471699439,-0.103895158007788,1.14198232505277,3.51229448103216,16.8530605013535,17.906411725807,9.90716918660662,696318048854.117,18.9542598066682,CHE,CHE
1677,2018,6,Switzerland,7.48,,,,,,,,,,CHE,CHE2018,Switzerland,ch,2018,0.936335464113563,725568717468.001,85217.3691512274,4.713,1.84900465333685,0.764289197175742,2.86044579461633,5.04991825776315,16.7182236540887,17.6754650084697,9.69102394496102,699353255841.699,18.678118566674,CHE,CHE
1678,2017,5,Switzerland,7.487,,,,,,,,,,CHE,CHE2017,Switzerland,ch,2017,0.533787839825897,695200833086.499,82254.3769269767,4.797,3.00636739533907,-0.367869216813958,1.36279955711416,5.34410987370175,17.2162171396998,18.1546323700076,10.0616352922898,685587748787.691,20.2844118326667,CHE,CHE
1679,2016,4,Switzerland,7.494,,,,,,,,,,CHE,CHE2016,Switzerland,ch,2016,-0.434618664285835,687895460902.713,82153.0745447889,4.918,3.24890887051055,-0.583291591583972,2.0686896670996,7.27641251378068,17.2408228496826,17.4501348770275,9.40460314074152,683895323472.44,19.3809926558719,CHE,CHE
1680,2015,2,Switzerland,7.509,,,,,,,,,,CHE,CHE2015,Switzerland,ch,2015,-1.14390867228183,694118186379.628,83806.4476003837,4.801,3.99644754248307,-1.2650568747671,1.64462768699285,8.87897961536886,17.0674446630017,17.7461514139277,9.55617901664748,701133713181.255,20.4392949592688,CHE,CHE
1681,2014,1,Switzerland,7.587,,,,,,,,,,CHE,CHE2014,Switzerland,ch,2014,-0.0132025387514939,726537808338.0,88724.9909402638,4.826,3.36510208636232,-0.653123803620176,2.34988127508626,6.86697602914757,16.7192645031926,17.1322484585604,9.08733953197482,725732044919.197,20.611242786827,CHE,CHE
1682,2012,3,Switzerland,7.65,,,,,,,,,,CHE,CHE2012,Switzerland,ch,2012,-0.692552018105253,686420221557.99,85836.2076767359,4.491,2.62294172480656,0.0637202631572649,1.17925383325108,8.8773281834645,16.5219261840556,17.1639791506782,9.1690747420643,697992809377.499,21.3444959349686,CHE,CHE
1683,2011,6,Switzerland,7.499,,,,,,,,,,CHE,CHE2011,Switzerland,ch,2011,0.2313492076509,715888126682.396,90476.7589651577,4.409,2.73934652630259,-0.0204529167059491,1.81310819203695,6.21119893660374,16.6376791837765,17.2901661887072,9.32195218828286,720038694879.46,21.1420070501854,CHE,CHE
1684,2018,149,Syria,3.462,,,,,,,,,,SYR,SYR2018,Syrian Arab Republic,sy,2018,0.940983843906769,21497782867.6426,1098.0668642357,13.497,,13.1879402830296,1.39317607830837,,,,,20708643151.976,,SYR,SYR
1685,2017,150,Syria,3.462,,,,,,,,,,SYR,SYR2017,Syrian Arab Republic,sy,2017,18.0752696281771,16369843352.3453,851.502005254153,13.597,,37.2209382232321,-0.723281777470547,,,,,15776320913.866,,SYR,SYR
1686,2016,152,Syria,3.462,,,,,,,,,,SYR,SYR2016,Syrian Arab Republic,sy,2016,47.7051615298923,12597854877.4254,656.3490586313,13.795,,36.8710415587113,-6.4055907393619,,,,,12131412781.9446,,SYR,SYR
1687,2015,156,Syria,3.069,,,,,,,,,,SYR,SYR2015,Syrian Arab Republic,sy,2015,38.4611429599733,16466863117.0009,847.731631942565,14.243,,38.2145477487644,-4.179791613232,,,,,15846726811.9009,,SYR,SYR
1688,2014,156,Syria,3.006,,,,,,,,,,SYR,SYR2014,Syrian Arab Republic,sy,2014,10.9271141804297,21502061465.9498,1060.59105886854,14.783,,37.0945840345087,-10.310339909053,,,,,20679218993.0952,,SYR,SYR
1689,2012,148,Syria,3.892,,,,,,,,,,SYR,SYR2012,Syrian Arab Republic,sy,2012,36.7022953364139,43190318032.5627,1897.66115018696,13.8,,26.2462552485551,-26.3390170772532,,,,,41500139065.8099,,SYR,SYR
1690,2011,107,Syria,4.735,,,,,,,,,,SYR,SYR2011,Syrian Arab Republic,sy,2011,4.7531638888563,67539428159.4474,2952.14349372257,8.627,,11.5740778155847,2.8500028435797,,,,,62976957811.7152,,SYR,SYR
1691,2024,90,Tajikistan,5.411,5.337,5.485,0.914,1.555,0.658,,0.085,0.342,,TJK,TJK2024,Tajikistan,tj,2024,,,,11.635,,,,,,,,,,TJK,TJK
1692,2023,88,Tajikistan,5.281,5.201,5.361,,,,,,,,TJK,TJK2023,Tajikistan,tj,2023,,12060602008.8478,1160.81187026311,11.546,,2.18821998125314,8.29999921651935,4.84239885438264,11.1871357381787,18.7120735667073,10.9158082673568,15143750556.1562,,TJK,TJK
1693,2022,80,Tajikistan,5.33,5.207,5.452,0.972,1.248,0.291,0.599,0.104,0.292,1.823,TJK,TJK2022,Tajikistan,tj,2022,,10713525200.3998,1052.17949484894,11.634,,8.26227281475744,8.00000033846364,15.2573634253921,10.6910715593023,17.0698949930488,10.3442793393563,14210918854.2368,,TJK,TJK
1694,2021,83,Tajikistan,5.377,5.287,5.468,0.966,1.005,0.518,0.572,0.118,0.304,1.895,TJK,TJK2021,Tajikistan,tj,2021,,8937805347.13963,896.748053372182,12.333,,10.0445095549154,9.39999955037523,8.22937866606437,12.4572895743117,17.7526722762903,10.345980548358,10758910057.1676,,TJK,TJK
1695,2020,79,Tajikistan,5.466,5.4,5.532,0.508,0.895,0.498,0.548,0.152,0.247,2.619,TJK,TJK2020,Tajikistan,tj,2020,,8133963550.65742,834.311715460625,12.321,,1.65596010469615,4.40000111553493,4.34918092627649,,,,9498106073.45013,,TJK,TJK
1696,2019,71,Tajikistan,5.55569982528687,5.49234962463379,5.61905002593994,0.47487461566925,1.21837770938873,0.680594801902771,0.521141171455383,0.182417124509811,0.22177991271019,2.25650835037231,TJK,TJK2019,Tajikistan,tj,2019,,8300813599.3084,871.022372934846,11.419,19.1889598699904,3.65868395013121,7.40000016310556,-2.23224918510585,,,,9631287021.79045,,TJK,TJK
1697,2018,74,Tajikistan,5.467,,,,,,,,,,TJK,TJK2018,Tajikistan,tj,2018,,7764999999.45362,834.288404578801,11.437,24.09604073384,2.49222755648458,7.5999988895536,-4.889664631378,,,,8990673043.81483,,TJK,TJK
1698,2017,80,Tajikistan,5.352,,,,,,,,,,TJK,TJK2017,Tajikistan,tj,2017,,7536402852.85802,829.45714764957,11.487,18.0694406754277,9.80546714084267,7.10000041864309,2.10935261893798,,,,8637196303.70133,,TJK,TJK
1699,2016,96,Tajikistan,5.041,,,,,,,,,,TJK,TJK2016,Tajikistan,tj,2016,6.00458082322139,6992416096.89018,788.710481734485,11.5,24.270353035943,0.541389756844993,6.89999999999999,-4.15917376644493,,,,8081792570.51881,,TJK,TJK
1700,2015,100,Tajikistan,4.996,,,,,,,,,,TJK,TJK2015,Tajikistan,tj,2015,5.7145594964971,8271431485.07484,956.916310930656,11.485,17.7511693755864,6.86625094979701,6.01930331771186,-5.76773865149509,,,,9797996695.50327,,TJK,TJK
1701,2014,106,Tajikistan,4.786,,,,,,,,,,TJK,TJK2014,Tajikistan,tj,2014,6.10442765129667,9112605459.32845,1081.54402932039,11.439,18.8653286469212,4.76666135833671,6.70000069016253,-3.47271227917375,,,,11296415927.1155,,TJK,TJK
1702,2012,125,Tajikistan,4.38,,,,,,,,,,TJK,TJK2012,Tajikistan,tj,2012,5.83116601031462,7633036903.07634,952.452819695469,11.444,8.24612510137313,11.8685155888293,7.49999946321525,-8.92695486705109,,,,9744488621.92436,,TJK,TJK
1703,2011,115,Tajikistan,4.614,,,,,,,,,,TJK,TJK2011,Tajikistan,tj,2011,12.4315490430406,6522756255.012,833.601978202852,11.557,8.06297203407717,13.3243555693147,7.40000059956709,-6.33655867344341,,,,8316624763.05171,,TJK,TJK
1704,2024,136,Tanzania,3.8,3.661,3.938,0.847,0.908,0.411,0.858,0.153,0.243,0.38,TZA,TZA2024,Tanzania,tz,2024,3.05694676312373,,,2.576,,,,,,,,,,TZA,TZA
1705,2023,131,Tanzania,3.781,3.644,3.917,0.82,0.706,0.38,0.709,0.191,0.257,0.717,TZA,TZA2023,Tanzania,tz,2023,3.79923291384916,79062403820.892,1224.48962402344,2.582,,2.74821189393757,5.06952353203394,-3.74173192675319,17.0304864142749,13.41063694983,11.4914890183773,77553169188.701,,TZA,TZA
1706,2022,129,Tanzania,3.694,3.547,3.84,0.836,0.787,0.214,0.607,0.234,0.269,0.747,TZA,TZA2022,Tanzania,tz,2022,4.35027204269101,75769974505.0106,1207.85302734375,2.588,,2.76261483337198,4.56600576430955,-7.23534153367144,16.8468991314032,13.996990502322,11.7926807934669,74376313109.1194,,TZA,TZA
1707,2021,139,Tanzania,3.702,3.558,3.847,0.848,0.597,0.425,0.578,0.248,0.27,0.735,TZA,TZA2021,Tanzania,tz,2021,3.69091958802199,70655628147.8986,1159.85656738281,2.821,,2.67430327389397,4.32138429480482,-3.36023268162551,15.1259358340698,12.630579947155,10.8557996439654,69464087924.3544,,TZA,TZA
1708,2020,143,Tanzania,3.623,3.485,3.762,0.433,0.54,0.3,0.549,0.307,0.231,1.263,TZA,TZA2020,Tanzania,tz,2020,3.29029062798325,66068737786.0639,1117.41528320313,2.781,9.63750201577468,6.42301399038681,1.99196460647855,-2.2076210603596,14.2926515974573,13.3579651832576,11.6267688543522,64804138398.1066,,TZA,TZA
1709,2019,148,Tanzania,3.47620010375977,3.35230898857117,3.60009121894836,0.457163125276566,0.872674643993378,0.442677855491638,0.509343087673187,0.271540910005569,0.203880861401558,0.718963384628296,TZA,TZA2019,Tanzania,tz,2019,3.4642805799902,61026731925.9213,1063.32250976563,2.496,14.3628917375248,2.2804089300173,5.79999999996723,-2.19615506388311,15.3752931466323,13.2700185532593,11.0191174811563,60012994185.1719,,TZA,TZA
1710,2018,153,Tanzania,3.231,,,,,,,,,,TZA,TZA2018,Tanzania,tz,2018,3.49445848856181,57003712892.0858,1023.10626220703,2.393,13.9485776543736,3.04136223867999,5.46808181528009,-4.05030922232883,14.5748625993064,13.9060325936847,11.695083058288,56365032376.3658,,TZA,TZA
1711,2017,153,Tanzania,3.303,,,,,,,,,,TZA,TZA2017,Tanzania,tz,2017,5.31871605228931,53274884532.7886,986.674011230469,2.303,14.7469986329468,2.63812393333545,6.76227716834148,-2.77340665420784,15.7386532808111,13.5824690329332,11.8367190192838,52339432682.9388,,TZA,TZA
1712,2016,153,Tanzania,3.349,,,,,,,,,,TZA,TZA2016,Tanzania,tz,2016,5.17476629301493,49774409374.4538,953.0107421875,2.23,7.89628648135895,7.47203366759727,6.86711619644551,-2.44651727173222,13.3688531461333,12.4026980577624,11.3903399368077,48817192683.2253,,TZA,TZA
1713,2015,149,Tanzania,3.666,,,,,,,,,,TZA,TZA2015,Tanzania,tz,2015,5.58816952959298,47413919817.124,939.127319335938,2.159,7.91293618587464,7.59136402332241,6.16062877406682,-5.52279532317806,14.8700779493296,11.3831208411787,10.4924954944653,46684218023.5751,,TZA,TZA
1714,2014,146,Tanzania,3.781,,,,,,,,,,TZA,TZA2014,Tanzania,tz,2014,6.13161432988012,49986726460.6805,1022.74841308594,2.125,9.65573386813088,6.05084588935551,6.73246186832483,-9.97575000776711,16.0794441502738,12.2379339025816,11.3637968874428,49453645654.0675,,TZA,TZA
1715,2012,151,Tanzania,3.77,,,,,,,,,,TZA,TZA2012,Tanzania,tz,2012,16.0010938506338,39650394362.9287,861.969909667969,3.222,4.59141372169781,10.4838939974038,4.50015356010131,-9.49381708629511,14.017907635242,11.3234662123153,10.4330040159572,39080121049.558,,TZA,TZA
1716,2011,149,Tanzania,3.8,,,,,,,,,,TZA,TZA2011,Tanzania,tz,2011,12.6909694699162,34657140096.4836,775.392761230469,3.47,2.464304206777,12.1984228784034,7.67215543486064,-12.6408334198025,14.3760474348585,10.320132545457,9.79398200038448,34013428042.1638,,TZA,TZA
1717,2024,49,Thailand,6.222,6.117,6.327,1.426,1.551,0.633,0.927,0.223,0.039,1.423,THA,THA2024,Thailand,th,2024,,,,0.693,,,,,,,,,,THA,THA
1718,2023,58,Thailand,5.976,5.858,6.094,1.484,1.347,0.62,0.756,0.283,0.024,1.463,THA,THA2023,Thailand,th,2023,1.22802623546169,514968699239.005,7182.02525812415,0.733,3.02863861230229,1.22023811822058,1.88725725050934,1.43923468240437,20.8042772114191,19.9572776916637,15.4511540704751,503339156913.529,61.2356482560744,THA,THA
1719,2022,60,Thailand,5.843,5.717,5.969,1.515,1.344,0.461,0.624,0.291,0.013,1.594,THA,THA2022,Thailand,th,2022,6.07741228434321,495645210972.751,6909.35997481451,0.94,-1.55455679699823,4.76699578735654,2.46276934050356,-3.46252016627717,22.2320213670538,18.9768224634158,15.1390339194536,481390360909.718,60.3498576793725,THA,THA
1720,2021,61,Thailand,5.891,5.788,5.994,1.535,1.096,0.697,0.617,0.321,0.026,1.6,THA,THA2021,Thailand,th,2021,1.23039541318384,506256494297.34,7058.0694998852,1.215,1.26649715668653,1.77107226345396,1.56818176501186,-2.11799444006618,25.1299250580277,19.2036267455152,15.0614176014876,488672219203.916,58.5043086154828,THA,THA
1721,2020,55,Thailand,5.985,5.893,6.077,1.107,0.957,0.596,0.611,0.375,0.028,2.309,THA,THA2020,Thailand,th,2020,-0.845937147357041,500461898480.246,6985.64393892574,1.099,4.65169004750105,-1.29877505741581,-6.05003846851622,4.18282861454669,22.8313574596558,20.0658736840342,15.1931521641962,489367035950.047,50.3227814999415,THA,THA
1722,2019,54,Thailand,5.9987998008728,5.91531085968018,6.08228874206543,1.00702929496765,1.34751951694489,0.793855845928192,0.609449803829193,0.376709014177322,0.0318378619849682,1.83238410949707,THA,THA2019,Thailand,th,2019,0.706728601314311,543976691793.886,7605.69657797759,0.716,3.03891578719485,1.01442340642497,2.11455779628278,7.03272640328298,18.6665827342784,20.0041229020508,15.3979482209566,523977887377.21,38.6277055941279,THA,THA
1723,2018,52,Thailand,6.008,,,,,,,,,,THA,THA2018,Thailand,th,2018,1.06389754183015,506754208404.485,7099.77650081458,0.765,2.67979728915769,1.42858616420727,4.22287028746071,5.61986314598972,19.0196942606136,20.1769525888598,15.6981581348008,482264933708.604,37.9104188436045,THA,THA
1724,2017,46,Thailand,6.072,,,,,,,,,,THA,THA2017,Thailand,th,2017,0.665631893135106,456356813536.764,6413.09182530343,0.83,2.46971462408852,1.8999449899777,4.1776810321001,9.63103019182142,19.122663547864,19.860453134017,15.5187271600897,435913240648.276,,THA,THA
1725,2016,32,Thailand,6.424,,,,,,,,,,THA,THA2016,Thailand,th,2016,0.188149704448234,413366349747.508,5833.57715617098,0.688,1.78511916997275,2.63616761998928,3.43515771692182,10.5083543932086,19.6652964019127,20.5484735955978,16.1000351509677,393948949386.684,37.3065204045664,THA,THA
1726,2015,33,Thailand,6.474,,,,,,,,,,THA,THA2015,Thailand,th,2015,-0.900424963291569,401296238228.084,5688.85335397884,0.597,3.98101397309843,0.722113573412514,3.13404724911635,6.91581517168622,19.3927758672544,21.2549368322817,16.8508515509662,380594916735.618,36.6705695355179,THA,THA
1727,2014,34,Thailand,6.455,,,,,,,,,,THA,THA2014,Thailand,th,2014,1.8951418189878,407339040197.651,5801.1978916205,0.576,3.45784317114814,1.44146536528029,0.984468863619426,2.8582840987004,19.9952273274915,20.3800515751315,16.4987842783279,386381481702.815,35.3904739452699,THA,THA
1728,2012,36,Thailand,6.371,,,,,,,,,,THA,THA2012,Thailand,th,2012,3.01489950334994,397558325278.579,5725.52802835463,0.58,3.21675712469183,1.90914444199674,7.24279620249642,-1.23233637957653,18.6216196174385,18.9380707949502,15.4409356740255,379342666424.563,28.4447160238828,THA,THA
1729,2011,52,Thailand,5.804,,,,,,,,,,THA,THA2011,Thailand,th,2011,3.80879058139634,370818739623.622,5373.6232832898,0.66,1.2766820317925,3.7430981204437,0.840132083053334,2.54217096328341,19.41745835874,19.8124475584625,16.3618347937093,361875003955.99,28.1319763006874,THA,THA
1730,2024,127,Togo,4.315,4.2,4.43,0.757,0.736,0.378,0.576,0.097,0.153,1.618,TGO,TGO2024,Togo,tg,2024,,,,1.94,,,,,,,,,,TGO,TGO
1731,2023,124,Togo,4.214,4.098,4.33,0.758,0.586,0.32,0.453,0.127,0.156,1.814,TGO,TGO2023,Togo,tg,2023,5.48928568141124,9171261837.57103,985.697512629974,1.948,,2.59456529883668,6.40792215636242,,16.9934097189727,16.6013907118404,14.7594069039782,9210663736.52824,,TGO,TGO
1732,2022,122,Togo,4.137,3.986,4.289,0.77,0.642,0.161,0.367,0.149,0.136,1.913,TGO,TGO2022,Togo,tg,2022,7.96757361617945,8169476148.95692,898.758154410712,1.965,,4.15581315078867,5.75954251521733,,16.155575422123,15.0538642087763,14.1875620772128,8209395367.78443,,TGO,TGO
1733,2021,135,Togo,4.112,3.953,4.272,0.771,0.322,0.36,0.292,0.174,0.132,2.061,TGO,TGO2021,Togo,tg,2021,4.1862150652352,8342243645.94438,939.613373786407,2.333,,2.46636746396649,5.99087610392314,,13.4917127567891,14.838977408415,14.2024496426634,8360888241.21407,,TGO,TGO
1734,2020,137,Togo,4.107,3.956,4.258,0.254,0.239,0.203,0.289,0.209,0.107,2.806,TGO,TGO2020,Togo,tg,2020,1.69928463299408,7400284167.78479,853.578220263722,2.225,,1.93311361980237,1.99215501870344,-0.280228713572482,14.4035059657002,14.1844102788979,12.8666052547425,7443023219.44051,,TGO,TGO
1735,2019,135,Togo,4.18720006942749,4.06468677520752,4.30971336364746,0.268116265535355,0.547622859477997,0.342731177806854,0.303539037704468,0.200774252414703,0.114826455712318,2.40959525108337,TGO,TGO2019,Togo,tg,2019,0.674652770077436,6992700101.37188,826.260654099894,2.036,,0.01194354395939,4.92292591685973,-0.792877888994647,13.3963670222042,15.2423075954651,13.5835442152449,7014819501.26785,,TGO,TGO
1736,2018,139,Togo,4.085,,,,,,,,,,TGO,TGO2018,Togo,tg,2018,0.927755426457183,7029300383.08031,851.130806891807,2.898,,0.454262222511389,4.7950602703237,-2.6297295084107,13.6291888351152,15.4927641430292,12.8594348271164,7048636180.15906,,TGO,TGO
1737,2017,139,Togo,3.999,,,,,,,,,,TGO,TGO2017,Togo,tg,2017,-0.981889868943119,6387422517.69225,792.765487219069,3.744,6.07874548496913,-0.88495153357762,4.00813326162304,-1.51302493622226,11.5121383933709,14.0684509081312,13.0586635024584,6392420306.8336,,TGO,TGO
1738,2016,150,Togo,3.495,,,,,,,,,,TGO,TGO2016,Togo,tg,2016,1.28544847051417,6071170959.12093,772.581787093976,2.968,3.78210110883363,1.45776475423236,4.21489560925825,-7.19180252354326,13.6105290587947,14.6929684524753,13.8673744068475,6114776688.37141,,TGO,TGO
1739,2015,155,Togo,3.303,,,,,,,,,,TGO,TGO2015,Togo,tg,2015,2.58500390801595,5755461035.38026,751.052405084336,2.204,2.88784451733368,2.20271127261411,5.46803129272737,-8.0102115497044,12.9253756844092,14.8446714277581,13.7687109539627,5887730069.0691,,TGO,TGO
1740,2014,158,Togo,2.839,,,,,,,,,,TGO,TGO2014,Togo,tg,2014,0.19087507624975,6393318261.82712,855.585284856656,2.142,4.83525434528348,0.479875773843148,5.6332402182029,-7.17107850784041,11.5546462254895,14.2869095444585,13.1663927509892,6439476563.92261,,TGO,TGO
1741,2012,156,Togo,2.936,,,,,,,,,,TGO,TGO2012,Togo,tg,2012,2.57718174055848,5413544658.41535,762.392047587088,2.03,3.23219798484665,1.75039252974665,6.30269542069151,-5.4330212905541,12.5172538495563,12.9491460429021,11.3616557188477,5419520492.56511,,TGO,TGO
1742,2011,156,Togo,3.007,,,,,,,,,,TGO,TGO2011,Togo,tg,2011,3.56351472903954,5422442166.44146,783.989380490906,1.982,2.36951098817542,2.81959506363634,5.82325223658786,-5.57134245747162,10.8080463782654,12.3910193524158,11.4052322271044,5656293246.14731,,TGO,TGO
1743,2024,70,Trinidad and Tobago,5.905,5.651,6.159,1.549,1.532,0.419,0.76,0.111,0.001,1.533,TTO,TTO2024,Trinidad and Tobago,tt,2024,0.526884625776839,,,4.546,,,,,,,,,,TTO,TTO
1744,2019,42,Trinidad and Tobago,6.19189977645874,5.96758079528809,6.41621875762939,1.16764152050018,1.40732622146606,0.658828556537628,0.552931129932404,0.199358254671097,0.0150783956050873,2.19069576263428,TTO,TTO2019,Trinidad and Tobago,tt,2019,1.00054293027237,23775659262.5735,17431.0269266696,3.523,13.5799896469747,-3.81228212859769,0.3612724057636,4.29070730788455,32.899537992233,23.959549705781,16.5468805109092,23168661689.018,,TTO,TTO
1745,2018,39,Trinidad and Tobago,6.192,,,,,,,,,,TTO,TTO2018,Trinidad and Tobago,tt,2018,1.01856930188822,24569257295.0918,18076.3565550233,3.498,6.23904599288436,2.68705726829177,-0.602464842311747,6.61738967605014,30.4797065431309,28.7396046071696,19.3226636953602,23869252229.184,,TTO,TTO
1746,2017,38,Trinidad and Tobago,6.192,,,,,,,,,,TTO,TTO2017,Trinidad and Tobago,tt,2017,1.88038440183532,24040211327.4898,17720.4972365332,3.394,0.726654512383327,8.21366055257951,-4.80082842878679,5.8618127618128,32.7548794048525,28.4765949070853,18.2430228153345,24089211146.7986,,TTO,TTO
1747,2016,38,Trinidad and Tobago,6.168,,,,,,,,,,TTO,TTO2016,Trinidad and Tobago,tt,2016,3.07066742464024,23722678429.8078,17521.8007525013,3.207,9.81429058895969,-0.741516049133921,-7.52713742248807,-3.27274488779744,33.2881053971438,31.1095500722845,21.3082002104303,23297537849.565,,TTO,TTO
1748,2015,43,Trinidad and Tobago,6.168,,,,,,,,,,TTO,TTO2015,Trinidad and Tobago,tt,2015,4.66121598098264,27026750552.9647,20024.754663902,2.428,18.5348790903948,-8.73361424910222,-0.777459952231411,7.61153477599894,33.3176426514528,35.6166474849216,24.540336230391,26787107495.4504,,TTO,TTO
1749,2014,41,Trinidad and Tobago,6.168,,,,,,,,,,TTO,TTO2014,Trinidad and Tobago,tt,2014,5.68441814595659,29697674913.5408,22074.4263087858,2.477,8.49386980831339,-0.916060796862865,3.85363548289079,13.9893199285126,30.8642825335892,32.5733724242664,24.8438518366111,27974529430.4422,,TTO,TTO
1750,2012,31,Trinidad and Tobago,6.519,,,,,,,,,,TTO,TTO2012,Trinidad and Tobago,tt,2012,9.26028137068292,27334568806.1922,20472.3574298508,3.718,7.33834051222737,0.344697728081428,7.44682089326665,14.1451278264003,28.3280679577484,29.7030290662352,24.7902102377612,25038317529.0916,,TTO,TTO
1751,2011,38,Trinidad and Tobago,6.263,,,,,,,,,,TTO,TTO2011,Trinidad and Tobago,tt,2011,5.1071328926456,25433007437.1605,19151.0870229722,3.425,-6.70574309512338,15.7297032514581,-0.294354409043763,18.5128374343258,27.3237231592599,28.693596257357,25.6437422012934,22613153665.2749,,TTO,TTO
1752,2024,113,Tunisia,4.552,4.47,4.633,1.257,1.224,0.459,0.382,0.032,0.05,1.149,TUN,TUN2024,Tunisia,tn,2024,7.20661657168794,,,16.203,,,,,,,,,,TUN,TUN
1753,2023,115,Tunisia,4.422,4.338,4.505,1.306,0.955,0.579,0.254,0.024,0.018,1.285,TUN,TUN2023,Tunisia,tn,2023,9.32899597507865,48529595416.6533,3977.69516639644,15.106,,8.88763642233521,0.0391565674939329,-2.28832177631159,,,,47219686954.8424,,TUN,TUN
1754,2022,110,Tunisia,4.497,4.393,4.601,1.333,0.981,0.422,0.259,0.022,0.016,1.463,TUN,TUN2022,Tunisia,tn,2022,8.30646124447623,44579761022.8993,3678.40023411347,15.3,,3.05495595357709,2.67331821840567,-8.9036859663426,,,,43606718412.8313,,TUN,TUN
1755,2021,120,Tunisia,4.516,4.403,4.629,1.35,0.596,0.656,0.316,0.029,0.029,1.54,TUN,TUN2021,Tunisia,tn,2021,5.706350208307,46812290143.344,3885.28166485296,16.611,,4.51678033390613,4.7363207484732,-5.91736776692053,,,,45582180787.9642,,TUN,TUN
1756,2020,123,Tunisia,4.596,4.484,4.709,0.919,0.515,0.59,0.334,0.057,0.044,2.138,TUN,TUN2020,Tunisia,tn,2020,5.63415115897625,42491780918.361,3548.65363663803,17.656,,6.80569317573834,-9.01193412390238,-6.01234016088557,,,,41095052621.3235,,TUN,TUN
1757,2019,128,Tunisia,4.39219999313354,4.29484558105469,4.4895544052124,0.874742686748505,0.872167706489563,0.781156718730927,0.235860556364059,0.055881142616272,0.0438995733857155,1.52849674224854,TUN,TUN2019,Tunisia,tn,2019,6.72007532863799,41905642418.825,3528.87213306798,17.153,,7.13521222424285,1.58784665466504,-8.04912453318916,,,,40813336000.5153,,TUN,TUN
1758,2018,124,Tunisia,4.461,,,,,,,,,,TUN,TUN2018,Tunisia,tn,2018,7.30759176031652,42686504459.801,3628.10366464236,15.459,,7.92466367014788,2.62493010870395,-10.7946228980082,,,,41650260477.7648,,TUN,TUN
1759,2017,111,Tunisia,4.592,,,,,,,,,,TUN,TUN2017,Tunisia,tn,2017,5.30884839565844,42163530590.9462,3619.03247319953,15.33,,4.71388569389377,2.23783867965943,-10.0143611259515,,,,41171063372.4955,,TUN,TUN
1760,2016,102,Tunisia,4.805,,,,,,,,,,TUN,TUN2016,Tunisia,tn,2016,3.62939937384381,44360072680.4476,3847.80354448809,15.557,,4.93496360110481,1.11742594891074,-8.52887305480808,,,,43403523130.2312,,TUN,TUN
1761,2015,98,Tunisia,5.045,,,,,,,,,,TUN,TUN2015,Tunisia,tn,2015,4.437371273215,45779494041.9295,4014.94773686432,15.159,,4.2138400764201,0.967703108220121,-8.57094815049074,,,,44599350028.6752,,TUN,TUN
1762,2014,107,Tunisia,4.739,,,,,,,,,,TUN,TUN2014,Tunisia,tn,2014,4.62555099534031,50271812920.612,4458.97895464547,14.259,,4.66466047449812,3.09032803070775,-8.87794509825978,,,,48568157921.8637,,TUN,TUN
1763,2012,104,Tunisia,4.826,,,,,,,,,,TUN,TUN2012,Tunisia,tn,2012,4.6118443220664,47311401812.6733,4297.26782454273,17.63,,4.66181078103054,4.21667711535632,-7.86572520912914,33.7641230227092,29.8761896900073,20.1154877238471,45406928007.8264,42.5197543010178,TUN,TUN
1764,2011,87,Tunisia,5.141,,,,,,,,,,TUN,TUN2011,Tunisia,tn,2011,3.24002842009531,48123325825.0739,4420.64772206537,18.334,,4.57111406039029,-2.04663389535644,-7.0355658557361,32.9045333238864,31.1612878465826,20.1748559350054,45963001044.9054,42.4807224505219,TUN,TUN
1765,2024,94,Türkiye,5.262,5.178,5.347,1.582,1.444,0.626,0.244,0.04,0.104,1.223,TUR,TUR2024,Turkiye,tr,2024,58.5064507300343,,,8.449,,,,,,,,,,TUR,TUR
1766,2023,98,Türkiye,4.975,4.866,5.085,1.702,1.175,0.631,0.202,0.068,0.115,1.083,TUR,TUR2023,Turkiye,tr,2023,53.8594087593315,1118252964260.77,13105.6585678319,9.388,,68.233934158098,5.11116818488702,-3.56600887942747,33.7067629104,29.3503045222418,18.5354068684926,1107012964203.48,33.1072230203582,TUR,TUR
1767,2022,106,Türkiye,4.614,4.45,4.777,1.714,1.148,0.467,0.125,0.095,0.096,0.969,TUR,TUR2022,Turkiye,tr,2022,72.3088359891207,907118434653.505,10674.504157865,10.465,,96.0361986700836,5.53342787492781,-5.10220035575386,29.6704625002631,25.7586435753188,16.0920714893319,898339434432.342,35.2457946156302,TUR,TUR
1768,2021,112,Türkiye,4.744,4.644,4.845,1.707,0.865,0.702,0.209,0.087,0.115,1.059,TUR,TUR2021,Turkiye,tr,2021,19.5964926913324,819865223976.115,9743.21277804855,11.969,,28.9730004765532,11.4393956926566,-0.758783250962872,30.9404133076921,29.8724797116006,17.8636373659083,809183224524.79,42.575722383146,TUR,TUR
1769,2020,105,Türkiye,4.948,4.857,5.038,1.26,0.809,0.59,0.236,0.097,0.104,1.852,TUR,TUR2020,Turkiye,tr,2020,12.2789574462574,720338490327.248,8638.73903848102,13.148,,14.7893415893496,1.85987303976462,-4.30020058846608,34.0682450532239,29.6352632305255,17.6637230256171,711744489823.581,41.801640624815,TUR,TUR
1770,2019,93,Türkiye,5.13180017471313,5.0537166595459,5.20988368988037,1.12716925144196,1.19715917110443,0.781335294246674,0.254400759935379,0.0858855694532394,0.120983242988586,1.56481671333313,TUR,TUR2019,Turkiye,tr,2019,15.1768215720022,761005915750.925,9215.44049888114,13.73,,13.8677568970462,0.818514526726673,1.972915018037,35.571638976975,29.1728559312269,16.5243858377989,749161915105.152,33.9048016541042,TUR,TUR
1771,2018,79,Türkiye,5.373,,,,,,,,,,TUR,TUR2018,Turkiye,tr,2018,16.3324638988928,778972108040.602,9568.83506330228,10.956,,16.5122765099312,3.0131703931215,-1.87464991997362,33.5436544316448,30.2924784130047,17.2700746239773,767897107698.872,29.2112929401822,TUR,TUR
1772,2017,74,Türkiye,5.483,,,,,,,,,,TUR,TUR2017,Turkiye,tr,2017,11.1443110840765,858988492853.742,10695.550196231,10.919,,10.9824216683285,7.50199748917491,-4.09144014062876,31.7322423517169,29.4808889933504,17.7181577427261,848260493929.361,29.6670769847807,TUR,TUR
1773,2016,69,Türkiye,5.5,,,,,,,,,,TUR,TUR2016,Turkiye,tr,2016,7.7751341532833,869682881593.041,10970.0458948862,10.899,,8.13047807814451,3.32308420845746,-2.54886010397211,30.6454877440116,30.7908315955066,18.2655872255633,860501882366.186,30.0333272262847,TUR,TUR
1774,2015,78,Türkiye,5.389,,,,,,,,,,TUR,TUR2015,Turkiye,tr,2015,7.67085364845877,864313810469.009,11049.9951100942,10.304,,7.84491693010263,6.08448690443663,-2.47063042859543,28.8819262840793,30.3843776540617,18.1807806755588,854629812144.004,29.0056748886147,TUR,TUR
1775,2014,76,Türkiye,5.332,,,,,,,,,,TUR,TUR2014,Turkiye,tr,2014,8.85457271364324,938934609296.966,12165.220135038,9.901,,7.38951863770303,4.9397151613658,-3.41983346678877,29.3775784216453,30.3097485220209,17.9458170478531,930726607714.177,31.3464166832739,TUR,TUR
1776,2012,77,Türkiye,5.345,,,,,,,,,,TUR,TUR2012,Turkiye,tr,2012,8.89156996512163,880555885492.269,11713.2849831139,9.21,,7.42267328660553,4.78849271108008,-4.74654711740803,29.5802922093597,30.6752133660452,18.1071816357094,873967885708.304,37.9602291228126,TUR,TUR
1777,2011,78,Türkiye,5.234,,,,,,,,,,TUR,TUR2011,Turkiye,tr,2011,6.471879671151,838785289694.35,11300.7852215681,9.789,,8.20084709330651,11.2001105833504,-8.87032723560426,30.3387665314319,30.6682025707683,18.5709178655187,831536291661.567,40.0769538067827,TUR,TUR
1778,2021,78,Turkmenistan,5.474,5.371,5.578,1.484,1.319,0.516,0.649,0.314,0.032,1.16,TKM,TKM2021,Turkmenistan,tm,2021,,50007428571.4286,7051.20211079213,4.459,,2.77178000998204,6.20000001747076,,,,,49698385714.2857,,TKM,TKM
1779,2020,98,Turkmenistan,5.066,4.996,5.136,1.046,1.172,0.439,0.602,0.366,0.033,1.409,TKM,TKM2020,Turkmenistan,tm,2020,,45818000000.0,6592.60146027748,4.501,,-4.34974180757671,5.900000048526,,,,,45566594285.7143,,TKM,TKM
1780,2019,95,Turkmenistan,5.11910009384155,5.06151580810547,5.17668437957764,1.0089635848999,1.51047694683075,0.612448036670685,0.515236675739288,0.323129326105118,0.0335038900375366,1.11533737182617,TKM,TKM2019,Turkmenistan,tm,2019,,45232857142.8571,6648.0348960628,4.043,,4.38275226849976,6.30000004226711,,,,,44588356857.1429,,TKM,TKM
1781,2018,87,Turkmenistan,5.247,,,,,,,,,,TKM,TKM2018,Turkmenistan,tm,2018,,40765428571.4286,6125.05169712085,4.044,,1.21087594013873,6.19999994137119,,,,,39048469257.1429,,TKM,TKM
1782,2017,68,Turkmenistan,5.636,,,,,,,,,,TKM,TKM2017,Turkmenistan,tm,2017,,37926285714.2857,5828.4816623489,4.044,,-1.54244268478659,6.50000004682975,,,,,36352285714.2857,,TKM,TKM
1783,2016,59,Turkmenistan,5.822,,,,,,,,,,TKM,TKM2016,Turkmenistan,tm,2016,,36169428571.4286,5686.98040962764,4.031,,-4.86560287903114,6.1999999664301,,,,,35225885714.2857,,TKM,TKM
1784,2015,65,Turkmenistan,5.658,,,,,,,,,,TKM,TKM2015,Turkmenistan,tm,2015,,35799714285.7143,5759.497903834,4.016,,-5.15329778752206,6.49999990951666,,,,,33705628571.4286,,TKM,TKM
1785,2014,70,Turkmenistan,5.548,,,,,,,,,,TKM,TKM2014,Turkmenistan,tm,2014,,43524210526.3158,7164.14536184006,4.0,,0.669180966750076,10.2999999705459,,,,,39603210526.3158,,TKM,TKM
1786,2012,59,Turkmenistan,5.628,,,,,,,,,,TKM,TKM2012,Turkmenistan,tm,2012,,35164210526.3158,6053.8748468749,3.986,,8.27008408241873,11.0999999615545,,,,,31835210526.3158,,TKM,TKM
1787,2011,32,Turkmenistan,6.568,,,,,,,,,,TKM,TKM2011,Turkmenistan,tm,2011,,29233333333.3333,5143.61929334647,4.002,,12.8574543671204,14.6999999278723,,,,,26406333333.3333,,TKM,TKM
1788,2024,116,Uganda,4.461,4.336,4.587,0.762,1.342,0.396,0.751,0.148,0.05,1.012,UGA,UGA2024,Uganda,ug,2024,3.3233806708656,,,2.941,,,,,,,,,,UGA,UGA
1789,2023,117,Uganda,4.372,4.243,4.501,0.772,1.151,0.373,0.587,0.178,0.054,1.256,UGA,UGA2023,Uganda,ug,2023,5.35094804280395,48768955863.3175,1002.30913917142,2.787,,6.74801516641013,5.33697295511469,-7.72302776084858,16.5833400364579,14.3793546945055,12.9683684792696,47796257769.3044,53.1469350748667,UGA,UGA
1790,2022,113,Uganda,4.432,4.258,4.607,0.785,1.144,0.201,0.425,0.197,0.051,1.628,UGA,UGA2022,Uganda,ug,2022,7.1957888597581,45565333210.9108,963.067314117178,2.886,,4.92228673099149,4.58802192181773,-8.91895156607101,16.9424354799697,13.7785940939712,12.5499042669422,44595747451.055,53.890283064004,UGA,UGA
1791,2021,117,Uganda,4.603,4.459,4.747,0.777,0.875,0.418,0.402,0.222,0.066,1.842,UGA,UGA2021,Uganda,ug,2021,2.20457204757414,40529788748.6737,882.791717542504,3.422,,2.54511929619305,3.53658034070898,-8.89447024348966,15.5883809350268,13.9862387540555,12.4588666784696,39643093796.5922,51.3026623500196,UGA,UGA
1792,2020,120,Uganda,4.636,4.493,4.78,0.364,0.718,0.24,0.398,0.267,0.054,2.596,UGA,UGA2020,Uganda,ug,2020,3.31332289544502,37600368241.6657,845.766463890124,3.831,,2.72148444149991,2.95130642218098,-9.56953393880005,13.6717290825135,12.8539945724217,11.3911633065296,36830875672.5288,44.1859143089924,UGA,UGA
1793,2019,126,Uganda,4.43200016021729,4.29774904251099,4.56625127792358,0.312337428331375,1.05232739448547,0.378311663866043,0.401682555675507,0.264807373285294,0.0638188421726227,1.95867109298706,UGA,UGA2019,Uganda,ug,2019,2.867588034469,35348155095.4215,822.057058189153,3.06,,3.00001181631713,6.43874503276439,-7.44751739629259,13.5150737617182,13.0957063452079,12.2363794693037,34432253660.8401,38.4769453120331,UGA,UGA
1794,2018,136,Uganda,4.189,,,,,,,,,,UGA,UGA2018,Uganda,ug,2018,2.61601190952274,32927025619.6795,792.16570022814,3.25,14.7478688039364,4.44338527166425,6.30392378262997,-6.33133624612692,11.8357641142331,12.4765065851732,11.6828686475731,32000683481.9778,34.6735709945694,UGA,UGA
1795,2017,135,Uganda,4.161,,,,,,,,,,UGA,UGA2017,Uganda,ug,2017,5.20971705914209,30744473841.424,765.218332297361,3.428,15.8908471114542,4.64905081962502,3.13140551723596,-4.8845443027942,11.2580442930702,12.3659847369423,11.6047236723344,30021045436.8951,,UGA,UGA
1796,2016,133,Uganda,4.081,,,,,,,,,,UGA,UGA2016,Uganda,ug,2016,5.70637504616212,29203988696.2626,752.696571725656,3.008,18.2333937267573,4.78100029080551,4.78100029254482,-2.72563968618806,11.3130644156105,11.9616232828184,11.1195629663514,28691910472.5653,,UGA,UGA
1797,2015,146,Uganda,3.739,,,,,,,,,,UGA,UGA2015,Uganda,ug,2015,5.58968606251725,32387183730.1002,862.934610355811,2.679,16.5546646041457,5.18785986456285,5.18785986002466,-5.09288758031744,10.7611098309033,11.5774109946973,10.8017708078475,31759208103.9823,,UGA,UGA
1798,2014,141,Uganda,3.931,,,,,,,,,,UGA,UGA2014,Uganda,ug,2014,3.07570668958641,32612397257.4458,896.054795546394,2.348,15.6773841196638,5.10630732385718,5.10630732539796,-6.64160843323991,,,,31865562076.8959,,UGA,UGA
1799,2012,120,Uganda,4.443,,,,,,,,,,UGA,UGA2012,Uganda,ug,2012,12.6790377224659,27305915910.7877,795.222867553127,3.551,21.4880791448606,3.83745560625658,3.83745560605229,-6.06312638733373,,,,26729090962.4985,,UGA,UGA
1800,2011,128,Uganda,4.313,,,,,,,,,,UGA,UGA2011,Uganda,ug,2011,16.5643496174515,27871725241.4723,835.620060555838,3.528,11.3734989307615,9.39165549203732,9.3916554927176,-7.48878445953837,,,,27440502305.144,,UGA,UGA
1801,2024,111,Ukraine,4.68,4.565,4.794,1.328,1.472,0.472,0.689,0.245,0.023,0.451,UKR,UKR2024,Ukraine,ua,2024,6.50198464669254,,,,,,,,,,,,,UKR,UKR
1802,2023,105,Ukraine,4.873,4.758,4.988,1.35,1.315,0.513,0.631,0.285,0.025,0.753,UKR,UKR2023,Ukraine,ua,2023,12.8490222828559,178757021965.008,5069.703125,,3.06490299085696,18.4804556382296,5.32433537426355,-5.35027933161258,66.4638882197061,31.2600826727543,17.6997671243877,183755021981.851,,UKR,UKR
1803,2022,92,Ukraine,5.071,4.956,5.187,1.358,1.354,0.355,0.551,0.265,0.016,1.172,UKR,UKR2022,Ukraine,ua,2022,20.1836366617478,161989520721.19,4199.6708984375,,-12.0860052703887,34.9152851391436,-28.7585842132117,4.9237752939142,57.894766176113,29.2810864585119,16.6915073808281,170470520722.365,,UKR,UKR
1804,2021,98,Ukraine,5.084,4.978,5.19,1.411,1.081,0.583,0.473,0.188,0.017,1.331,UKR,UKR2021,Ukraine,ua,2021,9.36313917695223,199765859570.935,4775.94580078125,9.834,-9.2245269612232,24.8047567705188,3.44562065700251,-1.94327499620701,33.2615744813331,30.0547859608659,19.0823227721039,193966075658.275,,UKR,UKR
1805,2020,111,Ukraine,4.875,4.773,4.977,0.979,0.958,0.517,0.417,0.181,0.01,1.813,UKR,UKR2020,Ukraine,ua,2020,2.73249209419427,156617722013.342,3709.76928710938,9.475,3.62431779160013,10.2949601365333,-3.7528179386597,3.36296552669264,37.2092047751482,32.3167384568451,19.1514002992876,160040031866.428,58.7161850732326,UKR,UKR
1806,2019,123,Ukraine,4.56069993972778,4.46331930160522,4.65808057785034,0.780434608459473,1.3213164806366,0.698674380779266,0.319423705339432,0.178551316261292,0.00965115986764431,1.25266933441162,UKR,UKR2019,Ukraine,ua,2019,7.88671745611133,153883047509.577,3619.86157226563,8.194,10.693658767366,8.24622626771318,3.19950386231294,-2.67995732261758,33.057438930624,31.8658437422527,19.1961400966208,155795133939.49,48.3272696003568,UKR,UKR
1807,2018,133,Ukraine,4.332,,,,,,,,,,UKR,UKR2018,Ukraine,ua,2018,10.9518559353178,130891088293.55,3059.0517578125,8.799,3.12512181891459,15.3985303493458,3.4883623420827,-4.9140091077667,33.4087191126581,32.1350394028568,20.1425525138036,132164741725.995,56.9059506749708,UKR,UKR
1808,2017,138,Ukraine,4.103,,,,,,,,,,UKR,UKR2017,Ukraine,ua,2017,14.4383227488749,112090505081.739,2604.28759765625,9.5,-4.68048423181966,22.0983174978017,2.35997228099491,-3.09838910750506,33.6062064378191,32.5709984513088,20.0523676996082,113717855579.016,66.7346465062875,UKR,UKR
1809,2016,132,Ukraine,4.096,,,,,,,,,,UKR,UKR2016,Ukraine,ua,2016,13.9127101997797,93355869403.9223,2158.46118164063,9.35,1.82756968718009,17.097134924235,2.4409819445784,-1.99880308749136,33.5044167207813,31.2027331643307,19.6301198096561,94324077169.513,71.8095454494004,UKR,UKR
1810,2015,123,Ukraine,4.324,,,,,,,,,,UKR,UKR2015,Ukraine,ua,2015,48.6998646434424,91030967789.0717,2094.47387695313,9.14,-12.2829289797878,38.8816797571771,-9.77298721103519,5.53108477509173,37.3687532184352,35.7583940812977,20.4513654211322,94833354986.1847,70.2588376218982,UKR,UKR
1811,2014,111,Ukraine,4.681,,,,,,,,,,UKR,UKR2014,Ukraine,ua,2014,12.0718562874251,133503871861.723,3054.908203125,9.27,1.56710691315341,15.9017375254406,-10.0788949856211,-3.44259678457888,43.5407000374941,33.6845451709764,17.294347838416,131977538852.591,63.6653191884884,UKR,UKR
1812,2012,87,Ukraine,5.057,,,,,,,,,,UKR,UKR2012,Ukraine,ua,2012,0.568727971803862,182591753827.949,3951.34228515625,7.529,9.64012656225921,7.98256111045039,0.152314967200653,-7.85084742299342,39.5379741977224,36.0950783910037,17.6333154227001,180602773435.061,32.445911715199,UKR,UKR
1813,2011,91,Ukraine,5.089,,,,,,,,,,UKR,UKR2011,Ukraine,ua,2011,7.95572466274652,169333835201.554,3656.69799804688,7.851,1.54605607669365,14.1819086626365,5.44528081048476,-6.04309232577169,36.8763128364085,34.9854815302354,17.8400492744471,161004939653.442,26.4808201734686,UKR,UKR
1814,2024,21,United Arab Emirates,6.759,6.673,6.846,1.812,1.294,0.659,0.934,0.165,0.235,1.66,ARE,ARE2024,United Arab Emirates,ae,2024,,,,2.133,,,,,,,,,,ARE,ARE
1815,2023,22,United Arab Emirates,6.733,6.643,6.823,1.983,1.164,0.563,0.815,0.209,0.258,1.741,ARE,ARE2023,United Arab Emirates,ae,2023,1.62670837213248,514130432653.081,49040.6947525825,2.151,,-1.30420016236501,3.61870653547174,,3.83096429012033,3.73928724969069,0.626855998829095,517969779147.295,,ARE,ARE
1816,2022,26,United Arab Emirates,6.571,6.486,6.656,2.015,1.223,0.401,0.745,0.188,0.247,1.752,ARE,ARE2022,United Arab Emirates,ae,2022,5.29122604376849,502731935197.487,49899.0652978649,2.872,,12.6298936875673,7.50969703221836,,3.87547095261528,3.26816549077142,0.578507736753989,502786394013.008,,ARE,ARE
1817,2021,24,United Arab Emirates,6.576,6.492,6.66,1.998,0.98,0.633,0.702,0.204,0.25,1.809,ARE,ARE2021,United Arab Emirates,ae,2021,0.179935336174431,415178792769.884,43360.0211014806,3.105,,13.8437703394455,4.35475529921305,,4.33677211641606,4.38523522633654,0.535243668683573,414443598760.354,,ARE,ARE
1818,2020,26,United Arab Emirates,6.561,6.484,6.637,1.555,0.86,0.594,0.67,0.236,0.223,2.422,ARE,ARE2020,United Arab Emirates,ae,2020,-2.07940317940944,349473015336.939,37173.8754100281,4.294,,-12.0313052945464,-4.95705243652739,,5.25917164743154,6.3654969980708,0.682088274465819,347594186201.473,,ARE,ARE
1819,2019,21,United Arab Emirates,6.79080009460449,6.71103143692017,6.87056875228882,1.43108642101288,1.25117099285126,0.787814438343048,0.652936100959778,0.280655980110168,0.220213517546654,2.1669659614563,ARE,ARE2019,United Arab Emirates,ae,2019,-1.93108114782173,417989721734.494,44251.4541390148,2.331,,-3.19440940863002,1.10834813893099,,4.25932372174911,4.6692064278284,0.972238389500718,420051262918.973,,ARE,ARE
1820,2018,21,United Arab Emirates,6.825,,,,,,,,,,ARE,ARE2018,United Arab Emirates,ae,2018,3.06863379251997,427049432149.345,45689.8570040215,2.236,,7.93674803487896,1.31391388141118,,3.91824991336812,3.35095997442941,0.0586388626972548,428473530175.213,,ARE,ARE
1821,2017,20,United Arab Emirates,6.774,,,,,,,,,,ARE,ARE2017,United Arab Emirates,ae,2017,1.96682557818842,390516804016.501,42340.5917145576,2.462,,4.98621314114183,0.735068713165646,,4.01528734019957,3.44936548008559,0.0656213981934939,393294203608.06,,ARE,ARE
1822,2016,21,United Arab Emirates,6.648,,,,,,,,,,ARE,ARE2016,United Arab Emirates,ae,2016,1.61748808904198,369255326235.771,41326.4018161834,1.64,,-5.52947860546242,5.56149075496799,,4.31828112482084,3.89808538575755,0.042056449990256,371351990633.321,,ARE,ARE
1823,2015,28,United Arab Emirates,6.573,,,,,,,,,,ARE,ARE2015,United Arab Emirates,ae,2015,4.06996608361593,370275469560.166,43534.9972681733,1.793,,-16.2670060316676,6.78677287945216,,4.14789859165102,3.41465335552968,0.0558410691344118,372018151656.831,,ARE,ARE
1824,2014,20,United Arab Emirates,6.901,,,,,,,,,,ARE,ARE2014,United Arab Emirates,ae,2014,2.34626865671643,414105366758.911,51381.4069909213,2.002,,-0.668049355939203,4.16569184256178,,3.79210885733765,2.9296614544132,0.346301233370404,414764318426.712,,ARE,ARE
1825,2012,14,United Arab Emirates,7.144,,,,,,,,,,ARE,ARE2012,United Arab Emirates,ae,2012,0.662268900269009,384610125384.033,52034.4762466073,2.327,,4.67972511760814,1.82448078870188,,4.1377317382959,3.16061895172214,0.35430930265957,384909648869.397,,ARE,ARE
1826,2011,17,United Arab Emirates,6.977,,,,,,,,,,ARE,ARE2011,United Arab Emirates,ae,2011,0.87734659568512,360832739558.385,50789.0505418347,2.596,,13.1672193765795,6.21612181337187,,4.00926138824681,3.31681898531366,0.312357810728047,360968069714.954,,ARE,ARE
1827,2024,23,United Kingdom,6.728,6.647,6.809,1.725,1.562,0.779,0.872,0.211,0.318,1.26,GBR,GBR2024,United Kingdom,gb,2024,3.2715729463592,,,4.111,,,,,,,,,,GBR,GBR
1828,2023,20,United Kingdom,6.749,6.665,6.833,1.822,1.326,0.672,0.713,0.267,0.351,1.598,GBR,GBR2023,United Kingdom,gb,2023,6.79396706793963,3380854520809.54,49463.8554617343,3.984,,7.29825479586994,0.339966158003463,-2.21432613498015,41.7163199362948,35.8462722272446,27.3188631444738,3296696999733.49,138.193489848821,GBR,GBR
1829,2022,19,United Kingdom,6.796,6.714,6.877,1.857,1.366,0.511,0.626,0.272,0.34,1.822,GBR,GBR2022,United Kingdom,gb,2022,7.92204883147902,3114042471144.39,45935.9276473925,3.73,,5.44390479781602,4.83908514714403,-2.27877411232757,41.5283554488788,36.680918672529,27.173147226044,3104062213686.48,141.244397228023,GBR,GBR
1830,2021,17,United Kingdom,6.943,6.867,7.018,1.867,1.143,0.75,0.597,0.289,0.329,1.967,GBR,GBR2021,United Kingdom,gb,2021,2.51837109614213,3143323050707.26,46896.8662432834,4.826,,0.0665566228650079,8.5759509048565,-0.440671238610715,43.6472827513783,35.1040518071235,26.4149383040168,3158743956476.28,186.794915550888,GBR,GBR
1831,2020,18,United Kingdom,7.064,6.99,7.138,1.423,1.062,0.757,0.58,0.34,0.306,2.596,GBR,GBR2020,United Kingdom,gb,2020,0.989486703772491,2696778386607.65,40201.6812422928,4.472,,4.96982052549251,-10.2969188737567,-2.95839949111081,48.0124897432167,33.7372818264538,24.7854276187243,2640330920076.4,196.640576642773,GBR,GBR
1832,2019,13,United Kingdom,7.16450023651123,7.09166288375854,7.23733758926392,1.2730610370636,1.45784497261047,0.975700080394745,0.525168657302856,0.373433440923691,0.322601646184921,2.23672199249268,GBR,GBR2019,United Kingdom,gb,2019,1.73810460086513,2851407164907.81,42662.5353740311,3.613,,2.13295141520851,1.62447515947532,-2.6851488847368,36.7161596135226,33.5328778412486,25.1112729590706,2848530128634.05,160.321918277325,GBR,GBR
1833,2018,15,United Kingdom,7.054,,,,,,,,,,GBR,GBR2018,United Kingdom,gb,2018,2.29283990345938,2871340347581.79,43203.8141057739,4.12,,1.92064708685382,1.40519026609273,-3.92206514953074,37.5296891145489,33.9609553297304,25.5467164489775,2832314578365.26,158.16278741293,GBR,GBR
1834,2017,19,United Kingdom,6.814,,,,,,,,,,GBR,GBR2017,United Kingdom,gb,2017,2.55775577557747,2680148052335.3,40572.1214823783,4.452,,1.85511700587182,2.65650489309972,-3.49784868993649,37.1041862546711,33.9963082514039,25.5968599008299,2651310310924.48,161.26972526053,GBR,GBR
1835,2016,19,United Kingdom,6.714,,,,,,,,,,GBR,GBR2016,United Kingdom,gb,2016,1.0084173681141,2689106566899.61,40985.2351382417,4.867,,1.96415133662747,1.92171007763831,-5.49879734304565,37.2555349974519,33.6041814680829,25.4550384230121,2626007963890.08,156.604465153177,GBR,GBR
1836,2015,23,United Kingdom,6.725,,,,,,,,,,GBR,GBR2015,United Kingdom,gb,2015,0.36804684232536,2927911140916.73,44964.3911437292,5.517,,0.658400581149991,2.22288844908437,-4.94667701136358,38.4439779571719,33.102489967132,25.0666466296295,2864097393294.2,147.949412742616,GBR,GBR
1837,2014,21,United Kingdom,6.867,,,,,,,,,,GBR,GBR2014,United Kingdom,gb,2014,1.45112016293279,3064708247921.43,47439.6165895125,6.363,-0.808242606626712,1.31890253888587,3.1946373128021,-5.01141706795705,39.4099587976251,32.8832964477046,24.8805109652867,3009960217665.1,150.591619713999,GBR,GBR
1838,2012,22,United Kingdom,6.883,,,,,,,,,,GBR,GBR2012,United Kingdom,gb,2012,2.5732347965453,2707089726614.64,42497.3404974322,8.25,-1.02690071841169,1.54274315899465,1.50899837441014,-3.14718914670129,43.3321176508346,32.8653831004572,25.1030655622434,2681873588980.34,147.053681621506,GBR,GBR
1839,2011,18,United Kingdom,6.936,,,,,,,,,,GBR,GBR2011,United Kingdom,gb,2011,3.8561124468282,2663805834828.07,42109.6418795749,8.169,-1.65955031010568,2.19599393425145,1.13836234744893,-1.63097008877188,42.7003650930175,33.5067575289157,25.8349322442695,2674933131108.5,143.759014549588,GBR,GBR
1840,2024,24,United States,6.724,6.629,6.82,1.839,1.614,0.604,0.644,0.171,0.161,1.69,USA,USA2024,United States,us,2024,2.94952520485207,,,4.106,,,,,,,,,,USA,USA
1841,2023,23,United States,6.725,6.631,6.818,1.939,1.392,0.542,0.586,0.223,0.169,1.873,USA,USA2023,United States,us,2023,4.11633838374488,27720709000000.0,82769.4122114216,3.638,,3.59839135378053,2.88755600906016,-3.26607086420481,24.5133766239529,17.5921957840256,10.6459127722888,27576136000000.0,114.755553330184,USA,USA
1842,2022,15,United States,6.894,6.802,6.986,1.98,1.46,0.39,0.557,0.21,0.172,2.124,USA,USA2022,United States,us,2022,8.00279982052121,26006893000000.0,78035.1753604212,3.65,,7.12948085421044,2.51237531983308,-3.8916721040072,24.658458048026,19.9277753017248,12.5989036829582,26231750000000.0,112.817613391957,USA,USA
1843,2021,16,United States,6.977,6.888,7.065,1.982,1.182,0.628,0.574,0.22,0.177,2.214,USA,USA2021,United States,us,2021,4.69785886363742,23681171000000.0,71318.3073592183,5.349,-1.25852158930471,4.56598550261971,6.05505293304576,-3.66529172058257,31.3034760823272,18.808352424802,11.394678497951,23832230000000.0,118.400948162572,USA,USA
1844,2020,20,United States,6.951,6.856,7.047,1.533,1.03,0.621,0.554,0.252,0.154,2.807,USA,USA2020,United States,us,2020,1.23358439630629,21354105000000.0,64411.3731779373,8.055,2.18628189883077,1.32883273821459,-2.16302913866514,-2.81541652061746,31.8281473281133,17.708696290479,10.1534220235407,21458070000000.0,124.514696354635,USA,USA
1845,2019,18,United States,6.93959999084473,6.84686040878296,7.03233957290649,1.37398684024811,1.40478670597076,0.831618010997772,0.534608244895935,0.298143059015274,0.152284741401672,2.34412479400635,USA,USA2019,United States,us,2019,1.81221007526021,21539982000000.0,65604.6815198734,3.669,3.57306216647059,1.65046566913496,2.58382533018855,-2.05082808332895,22.514337755714,17.2913779593688,9.88478959731721,21764838000000.0,100.058217318845,USA,USA
1846,2018,19,United States,6.892,,,,,,,,,,USA,USA2018,United States,us,2018,2.44258329692817,20656516000000.0,63201.0458483771,3.896,2.55474987327681,2.29089027694276,2.96650506916633,-2.12935714812701,22.1694791125473,17.4793585714067,9.92953894064227,20883383000000.0,98.4497724592085,USA,USA
1847,2017,18,United States,6.886,,,,,,,,,,USA,USA2017,United States,us,2017,2.13011000365961,19612102000000.0,60322.2614241747,4.355,2.26529637979253,1.79080328489228,2.45762230322211,-1.87442427129943,22.1406996557534,19.2095273622379,11.5038867327939,19837150000000.0,97.021634906855,USA,USA
1848,2016,14,United States,6.993,,,,,,,,,,USA,USA2016,United States,us,2016,1.26158320570536,18804913000000.0,58206.6141931844,4.869,2.53723229857104,0.950322479212474,1.81945147474293,-2.10699725119707,22.4159218391492,18.540821220497,10.8545149876524,18983369000000.0,97.9289348480368,USA,USA
1849,2015,13,United States,7.104,,,,,,,,,,USA,USA2015,United States,us,2015,0.118627135552451,18295019000000.0,57040.2082136605,5.28,2.31051464059837,0.928042794757729,2.94555045455233,-2.2325584903738,22.3735356601707,18.9953587913738,11.1828279598944,18608138000000.0,95.9561561537597,USA,USA
1850,2014,15,United States,7.119,,,,,,,,,,USA,USA2014,United States,us,2014,1.62222297740817,17608138000000.0,55304.3155317137,6.168,1.48256139059228,1.74161805258845,2.52381981441982,-2.10117617206317,22.6100726834376,18.8588452680232,10.8997481732594,17984237000000.0,95.454198507531,USA,USA
1851,2012,17,United States,7.082,,,,,,,,,,USA,USA2012,United States,us,2012,2.06933726526067,16253970000000.0,51784.4114692048,8.069,1.36246374976571,1.8621649281277,2.28911338767897,-2.57236847367136,23.9119039840728,16.7477397829576,9.76391736911044,16640301000000.0,93.6492746079881,USA,USA
1852,2011,11,United States,7.27,,,,,,,,,,USA,USA2011,United States,us,2011,3.156841568622,15599732000000.0,50065.9789470675,8.949,1.16289865228358,2.06310947543149,1.56440685438301,-2.91862065322661,25.3456995286842,16.6294350441405,9.53892861749163,15861958000000.0,89.5467947782693,USA,USA
1853,2024,28,Uruguay,6.661,6.578,6.743,1.554,1.654,0.523,0.913,0.078,0.197,1.741,URY,URY2024,Uruguay,uy,2024,4.84914366613156,,,8.401,,,,,,,,,,URY,URY
1854,2023,26,Uruguay,6.611,6.527,6.696,1.596,1.431,0.592,0.775,0.106,0.22,1.891,URY,URY2023,Uruguay,uy,2023,5.86910359896119,77240830877.4597,22797.8111731861,8.355,8.1836829548522,3.4309701895517,0.3674751756175,-3.33526614947019,37.3830726385465,31.1320181668767,18.840607630714,71753758290.6471,62.9774931742993,URY,URY
1855,2022,28,Uruguay,6.494,6.404,6.583,1.617,1.445,0.435,0.683,0.102,0.254,1.958,URY,URY2022,Uruguay,uy,2022,9.10437983075437,70164683290.3776,20691.9738991763,7.877,6.35112540540611,4.24465355140362,4.70725761465232,-3.71115949105198,36.5137670067742,29.8731010895759,18.7128801912454,63181504841.7918,54.5738236891359,URY,URY
1856,2021,30,Uruguay,6.474,6.386,6.562,1.615,1.18,0.672,0.665,0.103,0.265,1.974,URY,URY2021,Uruguay,uy,2021,7.74791402314762,60760798595.5436,17888.211510172,9.328,-3.35487757406655,11.1806219609622,5.56189279343275,-2.46165158976317,31.7219511188865,29.0922915566868,17.8116079258597,54661497469.5644,58.0941187470581,URY,URY
1857,2020,32,Uruguay,6.431,6.341,6.521,1.164,1.042,0.649,0.625,0.128,0.223,2.6,URY,URY2020,Uruguay,uy,2020,9.75640636078194,53668636567.8667,15789.6857422214,10.413,0.22943227895571,10.9766432085298,-7.38014184479323,-0.727725470261437,34.6201775749695,30.7855040408177,18.5148717533759,50779391680.7962,60.2784318654554,URY,URY
1858,2019,26,Uruguay,6.44010019302368,6.35107898712158,6.52912139892578,1.07100045681,1.42508113384247,0.856928884983063,0.594267070293427,0.132143691182137,0.193425074219704,2.16727638244629,URY,URY2019,Uruguay,uy,2019,7.88198870879619,62222325807.0578,18315.7352857194,8.836,3.0491065759717,8.25633406013463,0.928351033363754,1.29326535028897,32.067402160598,30.6396584566012,17.8650909080426,59174795690.0189,50.1314393620217,URY,URY
1859,2018,33,Uruguay,6.293,,,,,,,,,,URY,URY2018,Uruguay,uy,2018,7.60653360377047,65344576348.2279,19249.9401532664,8.336,4.34838440742529,7.52556005706775,0.164777659980814,-0.460578522523158,31.9133433340051,31.3533853564854,18.324704480062,61677734383.874,47.3414758375454,URY,URY
1860,2017,31,Uruguay,6.379,,,,,,,,,,URY,URY2017,Uruguay,uy,2017,6.2180938256186,65006039994.56,19184.6626659717,7.89,7.71505820363551,5.68017140929055,1.74037648675632,0.0113261681498872,31.2481020191111,29.707491716579,18.077464335383,61449241065.8242,45.0743905431302,URY,URY
1861,2016,28,Uruguay,6.454,,,,,,,,,,URY,URY2016,Uruguay,uy,2016,9.6394134763508,57480788390.2581,17009.7586944503,7.841,7.40056466044977,8.16545835238871,1.6897981652001,0.825062136386404,35.2210249082589,33.1100428985562,21.732247872365,54820503514.2859,46.4584668629439,URY,URY
1862,2015,29,Uruguay,6.545,,,,,,,,,,URY,URY2015,Uruguay,uy,2015,8.66626987079328,57680327998.6689,17125.9016800298,7.488,5.44867158636638,9.85542032172539,0.370741257681345,-0.255015059040964,29.5758720947321,28.1236212798537,17.0956158572883,55232403158.3431,47.2765585126953,URY,URY
1863,2014,32,Uruguay,6.485,,,,,,,,,,URY,URY2014,Uruguay,uy,2014,8.87735333229828,61496186973.902,18322.4276767157,6.547,4.82076932063266,10.2206566034525,3.23879122952364,-2.98942522248202,29.5808927457727,28.7136319724121,17.275289380084,57758605834.761,41.2850007406183,URY,URY
1864,2012,37,Uruguay,6.355,,,,,,,,,,URY,URY2012,Uruguay,uy,2012,8.09776580573602,54232266358.7811,16259.5940814256,6.451,1.63260408891417,9.41291247372213,3.53817872056869,-3.7550569524485,28.8425661023934,28.3021326547872,17.7918744506058,50380210747.357,41.0282347488741,URY,URY
1865,2011,50,Uruguay,5.898,,,,,,,,,,URY,URY2011,Uruguay,uy,2011,8.0928320630299,50342406067.0777,15132.2675725587,6.307,-0.0851869359373854,9.87542024568336,5.16213302463606,-2.61132861090732,27.7352832980739,28.6039900181098,18.1987734858938,48712391359.77,43.2074168775786,URY,URY
1866,2024,53,Uzbekistan,6.193,6.088,6.297,1.179,1.615,0.654,0.977,0.195,0.208,1.364,UZB,UZB2024,Uzbekistan,uz,2024,9.62825465956682,,,4.488,,,,,,,,,,UZB,UZB
1867,2023,47,Uzbekistan,6.195,6.087,6.303,1.212,1.394,0.539,0.835,0.251,0.215,1.749,UZB,UZB2023,Uzbekistan,uz,2023,9.95659071258018,101591769702.343,2849.51461071911,4.46,8.42505873502923,12.6585380276262,6.29141635081155,-7.67757089689965,23.6496753277249,20.4912688692066,11.6488727014761,100818361933.577,,UZB,UZB
1868,2022,54,Uzbekistan,6.014,5.899,6.13,1.227,1.347,0.375,0.74,0.26,0.208,1.856,UZB,UZB2022,Uzbekistan,uz,2022,11.4466436998836,90095926567.4359,2578.66689394219,4.49,6.36317497517621,14.4626563512753,6.00134232206508,-3.15990083649044,23.0754381727755,21.0928790648289,11.988740277413,90999134200.6793,,UZB,UZB
1869,2021,53,Uzbekistan,6.063,5.948,6.178,1.219,1.092,0.6,0.716,0.283,0.24,1.913,UZB,UZB2021,Uzbekistan,uz,2021,10.8492397508122,77340060003.0347,2258.51964119278,5.364,6.79911198583568,13.6929732776911,8.0346831263811,-6.33246372299443,22.9539537188575,19.4606094760735,13.3629025613176,77697421134.9422,,UZB,UZB
1870,2020,43,Uzbekistan,6.179,6.045,6.312,0.769,1.027,0.528,0.716,0.391,0.271,2.477,UZB,UZB2020,Uzbekistan,uz,2020,12.8677297362606,66443265418.3086,1978.28051860763,5.293,10.6054397758869,10.6103382243685,1.56334277259953,-4.55709801917972,19.0457219546426,19.377990835065,13.4020276222392,66603341567.8173,,UZB,UZB
1871,2019,38,Uzbekistan,6.25759983062744,6.15131378173828,6.3638858795166,0.696652948856354,1.43402004241943,0.716703712940216,0.693270325660706,0.363311022520065,0.280260264873505,2.07334661483765,UZB,UZB2019,Uzbekistan,uz,2019,14.5257359560687,67293639798.3996,2041.38480729431,4.932,5.12864556544455,17.5760106233835,6.77992399653822,-5.00972224414465,14.9956906222483,18.056455521859,11.3019651124218,68029857950.0186,,UZB,UZB
1872,2018,41,Uzbekistan,6.174,,,,,,,,,,UZB,UZB2018,Uzbekistan,uz,2018,17.5241796514055,58695899092.1083,1813.08530813664,5.389,-4.69930252937247,25.8811586348502,5.5591957292327,-6.12166433969794,14.7032357205468,19.1822494783234,12.6952900811941,60203452154.7622,,UZB,UZB
1873,2017,44,Uzbekistan,6.096,,,,,,,,,,UZB,UZB2017,Uzbekistan,uz,2017,13.8757425441635,69703222282.7278,2190.60411562888,5.83,-13.6914121074805,33.6793703839334,4.39527463345708,2.12025210569774,12.7115047065447,15.5500110666554,10.3687470116311,70916116486.5204,,UZB,UZB
1874,2016,47,Uzbekistan,5.971,,,,,,,,,,UZB,UZB2016,Uzbekistan,uz,2016,8.130886695236,86138288644.171,2753.37951427589,5.16,4.2170042769905,8.93036849322681,5.93215079992144,0.24755111491788,14.3349191578636,19.7287802727495,13.4329630615828,86990975030.9007,,UZB,UZB
1875,2015,49,Uzbekistan,5.987,,,,,,,,,,UZB,UZB2015,Uzbekistan,uz,2015,8.75188196737508,86196264755.3105,2803.19018021751,5.15,2.96202955471943,10.5006995149485,7.21877350826054,1.03912867157671,15.0650928348686,19.6454718745333,13.5577540324739,87622912878.4217,,UZB,UZB
1876,2014,44,Uzbekistan,6.003,,,,,,,,,,UZB,UZB2014,Uzbekistan,uz,2014,9.28309356162695,80845385809.4529,2674.9628382103,5.09,1.72351323752683,14.024917632322,6.87383844082959,2.56777659798885,14.9694154891084,20.9060785015822,13.4703929830448,81960281654.2022,,UZB,UZB
1877,2012,60,Uzbekistan,5.623,,,,,,,,,,UZB,UZB2012,Uzbekistan,uz,2012,13.2088026688373,67517349212.0609,2307.34649117185,4.87,,15.3987947017455,7.10244488706955,1.79063211759422,14.2580363056074,25.0259204984381,13.1744077704128,68310411486.0245,,UZB,UZB
1878,2011,79,Uzbekistan,5.225,,,,,,,,,,UZB,UZB2011,Uzbekistan,uz,2011,13.7797446476602,60178909297.208,2087.86386135694,4.96,,21.6265099361492,7.52513989422977,4.62538550929309,14.3121958203505,22.9058914346614,12.3662567573144,61313053176.5864,,UZB,UZB
1879,2024,82,Venezuela,5.683,5.57,5.796,0.0,1.493,0.515,0.702,0.154,0.117,2.701,VEN,VEN2024,"Venezuela, RB",ve,2024,,,,5.475,,,,,,,,,,VEN,VEN
1880,2023,79,Venezuela,5.607,5.489,5.725,0.0,1.321,0.491,0.518,0.192,0.086,2.998,VEN,VEN2023,"Venezuela, RB",ve,2023,,,,5.485,,,,,,,,,,VEN,VEN
1881,2022,88,Venezuela,5.211,5.085,5.336,0.0,1.257,0.341,0.369,0.205,0.084,2.955,VEN,VEN2022,"Venezuela, RB",ve,2022,,,,5.707,,,,,,,,,,VEN,VEN
1882,2021,108,Venezuela,4.925,4.8,5.051,0.0,0.968,0.578,0.283,0.225,0.082,2.79,VEN,VEN2021,"Venezuela, RB",ve,2021,,,,7.037,,,,,,,,,,VEN,VEN
1883,2020,108,Venezuela,4.892,4.767,5.017,0.852,0.897,0.574,0.284,0.078,0.072,2.135,VEN,VEN2020,"Venezuela, RB",ve,2020,,,,7.53,,,,,,,,,,VEN,VEN
1884,2019,99,Venezuela,5.05319976806641,4.92720985412598,5.17918968200684,0.770238637924194,1.34854686260223,0.767025530338287,0.271717220544815,0.0871791541576385,0.0636247768998146,1.74484086036682,VEN,VEN2019,"Venezuela, RB",ve,2019,,,,5.876,,,,,,,,,,VEN,VEN
1885,2018,108,Venezuela,4.707,,,,,,,,,,VEN,VEN2018,"Venezuela, RB",ve,2018,,,,5.46,,,,,,,,,,VEN,VEN
1886,2017,102,Venezuela,4.806,,,,,,,,,,VEN,VEN2017,"Venezuela, RB",ve,2017,,,,5.045,,,,,,,,,,VEN,VEN
1887,2016,82,Venezuela,5.25,,,,,,,,,,VEN,VEN2016,"Venezuela, RB",ve,2016,254.948534781816,,,5.319,,,,,,,,,,VEN,VEN
1888,2015,44,Venezuela,6.084,,,,,,,,,,VEN,VEN2015,"Venezuela, RB",ve,2015,121.738085297503,,,6.137,,,,,,,,,,VEN,VEN
1889,2014,23,Venezuela,6.81,,,,,,,,,,VEN,VEN2014,"Venezuela, RB",ve,2014,62.1686499794829,482359318767.703,15943.6127197163,6.821,-16.5399760583746,40.4404901065548,-3.89438647450662,1.01977919957402,,,,476933862544.158,,VEN,VEN
1890,2012,20,Venezuela,7.039,,,,,,,,,,VEN,VEN2012,"Venezuela, RB",ve,2012,21.0689956331876,381286237847.667,12901.4171582274,6.601,2.03452703069444,14.0594300642861,5.62595697508641,0.678230616084593,,,,371208188282.47,,VEN,VEN
1891,2011,19,Venezuela,6.922,,,,,,,,,,VEN,VEN2011,"Venezuela, RB",ve,2011,26.0902123160959,316482190800.364,10843.9229703167,6.902,-8.58311384652384,28.1491909528854,4.17642535923927,5.1636396849605,,,,308493145268.459,,VEN,VEN
1892,2024,46,Viet Nam,6.352,6.28,6.424,1.278,1.533,0.631,1.012,0.039,0.174,1.684,VNM,VNM2024,Viet Nam,vn,2024,3.62109273885843,,,1.431,,,,,,,,,,VNM,VNM
1893,2023,54,Viet Nam,6.043,5.948,6.138,1.331,1.267,0.539,0.843,0.094,0.16,1.81,VNM,VNM2023,Viet Nam,vn,2023,3.25289282667662,429716969043.572,4282.08851724506,1.645,7.27803256328136,1.90623130183931,5.0464307361882,6.01163134364857,,,,407253969043.888,,VNM,VNM
1894,2022,65,Viet Nam,5.763,5.662,5.865,1.349,1.212,0.381,0.741,0.134,0.122,1.824,VNM,VNM2022,Viet Nam,vn,2022,3.15650749963129,410324028883.325,4116.38576094153,1.523,3.80782672842234,4.05124231712631,8.12351446767343,0.341681183969525,,,,390409525932.523,,VNM,VNM
1895,2021,77,Viet Nam,5.485,5.4,5.57,1.252,0.932,0.611,0.707,0.143,0.105,1.735,VNM,VNM2021,Viet Nam,vn,2021,1.83471554810444,366474752771.009,3704.1935590038,2.385,4.79218047283212,2.88076792900642,2.55372852648131,-1.26284279203588,,,,347725576769.191,,VNM,VNM
1896,2020,80,Viet Nam,5.411,5.334,5.488,0.817,0.873,0.616,0.679,0.124,0.091,2.211,VNM,VNM2020,Viet Nam,vn,2020,3.22093436652514,346615738537.796,3534.03953482647,2.103,6.09064299683403,1.46747814810814,2.86541320912272,4.34486906553373,,,,331798335389.682,,VNM,VNM
1897,2019,83,Viet Nam,5.35349988937378,5.28725051879883,5.41974925994873,0.718092381954193,1.25307476520538,0.819133996963501,0.650835573673248,0.136488720774651,0.0898484587669373,1.68597793579102,VNM,VNM2019,Viet Nam,vn,2019,2.7958236745225,334365270496.667,3440.90025375434,1.681,5.15925265729481,2.42322694229267,7.35926270105006,3.91824395534242,,,,317567408001.614,,VNM,VNM
1898,2018,94,Viet Nam,5.175,,,,,,,,,,VNM,VNM2018,Viet Nam,vn,2018,3.53962805942641,310106478394.659,3222.31003125366,1.161,3.61415504341763,3.62664730027259,7.46500685572751,1.90236367538642,,,,294286042195.288,,VNM,VNM
1899,2017,95,Viet Nam,5.103,,,,,,,,,,VNM,VNM2017,Viet Nam,vn,2017,3.52025688811617,281353605986.903,2956.10992127753,1.874,2.59151415896465,4.36292014766431,6.94019037359206,-0.586095207209378,,,,264356106349.992,,VNM,VNM
1900,2016,94,Viet Nam,5.074,,,,,,,,,,VNM,VNM2016,Viet Nam,vn,2016,2.66824816969082,257096001177.982,2735.0604380416,1.848,5.04860292807267,1.81953592779914,6.69000892660424,0.243099852637275,,,,242953110901.302,,VNM,VNM
1901,2015,96,Viet Nam,5.061,,,,,,,,,,VNM,VNM2015,Viet Nam,vn,2015,0.631200905175754,239258328381.741,2577.56885340113,1.848,8.98829687567201,-1.71651170749655,6.98715430598611,-0.853052854546214,,,,227116870128.414,,VNM,VNM
1902,2014,75,Viet Nam,5.36,,,,,,,,,,VNM,VNM2014,Viet Nam,vn,2014,4.08455446637617,233451469642.519,2546.38464459903,1.256,4.78973116512498,3.69813796808818,6.42224312118567,4.00897026449707,,,,224605804804.237,,VNM,VNM
1903,2012,63,Viet Nam,5.533,,,,,,,,,,VNM,VNM2012,Viet Nam,vn,2012,9.09470339557192,195590661129.249,2185.11767654291,1.027,4.02832802666538,9.07766069025038,5.5045447041189,4.82078231422777,,,,189361661225.274,,VNM,VNM
1904,2011,65,Viet Nam,5.425,,,,,,,,,,VNM,VNM2011,Viet Nam,vn,2011,18.6777322770707,172595049183.925,1950.92504174913,0.999,-3.67326480415152,21.4136792818177,6.41316889681683,0.136736251193688,,,,167761189190.507,,VNM,VNM
1905,2024,140,Yemen,3.561,3.408,3.714,0.631,1.482,0.375,0.447,0.066,0.106,0.454,YEM,YEM2024,"Yemen, Rep.",ye,2024,,,,17.086,,,,,,,,,,YEM,YEM
1906,2023,133,Yemen,3.561,3.408,3.714,0.671,1.281,0.293,0.362,0.08,0.113,0.76,YEM,YEM2023,"Yemen, Rep.",ye,2023,,,477.409028678688,17.091,,,,,,,,,,YEM,YEM
1907,2021,132,Yemen,4.197,4.01,4.384,0.691,1.043,0.384,0.33,0.09,0.098,1.561,YEM,YEM2021,"Yemen, Rep.",ye,2021,,,522.173512705812,18.287,,,,,,,,,,YEM,YEM
1908,2020,142,Yemen,3.658,3.521,3.794,0.329,0.831,0.272,0.268,0.092,0.089,1.776,YEM,YEM2020,"Yemen, Rep.",ye,2020,,,559.564672794182,17.953,,,,,,,,,,YEM,YEM
1909,2019,146,Yemen,3.52740001678467,3.42125010490417,3.63354992866516,0.392701774835587,1.17747712135315,0.415000170469284,0.243721485137939,0.0946890115737915,0.0873521268367767,1.11647272109985,YEM,YEM2019,"Yemen, Rep.",ye,2019,,,623.376164898164,17.202,,,,,,,,,,YEM,YEM
1910,2018,151,Yemen,3.38,,,,,,,,,,YEM,YEM2018,"Yemen, Rep.",ye,2018,,21606160783.9845,633.887206000087,17.584,,14.8536647661831,0.752447587579127,,,,,20996364431.2515,,YEM,YEM
1911,2017,152,Yemen,3.355,,,,,,,,,,YEM,YEM2017,"Yemen, Rep.",ye,2017,,26842228828.5629,811.165963877611,18.603,,18.5535661652076,-5.07179563883867,,,,,26106000074.582,,YEM,YEM
1912,2016,146,Yemen,3.593,,,,,,,,,,YEM,YEM2016,"Yemen, Rep.",ye,2016,,31317824943.2073,975.359406696353,18.416,,0.134410844260984,-9.37512381761694,-7.72391066709866,,,,30921701659.4956,,YEM,YEM
1913,2015,147,Yemen,3.724,,,,,,,,,,YEM,YEM2015,"Yemen, Rep.",ye,2015,,42444489522.2303,1362.17379435676,17.9,,46.4762512255778,-27.9945462536875,-7.12936963148351,,,,41437133275.7215,,YEM,YEM
1914,2014,136,Yemen,4.077,,,,,,,,,,YEM,YEM2014,"Yemen, Rep.",ye,2014,8.10472583623915,43228585321.3272,1430.16420964026,13.467,,7.16332422002795,-0.188690232450909,-3.44275275189167,,,,40801643750.2909,,YEM,YEM
1915,2012,142,Yemen,4.054,,,,,,,,,,YEM,YEM2012,"Yemen, Rep.",ye,2012,9.88538714484871,35401331609.5916,1245.05068272078,13.473,17.5713344155713,5.89315892251292,2.3929902093532,-0.94521109936014,,,,33831688609.8425,,YEM,YEM
1916,2011,123,Yemen,4.454,,,,,,,,,,YEM,YEM2011,"Yemen, Rep.",ye,2011,19.5435617131144,32726417878.391,1186.47500581215,13.311,5.83025954954683,18.1136666696716,-12.7148968954117,-1.61143995618416,,,,30388993336.2956,,YEM,YEM
1917,2024,131,Zambia,3.912,3.769,4.056,0.848,1.013,0.233,0.872,0.131,0.107,0.709,ZMB,ZMB2024,Zambia,zm,2024,,,,5.961,,,,,,,,,,ZMB,ZMB
1918,2023,134,Zambia,3.502,3.368,3.636,0.899,0.809,0.264,0.727,0.168,0.109,0.526,ZMB,ZMB2023,Zambia,zm,2023,10.884531691282,27577956471.244,1330.72780576709,5.905,,7.09462960303757,5.36794285493059,-2.11297552403751,,,,26271802177.2987,,ZMB,ZMB
1919,2022,128,Zambia,3.982,3.797,4.167,0.914,0.89,0.095,0.545,0.189,0.08,1.27,ZMB,ZMB2022,Zambia,zm,2022,10.9932039209136,29163782140.4858,1447.12310138035,5.995,,6.14031838965083,5.21122360356247,3.74784661580664,,,,27416151733.2391,,ZMB,ZMB
1920,2021,137,Zambia,3.76,3.618,3.902,0.93,0.577,0.306,0.525,0.203,0.083,1.135,ZMB,ZMB2021,Zambia,zm,2021,22.0207676245777,22096416932.0089,1127.16077872857,5.199,,25.1427776148297,6.23492204726448,11.9003513535048,25.1370961006544,21.9673977518021,16.7804106778084,20174571689.6587,71.4111761686383,ZMB,ZMB
1921,2020,138,Zambia,4.073,3.938,4.209,0.528,0.552,0.231,0.487,0.227,0.074,1.975,ZMB,ZMB2020,Zambia,zm,2020,15.7330604721369,18137764930.651,951.644316655957,6.033,-3.89303245264567,13.9138706178858,-2.78505506545167,11.790957110182,25.3722344097293,19.5813891552591,16.418005509662,17628788924.0422,103.54315235027,ZMB,ZMB
1922,2019,141,Zambia,3.75939989089966,3.64047360420227,3.87832617759705,0.536833763122559,0.89603728055954,0.363593339920044,0.491317540407181,0.250620901584625,0.0867052376270294,1.13433933258057,ZMB,ZMB2019,Zambia,zm,2019,9.15031644316296,23308667781.2258,1258.98619844462,5.542,2.46967432530594,7.63347048076743,1.44130602603785,0.603690808802687,21.9561627239835,19.5961045589077,16.6776226628035,22904080806.827,61.9301173816653,ZMB,ZMB
1923,2018,138,Zambia,4.107,,,,,,,,,,ZMB,ZMB2018,Zambia,zm,2018,7.4945719272852,26311507273.6735,1463.89997855593,5.033,2.21586529013412,7.41157094843257,4.03449389667165,-1.30116677554112,20.1107118421132,19.4109624853589,16.5870654729348,25904703273.4567,59.7122211727371,ZMB,ZMB
1924,2017,125,Zambia,4.377,,,,,,,,,,ZMB,ZMB2017,Zambia,zm,2017,6.57731154205644,25873601260.8353,1483.46577328065,4.529,2.0914904852687,10.0728370854916,3.52586277149926,-1.68127057617849,20.9220759632247,16.8512124005775,15.1848569608409,24726787496.7166,52.2809418398754,ZMB,ZMB
1925,2016,116,Zambia,4.514,,,,,,,,,,ZMB,ZMB2016,Zambia,zm,2016,17.8697300795268,20958412538.3093,1239.08527877713,5.239,1.69392927805065,13.5761011694227,3.75510031678988,-4.55168827542136,22.4086833420161,18.1324357467445,13.3531814269452,20311304651.4334,46.4328935811391,ZMB,ZMB
1926,2015,106,Zambia,4.795,,,,,,,,,,ZMB,ZMB2015,Zambia,zm,2015,10.1105928909618,21251216798.7762,1295.87788680068,5.942,6.17921585248158,6.65929211357343,2.92037511217961,-3.61227207947561,23.233787759937,18.2957716448269,14.3939639330138,20839208733.1386,49.4073473457883,ZMB,ZMB
1927,2014,85,Zambia,5.129,,,,,,,,,,ZMB,ZMB2014,Zambia,zm,2014,7.80687553566333,27141023558.0829,1707.48573136694,6.571,5.81636783051129,5.44052458126617,4.69328316376705,-1.4270939600475,20.2562396253045,17.7376341640078,15.7610303316911,26589065800.1625,44.3958675879332,ZMB,ZMB
1928,2012,91,Zambia,5.006,,,,,,,,,,ZMB,ZMB2012,Zambia,zm,2012,6.57589970757698,25503060420.026,1710.05061343728,7.85,4.82147742594943,6.99222724900214,7.59738104901994,5.37898486156035,16.5322416609076,16.6680892991001,14.8923642974021,25071084452.0428,23.4889192806696,ZMB,ZMB
1929,2011,109,Zambia,4.705,,,,,,,,,,ZMB,ZMB2011,Zambia,zm,2011,6.4293968107234,23459515275.5776,1624.86817763443,10.545,6.95655957659878,11.1074132686175,5.56925219263019,4.65823655766585,14.4956773687217,17.4683770602892,14.7159433183957,22302537247.7215,18.0499093578444,ZMB,ZMB
1930,2024,143,Zimbabwe,3.396,3.283,3.509,0.827,0.961,0.178,0.598,0.065,0.131,0.636,ZWE,ZWE2024,Zimbabwe,zw,2024,,,,8.554,,,,,,,,,,ZWE,ZWE
1931,2023,138,Zimbabwe,3.341,3.226,3.457,0.748,0.85,0.232,0.487,0.096,0.131,0.797,ZWE,ZWE2023,Zimbabwe,zw,2023,,35231367885.8554,2156.0340040333,8.759,-73.5404405222836,921.535651645931,5.33673049519527,0.379995091063515,,,,34796066708.9415,,ZWE,ZWE
1932,2022,134,Zimbabwe,3.204,3.084,3.323,0.758,0.881,0.069,0.363,0.112,0.117,0.905,ZWE,ZWE2022,Zimbabwe,zw,2022,104.705170628667,32789751736.3323,2040.55245910726,10.087,-36.8333925937712,266.987151680516,6.13926326513234,0.930064172591628,,,,32026941089.1516,,ZWE,ZWE
1933,2021,144,Zimbabwe,2.995,2.88,3.11,0.947,0.69,0.27,0.329,0.106,0.105,0.548,ZWE,ZWE2021,Zimbabwe,zw,2021,98.5461050920624,27240515108.8049,1724.38773104902,9.54,-31.7955508255866,113.294980646573,8.46801689759531,1.27829974854611,,,,26621784726.578,,ZWE,ZWE
1934,2020,149,Zimbabwe,3.145,3.03,3.259,0.457,0.649,0.243,0.359,0.157,0.075,1.205,ZWE,ZWE2020,Zimbabwe,zw,2020,557.201817362051,26867936444.6826,1730.41348946953,8.621,-81.1321209070444,604.945864228018,-7.81695064681365,4.08017788104783,,,,26329744652.409,,ZWE,ZWE
1935,2019,151,Zimbabwe,3.2992000579834,3.18419814109802,3.41420197486877,0.425564020872116,1.04783523082733,0.375037610530853,0.377404719591141,0.151349186897278,0.0809285789728165,0.841031074523926,ZWE,ZWE2019,Zimbabwe,zw,2019,255.304990757856,25717409842.4479,1684.02790388182,7.373,-64.2951513472293,225.394648207397,-6.33244640703352,3.57917851669349,,,,25261574788.7573,,ZWE,ZWE
1936,2018,146,Zimbabwe,3.663,,,,,,,,,,ZWE,ZWE2018,Zimbabwe,zw,2018,10.6188658669575,34156069918.0609,2271.8533351306,6.793,3.45459026038547,3.55429024176341,5.00986678330221,-4.03918326353945,10.9772796452439,8.11695486975476,7.21476500513885,33442898974.5351,,ZWE,ZWE
1937,2017,144,Zimbabwe,3.692,,,,,,,,,,ZWE,ZWE2017,Zimbabwe,zw,2017,0.893962316050027,51074660513.3715,3448.08253696926,6.344,-64.2815709375333,199.324940858088,4.08026390333053,-0.530970477956574,9.78277955964289,5.95791373716271,5.46551150806074,49083524563.1561,,ZWE,ZWE
1938,2016,138,Zimbabwe,3.875,,,,,,,,,,ZWE,ZWE2016,Zimbabwe,zw,2016,-1.54366960054161,20548678100.0,1407.41536437554,5.886,4.99856280867093,2.01409473434026,0.900955396308504,-3.39413798529091,25.2363468480243,17.1947191483816,15.4583408165803,18002592300.0,,ZWE,ZWE
1939,2015,131,Zimbabwe,4.193,,,,,,,,,,ZWE,ZWE2015,Zimbabwe,zw,2015,-2.43096842383404,19963120600.0,1386.42284717709,5.377,8.14442745552959,0.367419652771034,2.02364999592871,-7.99809536960013,21.8094157233113,19.0034022881172,17.6733631953313,17604879500.0,,ZWE,ZWE
1940,2014,115,Zimbabwe,4.61,,,,,,,,,,ZWE,ZWE2014,Zimbabwe,zw,2014,-0.19778481012661,19495519600.0,1372.21278071456,4.774,8.78760522433949,0.624974485152464,1.48454262162193,-11.9711528506992,,,,17300432200.0,,ZWE,ZWE
1941,2012,103,Zimbabwe,4.827,,,,,,,,,,ZWE,ZWE2012,Zimbabwe,zw,2012,3.72532666110646,17114849900.0,1238.60109002194,5.061,6.42855406512837,4.85594551850788,15.7448770803376,-13.3076220412174,20.2118255211809,20.3950487406845,17.8354892203875,15245882400.0,,ZWE,ZWE
1942,2011,142,Zimbabwe,3.978,,,,,,,,,,ZWE,ZWE2011,Zimbabwe,zw,2011,3.4661297281749,14101920300.0,1037.25491018154,5.368,,2.17176103182936,14.6202072551987,-19.4974720305215,19.0769921107128,20.6728024002518,17.9282541990398,12515356900.0,,ZWE,ZWE
