year,country_name,life_evaluation_3_year_average,lower_whisker,upper_whisker,explained_by_log_gdp_per_capita,explained_by_social_support,explained_by_healthy_life_expectancy,explained_by_freedom_to_make_life_choices,explained_by_generosity,explained_by_perceptions_of_corruption,dystopia_residual,key_iso3_year,inflation_cpi,gdp_current_usd,gdp_per_capita_current_usd,unemployment_rate_,interest_rate_real,inflation_gdp_deflator,gdp_growth_annual,current_account_balance_gdp,government_expense_of_gdp,government_revenue_of_gdp,tax_revenue_of_gdp,gross_national_income_usd,public_debt_of_gdp,country_code
2024,Afghanistan,1.364,1.301,1.427,0.649,0.0,0.155,0.0,0.075,0.135,0.348,AFG2024,-6.601,,,13.295,,,,,,,,,,AFG
2023,Afghanistan,1.721,1.667,1.775,0.628,0.0,0.242,0.0,0.091,0.088,0.672,AFG2023,-4.645,17233051620.112,415.707,13.991,,2.962,2.711,,,,,17315384702.895,,AFG
2022,Afghanistan,1.859,1.795,1.923,0.645,0.0,0.087,0.0,0.093,0.059,0.976,AFG2022,13.712,14497243872.134,357.261,14.1,,9.406,-6.24,,,,,14540297385.724,,AFG
2021,Afghanistan,2.404,2.339,2.469,0.758,0.0,0.289,0.0,0.089,0.005,1.263,AFG2021,5.133,14259995441.076,356.496,11.994,,2.839,-20.739,,,,,14346089107.591,,AFG
2020,Afghanistan,2.523,2.449,2.596,0.37,0.0,0.126,0.0,0.122,0.01,1.895,AFG2020,5.602,19955929052.15,510.787,11.71,,6.963,-2.351,-15.718,,,,20105156769.191,,AFG
2019,Afghanistan,2.567,2.506,2.628,0.301,0.356,0.266,0.0,0.135,0.001,1.507,AFG2019,2.302,18799444490.113,496.603,11.185,,6.521,3.912,-20.17,,,,19080662010.748,,AFG
2018,Afghanistan,3.203,,,,,,,,,,AFG2018,0.626,18053222687.413,491.337,11.196,,2.071,1.189,-21.585,,,,18294513957.552,,AFG
2017,Afghanistan,3.632,,,,,,,,,,AFG2017,4.976,18753456497.816,525.47,11.184,12.141,2.404,2.647,-18.956,39.22,13.039,9.898,18961769787.455,,AFG
2016,Afghanistan,3.794,,,,,,,,,,AFG2016,4.384,18116572395.077,522.082,10.133,17.584,-2.198,2.26,-14.95,43.923,12.678,9.503,18350475875.3,,AFG
2015,Afghanistan,3.36,,,,,,,,,,AFG2015,-0.662,19134221644.732,565.57,9.052,12.253,2.448,1.451,-21.913,37.023,10.131,7.585,19249499438.746,,AFG
2014,Afghanistan,3.575,,,,,,,,,,AFG2014,4.674,20497128555.697,625.055,7.915,14.352,0.567,2.725,-15.772,44.589,8.614,6.882,20559672324.909,,AFG
2012,Afghanistan,4.04,,,,,,,,,,AFG2012,6.441,19907329777.587,651.417,7.856,7.174,7.302,12.752,-25.871,42.329,10.201,7.708,19961261595.025,,AFG
2011,Afghanistan,4.258,,,,,,,,,,AFG2011,11.804,17805098206.314,606.695,7.784,-1.242,16.593,0.426,-12.62,59.485,11.51,8.917,17781511431.23,,AFG
2024,Albania,5.411,5.284,5.539,1.371,1.122,0.696,0.841,0.103,0.057,1.22,ALB2024,2.214,,,10.25,,,,,,,,,,ALB
2023,Albania,5.304,5.168,5.44,1.438,0.924,0.638,0.69,0.138,0.049,1.428,ALB2023,4.76,23547179830.441,8575.171,10.108,0.269,6.066,3.937,-1.196,25.376,24.697,17.76,23246482646.279,,ALB
2022,Albania,5.277,5.148,5.406,1.449,0.951,0.48,0.549,0.133,0.037,1.678,ALB2022,6.725,19017242585.78,6846.426,10.137,-3.054,9.862,4.827,-5.872,27.003,24.732,18.061,18686023829.072,,ALB
2021,Albania,5.199,5.076,5.321,1.439,0.646,0.719,0.511,0.138,0.028,1.718,ALB2021,2.041,18032010563.756,6413.283,11.474,2.491,3.444,8.97,-7.596,24.398,25.047,18.096,17780838454.984,81.92,ALB
2020,Albania,5.117,5.001,5.234,1.008,0.529,0.646,0.491,0.168,0.024,2.25,ALB2020,1.621,15241458744.869,5370.779,11.69,6.077,0.041,-3.314,-8.625,24.605,23.701,16.896,14991229141.556,83.454,ALB
2019,Albania,4.883,4.773,4.993,0.907,0.83,0.846,0.462,0.171,0.025,1.641,ALB2019,1.411,15585105131.064,5460.428,11.466,5.223,1.001,2.063,-7.821,22.878,24.846,17.931,15383523591.851,74.808,ALB
2018,Albania,4.719,,,,,,,,,,ALB2018,2.028,15379509891.72,5365.489,12.304,2.881,2.967,4.019,-6.608,22.929,25.108,18.277,15361070727.354,63.634,ALB
2017,Albania,4.586,,,,,,,,,,ALB2017,2.061,13019726211.737,4531.032,13.616,4.701,1.451,3.803,-7.544,23.868,25.733,18.887,13051517643.621,75.889,ALB
2016,Albania,4.644,,,,,,,,,,ALB2016,-0.367,11861199830.84,4124.055,15.418,7.414,-0.633,3.315,-7.591,23.957,24.279,17.59,12053832974.203,80.736,ALB
2015,Albania,4.655,,,,,,,,,,ALB2015,3.501,11386853113.019,3952.804,17.193,7.272,0.564,2.219,-8.605,24.446,24.738,18.516,11521811393.62,79.864,ALB
2014,Albania,4.959,,,,,,,,,,ALB2014,1.626,13228147516.117,4578.633,18.055,6.325,1.55,1.774,-10.775,24.383,24.525,18.302,13349419700.417,73.32,ALB
2012,Albania,5.55,,,,,,,,,,ALB2012,2.032,12319834195.331,4247.631,13.376,9.736,1.043,1.417,-10.2,23.008,23.051,17.483,12228069196.114,63.669,ALB
2011,Albania,5.134,,,,,,,,,,ALB2011,3.428,12890760315.146,4437.141,13.481,9.888,2.315,2.545,-12.933,23.011,23.9,18.022,12894099798.948,69.638,ALB
2024,Algeria,5.571,5.469,5.674,1.315,1.363,0.782,0.522,0.057,0.219,1.313,DZA2024,4.046,,,11.427,,,,,,,,,,DZA
2023,Algeria,5.364,5.251,5.476,1.324,1.191,0.568,0.247,0.091,0.2,1.743,DZA2023,9.322,247626161016.414,5364.028,11.701,7.085,0.855,4.1,2.568,,,,244041138304.928,,DZA
2022,Algeria,5.329,5.207,5.451,1.353,1.298,0.409,0.252,0.073,0.152,1.791,DZA2022,9.266,225638456572.143,4961.553,12.346,-12.16,22.951,3.6,8.612,,,,220378411278.286,,DZA
2021,Algeria,5.122,5.03,5.215,1.363,0.97,0.643,0.146,0.106,0.15,1.744,DZA2021,7.226,186231205262.082,4160.559,13.63,-6.842,15.933,3.8,-2.423,,,,182588498523.667,,DZA
2020,Algeria,4.887,4.783,4.991,0.946,0.765,0.552,0.119,0.144,0.12,2.242,DZA2020,2.415,164873415325.201,3743.542,14.057,13.34,-4.711,-5.0,-11.031,,,,162137110259.921,,DZA
2019,Algeria,5.005,4.918,5.092,0.944,1.143,0.745,0.084,0.119,0.129,1.841,DZA2019,1.952,193459662090.677,4468.453,12.259,7.055,0.883,0.9,-8.764,,,,189548593096.822,,DZA
2018,Algeria,5.211,,,,,,,,,,DZA2018,4.27,194554483655.528,4577.21,12.137,1.729,6.165,1.4,-8.689,,,,190390454064.656,,DZA
2017,Algeria,5.295,,,,,,,,,,DZA2017,5.591,189880896903.073,4554.668,12.0,2.918,4.938,1.5,-11.622,,,,187682164214.748,,DZA
2016,Algeria,5.872,,,,,,,,,,DZA2016,6.398,180763839522.151,4424.985,10.202,7.083,0.857,3.9,-14.496,,,,179594281655.137,,DZA
2015,Algeria,6.355,,,,,,,,,,DZA2015,4.784,187493855609.345,4685.059,11.206,13.668,-4.987,3.2,-14.421,,,,183649437186.975,,DZA
2014,Algeria,5.605,,,,,,,,,,DZA2014,2.917,238942664192.59,6094.694,10.207,6.456,1.45,4.1,-3.877,,,,234461348665.993,,DZA
2012,Algeria,5.422,,,,,,,,,,DZA2012,8.891,227143746075.934,6033.649,10.97,-0.002,8.002,2.4,5.324,,,,224964112461.511,,DZA
2011,Algeria,5.368,,,,,,,,,,DZA2011,4.524,218331946925.304,5916.314,9.96,-7.62,16.909,3.0,8.095,,,,216589368243.66,,DZA
2017,Angola,3.795,,,,,,,,,,AGO2017,29.844,73690154990.731,2437.26,16.61,-5.553,22.615,-0.147,-0.859,16.671,16.361,9.224,69161228469.893,,AGO
2016,Angola,3.795,,,,,,,,,,AGO2016,30.694,52761617225.925,1807.953,16.575,-4.922,21.774,-2.58,-5.847,17.512,15.721,9.733,50010057163.215,,AGO
2015,Angola,3.866,,,,,,,,,,AGO2015,9.356,90496420506.596,3213.903,16.49,21.144,-3.518,0.944,-11.352,20.819,18.777,11.002,85895384573.189,,AGO
2014,Angola,4.033,,,,,,,,,,AGO2014,7.28,135966802586.713,5006.0,16.406,12.381,3.561,4.823,-2.756,27.967,30.885,13.543,127708790750.385,,AGO
2012,Angola,5.589,,,,,,,,,,AGO2012,10.278,128052915766.343,5086.027,16.562,8.765,7.256,8.542,10.809,23.45,36.225,14.823,117631162045.945,,AGO
2011,Angola,4.178,,,,,,,,,,AGO2011,13.482,111789747670.59,4615.911,16.77,-9.876,31.771,3.472,11.705,26.671,44.592,16.103,102092420981.586,,AGO
2024,Argentina,6.397,6.302,6.492,1.504,1.622,0.579,0.824,0.048,0.083,1.736,ARG2024,,,,7.876,,,,,,,,,,ARG
2023,Argentina,6.188,6.07,6.306,1.562,1.381,0.585,0.681,0.087,0.08,1.812,ARG2023,,646075277525.125,14187.483,6.139,-16.771,135.369,-1.611,-3.244,,,,632729881149.353,,ARG
2022,Argentina,6.024,5.9,6.147,1.59,1.388,0.427,0.587,0.088,0.082,1.861,ARG2022,,632790070063.124,13935.681,6.805,-10.288,69.876,5.27,-0.641,21.907,17.927,11.123,621165221747.635,,ARG
2021,Argentina,5.967,5.844,6.09,1.592,1.102,0.662,0.555,0.081,0.085,1.891,ARG2021,,486564085480.036,10738.018,8.736,-11.862,53.802,10.442,1.362,22.897,18.076,11.5,476802271007.631,,ARG
2020,Argentina,5.929,5.819,6.04,1.162,0.98,0.646,0.544,0.069,0.067,2.461,ARG2020,,385740508436.965,8535.599,11.461,-7.635,40.083,-9.9,0.697,25.841,17.479,10.866,375344057341.93,,ARG
2019,Argentina,5.975,5.87,6.079,1.028,1.373,0.85,0.521,0.07,0.06,2.073,ARG2019,,447754683615.225,9955.975,9.843,12.104,49.196,-2.001,-0.78,22.036,18.736,10.594,430166792070.565,,ARG
2018,Argentina,6.086,,,,,,,,,,ARG2018,,524819892360.176,11752.8,9.22,4.564,42.034,-2.617,-5.161,22.688,17.702,9.992,506094045059.703,,ARG
2017,Argentina,6.388,,,,,,,,,,ARG2017,,643628393281.364,14532.501,8.347,0.456,26.006,2.819,-4.84,24.283,19.337,10.94,627200463933.824,,ARG
2016,Argentina,6.599,,,,,,,,,,ARG2016,,557532320662.955,12699.962,8.085,-7.006,41.119,-2.08,-2.709,26.18,21.257,12.097,545251641127.714,,ARG
2015,Argentina,6.65,,,,,,,,,,ARG2015,,594749285413.212,13679.626,7.579,-1.315,26.58,2.731,-2.963,25.008,22.149,12.337,583615452086.538,,ARG
2014,Argentina,6.574,,,,,,,,,,ARG2014,,526319673731.638,12233.144,7.268,-11.601,40.283,-2.513,-1.744,24.57,22.332,12.611,515532241212.846,,ARG
2012,Argentina,6.562,,,,,,,,,,ARG2012,,545982375701.128,12949.717,7.217,-6.748,22.315,-1.026,-0.392,,21.182,12.953,533073608485.977,,ARG
2011,Argentina,6.242,,,,,,,,,,ARG2011,,530158122010.442,12704.283,7.18,-7.773,23.703,6.004,-1.007,,20.196,12.664,515004538945.145,,ARG
2024,Armenia,5.494,5.391,5.596,1.391,1.349,0.828,0.786,0.032,0.158,0.95,ARM2024,0.27,,,13.329,,,,,,,,,,ARM
2023,Armenia,5.455,5.35,5.56,1.444,1.154,0.603,0.65,0.051,0.173,1.379,ARM2023,1.98,24085749592.336,8053.011,13.245,9.459,2.673,8.3,-2.31,21.034,23.975,22.482,23434106610.783,48.256,ARM
2022,Armenia,5.342,5.213,5.47,1.466,1.134,0.443,0.551,0.053,0.16,1.534,ARM2022,8.641,19513506553.125,6571.974,13.379,3.457,7.986,12.6,0.332,21.163,23.456,21.827,18991671827.76,46.552,ARM
2021,Armenia,5.399,5.278,5.519,1.434,0.82,0.668,0.558,0.054,0.21,1.654,ARM2021,7.185,13878908628.938,4685.18,15.469,4.548,6.901,5.8,-3.48,24.969,23.388,22.001,13479935696.449,60.08,ARM
2020,Armenia,5.283,5.168,5.397,0.996,0.758,0.585,0.54,0.079,0.198,2.127,ARM2020,1.211,12641698583.215,4268.681,18.175,9.639,1.807,-7.2,-3.998,26.581,24.145,21.86,12439008672.029,63.401,ARM
2019,Armenia,4.677,4.562,4.792,0.808,1.035,0.776,0.378,0.107,0.105,1.468,ARM2019,1.443,13619290539.212,4597.229,18.304,10.96,1.066,7.6,-7.057,21.758,23.941,22.285,13807148386.554,50.028,ARM
2018,Armenia,4.559,,,,,,,,,,ARM2018,2.52,12457940694.74,4196.006,18.966,9.734,2.788,5.2,-7.228,22.077,22.454,20.87,12658281183.774,,ARM
2017,Armenia,4.321,,,,,,,,,,ARM2017,0.97,11527458709.016,3869.054,17.704,11.997,2.151,7.5,-1.261,22.63,22.525,20.781,11933013892.625,,ARM
2016,Armenia,4.376,,,,,,,,,,ARM2016,-1.404,10546136235.522,3524.425,17.617,17.042,0.269,0.2,-0.957,25.712,22.835,21.277,10791195836.794,,ARM
2015,Armenia,4.36,,,,,,,,,,ARM2015,3.732,10553337518.414,3512.394,18.261,16.18,1.214,3.2,-2.662,25.078,23.092,20.931,10981745035.978,,ARM
2014,Armenia,4.35,,,,,,,,,,ARM2014,2.981,11609513246.796,3852.118,17.498,13.781,2.309,3.6,-7.768,23.988,24.515,21.599,12131729269.799,,ARM
2012,Armenia,4.316,,,,,,,,,,ARM2012,2.558,10619320682.947,3511.564,17.511,11.281,5.346,7.2,-9.962,21.374,22.598,17.492,11042356845.104,,ARM
2011,Armenia,4.474,,,,,,,,,,ARM2011,7.65,10142111824.584,3349.553,18.884,12.92,4.282,4.7,-10.44,22.568,22.726,17.219,10502185416.57,,ARM
2024,Australia,6.974,6.89,7.057,1.767,1.647,0.841,0.857,0.164,0.285,1.413,AUS2024,3.162,,,4.072,,,,,,,,,,AUS
2023,Australia,7.057,6.973,7.141,1.854,1.461,0.692,0.756,0.225,0.323,1.745,AUS2023,5.597,1728057316695.61,64820.912,3.668,,6.512,3.442,-0.3,,,,1653703105439.57,,AUS
2022,Australia,7.095,7.009,7.18,1.899,1.497,0.532,0.677,0.242,0.31,1.938,AUS2022,6.594,1690858246994.43,64997.014,3.728,,7.176,4.242,0.338,27.661,26.205,23.628,1626539969365.68,58.047,AUS
2021,Australia,7.162,7.081,7.244,1.9,1.203,0.772,0.676,0.258,0.341,2.011,AUS2021,2.864,1556735770437.26,60607.779,5.116,,3.08,2.111,2.611,32.633,25.693,23.061,1539273615554.95,70.011,AUS
2020,Australia,7.183,7.102,7.265,1.453,1.076,0.801,0.647,0.291,0.317,2.598,AUS2020,0.847,1328414058378.38,51791.54,6.456,,1.886,-0.12,1.874,30.255,25.282,22.591,1298368829650.52,69.322,AUS
2019,Australia,7.223,7.141,7.305,1.31,1.477,1.023,0.622,0.325,0.336,2.13,AUS2019,1.611,1392723834562.64,54972.702,5.159,1.578,3.468,2.172,-0.021,26.177,26.076,23.408,1345853874492.3,60.226,AUS
2018,Australia,7.228,,,,,,,,,,AUS2018,1.911,1427809041019.44,57196.422,5.3,3.33,1.869,2.878,-2.561,26.229,25.843,23.208,1382739590115.65,54.503,AUS
2017,Australia,7.272,,,,,,,,,,AUS2017,1.949,1325582658156.54,53901.715,5.592,1.536,3.653,2.28,-3.002,26.634,24.842,22.11,1289235106327.62,53.316,AUS
2016,Australia,7.284,,,,,,,,,,AUS2016,1.277,1206836962281.84,49888.041,5.711,6.125,-0.663,2.759,-3.616,26.984,24.863,22.276,1178195299351.86,54.678,AUS
2015,Australia,7.313,,,,,,,,,,AUS2015,1.508,1351296372254.31,56739.027,6.055,6.238,-0.624,2.19,-4.313,26.764,24.509,21.874,1323697450186.41,46.482,AUS
2014,Australia,7.284,,,,,,,,,,AUS2014,2.488,1468265356427.76,62544.087,6.078,4.482,1.405,2.595,-3.093,26.258,24.363,21.898,1429834007640.0,41.722,AUS
2012,Australia,7.35,,,,,,,,,,AUS2012,1.763,1547532281116.4,68072.873,5.225,5.078,1.806,3.917,-4.444,26.119,23.435,21.099,1500404222891.8,39.442,AUS
2011,Australia,7.345,,,,,,,,,,AUS2011,3.304,1398610616772.97,62605.6,5.083,1.446,6.202,2.407,-3.264,25.997,22.708,20.323,1342423020459.19,30.095,AUS
2024,Austria,6.81,6.728,6.891,1.791,1.592,0.814,0.856,0.179,0.28,1.297,AUT2024,2.938,,,5.439,,,,,,,,,,AUT
2023,Austria,6.905,6.824,6.986,1.885,1.336,0.696,0.703,0.214,0.305,1.766,AUT2023,7.814,511685203845.001,56033.574,5.264,,6.648,-0.955,1.326,46.479,44.62,25.89,510079146471.293,78.336,AUT
2022,Austria,7.097,7.018,7.176,1.927,1.382,0.535,0.63,0.191,0.31,2.124,AUT2022,8.547,471773629830.381,52176.665,4.992,,4.755,5.278,-0.829,47.51,44.401,26.207,470636395218.873,76.221,AUT
2021,Austria,7.163,7.089,7.237,1.931,1.165,0.774,0.623,0.193,0.329,2.148,AUT2021,2.767,480467037338.783,53648.719,6.459,,1.926,4.795,1.716,50.022,44.909,26.015,486755828420.147,96.028,AUT
2020,Austria,7.268,7.198,7.337,1.492,1.062,0.782,0.64,0.215,0.292,2.784,AUT2020,1.382,434397601557.696,48716.41,5.201,,2.593,-6.318,3.351,51.159,43.762,24.666,439547216701.013,101.667,AUT
2019,Austria,7.294,7.229,7.36,1.317,1.437,1.001,0.603,0.256,0.281,2.398,AUT2019,1.531,442983642371.842,49885.995,4.56,,1.474,1.755,2.384,43.907,44.283,25.81,443323100627.45,85.055,AUT
2018,Austria,7.246,,,,,,,,,,AUT2018,1.998,452582294972.775,51194.075,4.933,,1.81,2.484,0.908,44.136,44.036,25.722,450535680731.058,86.052,AUT
2017,Austria,7.139,,,,,,,,,,AUT2017,2.081,414926138132.691,47163.743,5.561,,0.975,2.272,1.244,44.865,43.989,25.762,413348647948.824,91.235,AUT
2016,Austria,7.006,,,,,,,,,,AUT2016,0.892,393687359770.273,45061.499,6.064,,1.815,2.117,2.571,45.553,44.086,25.822,395807521992.608,96.928,AUT
2015,Austria,7.119,,,,,,,,,,AUT2015,0.897,379546097300.633,43915.228,5.802,,2.293,1.304,1.588,46.332,45.578,27.216,378210199399.805,97.328,AUT
2014,Austria,7.2,,,,,,,,,,AUT2014,1.606,438556021078.034,51314.972,5.674,,2.007,0.756,2.314,47.382,45.298,26.842,443168199835.449,97.891,AUT
2012,Austria,7.369,,,,,,,,,,AUT2012,2.486,406750487603.59,48250.406,4.909,,2.092,0.628,1.51,46.583,44.474,26.183,409815209653.594,92.49,AUT
2011,Austria,7.227,,,,,,,,,,AUT2011,3.287,428954737064.057,51116.895,4.637,,1.82,2.927,1.585,45.786,43.848,25.647,433140701458.172,87.867,AUT
2024,Azerbaijan,4.875,4.78,4.969,1.428,1.03,0.707,0.785,0.076,0.179,0.67,AZE2024,2.212,,,5.594,,,,,,,,,,AZE
2023,Azerbaijan,4.893,4.768,5.018,1.433,0.876,0.496,0.668,0.112,0.199,1.11,AZE2023,8.785,72356176470.588,7125.909,5.636,25.521,-9.207,1.124,11.512,,,,69275529411.765,,AZE
2021,Azerbaijan,5.173,5.082,5.265,1.458,1.093,0.56,0.601,0.023,0.341,1.098,AZE2021,6.65,54825411764.706,5408.045,6.04,-4.246,21.589,5.616,14.962,27.144,36.519,13.421,53687352941.176,16.822,AZE
2020,Azerbaijan,5.171,5.091,5.25,1.025,0.841,0.541,0.526,0.043,0.276,1.919,AZE2020,2.76,42693000000.0,4229.911,7.24,26.537,-7.396,-4.3,-0.741,33.931,35.04,15.186,42422882352.941,22.19,AZE
2019,Azerbaijan,5.165,5.098,5.232,0.99,1.181,0.731,0.468,0.04,0.247,1.508,AZE2019,2.611,48174235294.118,4805.754,5.0,17.565,-0.241,2.5,8.705,24.284,42.814,14.219,46318529411.765,,AZE
2018,Azerbaijan,5.208,,,,,,,,,,AZE2018,2.269,47112470051.77,4739.794,4.9,4.692,12.185,1.5,12.682,21.402,39.417,12.971,44853080880.956,,AZE
2017,Azerbaijan,5.201,,,,,,,,,,AZE2017,12.936,40866627351.982,4147.198,5.0,0.319,16.172,0.2,4.122,27.959,35.076,13.164,39321618331.876,,AZE
2016,Azerbaijan,5.234,,,,,,,,,,AZE2016,12.443,37866996882.916,3880.685,5.0,1.486,14.671,-3.1,-3.601,27.196,34.92,14.556,35591412539.277,,AZE
2015,Azerbaijan,5.291,,,,,,,,,,AZE2015,4.028,53076235354.746,5500.504,4.96,28.945,-8.85,1.094,-0.419,24.789,34.184,15.603,51379123217.29,,AZE
2014,Azerbaijan,5.212,,,,,,,,,,AZE2014,1.373,75239785452.102,7890.84,4.91,19.392,-1.285,2.751,13.568,22.101,39.896,14.213,73082959455.445,,AZE
2012,Azerbaijan,4.604,,,,,,,,,,AZE2012,1.066,69679944504.197,7495.865,5.19,15.03,2.883,2.165,21.493,22.185,41.274,12.779,65735414850.219,,AZE
2011,Azerbaijan,4.582,,,,,,,,,,AZE2011,7.858,65952796427.947,7189.819,5.42,-2.886,22.524,0.1,25.996,18.478,45.481,12.225,61441003132.891,,AZE
2024,Bahrain,6.03,5.891,6.17,1.752,1.391,0.609,0.907,0.148,0.167,1.057,BHR2024,0.92,,,1.102,,,,,,,,,,BHR
2023,Bahrain,5.959,5.766,6.153,,,,,,,,BHR2023,0.075,46079867021.277,29218.861,1.154,,-4.144,2.981,5.858,,,,43472420212.766,,BHR
2022,Bahrain,6.173,5.977,6.369,1.883,1.269,0.389,0.748,0.199,0.138,1.546,BHR2022,3.626,46680398936.17,30616.261,1.326,,7.849,5.981,14.65,,,,44717632978.723,,BHR
2021,Bahrain,6.647,6.514,6.779,1.854,1.029,0.625,0.693,0.199,0.155,2.092,BHR2021,-0.606,40840212765.957,27147.808,1.541,,9.208,4.35,6.372,,,,38312287234.043,,BHR
2020,Bahrain,6.647,6.514,6.779,1.409,0.899,0.662,0.661,0.246,0.139,2.631,BHR2020,-2.318,35837632978.723,24342.844,1.781,,-5.829,-5.911,-9.054,26.109,15.454,2.823,33378590425.532,111.598,BHR
2019,Bahrain,6.227,6.067,6.388,1.297,1.315,0.839,0.61,0.287,0.127,1.752,BHR2019,1.006,40446808510.638,27259.744,1.223,,0.165,2.053,-1.964,21.754,19.084,2.878,38186170212.766,91.36,BHR
2018,Bahrain,6.199,,,,,,,,,,BHR2018,2.088,39567978723.404,26324.407,1.2,,4.213,2.053,-6.153,22.47,18.655,1.093,37491914893.617,84.301,BHR
2017,Bahrain,6.105,,,,,,,,,,BHR2017,1.387,37204813829.787,24784.769,1.194,,4.616,4.954,-4.301,22.522,15.533,0.936,35215186170.213,77.525,BHR
2016,Bahrain,6.087,,,,,,,,,,BHR2016,2.787,33884680851.064,23800.001,1.192,,0.357,3.815,-4.406,24.5,14.673,0.809,32089202127.66,70.569,BHR
2015,Bahrain,6.218,,,,,,,,,,BHR2015,1.849,32523297872.34,23734.055,1.16,15.253,-8.757,2.508,-2.313,25.329,16.469,0.99,30787393617.021,60.758,BHR
2014,Bahrain,5.96,,,,,,,,,,BHR2014,2.648,34772526595.745,26451.797,1.141,7.416,-1.44,4.309,4.381,23.512,23.414,0.792,33139813829.787,43.528,BHR
2012,Bahrain,5.312,,,,,,,,,,BHR2012,2.757,31963404255.319,26438.673,1.2,3.013,2.934,3.803,8.065,20.899,24.755,1.137,30955957446.808,35.607,BHR
2011,Bahrain,5.568,,,,,,,,,,BHR2011,-0.4,29914680851.064,25032.787,1.21,-2.462,9.486,1.928,10.855,21.647,24.175,1.072,26150319148.936,34.569,BHR
2024,Bangladesh,3.851,3.753,3.949,1.116,0.286,0.592,0.92,0.11,0.132,0.695,BGD2024,10.466,,,4.68,,,,,,,,,,BGD
2023,Bangladesh,3.886,3.778,3.994,1.122,0.249,0.513,0.775,0.14,0.167,0.919,BGD2023,9.884,437415331040.994,2551.018,4.454,0.629,6.897,5.775,-1.646,,,,454873454272.724,,BGD
2022,Bangladesh,4.282,4.148,4.416,1.133,0.513,0.355,0.617,0.139,0.165,1.361,BGD2022,7.697,460131688909.301,2716.486,4.593,1.972,5.049,7.1,-3.81,,,,478360553569.206,,BGD
2021,Bangladesh,5.155,5.049,5.262,1.06,0.614,0.581,0.622,0.125,0.187,1.967,BGD2021,5.546,416271647911.014,2482.849,5.327,3.076,4.121,6.939,-3.79,8.324,9.539,7.642,438182167775.955,,BGD
2020,Bangladesh,5.025,4.934,5.115,0.635,0.52,0.514,0.603,0.161,0.164,2.427,BGD2020,5.691,373979442362.193,2248.851,5.436,4.289,3.841,3.448,0.319,8.148,8.641,7.002,389459167662.235,,BGD
2019,Bangladesh,4.833,4.754,4.911,0.556,0.869,0.695,0.604,0.177,0.177,1.755,BGD2019,5.592,351231654603.692,2129.799,4.441,5.69,3.658,7.882,-0.839,8.272,8.856,7.639,365618637342.157,,BGD
2018,Bangladesh,4.456,,,,,,,,,,BGD2018,5.544,321362752441.78,1965.244,4.407,3.634,5.806,7.319,-2.208,7.494,8.705,7.732,334213984192.582,,BGD
2017,Bangladesh,4.5,,,,,,,,,,BGD2017,5.702,293732446624.596,1811.082,4.372,4.277,5.048,6.59,-2.038,7.64,8.071,6.997,303873962973.372,,BGD
2016,Bangladesh,4.608,,,,,,,,,,BGD2016,5.514,265224515675.034,1649.284,4.35,-13.642,27.851,7.113,0.351,7.863,8.523,7.317,277650511849.492,,BGD
2015,Bangladesh,4.643,,,,,,,,,,BGD2015,6.194,195146608978.131,1224.386,4.396,5.513,5.873,6.553,1.322,9.006,9.844,8.498,207815026631.717,,BGD
2014,Bangladesh,4.694,,,,,,,,,,BGD2014,6.992,172886611653.786,1094.462,4.416,6.886,5.669,6.061,0.437,9.504,10.867,8.635,184408668144.279,,BGD
2012,Bangladesh,4.804,,,,,,,,,,BGD2012,6.218,133310747603.483,859.681,4.071,5.343,8.165,6.521,1.932,9.639,11.145,9.025,144592846556.493,,BGD
2011,Bangladesh,4.807,,,,,,,,,,BGD2011,11.395,128607482310.357,837.337,3.736,5.064,7.859,6.464,-0.126,9.844,10.463,8.686,138790366566.139,,BGD
2021,Belarus,5.821,5.693,5.95,1.562,1.157,0.629,0.342,0.04,0.282,1.811,BLR2021,9.46,69673747131.87,7489.719,3.9,-4.517,15.326,2.439,3.067,27.875,27.247,12.825,67115938432.45,,BLR
2020,Belarus,5.534,5.442,5.625,1.124,1.007,0.56,0.326,0.07,0.199,2.247,BLR2020,5.548,61371755326.235,6542.865,4.049,-2.543,11.878,-0.673,-0.291,29.928,28.103,12.023,58875118002.111,,BLR
2019,Belarus,5.54,5.467,5.613,1.019,1.387,0.753,0.291,0.09,0.194,1.807,BLR2019,5.598,64410122847.351,6837.768,4.165,0.411,8.577,1.446,-1.934,28.588,29.601,13.302,62499831005.415,33.244,BLR
2018,Belarus,5.323,,,,,,,,,,BLR2018,4.872,60031173807.72,6360.053,4.763,-3.071,12.14,3.149,0.038,28.164,30.847,14.673,57861187726.0,37.096,BLR
2017,Belarus,5.483,,,,,,,,,,BLR2017,6.032,54725302249.809,5785.534,5.648,0.954,8.623,2.532,-1.74,29.322,29.467,13.019,52669765496.998,39.88,BLR
2016,Belarus,5.569,,,,,,,,,,BLR2016,11.837,47723545321.259,5039.776,5.844,5.592,8.342,-2.526,-3.377,29.417,28.943,13.788,45473302428.724,38.924,BLR
2015,Belarus,5.802,,,,,,,,,,BLR2015,13.534,56454889146.609,5967.069,5.881,1.776,16.023,-3.83,-3.243,28.11,29.677,14.173,54061945285.662,37.598,BLR
2014,Belarus,5.813,,,,,,,,,,BLR2014,18.12,78812805039.074,8341.29,5.902,0.465,18.192,1.651,-6.633,27.41,27.922,12.698,76448782777.946,24.549,BLR
2012,Belarus,5.504,,,,,,,,,,BLR2012,59.22,65685890438.892,6953.216,5.946,-31.813,75.242,1.708,-2.835,27.622,29.04,14.663,64215516438.964,24.429,BLR
2011,Belarus,5.566,,,,,,,,,,BLR2011,53.229,61762382327.932,6527.659,6.022,-33.489,70.761,5.55,-8.181,25.449,28.063,14.509,61079871266.808,39.417,BLR
2024,Belgium,6.91,6.845,6.974,1.783,1.646,0.852,0.895,0.119,0.306,1.309,BEL2024,3.143,,,5.488,,,,,,,,,,BEL
2023,Belgium,6.894,6.827,6.961,1.868,1.44,0.69,0.729,0.17,0.311,1.686,BEL2023,4.049,644782756682.756,54700.909,5.528,,4.508,1.252,-0.698,,,,648332611927.33,,BEL
2022,Belgium,6.859,6.793,6.926,1.907,1.449,0.528,0.59,0.137,0.273,1.976,BEL2022,9.598,593438820508.173,50807.205,5.57,,6.844,4.233,-1.185,39.58,37.137,22.708,592448849483.465,92.483,BEL
2021,Belgium,6.805,6.72,6.89,1.907,1.106,0.764,0.492,0.049,0.204,2.283,BEL2021,2.44,598494036474.409,51655.788,6.248,,2.743,6.203,1.866,41.414,37.855,23.226,607143534636.037,108.445,BEL
2020,Belgium,6.834,6.767,6.901,1.463,0.998,0.747,0.489,0.088,0.187,2.862,BEL2020,0.741,529694473501.791,45906.288,5.545,,1.596,-4.793,0.875,43.657,37.027,21.862,531671614966.383,118.442,BEL
2019,Belgium,6.864,6.796,6.931,1.296,1.399,0.965,0.5,0.147,0.209,2.349,BEL2019,1.437,536726344405.489,46716.623,5.364,,1.854,2.443,0.123,39.403,37.681,22.598,541049419119.999,103.201,BEL
2018,Belgium,6.923,,,,,,,,,,BEL2018,2.053,542638913427.921,47487.21,5.941,,1.717,1.878,-0.874,39.942,39.252,24.038,548107677571.921,101.506,BEL
2017,Belgium,6.927,,,,,,,,,,BEL2017,2.126,500908767351.53,44035.324,7.09,,1.983,1.474,0.702,40.104,38.959,23.535,507373706788.236,104.25,BEL
2016,Belgium,6.891,,,,,,,,,,BEL2016,1.974,474271566739.729,41854.55,7.83,,1.895,1.194,0.558,41.162,38.506,22.929,480629064768.328,110.598,BEL
2015,Belgium,6.929,,,,,,,,,,BEL2015,0.561,461044767544.531,40893.805,8.482,,1.122,1.474,1.38,41.711,40.533,24.423,468878816162.656,108.886,BEL
2014,Belgium,6.937,,,,,,,,,,BEL2014,0.34,537987419164.351,47995.779,8.523,,0.84,1.766,0.751,44.954,42.391,26.008,546624135613.253,111.762,BEL
2012,Belgium,6.967,,,,,,,,,,BEL2012,2.84,498414364944.961,44874.171,7.542,,2.206,0.216,-0.083,45.705,42.114,25.707,507665999692.266,103.556,BEL
2011,Belgium,7.113,,,,,,,,,,BEL2011,3.532,527196649048.639,47760.83,7.14,,2.293,1.931,-1.929,44.512,40.901,24.754,524167615222.764,94.87,BEL
2024,Belize,6.711,6.432,6.989,1.256,1.54,0.525,1.018,0.072,0.082,2.218,BLZ2024,3.29,,,7.0,,,,,,,,,,BLZ
2017,Belize,5.956,,,,,,,,,,BLZ2017,1.148,2266300000.0,6072.583,6.596,6.24,3.033,-1.813,-6.973,22.341,23.804,21.344,2141050850.0,,BLZ
2016,Belize,5.956,,,,,,,,,,BLZ2016,0.663,2240200000.0,6142.499,7.0,7.588,2.094,0.055,-7.297,21.266,22.397,20.638,2129392150.0,,BLZ
2015,Belize,5.956,,,,,,,,,,BLZ2015,-0.862,2193050000.0,6154.496,7.578,10.657,-0.305,2.876,-7.968,20.617,22.199,19.706,2097584100.0,,BLZ
2011,Belize,6.451,,,,,,,,,,BLZ2011,1.602,1827050000.0,5582.222,8.43,8.051,4.917,-0.245,-1.092,19.953,21.472,18.366,1729864700.0,62.567,BLZ
2024,Benin,4.357,4.222,4.492,0.855,0.228,0.357,0.679,0.092,0.238,1.909,BEN2024,,,,1.722,,,,,,,,,,BEN
2023,Benin,4.377,4.245,4.51,0.914,0.128,0.284,0.567,0.112,0.252,2.121,BEN2023,2.731,19676049075.701,1394.373,1.657,,3.385,6.353,,,,,19472109623.122,,BEN
2022,Benin,4.374,4.244,4.504,0.924,0.242,0.124,0.481,0.114,0.253,2.235,BEN2022,1.351,17401746309.266,1264.708,1.685,,4.139,6.253,-6.009,,,,17221911302.554,,BEN
2021,Benin,4.623,4.492,4.754,0.932,0.064,0.335,0.479,0.127,0.23,2.458,BEN2021,1.734,17690083519.932,1318.835,1.779,4.558,1.619,7.155,-4.153,,,,17500751811.648,,BEN
2020,Benin,5.045,4.901,5.189,0.507,0.058,0.196,0.457,0.166,0.178,3.482,BEN2020,3.023,15651545208.878,1197.501,1.502,3.557,2.878,3.849,-1.75,,,,15530454408.453,,BEN
2019,Benin,5.216,5.064,5.368,0.366,0.352,0.328,0.406,0.197,0.126,3.441,BEN2019,0.733,14391686309.033,1130.821,1.214,7.114,-0.398,6.866,-3.999,,,,14320887673.973,,BEN
2018,Benin,4.883,,,,,,,,,,BEN2018,0.919,14262408079.701,1151.741,1.41,6.052,0.67,6.697,-4.549,,,,14207330367.822,,BEN
2017,Benin,4.141,,,,,,,,,,BEN2017,0.043,12701655845.961,1054.974,1.659,7.329,-0.368,5.672,-4.181,,,,12669871043.644,,BEN
2016,Benin,3.657,,,,,,,,,,BEN2016,-0.793,11821065852.127,1010.534,1.784,4.58,0.684,3.34,-2.997,,,,11783269382.72,,BEN
2015,Benin,3.484,,,,,,,,,,BEN2015,0.219,11388160997.109,1002.419,1.82,4.266,0.852,1.778,-5.964,,,,11322499745.594,,BEN
2014,Benin,3.34,,,,,,,,,,BEN2014,-0.549,13284527850.263,1204.399,1.872,5.6,-0.248,6.358,-6.668,,,,13223585565.097,,BEN
2012,Benin,3.528,,,,,,,,,,BEN2012,6.745,11141358105.985,1071.526,2.406,-2.47,7.699,4.811,-5.178,,,,11074623453.149,,BEN
2011,Benin,3.493,,,,,,,,,,BEN2011,2.704,10693321370.036,1059.414,2.647,1.468,3.733,2.964,-4.833,,,,10677821370.036,,BEN
2018,Bhutan,5.082,,,,,,,,,,BTN2018,2.724,2583335721.206,3400.204,3.35,12.703,1.151,3.502,-18.509,19.388,21.748,15.804,2363147137.612,95.848,BTN
2017,Bhutan,5.082,,,,,,,,,,BTN2017,4.955,2591358009.798,3435.288,3.016,9.488,4.35,2.087,-20.855,17.62,17.652,11.859,2378534601.609,95.779,BTN
2016,Bhutan,5.011,,,,,,,,,,BTN2016,3.22,2357504760.598,3152.309,2.705,9.708,4.049,8.476,-26.413,17.614,17.219,11.886,2172018216.539,92.291,BTN
2015,Bhutan,5.196,,,,,,,,,,BTN2015,4.548,2187815803.829,2954.041,2.45,11.323,3.21,6.661,-25.063,17.911,17.973,12.145,2045040204.147,81.051,BTN
2014,Bhutan,5.253,,,,,,,,,,BTN2014,8.271,2089079570.675,2849.5,2.63,7.853,5.722,5.881,-23.469,17.032,18.188,12.505,1954089382.708,84.999,BTN
2024,Bolivia,5.868,5.758,5.977,1.173,1.356,0.346,0.817,0.067,0.052,2.057,BOL2024,5.1,,,3.091,,,,,,,,,,BOL
2023,Bolivia,5.784,5.674,5.895,1.217,1.179,0.488,0.719,0.1,0.061,2.02,BOL2023,2.577,45135398008.817,3686.28,3.024,9.196,-0.505,3.082,-2.547,,,,43866498008.817,,BOL
2022,Bolivia,5.684,5.572,5.797,1.24,1.187,0.329,0.648,0.103,0.06,2.118,BOL2022,1.746,44008282877.961,3643.928,3.552,2.512,5.124,3.606,2.134,,,,42744582877.961,,BOL
2021,Bolivia,5.6,5.491,5.709,1.256,0.88,0.555,0.627,0.112,0.064,2.107,BOL2021,0.737,40406111695.179,3384.845,5.089,3.906,3.956,6.111,3.912,,,,39377011695.179,,BOL
2020,Bolivia,5.716,5.613,5.819,0.842,0.782,0.486,0.6,0.138,0.064,2.805,BOL2020,0.941,36629843805.022,3099.942,7.903,9.625,-1.854,-8.738,-0.043,,,,36212943805.022,,BOL
2019,Bolivia,5.747,5.648,5.847,0.731,1.142,0.662,0.574,0.138,0.073,2.426,BOL2019,1.84,40895322843.785,3503.896,3.682,9.156,-0.693,2.217,-3.34,,,,40059428632.497,,BOL
2018,Bolivia,5.779,,,,,,,,,,BOL2018,2.272,40287647930.476,3500.726,3.519,4.833,3.056,4.224,-4.282,,,,39311992850.881,,BOL
2017,Bolivia,5.752,,,,,,,,,,BOL2017,2.823,37508642165.337,3306.303,3.655,1.931,6.061,4.195,-5.061,,,,36398995783.282,,BOL
2016,Bolivia,5.823,,,,,,,,,,BOL2016,3.623,33941126200.061,3035.873,3.498,9.435,-1.355,4.264,-5.619,,,,33320230252.159,,BOL
2015,Bolivia,5.822,,,,,,,,,,BOL2015,4.06,33000198248.129,2996.013,3.111,13.309,-4.621,4.857,-5.867,,,,31873100505.727,,BOL
2014,Bolivia,5.89,,,,,,,,,,BOL2014,5.767,32996188012.56,3041.435,2.021,7.491,2.049,5.461,1.716,,,,31298228316.467,,BOL
2012,Bolivia,5.857,,,,,,,,,,BOL2012,4.516,27084497481.91,2575.599,2.066,3.767,7.1,5.122,7.274,,,,25455219536.903,,BOL
2011,Bolivia,5.633,,,,,,,,,,BOL2011,9.884,23963164696.592,2315.521,2.255,-3.217,14.602,5.204,2.242,,,,22977403393.589,,BOL
2024,Bosnia and Herzegovina,6.136,6.039,6.234,1.405,1.545,0.616,0.749,0.178,0.009,1.635,BIH2024,1.692,,,10.723,,,,,,,,,,BIH
2023,Bosnia and Herzegovina,5.877,5.775,5.979,1.465,1.318,0.587,0.621,0.246,0.0,1.64,BIH2023,6.106,27514782476.041,8638.666,10.668,-2.483,6.763,2.211,-2.322,35.395,36.678,19.112,27355539704.5,40.424,BIH
2022,Bosnia and Herzegovina,5.633,5.49,5.775,1.467,1.361,0.429,0.485,0.247,0.008,1.635,BIH2022,14.021,24534663636.178,7655.594,12.657,-7.556,11.809,4.227,-4.392,33.424,35.874,19.091,24213156434.106,41.744,BIH
2021,Bosnia and Herzegovina,5.768,5.659,5.877,1.468,1.068,0.665,0.448,0.244,0.006,1.869,BIH2021,1.982,23672712242.215,7295.344,14.897,-1.68,4.965,7.39,-1.475,34.859,36.771,19.098,23371644756.974,46.975,BIH
2020,Bosnia and Herzegovina,5.813,5.715,5.911,1.032,0.919,0.618,0.395,0.261,0.005,2.583,BIH2020,-1.051,20226036564.413,6130.311,15.868,3.008,0.062,-3.015,-2.84,38.361,37.45,18.751,20112988928.17,45.422,BIH
2019,Bosnia and Herzegovina,5.674,5.583,5.765,0.918,1.204,0.814,0.305,0.264,0.001,2.167,BIH2019,0.563,20482608755.379,6122.375,15.692,0.796,2.472,2.887,-2.597,34.052,37.558,19.827,20448097002.666,44.024,BIH
2018,Bosnia and Herzegovina,5.386,,,,,,,,,,BIH2018,1.417,20484053868.925,6047.846,18.4,0.972,2.792,3.827,-3.231,34.499,38.328,20.141,20366478392.985,44.893,BIH
2017,Bosnia and Herzegovina,5.129,,,,,,,,,,BIH2017,0.81,18326373366.11,5345.02,20.527,2.555,1.779,3.244,-4.779,33.89,38.186,19.988,18174627640.601,47.372,BIH
2016,Bosnia and Herzegovina,5.182,,,,,,,,,,BIH2016,-1.584,17116926327.625,4928.567,25.408,3.853,1.333,3.242,-4.699,34.901,37.687,19.714,17139875880.799,52.238,BIH
2015,Bosnia and Herzegovina,5.163,,,,,,,,,,BIH2015,-1.036,16404348871.444,4662.259,27.695,4.364,1.366,4.315,-5.035,36.478,38.135,19.7,16514883084.244,,BIH
2014,Bosnia and Herzegovina,4.949,,,,,,,,,,BIH2014,-0.897,18558733564.469,5206.066,27.517,5.585,1.0,1.154,-7.351,39.946,39.417,19.778,18710534545.225,53.501,BIH
2012,Bosnia and Herzegovina,4.813,,,,,,,,,,BIH2012,2.053,17226735995.69,4693.789,28.01,6.482,0.796,-0.822,-8.626,39.033,39.481,20.478,17361422536.969,49.09,BIH
2011,Bosnia and Herzegovina,4.857,,,,,,,,,,BIH2011,3.671,18644233537.109,4982.694,27.582,4.88,2.433,0.96,-9.479,38.119,38.836,20.306,18794204715.634,45.835,BIH
2024,Botswana,3.438,3.301,3.576,1.388,1.146,0.094,0.697,0.018,0.083,0.012,BWA2024,2.818,,,23.138,,,,,,,,,,BWA
2023,Botswana,3.383,3.209,3.558,1.445,0.969,0.241,0.567,0.014,0.082,0.066,BWA2023,5.068,19396084498.008,7820.232,23.381,4.518,2.125,2.734,-0.602,,,,19439625488.689,,BWA
2022,Botswana,3.435,3.168,3.702,1.471,1.041,0.087,0.48,0.021,0.071,0.264,BWA2022,11.666,20321958850.036,8329.04,23.615,-7.403,14.618,5.486,-1.142,25.091,29.456,19.649,20355187597.706,,BWA
2021,Botswana,3.471,3.275,3.667,1.503,0.815,0.28,0.571,0.012,0.102,0.187,BWA2021,7.241,18750946600.142,7808.206,23.106,-2.889,8.381,11.921,-1.678,28.388,32.864,22.23,18787565212.246,,BWA
2020,Botswana,3.467,3.322,3.611,1.099,0.724,0.34,0.539,0.027,0.088,0.648,BWA2020,1.89,14960291105.932,6323.314,21.017,1.313,4.379,-8.729,-10.167,33.859,28.766,22.275,14982287847.97,19.616,BWA
2019,Botswana,3.479,3.36,3.598,0.998,1.086,0.494,0.509,0.033,0.102,0.257,BWA2019,2.773,16725908148.548,7172.09,20.094,5.859,0.508,3.032,-6.905,28.801,30.129,21.099,16776578168.919,16.194,BWA
2018,Botswana,3.488,,,,,,,,,,BWA2018,3.238,17031943186.135,7407.959,19.681,6.439,0.057,4.188,0.393,29.064,30.708,21.74,15447818705.438,15.231,BWA
2017,Botswana,3.59,,,,,,,,,,BWA2017,3.308,16105155856.771,7104.964,19.664,9.784,-2.65,4.114,5.586,28.155,33.581,23.933,14738582295.466,14.681,BWA
2016,Botswana,3.766,,,,,,,,,,BWA2016,2.815,15082637184.05,6749.06,19.329,-4.115,11.905,7.204,7.973,26.781,34.774,21.63,13792127267.58,15.805,BWA
2015,Botswana,3.974,,,,,,,,,,BWA2015,3.062,13530748844.505,6141.204,18.93,4.068,3.73,-4.851,2.226,31.243,35.32,26.311,13076842710.509,19.087,BWA
2014,Botswana,4.332,,,,,,,,,,BWA2014,4.402,15470088500.741,7122.364,18.514,-0.551,9.604,5.695,11.075,29.132,39.942,27.093,14998439776.014,18.326,BWA
2012,Botswana,3.97,,,,,,,,,,BWA2012,7.537,13907464500.149,6595.538,17.952,7.755,3.012,-0.171,-5.902,31.52,38.664,28.037,14164563194.283,20.623,BWA
2011,Botswana,4.581,,,,,,,,,,BWA2011,8.46,15110643612.173,7287.383,18.054,-1.468,12.653,6.839,-0.873,29.787,36.627,24.045,15016050301.299,21.074,BWA
2024,Brazil,6.494,6.394,6.593,1.391,1.519,0.48,0.83,0.089,0.127,2.057,BRA2024,4.367,,,7.634,,,,,,,,,,BRA
2023,Brazil,6.272,6.154,6.39,1.43,1.269,0.548,0.685,0.13,0.142,2.068,BRA2023,4.594,2173665655937.27,10294.867,7.947,37.208,4.659,2.908,-1.285,32.692,25.575,14.155,2107810132248.65,83.699,BRA
2022,Brazil,6.125,5.997,6.252,1.454,1.25,0.387,0.558,0.131,0.137,2.205,BRA2022,9.28,1951923942083.32,9281.333,9.231,28.396,8.57,3.017,-2.16,34.134,29.616,14.726,1897850563345.64,79.102,BRA
2021,Brazil,6.293,6.202,6.384,1.462,1.044,0.615,0.546,0.131,0.134,2.361,BRA2021,8.302,1670647399034.67,7972.537,13.158,15.011,13.047,4.763,-2.419,31.794,27.327,14.137,1618525227638.81,85.012,BRA
2020,Brazil,6.33,6.245,6.415,1.028,0.944,0.571,0.514,0.142,0.117,3.015,BRA2020,3.212,1476107231194.11,7074.194,13.697,21.197,6.472,-3.277,-1.688,38.481,25.699,12.719,1445311140486.1,98.71,BRA
2019,Brazil,6.376,6.296,6.456,0.953,1.363,0.766,0.483,0.132,0.107,2.572,BRA2019,3.733,1873288205186.45,9029.833,11.936,31.903,4.224,1.221,-3.47,34.787,29.152,13.738,1822994396029.28,92.565,BRA
2018,Brazil,6.3,,,,,,,,,,BRA2018,3.665,1916933898038.36,9300.662,12.329,33.102,4.494,1.784,-2.808,35.454,28.583,13.94,1863630987992.04,86.608,BRA
2017,Brazil,6.419,,,,,,,,,,BRA2017,3.446,2063514977334.32,10080.509,12.792,41.714,3.671,1.323,-1.224,36.248,27.825,13.605,2024937440938.73,83.669,BRA
2016,Brazil,6.635,,,,,,,,,,BRA2016,8.739,1795693482652.52,8836.287,11.58,40.698,8.104,-3.276,-1.7,36.492,29.67,13.71,1757597118247.49,73.419,BRA
2015,Brazil,6.952,,,,,,,,,,BRA2015,9.03,1802212206904.68,8936.197,8.538,33.832,7.566,-3.546,-3.518,36.924,29.251,13.63,1768300112266.54,67.538,BRA
2014,Brazil,6.983,,,,,,,,,,BRA2014,6.329,2456043727198.85,12274.994,6.755,22.404,7.847,0.504,-4.499,32.069,27.372,13.49,2410276964680.96,58.457,BRA
2012,Brazil,6.849,,,,,,,,,,BRA2012,5.403,2465227803011.57,12521.721,7.251,26.582,7.943,1.921,-3.759,30.794,29.666,14.332,2403719409196.5,59.849,BRA
2011,Brazil,6.697,,,,,,,,,,BRA2011,6.636,2616156223977.47,13396.624,7.578,32.833,8.319,3.974,-3.195,31.306,29.101,14.851,2548928943603.92,59.342,BRA
2024,Bulgaria,5.554,5.46,5.647,1.573,1.725,0.463,0.708,0.055,0.0,1.029,BGR2024,2.447,,,4.104,,,,,,,,,,BGR
2023,Bulgaria,5.463,5.357,5.569,1.629,1.469,0.567,0.62,0.083,0.006,1.088,BGR2023,9.443,102407653020.606,15885.539,4.319,-3.284,7.984,1.887,0.906,35.687,34.782,20.475,97396787109.073,30.148,BGR
2022,Bulgaria,5.466,5.35,5.582,1.635,1.457,0.408,0.557,0.106,0.013,1.289,BGR2022,15.325,90642851835.9,13644.202,4.268,-10.501,15.918,4.039,-2.602,39.321,36.539,21.726,85735292882.524,30.15,BGR
2021,Bulgaria,5.371,5.257,5.485,1.625,1.163,0.64,0.563,0.123,0.021,1.235,BGR2021,3.298,84417951260.809,12274.078,5.267,-2.665,6.967,7.781,-1.034,37.681,33.864,20.582,81048510007.861,32.721,BGR
2020,Bulgaria,5.266,5.16,5.371,1.181,1.055,0.583,0.494,0.125,0.005,1.823,BGR2020,1.672,70716821234.597,10198.539,5.125,-0.004,4.341,-3.216,0.362,36.463,33.252,20.178,68161899199.907,32.103,BGR
2019,Bulgaria,5.102,5.015,5.188,1.047,1.461,0.778,0.418,0.104,0.0,1.295,BGR2019,3.104,68631726289.279,9838.601,4.23,-0.652,5.235,3.789,1.655,33.132,35.901,20.557,66479976532.54,27.034,BGR
2018,Bulgaria,5.011,,,,,,,,,,BGR2018,2.815,66289266348.65,9436.145,5.211,0.679,4.255,2.549,0.573,33.081,34.823,19.937,63875378298.412,28.734,BGR
2017,Bulgaria,4.933,,,,,,,,,,BGR2017,2.062,59309748166.118,8381.881,6.164,0.598,4.813,2.746,3.239,31.992,32.991,20.523,57855803153.7,32.235,BGR
2016,Bulgaria,4.714,,,,,,,,,,BGR2016,-0.799,53964253211.84,7570.932,7.575,2.971,3.324,3.027,3.1,32.027,32.169,20.333,52164956703.832,35.544,BGR
2015,Bulgaria,4.217,,,,,,,,,,BGR2015,-0.105,50811995688.677,7078.86,9.143,4.372,2.948,3.398,0.018,34.286,33.54,20.078,49160388019.061,30.852,BGR
2014,Bulgaria,4.218,,,,,,,,,,BGR2014,-1.418,57157782909.931,7912.275,11.424,6.83,1.341,0.949,2.19,37.943,33.362,19.567,56529038853.417,32.502,BGR
2012,Bulgaria,3.981,,,,,,,,,,BGR2012,2.955,54288135058.793,7430.737,12.27,8.507,1.112,0.749,-0.974,30.913,30.577,18.385,53568146883.006,21.796,BGR
2011,Bulgaria,3.889,,,,,,,,,,BGR2011,4.22,57737040780.016,7857.167,11.26,4.256,6.113,2.09,0.472,29.85,29.124,17.883,55929518183.759,19.482,BGR
2024,Burkina Faso,4.383,4.26,4.506,0.724,0.828,0.296,0.671,0.142,0.218,1.504,BFA2024,4.191,,,5.166,,,,,,,,,,BFA
2023,Burkina Faso,4.548,4.41,4.686,0.756,0.685,0.274,0.483,0.173,0.179,1.999,BFA2023,0.743,20324617844.526,882.69,5.348,,1.998,2.96,-5.005,,,,19484760476.598,,BFA
2022,Burkina Faso,4.638,4.456,4.819,0.768,0.814,0.107,0.419,0.188,0.113,2.23,BFA2022,14.29,18820218690.595,836.118,5.389,,5.889,1.497,-7.46,20.816,19.688,17.673,18029664976.706,62.526,BFA
2021,Burkina Faso,4.67,4.527,4.814,0.779,0.565,0.32,0.382,0.186,0.126,2.313,BFA2021,3.654,19697516284.379,895.535,5.2,6.13,0.113,6.943,0.392,18.18,18.059,15.939,18774177401.458,55.582,BFA
2020,Burkina Faso,4.834,4.675,4.993,0.364,0.472,0.179,0.381,0.182,0.122,3.133,BFA2020,1.884,17725010532.527,825.237,5.04,0.068,6.466,2.011,4.193,17.179,16.036,13.432,17105876297.322,73.385,BFA
2019,Burkina Faso,4.769,4.647,4.89,0.302,0.929,0.313,0.322,0.186,0.126,2.589,BFA2019,-3.233,16032813503.371,764.853,4.71,6.144,0.513,5.889,-3.267,18.217,18.607,15.641,15326465624.909,47.062,BFA
2018,Burkina Faso,4.587,,,,,,,,,,BFA2018,1.956,15890066221.288,777.466,4.695,5.629,1.074,6.605,-4.184,17.371,16.823,15.292,15387936815.325,45.574,BFA
2017,Burkina Faso,4.424,,,,,,,,,,BFA2017,1.483,14106955615.344,709.092,4.656,5.024,1.416,6.203,-6.353,18.49,16.798,15.261,13577334630.141,,BFA
2016,Burkina Faso,4.032,,,,,,,,,,BFA2016,0.441,12833363045.337,663.742,4.587,2.622,2.604,5.958,-6.08,14.71,16.177,14.139,12261728232.19,,BFA
2015,Burkina Faso,3.739,,,,,,,,,,BFA2015,0.725,11832159315.63,630.125,4.461,7.546,-2.224,3.921,-7.568,13.197,14.976,13.28,11293125664.777,,BFA
2014,Burkina Faso,3.587,,,,,,,,,,BFA2014,-0.258,13943016076.744,764.862,4.251,5.996,-0.62,4.327,-7.165,12.879,15.465,13.664,13337500892.797,,BFA
2012,Burkina Faso,4.259,,,,,,,,,,BFA2012,3.818,12561015156.568,731.47,3.856,-0.742,5.824,6.453,-1.292,12.921,15.574,13.89,12243495087.51,,BFA
2011,Burkina Faso,3.926,,,,,,,,,,BFA2011,2.76,12080295977.563,725.025,3.827,-1.389,6.738,6.623,-1.328,11.036,13.941,12.219,11592644774.947,,BFA
2020,Burundi,3.775,3.565,3.985,0.0,0.062,0.155,0.298,0.172,0.212,2.876,BDI2020,7.321,2649680261.443,210.008,1.03,5.878,5.967,0.327,-13.009,17.674,17.678,15.788,2664225062.413,,BDI
2019,Burundi,3.775,3.565,3.985,0.0,0.404,0.295,0.275,0.187,0.212,2.402,BDI2019,-0.687,2576518879.824,210.236,1.043,13.566,0.852,1.813,-15.243,16.619,16.565,15.059,2583934017.974,,BDI
2018,Burundi,3.775,,,,,,,,,,BDI2018,-2.815,2667182199.513,224.899,1.146,18.158,-2.851,1.61,-14.591,,,,2672837528.123,,BDI
2017,Burundi,2.905,,,,,,,,,,BDI2017,16.053,2723586962.84,236.694,1.247,3.004,11.449,0.5,-13.716,17.695,17.708,14.368,2725061087.871,,BDI
2016,Burundi,2.905,,,,,,,,,,BDI2016,5.558,2644487776.501,235.286,1.347,13.137,0.973,-0.6,-12.379,17.604,14.867,13.863,2643216720.513,,BDI
2015,Burundi,2.905,,,,,,,,,,BDI2015,5.545,3104003546.265,280.967,1.442,-4.937,21.319,-3.9,-11.53,18.603,13.958,13.128,3104359892.466,,BDI
2014,Burundi,2.906,,,,,,,,,,BDI2014,4.405,2705783329.805,250.54,1.572,9.841,5.306,4.241,-15.847,16.937,15.723,13.69,2698322225.855,,BDI
2012,Burundi,3.706,,,,,,,,,,BDI2012,18.161,2333341334.458,231.688,1.593,0.023,14.294,4.447,-11.192,17.938,15.973,14.496,2326835709.913,,BDI
2011,Burundi,3.678,,,,,,,,,,BDI2011,9.592,2235820809.32,230.071,1.602,4.492,8.364,4.033,-12.684,19.999,16.72,15.532,2218331580.563,,BDI
2024,Cambodia,4.341,4.237,4.446,1.049,1.215,0.481,0.988,0.138,0.078,0.393,KHM2024,,,,0.27,,,,,,,,,,KHM
2023,Cambodia,4.341,4.236,4.446,1.011,1.019,0.442,0.863,0.17,0.071,0.765,KHM2023,2.127,42335646895.798,2429.749,0.225,,1.063,4.96,1.305,,,,41383539142.858,,KHM
2022,Cambodia,4.393,4.279,4.508,1.025,1.024,0.283,0.768,0.176,0.051,1.068,KHM2022,5.344,39994532959.607,2325.031,0.231,,3.515,5.103,-18.958,,,,38444130462.442,,KHM
2021,Cambodia,4.64,4.516,4.765,1.019,0.732,0.505,0.74,0.166,0.068,1.41,KHM2021,2.921,36790163687.442,2167.403,0.396,,2.646,3.09,-29.608,13.519,13.299,11.993,35300301362.123,,KHM
2020,Cambodia,4.83,4.698,4.963,0.603,0.68,0.426,0.702,0.21,0.061,2.148,KHM2020,2.94,34818073901.485,2081.739,0.172,,-0.824,-3.556,-1.0,12.938,14.822,13.29,33712316726.763,,KHM
2019,Cambodia,4.848,4.735,4.962,0.545,1.071,0.588,0.675,0.233,0.073,1.663,KHM2019,1.943,36685356407.721,2225.877,0.119,,2.793,7.937,-8.0,11.65,16.831,14.571,35040667434.095,,KHM
2018,Cambodia,4.7,,,,,,,,,,KHM2018,2.459,33145892168.896,2036.674,0.13,,3.817,8.776,-8.736,10.764,14.767,12.641,31820166406.615,,KHM
2017,Cambodia,4.433,,,,,,,,,,KHM2017,2.913,29355665909.79,1826.354,0.141,,2.077,8.075,-6.157,10.799,14.02,11.928,28215504535.812,,KHM
2016,Cambodia,4.168,,,,,,,,,,KHM2016,3.019,26556545153.357,1675.196,0.716,,1.58,7.906,-6.528,9.791,13.09,11.175,25507606313.362,,KHM
2015,Cambodia,3.907,,,,,,,,,,KHM2015,1.224,24174170369.074,1547.32,0.393,,3.069,7.207,-6.612,8.994,12.379,10.888,23177973370.888,,KHM
2014,Cambodia,3.819,,,,,,,,,,KHM2014,3.856,22041463967.901,1431.564,0.692,,3.299,8.0,-6.552,9.436,12.563,11.084,21110279792.703,,KHM
2012,Cambodia,4.067,,,,,,,,,,KHM2012,2.934,17826536699.802,1192.803,0.496,,2.638,7.65,-6.803,8.336,9.964,8.737,17147398897.533,,KHM
2011,Cambodia,4.101,,,,,,,,,,KHM2011,5.478,16032622023.826,1088.982,0.577,,4.951,7.287,-6.399,8.844,9.244,8.126,15499707260.598,,KHM
2024,Cameroon,4.887,4.767,5.007,0.944,0.986,0.302,0.662,0.099,0.06,1.834,CMR2024,,,,3.518,,,,,,,,,,CMR
2023,Cameroon,4.874,4.753,4.996,0.943,0.856,0.288,0.521,0.126,0.06,2.08,CMR2023,7.383,49279410982.826,1736.861,3.613,,4.66,3.248,-4.097,,,,48343641930.71,,CMR
2022,Cameroon,4.973,4.834,5.112,0.965,0.871,0.118,0.405,0.144,0.059,2.411,CMR2022,6.248,44347206072.551,1604.877,3.653,,6.831,3.737,-3.394,,,,43241972760.917,,CMR
2021,Cameroon,5.048,4.907,5.188,0.968,0.672,0.317,0.397,0.152,0.074,2.469,CMR2021,2.272,45011937346.838,1672.327,3.973,,2.921,3.339,-3.987,12.423,13.743,11.342,44281229347.682,,CMR
2020,Cameroon,5.142,4.996,5.288,0.543,0.556,0.159,0.425,0.205,0.058,3.195,CMR2020,2.438,40773241177.05,1555.604,3.87,,0.706,0.26,-3.709,12.06,13.122,10.871,39933227702.435,,CMR
2019,Cameroon,5.085,4.953,5.217,0.504,0.9,0.27,0.439,0.198,0.054,2.719,CMR2019,2.453,39667757527.658,1555.227,3.622,,1.17,3.475,-4.273,12.323,14.848,12.028,38825035814.222,,CMR
2018,Cameroon,5.044,,,,,,,,,,CMR2018,1.069,39955552189.795,1610.696,3.601,,1.897,3.956,-3.527,11.367,15.151,12.347,39216305348.046,,CMR
2017,Cameroon,4.975,,,,,,,,,,CMR2017,0.64,36098547033.166,1496.09,3.568,,1.025,3.541,-2.631,10.527,14.692,11.876,35436388520.412,,CMR
2016,Cameroon,4.695,,,,,,,,,,CMR2016,0.874,33814337044.376,1441.72,3.528,,0.662,4.536,-3.068,11.9,14.518,11.652,33256524239.987,,CMR
2015,Cameroon,4.513,,,,,,,,,,CMR2015,2.676,32210233020.457,1415.0,3.518,,0.31,5.667,-3.644,12.421,15.485,12.111,31773333681.567,,CMR
2014,Cameroon,4.252,,,,,,,,,,CMR2014,1.855,36386544706.081,1649.443,3.534,,2.014,5.72,-3.853,12.86,16.333,12.285,35703010549.737,,CMR
2012,Cameroon,4.42,,,,,,,,,,CMR2012,2.735,30155062329.282,1449.099,3.835,,1.942,4.626,-3.17,12.753,15.869,11.344,29710253435.342,,CMR
2011,Cameroon,4.376,,,,,,,,,,CMR2011,2.94,30630910495.217,1513.961,3.987,,2.589,3.379,-2.446,,,,30327885739.024,,CMR
2024,Canada,6.803,6.718,6.888,1.749,1.647,0.832,0.813,0.168,0.323,1.271,CAN2024,2.382,,,6.45,,,,,,,,,,CAN
2023,Canada,6.9,6.815,6.984,1.84,1.459,0.701,0.73,0.23,0.368,1.572,CAN2023,3.879,2142470914401.36,53431.186,5.415,,1.535,1.249,-0.642,19.538,19.943,14.008,2112732605610.04,62.229,CAN
2022,Canada,6.961,6.879,7.042,1.881,1.484,0.541,0.656,0.218,0.364,1.815,CAN2022,6.803,2161483369422.01,55509.393,5.279,,7.654,3.82,-0.292,18.497,18.163,12.826,2133340105142.4,61.418,CAN
2021,Canada,7.025,6.943,7.107,1.886,1.188,0.783,0.659,0.217,0.368,1.924,CAN2021,3.395,2007472181464.15,52496.844,7.527,,7.665,5.287,-0.022,22.666,19.076,13.22,1990214506517.52,71.074,CAN
2020,Canada,7.103,7.021,7.185,1.447,1.044,0.798,0.648,0.246,0.335,2.585,CAN2020,0.717,1655684730000.19,43537.839,9.657,,1.071,-5.038,-2.01,28.571,19.037,13.503,1643688332920.87,74.554,CAN
2019,Canada,7.232,7.153,7.311,1.302,1.435,1.023,0.644,0.282,0.352,2.195,CAN2019,1.949,1743725183672.52,46352.869,5.69,,1.546,1.908,-1.952,18.106,18.278,12.742,1722945761061.66,53.362,CAN
2018,Canada,7.278,,,,,,,,,,CAN2018,2.268,1725329192783.02,46539.176,5.837,,1.651,2.743,-2.385,17.541,18.529,13.058,1695996608536.1,53.152,CAN
2017,Canada,7.328,,,,,,,,,,CAN2017,1.597,1649265644244.09,45129.628,6.426,0.126,2.571,3.034,-2.803,17.607,18.01,12.612,1628291572163.23,54.463,CAN
2016,Canada,7.316,,,,,,,,,,CAN2016,1.429,1527994741907.43,42314.062,7.038,1.969,0.717,1.039,-3.093,17.499,17.865,12.497,1509327936731.45,56.024,CAN
2015,Canada,7.404,,,,,,,,,,CAN2015,1.125,1556508816217.14,43594.194,6.945,3.675,-0.868,0.65,-3.514,17.06,17.851,12.39,1532663548013.94,55.992,CAN
2014,Canada,7.427,,,,,,,,,,CAN2014,1.907,1805749878439.94,50960.843,7.023,1.039,1.941,2.873,-2.319,16.402,16.979,11.808,1776572160702.32,51.483,CAN
2012,Canada,7.477,,,,,,,,,,CAN2012,1.516,1828366481521.6,52670.345,7.392,1.76,1.218,1.756,-3.532,17.518,16.92,11.664,1795919869603.49,55.725,CAN
2011,Canada,7.499,,,,,,,,,,CAN2011,2.912,1793326630174.52,52223.859,7.637,-0.237,3.244,3.137,-2.774,17.85,16.925,11.804,1759453773319.65,54.119,CAN
2019,Central African Republic,3.476,3.25,3.702,0.041,0.0,0.0,0.293,0.254,0.028,2.86,CAF2019,2.685,2221301351.439,449.228,5.607,,2.328,3.1,,9.939,8.792,8.318,2386023468.721,,CAF
2018,Central African Republic,3.083,,,,,,,,,,CAF2018,1.612,2220979146.112,455.244,5.517,,-1.224,3.789,,10.123,8.818,8.64,2386745438.207,,CAF
2017,Central African Republic,3.083,,,,,,,,,,CAF2017,4.181,2072349972.682,432.324,5.534,,6.444,4.527,,8.677,7.198,7.081,2177935587.591,,CAF
2016,Central African Republic,2.693,,,,,,,,,,CAF2016,4.945,1825018144.656,387.176,5.491,,2.98,4.75,,9.021,7.3,6.808,1847781766.462,,CAF
2014,Central African Republic,3.678,,,,,,,,,,CAF2014,14.899,1894813389.403,409.85,5.326,,11.894,0.081,,8.272,4.581,4.099,1914516900.438,,CAF
2012,Central African Republic,3.623,,,,,,,,,,CAF2012,5.478,2510126512.228,544.396,5.243,,6.181,5.054,,8.184,9.554,8.172,2521348066.783,,CAF
2011,Central African Republic,3.568,,,,,,,,,,CAF2011,1.194,2437982705.121,534.057,5.281,,4.009,4.195,,13.464,8.625,7.54,2447711016.35,,CAF
2024,Chad,4.384,4.253,4.515,0.592,0.902,0.242,0.477,0.175,0.111,1.884,TCD2024,8.9,,,1.088,,,,,,,,,,TCD
2023,Chad,4.471,4.313,4.63,0.603,0.805,0.199,0.411,0.218,0.113,2.122,TCD2023,10.836,13149325362.335,680.64,1.074,,-0.937,4.122,,,,,12956602270.39,,TCD
2022,Chad,4.397,4.16,4.633,0.622,0.962,0.043,0.393,0.255,0.088,2.034,TCD2022,5.788,12396807588.408,671.72,1.096,,15.145,2.804,,,,,12212890617.632,,TCD
2021,Chad,4.251,3.999,4.503,0.662,0.506,0.225,0.18,0.182,0.077,2.419,TCD2021,-0.773,11779981332.863,660.747,1.548,,7.167,-1.169,,,,,11605895381.712,,TCD
2020,Chad,4.355,4.171,4.54,0.255,0.353,0.0,0.24,0.215,0.084,3.209,TCD2020,4.464,10715396042.334,622.096,1.707,,-5.455,-1.6,,,,,10561570203.57,,TCD
2019,Chad,4.423,4.275,4.57,0.302,0.739,0.109,0.229,0.211,0.086,2.747,TCD2019,-0.972,11314951091.728,678.142,1.084,,2.856,3.247,,,,,11140998348.157,,TCD
2018,Chad,4.35,,,,,,,,,,TCD2018,4.275,11239167898.34,695.642,1.135,,5.015,2.374,,,,,11075018517.446,,TCD
2017,Chad,4.301,,,,,,,,,,TCD2017,-1.537,10000394381.018,640.117,1.116,,0.028,-2.989,,,,,9869508104.401,,TCD
2016,Chad,3.936,,,,,,,,,,TCD2016,-0.792,10097778098.171,668.079,1.047,,-1.401,-6.256,,,,,9911697343.603,,TCD
2015,Chad,3.763,,,,,,,,,,TCD2015,4.377,10950392256.954,747.588,0.974,,-8.48,2.768,,,,,10618477308.952,,TCD
2014,Chad,3.667,,,,,,,,,,TCD2014,1.682,13940767218.585,982.528,0.933,,0.646,6.9,,,,,13336601200.432,,TCD
2012,Chad,4.056,,,,,,,,,,TCD2012,7.517,12367362757.134,936.141,0.9,,1.097,8.883,,,,,12067689658.178,,TCD
2011,Chad,3.919,,,,,,,,,,TCD2011,2.029,12172308851.04,954.317,0.905,,8.58,0.083,,,,,11856127557.813,,TCD
2024,Chile,6.361,6.273,6.449,1.537,1.577,0.711,0.779,0.093,0.085,1.579,CHL2024,4.298,,,9.056,,,,,,,,,,CHL
2023,Chile,6.36,6.273,6.448,1.616,1.369,0.673,0.651,0.117,0.075,1.858,CHL2023,7.582,335533331669.219,17067.814,9.013,,6.6,0.219,-3.546,24.578,22.945,17.719,318450116063.725,,CHL
2022,Chile,6.334,6.243,6.424,1.645,1.384,0.511,0.546,0.131,0.076,2.04,CHL2022,11.644,302116539409.03,15451.132,8.249,,7.914,2.059,-8.66,24.055,26.004,21.274,287702182743.647,,CHL
2021,Chile,6.172,6.082,6.262,1.651,1.08,0.748,0.46,0.124,0.069,2.04,CHL2021,4.525,315515014838.539,16216.571,9.281,,6.915,11.334,-7.278,30.799,24.153,19.664,297670042257.932,,CHL
2020,Chile,6.172,6.081,6.262,1.2,0.946,0.678,0.438,0.159,0.07,2.682,CHL2020,3.045,254042159309.311,13114.815,10.934,,9.666,-6.143,-1.949,26.242,19.938,16.196,238186960905.052,,CHL
2019,Chile,6.228,6.139,6.318,1.097,1.323,0.889,0.417,0.156,0.063,2.283,CHL2019,2.558,278285058719.466,14495.717,7.493,,2.568,0.634,-5.212,23.315,21.74,17.719,267848366678.638,,CHL
2018,Chile,6.444,,,,,,,,,,CHL2018,2.435,295857562991.709,15659.481,7.623,2.547,1.59,3.99,-4.484,22.618,22.174,18.396,283731132095.716,,CHL
2017,Chile,6.476,,,,,,,,,,CHL2017,2.183,276154259987.103,14879.909,7.257,-0.263,4.828,1.358,-2.758,22.347,21.168,17.506,265419010571.047,,CHL
2016,Chile,6.652,,,,,,,,,,CHL2016,3.786,249344863933.461,13649.852,6.673,0.983,4.561,1.753,-2.621,22.127,20.857,17.469,242408025811.754,,CHL
2015,Chile,6.705,,,,,,,,,,CHL2015,4.349,242450355827.827,13433.92,6.313,0.534,4.954,2.152,-2.735,21.635,21.142,17.546,236499159249.766,,CHL
2014,Chile,6.67,,,,,,,,,,CHL2014,4.719,259560978231.552,14529.677,6.483,2.121,5.853,1.793,-3.46,20.675,20.656,17.045,248044111574.676,,CHL
2012,Chile,6.587,,,,,,,,,,CHL2012,3.007,267024782480.28,15241.907,6.562,9.223,0.763,6.155,-5.328,19.925,22.105,18.991,252400856602.666,,CHL
2011,Chile,6.128,,,,,,,,,,CHL2011,3.341,251382573885.594,14487.393,7.277,5.587,3.261,6.224,-4.917,19.495,22.661,18.936,229490673704.388,,CHL
2024,China,5.921,5.819,6.023,1.445,1.307,0.789,0.764,0.079,0.154,1.382,CHN2024,0.218,,,4.571,,,,,,,,,,CHN
2023,China,5.973,5.885,6.061,1.497,1.239,0.629,0.704,0.132,0.164,1.608,CHN2023,0.235,17794783039552.0,12614.062,4.67,4.961,-0.582,5.25,1.422,,15.469,7.842,17645270585286.7,,CHN
2022,China,5.818,5.731,5.905,1.51,1.249,0.468,0.666,0.115,0.145,1.666,CHN2022,1.974,17881782683707.3,12662.583,4.98,2.481,1.824,2.951,2.479,,15.012,7.701,17728564563900.7,,CHN
2021,China,5.585,5.52,5.65,1.508,0.958,0.705,0.656,0.099,0.142,1.516,CHN2021,0.981,17820459508852.2,12617.505,4.55,-0.194,4.552,8.448,1.98,,14.937,7.965,17696312719649.2,,CHN
2020,China,5.339,5.281,5.397,1.061,0.785,0.665,0.636,0.093,0.117,1.982,CHN2020,2.419,14687744162801.0,10408.72,5.0,3.839,0.492,2.239,1.694,,14.086,8.091,14570138553468.0,,CHN
2019,China,5.124,5.073,5.175,0.991,1.132,0.867,0.602,0.079,0.117,1.336,CHN2019,2.899,14279968506271.7,10143.86,4.56,3.024,1.287,5.951,0.721,,16.101,8.493,14239959159195.7,,CHN
2018,China,5.191,,,,,,,,,,CHN2018,2.075,13894907857880.6,9905.406,4.31,0.822,3.5,6.75,0.174,,16.536,9.053,13833878513962.5,,CHN
2017,China,5.246,,,,,,,,,,CHN2017,1.593,12310491333980.9,8817.046,4.47,0.113,4.233,6.947,1.533,,15.883,9.419,12294360421956.4,,CHN
2016,China,5.273,,,,,,,,,,CHN2016,2.0,11233313730348.7,8094.39,4.56,2.902,1.407,6.849,1.703,,15.63,9.123,11177613255021.7,,CHN
2015,China,5.245,,,,,,,,,,CHN2015,1.437,11061572618578.7,8016.446,4.65,4.353,-0.003,7.041,2.649,,16.043,9.377,11008790517157.1,,CHN
2014,China,5.14,,,,,,,,,,CHN2014,1.922,10475624944355.2,7636.074,4.63,4.522,1.031,7.426,2.253,,15.818,9.679,10488924466576.8,,CHN
2012,China,4.978,,,,,,,,,,CHN2012,2.62,8532185381680.59,6300.582,4.58,3.585,2.331,7.864,2.524,,11.139,10.257,8512367896275.43,,CHN
2011,China,4.68,,,,,,,,,,CHN2011,5.554,7551545703440.75,5614.386,4.55,-1.402,8.076,9.551,1.802,,11.239,10.313,7481168651253.95,,CHN
2024,Colombia,6.004,5.897,6.112,1.38,1.513,0.587,0.777,0.039,0.051,1.658,COL2024,6.609,,,9.608,,,,,,,,,,COL
2023,Colombia,5.695,5.584,5.806,1.437,1.241,0.648,0.644,0.072,0.059,1.596,COL2023,11.736,363493841244.303,6947.359,9.594,13.819,6.336,0.61,-2.372,33.592,28.632,17.703,359767496425.645,71.879,COL
2022,Colombia,5.63,5.514,5.747,1.455,1.213,0.486,0.562,0.08,0.068,1.765,COL2022,10.177,345329875078.512,6674.596,10.547,0.819,14.867,7.289,-6.146,32.419,25.43,15.277,337877677468.28,70.331,COL
2021,Colombia,5.781,5.659,5.903,1.452,0.929,0.72,0.545,0.087,0.077,1.971,COL2021,3.495,318524633225.395,6222.622,13.898,1.425,7.802,10.801,-5.635,35.664,23.547,14.446,313509201762.482,80.367,COL
2020,Colombia,6.012,5.892,6.132,1.021,0.866,0.615,0.554,0.1,0.063,2.794,COL2020,2.527,270348342541.465,5339.687,15.983,8.247,1.482,-7.186,-3.428,36.554,23.687,14.045,267833501944.668,91.157,COL
2019,Colombia,6.163,6.053,6.274,0.932,1.334,0.81,0.527,0.092,0.046,2.422,COL2019,3.523,323031701192.84,6472.545,10.28,7.468,4.003,3.187,-4.584,31.305,25.575,14.901,315981529469.142,72.704,COL
2018,Colombia,6.125,,,,,,,,,,COL2018,3.241,334198218098.276,6816.968,9.36,7.153,4.631,2.564,-4.201,29.972,23.475,14.61,325924723780.778,71.651,COL
2017,Colombia,6.26,,,,,,,,,,COL2017,4.314,311866875156.879,6479.532,9.086,8.134,5.134,1.359,-3.182,27.505,22.584,14.851,306527532488.183,66.727,COL
2016,Colombia,6.357,,,,,,,,,,COL2016,7.513,282720100286.228,5959.843,8.922,9.032,5.148,2.087,-4.452,28.631,24.223,14.385,279593356364.69,66.907,COL
2015,Colombia,6.481,,,,,,,,,,COL2015,4.99,293492370193.166,6248.515,8.572,8.785,2.449,2.956,-6.372,26.816,24.102,15.797,289667485036.838,53.279,COL
2014,Colombia,6.477,,,,,,,,,,COL2014,2.899,381240864422.407,8187.208,8.799,8.443,2.236,4.499,-5.198,30.163,23.447,15.7,370407849663.061,47.976,COL
2012,Colombia,6.416,,,,,,,,,,COL2012,3.169,370691143018.039,8108.598,9.959,8.655,3.617,3.913,-3.14,25.033,26.335,13.227,356514927997.962,65.228,COL
2011,Colombia,6.202,,,,,,,,,,COL2011,3.415,334966134804.887,7400.994,10.288,4.543,6.387,6.948,-2.906,24.225,23.492,14.576,320761717459.121,62.86,COL
2024,Comoros,3.754,3.59,3.919,0.835,0.501,0.428,0.26,0.117,0.164,1.45,COM2024,,,,3.875,,,,,,,,,,COM
2023,Comoros,3.566,3.378,3.754,0.896,0.328,0.37,0.172,0.128,0.16,1.512,COM2023,,1352380971.241,1590.312,3.776,,2.918,2.996,-1.821,,,,1355203003.613,,COM
2022,Comoros,3.545,3.317,3.774,0.914,0.327,0.215,0.117,0.129,0.145,1.699,COM2022,,1242519407.776,1489.496,3.816,2.946,4.942,2.603,-0.422,,,,1248694701.425,,COM
2021,Comoros,4.609,4.368,4.849,0.899,0.476,0.424,0.185,0.195,0.125,2.304,COM2021,,1296089479.92,1584.125,4.394,7.692,0.169,2.0,-0.314,,,,1302397963.155,,COM
2020,Comoros,4.289,4.123,4.454,0.488,0.367,0.279,0.202,0.241,0.101,2.61,COM2020,,1225039196.611,1527.17,4.471,7.375,0.67,-0.196,-1.8,,,,1229785123.83,,COM
2019,Comoros,4.289,4.123,4.454,0.416,0.723,0.437,0.181,0.259,0.1,2.173,COM2019,,1195019531.901,1519.264,3.934,6.037,4.209,1.761,-3.332,,,,1200664052.325,,COM
2018,Comoros,3.973,,,,,,,,,,COM2018,,1188797449.386,1540.711,3.942,8.508,1.836,3.642,-2.832,,,,1195077463.02,,COM
2015,Comoros,3.956,,,,,,,,,,COM2015,,966029600.862,1329.37,4.121,11.081,-0.523,1.147,-0.256,,,,971041229.263,,COM
2014,Comoros,3.956,,,,,,,,,,COM2014,,1149587661.007,1615.717,4.119,9.585,0.835,2.107,-3.78,,,,1154095453.265,,COM
2012,Comoros,3.851,,,,,,,,,,COM2012,6.315,1015843490.824,1490.315,4.17,5.974,4.27,3.168,-4.05,,,,1014150823.3,,COM
2011,Comoros,3.7,,,,,,,,,,COM2011,1.843,1023086273.533,1531.438,4.207,7.234,3.046,4.144,-5.425,,,,1022301422.438,,COM
2024,Congo,5.03,4.855,5.205,1.023,0.796,0.336,0.626,0.082,0.126,2.04,COG2024,,,,19.694,,,,,,,,,,COG
2023,Congo,5.221,5.047,5.396,0.892,0.622,0.306,0.523,0.124,0.138,2.617,COG2023,4.302,15321055822.517,2477.978,19.898,,-7.568,1.907,,,,,14546557191.485,,COG
2022,Congo,5.267,5.094,5.44,0.921,0.665,0.145,0.464,0.134,0.136,2.802,COG2022,3.043,15817030154.694,2620.838,20.108,,18.261,1.475,,,,,14100325791.967,,COG
2021,Congo,5.075,4.915,5.235,0.95,0.405,0.355,0.431,0.13,0.146,2.658,COG2021,1.716,14825690210.916,2516.163,21.96,,23.291,1.015,11.574,16.132,20.051,6.509,13175025890.137,,COG
2020,Congo,5.342,5.151,5.533,0.518,0.392,0.307,0.381,0.144,0.124,3.476,COG2020,1.795,11468687464.005,1993.587,22.198,,-14.0,-6.268,12.561,17.795,18.745,8.324,11405928815.104,,COG
2019,Congo,5.194,5.043,5.345,0.634,0.758,0.458,0.387,0.117,0.119,2.723,COG2019,2.206,13976637779.976,2488.425,20.392,,-1.317,1.124,11.679,16.227,23.638,7.102,12568374440.164,,COG
2018,Congo,4.812,,,,,,,,,,COG2018,1.153,14773900288.514,2694.434,20.701,,22.234,-2.304,,16.422,23.031,6.828,13950568006.142,,COG
2017,Congo,4.559,,,,,,,,,,COG2017,0.45,11834473039.364,2211.633,20.611,,12.366,-5.595,,16.04,16.308,10.135,10275915423.355,,COG
2016,Congo,4.291,,,,,,,,,,COG2016,3.191,10931328150.848,2093.107,20.223,,-3.502,-8.685,-32.896,17.151,19.485,13.089,10540521863.938,,COG
2015,Congo,4.236,,,,,,,,,,COG2015,3.169,12434793867.357,2439.352,19.978,,-17.254,0.415,-37.239,14.896,19.946,12.195,12368954507.054,,COG
2014,Congo,3.989,,,,,,,,,,COG2014,0.912,17919321078.028,3601.237,19.691,,-6.465,6.646,3.794,12.765,31.655,9.581,18182185023.765,,COG
2012,Congo,4.297,,,,,,,,,,COG2012,5.01,17692911296.304,3732.327,19.512,,11.364,9.947,13.685,11.655,32.829,7.278,16736472283.3,,COG
2011,Congo,3.82,,,,,,,,,,COG2011,1.76,15655383576.652,3396.165,19.464,,10.953,2.206,13.242,10.177,38.747,8.114,14089660178.659,,COG
2024,Costa Rica,7.274,7.187,7.361,1.492,1.6,0.68,0.948,0.067,0.118,2.369,CRI2024,-0.413,,,7.848,,,,,,,,,,CRI
2023,Costa Rica,6.955,6.86,7.051,1.561,1.373,0.661,0.797,0.109,0.123,2.333,CRI2023,0.525,86497941439.017,16942.027,8.325,9.193,-0.088,5.112,-1.433,28.909,29.339,13.912,80477795958.881,,CRI
2022,Costa Rica,6.609,6.507,6.71,1.587,1.34,0.503,0.683,0.099,0.116,2.281,CRI2022,8.275,69243626028.594,13625.901,11.325,1.017,6.28,4.551,-3.281,28.762,28.891,14.354,64292147817.544,,CRI
2021,Costa Rica,6.582,6.481,6.683,1.584,1.054,0.744,0.661,0.089,0.102,2.346,CRI2021,1.726,64960725734.196,12838.119,15.139,3.065,2.374,7.936,-3.176,30.825,28.206,14.041,60786873652.202,,CRI
2020,Costa Rica,7.069,6.96,7.179,1.134,0.966,0.722,0.673,0.105,0.083,3.387,CRI2020,0.725,62395610760.049,12394.049,16.432,5.821,0.773,-4.273,-1.045,31.89,27.184,12.238,58780239945.365,,CRI
2019,Costa Rica,7.121,7.034,7.209,0.981,1.375,0.94,0.645,0.131,0.096,2.953,CRI2019,2.096,64417670521.354,12884.686,10.807,6.025,2.567,2.418,-1.19,29.457,27.535,13.32,60575320937.032,,CRI
2018,Costa Rica,7.167,,,,,,,,,,CRI2018,2.221,62420164991.537,12590.249,9.01,8.739,2.192,2.616,-2.992,28.919,24.317,13.182,59042419843.984,,CRI
2017,Costa Rica,7.072,,,,,,,,,,CRI2017,1.626,60516044656.521,12317.09,7.729,8.27,2.859,4.158,-3.617,25.397,23.319,13.244,57350348728.764,,CRI
2016,Costa Rica,7.079,,,,,,,,,,CRI2016,-0.017,58847019609.655,12091.03,8.085,9.494,1.959,4.204,-2.137,27.147,24.008,13.511,56365195550.623,,CRI
2015,Costa Rica,7.087,,,,,,,,,,CRI2015,0.802,56441920820.519,11714.711,8.415,9.887,3.955,3.652,-3.404,28.555,23.457,13.254,54026905533.744,,CRI
2014,Costa Rica,7.226,,,,,,,,,,CRI2014,4.519,52016408854.266,10911.498,8.499,8.188,6.207,3.542,-4.716,26.736,23.071,13.046,49869412874.334,,CRI
2012,Costa Rica,7.257,,,,,,,,,,CRI2012,4.495,47231655431.736,10126.999,9.11,12.87,4.734,4.883,-5.105,25.945,23.362,13.105,45751076217.868,,CRI
2011,Costa Rica,7.251,,,,,,,,,,CRI2011,4.878,42762613698.964,9276.391,9.518,11.045,4.593,4.403,-5.297,25.379,23.298,13.209,41322445055.458,,CRI
2024,Côte d’Ivoire,5.102,4.967,5.238,1.038,0.76,0.206,0.661,0.1,0.162,2.176,CIV2024,3.466,,,2.288,,,,,,,,,,CIV
2023,Côte d’Ivoire,5.08,4.936,5.224,1.08,0.578,0.288,0.547,0.12,0.164,2.303,CIV2023,4.387,78875489245.054,2530.847,2.27,,2.922,6.2,,18.313,13.691,13.352,75699486555.338,,CIV
2022,Côte d’Ivoire,5.053,4.907,5.198,1.094,0.584,0.12,0.467,0.138,0.131,2.519,CIV2022,5.276,70173140101.432,2308.707,2.306,,2.086,6.218,-7.686,18.61,12.174,11.945,67874161725.943,,CIV
2021,Côte d’Ivoire,5.235,5.085,5.384,1.094,0.442,0.322,0.451,0.149,0.124,2.652,CIV2021,4.092,72794636653.779,2455.981,2.63,,3.93,7.063,-3.948,16.377,12.664,12.389,70557249154.882,,CIV
2020,Côte d’Ivoire,5.306,5.152,5.46,0.669,0.409,0.052,0.438,0.177,0.092,3.469,CIV2020,2.425,63027852805.42,2179.729,2.584,,1.828,0.7,-3.132,16.032,12.112,11.787,61181445318.324,,CIV
2019,Côte d’Ivoire,5.233,5.09,5.377,0.537,0.8,0.155,0.397,0.17,0.093,3.081,CIV2019,-1.107,60382894697.356,2141.768,2.401,,1.983,6.721,-2.234,13.627,11.963,11.665,58700458323.694,,CIV
2018,Côte d’Ivoire,4.944,,,,,,,,,,CIV2018,0.359,58522477786.689,2130.866,2.85,,1.682,4.843,-3.904,14.737,11.967,11.666,56893409586.384,,CIV
2017,Côte d’Ivoire,4.671,,,,,,,,,,CIV2017,0.686,52512343996.69,1964.299,3.272,6.247,-1.042,7.411,-1.998,14.947,11.955,11.756,50973205770.879,,CIV
2016,Côte d’Ivoire,4.18,,,,,,,,,,CIV2016,0.723,48407761036.824,1862.596,1.896,6.552,-1.18,7.173,-0.856,13.4,11.731,11.46,47331529982.55,,CIV
2015,Côte d’Ivoire,3.916,,,,,,,,,,CIV2015,1.251,45815005169.265,1814.719,2.579,0.361,4.776,7.195,-0.44,13.455,12.164,11.176,44807751702.504,,CIV
2014,Côte d’Ivoire,3.655,,,,,,,,,,CIV2014,0.449,48843005613.709,1991.365,3.285,0.892,4.407,9.372,1.046,9.216,10.644,10.117,47933652024.974,,CIV
2011,Côte d’Ivoire,4.197,,,,,,,,,,CIV2011,4.912,36693710801.398,1596.628,7.135,-0.429,5.709,-5.37,7.266,9.61,8.66,7.571,24425274888.759,,CIV
2024,Croatia,5.87,5.777,5.963,1.644,1.673,0.669,0.478,0.022,0.065,1.319,HRV2024,,,,5.236,,,,,,,,,,HRV
2023,Croatia,5.942,5.837,6.047,1.71,1.445,0.637,0.469,0.064,0.043,1.574,HRV2023,7.941,84393795502.442,21865.456,6.086,,11.74,3.303,0.754,38.681,35.592,21.492,84099779090.476,75.56,HRV
2022,Croatia,6.125,6.013,6.237,1.727,1.455,0.475,0.5,0.087,0.003,1.88,HRV2022,10.781,71198635101.951,18466.096,6.96,,8.013,7.288,-3.681,37.837,38.256,21.675,70919879052.469,83.077,HRV
2021,Croatia,6.125,6.022,6.229,1.705,1.183,0.709,0.535,0.109,0.0,1.884,HRV2021,2.555,69006802298.696,17789.93,7.608,,2.081,12.632,0.808,40.658,38.962,21.071,68667460258.325,91.171,HRV
2020,Croatia,5.882,5.788,5.975,1.251,1.039,0.703,0.453,0.111,0.0,2.325,HRV2020,0.155,57963370885.08,14808.462,7.507,,0.803,-8.312,-0.795,44.894,39.204,20.874,58907901172.24,98.505,HRV
2019,Croatia,5.505,5.431,5.579,1.109,1.311,0.901,0.381,0.114,0.012,1.676,HRV2019,0.772,61467582193.682,15563.817,6.617,,1.988,3.1,2.639,38.468,39.077,21.973,61266599944.473,81.504,HRV
2018,Croatia,5.432,,,,,,,,,,HRV2018,1.5,61668130122.588,15460.418,8.432,,2.026,2.905,1.219,38.294,37.878,21.787,61012800387.368,83.67,HRV
2017,Croatia,5.321,,,,,,,,,,HRV2017,1.129,56186190437.996,13902.631,11.208,,1.232,3.281,4.05,39.046,38.664,22.017,56015572345.403,86.858,HRV
2016,Croatia,5.293,,,,,,,,,,HRV2016,-1.125,52654855638.106,12821.174,13.103,,0.015,3.461,2.463,40.086,38.606,21.902,51687937114.799,93.221,HRV
2015,Croatia,5.488,,,,,,,,,,HRV2015,-0.464,51005200669.694,12285.303,16.175,,0.124,2.323,2.816,41.534,37.796,21.414,50921927822.595,95.574,HRV
2014,Croatia,5.759,,,,,,,,,,HRV2014,-0.215,59612144078.413,14187.969,17.29,8.443,0.127,-0.557,0.394,42.128,36.532,20.381,58743509682.768,93.129,HRV
2012,Croatia,5.661,,,,,,,,,,HRV2012,3.412,57551963753.21,13508.684,15.935,7.957,1.411,-2.254,-0.361,40.228,34.718,20.128,55633820700.961,76.326,HRV
2011,Croatia,5.623,,,,,,,,,,HRV2011,2.273,62903737379.783,14694.999,13.678,7.883,1.669,-0.098,-1.662,42.018,34.472,19.644,60863146670.824,71.917,HRV
2011,Cuba,5.418,,,,,,,,,,CUB2011,,68990000000.0,6104.461,3.18,,4.324,2.802,,,,,67926000000.0,,CUB
2024,Cyprus,5.942,5.827,6.058,1.72,1.348,0.84,0.612,0.108,0.041,1.273,CYP2024,1.8,,,5.602,,,,,,,,,,CYP
2023,Cyprus,6.068,5.954,6.182,1.794,1.217,0.744,0.529,0.124,0.049,1.611,CYP2023,3.541,33886930712.339,36551.418,6.098,,3.83,2.612,-9.426,39.808,41.259,24.082,30644231434.626,,CYP
2022,Cyprus,6.13,6.024,6.236,1.824,1.224,0.58,0.455,0.104,0.05,1.893,CYP2022,8.395,30976176886.852,33938.945,6.806,,6.689,7.366,-5.518,36.483,38.375,23.133,28521267364.768,,CYP
2021,Cyprus,6.221,6.122,6.32,1.815,0.909,0.819,0.448,0.123,0.062,2.044,CYP2021,2.446,30372874319.628,33734.293,7.513,,3.044,11.388,-5.449,40.678,38.256,22.552,27682692012.007,,CYP
2020,Cyprus,6.223,6.128,6.319,1.377,0.765,0.801,0.464,0.178,0.061,2.578,CYP2020,-0.638,25555093854.297,28649.016,7.755,,-1.208,-3.221,-9.705,43.695,38.373,21.94,23839852610.947,,CYP
2019,Cyprus,6.159,6.06,6.258,1.213,1.149,1.026,0.459,0.228,0.051,2.032,CYP2019,0.25,26196667099.53,29703.053,7.155,,1.35,5.876,-5.524,38.506,39.321,23.075,24793491597.222,,CYP
2018,Cyprus,6.046,,,,,,,,,,CYP2018,1.435,25754001367.545,29599.986,8.504,,1.026,6.272,-3.741,40.341,38.318,23.833,24823400132.031,,CYP
2017,Cyprus,5.762,,,,,,,,,,CYP2017,0.532,22946570628.758,26696.99,11.155,,1.02,5.751,-4.912,36.846,38.412,23.82,22248590723.515,,CYP
2016,Cyprus,5.621,,,,,,,,,,CYP2016,-1.429,21046462280.598,24715.154,13.006,,-0.575,6.574,-3.87,38.138,38.324,23.516,20211956551.818,,CYP
2015,Cyprus,5.546,,,,,,,,,,CYP2015,-2.097,19909278416.858,23487.229,15.026,,-0.754,3.419,-0.244,41.727,40.425,24.047,19774901919.014,,CYP
2014,Cyprus,5.689,,,,,,,,,,CYP2014,-1.355,23225918259.982,27244.352,16.277,,-1.338,-1.776,-4.076,50.883,41.524,24.716,22592071770.945,,CYP
2012,Cyprus,6.466,,,,,,,,,,CYP2012,2.389,25047436974.682,28991.936,12.097,,1.679,-3.447,-3.869,52.643,37.796,23.335,24872764788.562,,CYP
2011,Cyprus,6.416,,,,,,,,,,CYP2011,3.289,27641547909.701,32485.797,7.942,,1.616,0.417,-2.093,41.871,37.425,23.15,28366739790.706,,CYP
2024,Czechia,6.775,6.696,6.854,1.692,1.716,0.658,0.916,0.118,0.084,1.591,CZE2024,2.435,,,2.506,,,,,,,,,,CZE
2023,Czechia,6.822,6.741,6.903,1.783,1.511,0.638,0.787,0.177,0.068,1.858,CZE2023,10.661,343207874553.734,31591.177,2.579,-3.214,8.159,-0.085,0.302,,,,317869839762.542,,CZE
2022,Czechia,6.845,6.759,6.931,1.823,1.544,0.477,0.693,0.158,0.05,2.099,CZE2022,15.1,301831228325.556,28282.224,2.224,-4.091,8.671,2.847,-4.52,34.443,30.221,12.642,277349488376.076,,CZE
2021,Czechia,6.92,6.811,7.029,1.815,1.26,0.715,0.66,0.158,0.048,2.263,CZE2021,3.84,290972714482.313,27696.462,2.803,-0.8,4.034,4.029,-2.046,36.846,30.781,12.936,270290707240.003,,CZE
2020,Czechia,6.965,6.868,7.062,1.37,1.09,0.703,0.58,0.052,0.046,3.124,CZE2020,3.161,251109660602.536,23472.892,2.55,-1.121,4.516,-5.305,1.785,37.642,31.409,14.073,233709848019.733,,CZE
2019,Czechia,6.911,6.827,6.995,1.212,1.405,0.895,0.506,0.046,0.05,2.797,CZE2019,2.848,256794209028.77,24062.719,2.015,-0.15,3.841,3.566,0.356,32.04,31.472,14.525,237284304854.517,,CZE
2018,Czechia,6.852,,,,,,,,,,CZE2018,2.149,251992360762.236,23705.933,2.246,0.708,2.813,2.83,0.452,31.828,31.749,14.657,235330815043.776,,CZE
2017,Czechia,6.711,,,,,,,,,,CZE2017,2.451,221563575696.217,20913.198,2.893,1.875,1.684,5.174,1.353,31.386,31.325,14.807,206250524034.28,,CZE
2016,Czechia,6.609,,,,,,,,,,CZE2016,0.684,198160659303.939,18753.969,3.952,2.381,1.491,2.581,1.747,32.523,31.491,14.771,183030984148.2,,CZE
2015,Czechia,6.596,,,,,,,,,,CZE2015,0.309,189107698561.919,17931.599,5.048,3.011,1.235,4.959,0.447,33.069,31.128,14.686,175136907363.179,,CZE
2014,Czechia,6.505,,,,,,,,,,CZE2014,0.344,210911285077.683,20038.416,6.108,1.887,2.707,2.245,0.217,34.217,30.827,14.323,194987353968.445,,CZE
2012,Czechia,6.29,,,,,,,,,,CZE2012,3.288,210363223087.728,20014.035,6.979,4.009,1.343,-0.771,-1.501,36.347,31.712,14.822,195428016856.085,,CZE
2011,Czechia,6.36,,,,,,,,,,CZE2011,1.917,231429378717.312,22049.108,6.712,5.952,-0.221,1.772,-2.169,34.652,31.208,14.403,211036199499.884,,CZE
2024,Denmark,7.521,7.431,7.611,1.825,1.748,0.82,0.955,0.15,0.488,1.535,DNK2024,1.372,,,5.587,,,,,,,,,,DNK
2023,Denmark,7.583,7.5,7.665,1.908,1.52,0.699,0.823,0.204,0.548,1.881,DNK2023,3.305,407091920305.404,68453.877,5.094,,-3.789,2.495,9.841,33.139,36.699,31.404,418673805445.712,,DNK
2022,Denmark,7.586,7.506,7.667,1.949,1.548,0.537,0.734,0.208,0.525,2.084,DNK2022,7.697,401945576107.963,68091.319,4.434,,9.097,1.54,11.566,32.018,35.787,30.669,414709867315.259,,DNK
2021,Denmark,7.636,7.563,7.71,1.953,1.243,0.777,0.719,0.188,0.532,2.226,DNK2021,1.853,408378204639.999,69727.987,5.043,,2.769,7.382,8.659,36.216,40.374,35.004,424501033300.764,,DNK
2020,Denmark,7.62,7.552,7.687,1.502,1.108,0.763,0.686,0.208,0.485,2.868,DNK2020,0.421,355631021931.621,60985.489,5.637,,2.827,-1.78,7.231,38.759,39.212,34.471,367136215276.414,,DNK
2019,Denmark,7.646,7.58,7.711,1.327,1.503,0.979,0.665,0.243,0.495,2.433,DNK2019,0.758,345401473012.615,59404.266,5.018,,0.951,1.711,7.425,35.294,39.777,34.977,355443582780.668,,DNK
2018,Denmark,7.6,,,,,,,,,,DNK2018,0.814,355293374912.393,61324.767,5.131,,0.593,1.86,6.245,36.177,37.429,32.384,365236933204.871,,DNK
2017,Denmark,7.555,,,,,,,,,,DNK2017,1.147,331610593961.988,57521.551,5.833,,1.101,3.056,7.36,36.281,38.088,33.28,338899001120.246,,DNK
2016,Denmark,7.522,,,,,,,,,,DNK2016,0.25,312181849372.233,54500.926,5.989,,0.427,3.073,7.079,37.375,38.036,33.49,320020671940.78,,DNK
2015,Denmark,7.526,,,,,,,,,,DNK2015,0.452,301758922337.637,53094.013,6.278,,0.409,2.104,7.954,39.468,38.904,34.156,311066436036.952,,DNK
2014,Denmark,7.527,,,,,,,,,,DNK2014,0.564,352832602064.452,62520.451,6.925,,1.019,1.278,8.337,39.853,41.875,36.585,365645289652.797,,DNK
2012,Denmark,7.693,,,,,,,,,,DNK2012,2.398,326792574244.963,58443.775,7.798,,2.408,-0.005,6.041,42.574,39.932,33.515,334180090640.392,,DNK
2011,Denmark,7.856,,,,,,,,,,DNK2011,2.759,344315595263.175,61809.738,7.769,,0.646,1.311,6.339,41.355,39.728,32.809,351569643417.089,,DNK
2014,Djibouti,4.369,,,,,,,,,,DJI2014,1.342,2214679081.257,2208.678,26.173,,1.262,7.062,23.958,,,,2263292357.122,,DJI
2012,Djibouti,4.69,,,,,,,,,,DJI2012,3.731,1353632941.521,1400.194,26.187,,,,-10.931,,,,1417840322.753,,DJI
2011,Djibouti,4.957,,,,,,,,,,DJI2011,5.069,1239144501.775,1306.346,26.314,,,,-13.868,,,,1247888544.404,,DJI
2024,Dominican Republic,5.846,5.705,5.988,1.457,1.5,0.615,0.866,0.063,0.186,1.16,DOM2024,3.302,,,5.473,,,,,,,,,,DOM
2023,Dominican Republic,5.823,5.679,5.967,1.517,1.272,0.511,0.73,0.086,0.196,1.512,DOM2023,4.786,121444279313.931,10717.628,5.555,7.527,6.424,2.361,-3.604,,,,116006679313.854,,DOM
2022,Dominican Republic,5.569,5.426,5.712,1.536,1.227,0.351,0.623,0.083,0.195,1.553,DOM2022,8.811,113537368176.13,10109.523,5.504,1.026,10.714,4.858,-5.768,17.679,16.084,13.82,109226368176.13,,DOM
2021,Dominican Republic,5.737,5.601,5.873,1.538,1.003,0.577,0.606,0.084,0.179,1.751,DOM2021,8.243,94243425938.365,8472.48,7.702,1.699,7.777,12.272,-2.849,17.806,16.368,14.377,89532925938.863,,DOM
2020,Dominican Republic,5.545,5.405,5.685,1.106,0.879,0.555,0.581,0.101,0.144,2.178,DOM2020,3.781,78844656298.178,7162.292,6.126,5.974,4.724,-6.72,-1.686,21.398,14.661,12.39,75019656298.62,,DOM
2019,Dominican Republic,5.689,5.552,5.826,0.983,1.329,0.742,0.563,0.112,0.116,1.844,DOM2019,1.811,88941372558.24,8164.221,6.356,9.716,2.526,5.052,-1.336,15.864,15.458,13.303,84872472558.556,,DOM
2018,Dominican Republic,5.425,,,,,,,,,,DOM2018,3.564,85555390139.118,7934.981,5.861,8.079,4.121,6.983,-1.545,15.705,15.209,13.025,81863690138.272,,DOM
2017,Dominican Republic,5.302,,,,,,,,,,DOM2017,3.28,79998046305.79,7499.693,5.832,9.338,4.181,4.667,-0.166,16.019,15.162,13.031,76204246305.378,,DOM
2016,Dominican Republic,5.23,,,,,,,,,,DOM2016,1.614,75704647877.656,7174.823,7.284,12.835,1.994,6.659,-1.076,16.149,14.903,12.911,72451547877.144,,DOM
2015,Dominican Republic,5.155,,,,,,,,,,DOM2015,0.837,71164826836.528,6819.932,7.605,12.106,2.472,6.927,-1.799,15.205,17.578,12.812,68228426835.72,,DOM
2014,Dominican Republic,4.885,,,,,,,,,,DOM2014,2.999,67179955677.279,6512.508,6.719,9.184,4.321,7.05,-3.23,15.642,15.041,13.386,63932555677.284,,DOM
2012,Dominican Republic,4.963,,,,,,,,,,DOM2012,3.694,60681535652.537,6025.726,6.722,9.881,5.098,2.717,-6.543,15.835,14.543,13.026,58281935652.018,,DOM
2011,Dominican Republic,5.036,,,,,,,,,,DOM2011,5.797,58029773599.455,5834.706,6.087,6.931,8.061,3.133,-7.511,14.016,13.734,12.298,55775273598.996,,DOM
2024,DR Congo,3.469,3.331,3.608,0.544,0.929,0.278,0.6,0.151,0.061,0.906,COD2024,,,,4.556,,,,,,,,,,COD
2023,DR Congo,3.295,3.128,3.462,0.534,0.665,0.262,0.473,0.189,0.072,1.102,COD2023,,66383287002.987,627.502,4.484,,13.172,8.561,-5.849,,,,64288287002.987,,COD
2022,DR Congo,3.207,3.02,3.394,0.531,0.784,0.105,0.375,0.183,0.068,1.162,COD2022,,65801547619.582,642.612,4.522,,10.106,8.924,-4.784,13.323,14.165,11.411,62284414213.453,15.99,COD
2019,DR Congo,4.311,4.097,4.525,0.062,0.833,0.277,0.365,0.254,0.081,2.438,COD2019,,51775829877.209,557.044,4.591,19.68,5.895,4.385,-3.27,7.982,7.706,6.377,48961721320.982,,COD
2018,DR Congo,4.418,,,,,,,,,,COD2018,,47568210009.817,528.256,4.618,-4.771,30.999,5.821,-3.516,9.884,8.719,7.295,45864379355.536,,COD
2017,DR Congo,4.245,,,,,,,,,,COD2017,,38019264794.826,436.585,4.601,-15.69,43.069,3.727,-3.265,7.737,7.977,6.591,36945658210.5,,COD
2016,DR Congo,4.28,,,,,,,,,,COD2016,2.886,37134801555.332,442.31,4.521,14.084,4.349,2.399,-4.051,12.35,9.262,7.952,36345366908.664,,COD
2015,DR Congo,4.272,,,,,,,,,,COD2015,0.744,37917706497.179,467.915,4.439,20.767,-1.156,6.916,-3.913,12.548,10.756,9.103,35126777862.432,,COD
2014,DR Congo,4.517,,,,,,,,,,COD2014,1.243,35909040925.938,458.005,4.436,17.525,0.994,9.47,-4.797,12.267,11.057,8.637,32869069802.463,,COD
2012,DR Congo,4.578,,,,,,,,,,COD2012,9.722,29306235285.26,400.06,4.485,21.245,5.94,7.087,-4.301,14.22,12.548,8.857,27710051425.574,,COD
2011,DR Congo,3.984,,,,,,,,,,COD2011,15.317,25839749199.367,364.714,4.315,26.33,13.792,6.875,-4.956,,,,24543304631.594,,COD
2024,Ecuador,5.965,5.848,6.083,1.299,1.32,0.702,0.712,0.058,0.066,1.808,ECU2024,1.547,,,4.773,,,,,,,,,,ECU
2023,Ecuador,5.725,5.599,5.85,1.315,1.151,0.64,0.606,0.087,0.078,1.846,ECU2023,2.216,118844826000.0,6609.804,3.51,,-0.408,2.355,1.974,,,,116197121700.0,,ECU
2022,Ecuador,5.559,5.436,5.682,1.343,1.173,0.476,0.56,0.079,0.069,1.86,ECU2022,3.466,116586079000.0,6540.998,3.761,,2.196,6.186,1.833,30.318,30.842,13.038,114677350000.0,,ECU
2021,Ecuador,5.533,5.414,5.653,1.352,0.879,0.708,0.565,0.08,0.083,1.866,ECU2021,0.133,107435101000.0,6075.803,4.552,,2.049,9.818,2.735,31.85,29.601,12.706,105704005400.0,,ECU
2020,Ecuador,5.764,5.653,5.875,0.935,0.806,0.64,0.56,0.107,0.062,2.653,ECU2020,-0.339,95865472000.0,5463.645,6.127,,-1.826,-9.245,2.091,34.04,27.121,12.941,92538070200.0,,ECU
2019,Ecuador,5.925,5.822,6.029,0.853,1.221,0.839,0.555,0.115,0.087,2.255,ECU2019,0.266,107595829000.0,6205.058,3.812,,-0.057,0.165,-0.507,33.147,29.66,13.401,104536017000.0,,ECU
2018,Ecuador,6.028,,,,,,,,,,ECU2018,-0.224,107478962000.0,6303.919,3.53,,1.819,1.044,-1.534,33.725,31.206,14.293,104610030900.0,,ECU
2017,Ecuador,5.973,,,,,,,,,,ECU2017,0.417,104467486000.0,6233.322,3.836,,0.932,5.97,-0.388,31.519,27.986,13.689,102098707100.0,,ECU
2016,Ecuador,6.008,,,,,,,,,,ECU2016,1.728,97671433000.0,5917.638,4.597,,1.171,-0.688,0.922,35.055,28.641,14.542,95796699000.0,,ECU
2015,Ecuador,5.976,,,,,,,,,,ECU2015,3.967,97209558000.0,5976.16,3.616,,-5.476,0.12,-2.285,34.076,30.846,16.389,95498179000.0,,ECU
2014,Ecuador,5.975,,,,,,,,,,ECU2014,3.589,102717794000.0,6405.8,3.48,,2.053,4.226,-0.651,33.327,28.89,14.021,101189491000.0,,ECU
2012,Ecuador,5.865,,,,,,,,,,ECU2012,5.102,87735048000.0,5634.084,3.235,,5.003,5.783,-0.167,,,,86468104000.0,,ECU
2011,Ecuador,5.425,,,,,,,,,,ECU2011,4.475,78986648000.0,5153.692,3.458,,6.838,8.481,-0.507,,,,77743317000.0,,ECU
2024,Egypt,3.817,3.725,3.909,1.347,1.075,0.473,0.593,0.018,0.103,0.21,EGY2024,,,,7.198,,,,,,,,,,EGY
2023,Egypt,3.977,3.887,4.066,1.37,0.996,0.488,0.49,0.025,0.259,0.349,EGY2023,33.885,396002496996.96,3457.457,7.334,-5.661,24.825,3.759,-3.173,,,,378684096996.935,,EGY
2022,Egypt,4.17,4.054,4.287,1.377,0.972,0.326,0.467,0.038,0.25,0.74,EGY2022,13.896,476747720364.742,4233.308,7.344,0.143,10.426,6.588,-2.21,,,,460984520364.742,,EGY
2021,Egypt,4.288,4.198,4.377,1.388,0.732,0.548,0.469,0.041,0.254,0.856,EGY2021,5.214,424671765455.704,3827.354,7.441,4.366,4.847,3.291,-4.382,,,,412272565455.704,,EGY
2020,Egypt,4.283,4.195,4.371,0.954,0.647,0.426,0.446,0.069,0.092,1.648,EGY2020,5.045,383817841547.099,3511.114,7.974,4.888,6.177,3.55,-3.709,,,,372463841547.099,,EGY
2019,Egypt,4.151,4.081,4.222,0.875,0.983,0.597,0.374,0.069,0.095,1.159,EGY2019,9.153,318678815489.749,2962.989,7.851,2.199,13.618,5.552,-3.208,,,,307669215489.749,,EGY
2018,Egypt,4.166,,,,,,,,,,EGY2018,14.401,262588632526.73,2484.703,9.855,-2.359,21.175,5.331,-2.932,,,,256309032526.73,,EGY
2017,Egypt,4.419,,,,,,,,,,EGY2017,29.507,248362771739.13,2395.103,11.767,-8.758,29.518,4.181,-3.197,,,,243794271739.13,,EGY
2016,Egypt,4.735,,,,,,,,,,EGY2016,13.814,332441717791.411,3270.629,12.45,6.922,6.246,4.347,-6.165,,,,327970017791.411,,EGY
2015,Egypt,4.362,,,,,,,,,,EGY2015,10.37,329366576819.407,3306.982,13.052,1.541,9.931,4.372,-5.235,30.23,20.989,12.519,323665676819.407,,EGY
2014,Egypt,4.194,,,,,,,,,,EGY2014,10.07,305595408895.265,3133.391,13.105,0.414,11.248,2.916,-1.948,32.921,19.877,12.22,298332708895.265,,EGY
2012,Egypt,4.273,,,,,,,,,,EGY2012,7.112,279116666666.667,2996.068,12.597,-6.263,19.483,2.226,-2.498,28.689,20.228,12.385,272637266666.667,,EGY
2011,Egypt,4.853,,,,,,,,,,EGY2011,10.065,235989672977.625,2590.644,11.849,-0.564,11.663,1.765,-2.324,29.19,21.931,14.009,229940172977.625,,EGY
2024,El Salvador,6.492,6.365,6.619,1.222,1.228,0.559,0.955,0.054,0.264,2.211,SLV2024,0.854,,,2.839,,,,,,,,,,SLV
2023,El Salvador,6.469,6.338,6.599,1.265,1.08,0.549,0.816,0.083,0.253,2.424,SLV2023,4.046,34015620000.0,5391.069,2.992,,2.729,3.511,-1.369,27.549,25.927,20.607,31873990000.0,101.704,SLV
2022,El Salvador,6.122,5.986,6.257,1.278,1.044,0.383,0.713,0.079,0.222,2.403,SLV2022,7.199,31988920000.0,5093.518,2.999,,7.143,2.8,-6.822,27.293,28.087,21.084,30006450000.0,73.761,SLV
2021,El Salvador,6.12,5.99,6.25,1.265,0.768,0.607,0.666,0.089,0.212,2.514,SLV2021,3.467,29043140000.0,4642.607,4.327,,4.142,11.905,-4.306,29.507,28.575,19.69,27355140000.0,66.469,SLV
2020,El Salvador,6.061,5.933,6.188,0.845,0.675,0.565,0.615,0.116,0.16,3.085,SLV2020,-0.372,24921190000.0,3997.193,5.008,,0.654,-7.893,1.11,33.945,23.559,18.391,23543800000.0,70.384,SLV
2019,El Salvador,6.348,6.234,6.462,0.749,1.149,0.753,0.524,0.119,0.117,2.937,SLV2019,0.075,26881140000.0,4320.117,4.17,,0.848,2.437,-0.422,24.759,24.102,18.081,25540040000.0,53.879,SLV
2018,El Salvador,6.253,,,,,,,,,,SLV2018,1.09,26020850000.0,4183.546,4.006,,1.716,2.412,-3.302,24.727,24.949,18.129,24550760000.0,52.214,SLV
2017,El Salvador,6.167,,,,,,,,,,SLV2017,1.012,24979190000.0,4020.127,4.385,,0.987,2.248,-1.86,24.844,25.097,17.754,23591570000.0,55.249,SLV
2016,El Salvador,6.003,,,,,,,,,,SLV2016,0.604,24191430000.0,3901.34,4.418,,0.658,2.539,-2.274,23.208,23.689,17.355,22945050000.0,52.066,SLV
2015,El Salvador,6.068,,,,,,,,,,SLV2015,-0.731,23438240000.0,3790.341,3.998,,1.308,2.4,-3.216,22.763,20.815,16.753,22346390000.0,51.278,SLV
2014,El Salvador,6.13,,,,,,,,,,SLV2014,1.141,22593470000.0,3666.012,4.154,,0.993,1.729,-5.371,22.77,20.592,16.709,21558030000.0,50.838,SLV
2012,El Salvador,5.809,,,,,,,,,,SLV2012,1.73,21386150000.0,3497.913,3.843,,2.476,2.888,-5.797,22.902,22.656,16.182,20515590000.0,54.852,SLV
2011,El Salvador,5.956,,,,,,,,,,SLV2011,5.129,20283780000.0,3330.6,4.297,,5.953,3.774,-5.481,24.89,23.228,15.344,19665540000.0,54.563,SLV
2024,Estonia,6.417,6.337,6.497,1.65,1.716,0.642,0.902,0.128,0.378,1.001,EST2024,3.521,,,7.828,,,,,,,,,,EST
2023,Estonia,6.448,6.371,6.524,1.752,1.527,0.657,0.805,0.166,0.401,1.138,EST2023,9.159,41291245222.195,30133.304,6.378,,8.055,-3.023,-1.75,37.852,36.296,21.421,40050178864.918,28.253,EST
2022,Estonia,6.455,6.377,6.534,1.798,1.526,0.494,0.728,0.153,0.372,1.383,EST2022,19.398,38376046174.971,28451.148,5.571,,15.782,0.06,-3.898,35.279,34.968,21.017,36987912194.942,25.983,EST
2021,Estonia,6.341,6.266,6.415,1.793,1.232,0.728,0.689,0.123,0.333,1.442,EST2021,4.653,37204563051.472,27953.767,6.178,,5.372,7.154,-3.728,38.232,35.641,21.74,36275709776.356,24.594,EST
2020,Estonia,6.189,6.115,6.263,1.344,1.079,0.64,0.641,0.119,0.263,2.103,EST2020,-0.445,31820771493.897,23933.994,6.956,,0.753,-2.884,-2.731,40.908,35.203,20.722,30896975845.136,24.385,EST
2019,Estonia,6.022,5.951,6.092,1.192,1.453,0.843,0.577,0.125,0.202,1.63,EST2019,2.277,31873748770.031,24021.25,4.514,,3.823,3.727,2.009,35.651,35.203,21.063,30681549837.647,13.808,EST
2018,Estonia,5.893,,,,,,,,,,EST2018,3.436,31222632740.725,23618.136,5.412,,4.849,3.7,0.564,35.217,34.427,20.833,29976050226.902,13.174,EST
2017,Estonia,5.739,,,,,,,,,,EST2017,3.417,27469461919.119,20851.522,5.807,,3.741,5.635,1.7,34.698,34.679,20.868,26262150181.882,13.135,EST
2016,Estonia,5.611,,,,,,,,,,EST2016,0.149,24561027787.79,18666.374,6.882,,2.439,3.093,0.996,35.821,35.441,21.677,23537298481.751,13.705,EST
2015,Estonia,5.517,,,,,,,,,,EST2015,-0.492,23311847750.939,17722.156,6.412,,1.306,1.838,1.463,35.821,35.534,21.566,22387751107.031,13.314,EST
2014,Estonia,5.429,,,,,,,,,,EST2014,-0.106,27055689003.004,20581.79,7.352,,2.857,3.323,0.518,33.615,34.633,20.705,25876006876.549,14.448,EST
2012,Estonia,5.426,,,,,,,,,,EST2012,3.933,23237406116.399,17568.214,10.021,,4.206,3.672,-1.858,34.196,34.204,20.162,22063932819.844,14.504,EST
2011,Estonia,5.33,,,,,,,,,,EST2011,4.982,23303915794.757,17555.546,12.328,,5.539,7.607,1.305,34.853,33.517,19.446,22028387855.058,7.169,EST
2024,Eswatini,3.774,3.654,3.893,1.183,1.152,0.038,0.428,0.054,0.13,0.79,SWZ2024,,,,34.4,,,,,,,,,,SWZ
2023,Eswatini,3.502,3.331,3.673,1.255,0.925,0.176,0.284,0.059,0.116,0.686,SWZ2023,,4442875788.085,3610.609,35.086,9.066,1.62,5.015,2.42,,,,4134403562.19,,SWZ
2021,Eswatini,4.396,4.185,4.607,1.274,0.786,0.197,0.259,0.038,0.154,1.688,SWZ2021,,4737671576.329,3926.487,34.153,7.07,0.168,3.399,2.645,24.976,25.456,24.704,4375150957.812,36.247,SWZ
2024,Ethiopia,3.898,3.786,4.011,0.757,1.051,0.416,0.54,0.182,0.1,0.852,ETH2024,,,,3.398,,,,,,,,,,ETH
2023,Ethiopia,3.861,3.725,3.997,0.792,0.915,0.42,0.441,0.27,0.101,0.923,ETH2023,30.219,163697927593.982,1272.016,3.402,,33.021,6.498,-2.925,6.122,4.505,3.931,163284493254.474,,ETH
2022,Ethiopia,4.091,3.908,4.273,0.793,1.114,0.25,0.451,0.283,0.101,1.099,ETH2022,33.89,126772703047.701,1011.073,3.409,,34.667,5.321,-4.071,7.302,5.056,4.497,126199025534.765,,ETH
2021,Ethiopia,4.241,4.118,4.365,0.788,0.809,0.457,0.472,0.205,0.136,1.375,ETH2021,26.84,111261882958.426,910.948,3.935,,21.763,5.642,-4.051,8.417,6.555,5.325,110688250515.368,,ETH
2020,Ethiopia,4.275,4.175,4.374,0.37,0.679,0.331,0.451,0.241,0.114,2.089,ETH2020,20.356,107657734392.446,905.313,3.994,,18.255,6.06,-2.525,8.412,7.105,6.196,107045139885.794,,ETH
2019,Ethiopia,4.186,4.11,4.262,0.315,1.001,0.484,0.413,0.228,0.117,1.628,ETH2019,15.81,95912607722.303,828.709,2.917,,12.86,8.364,-5.239,9.705,7.788,6.662,95323016753.822,31.449,ETH
2018,Ethiopia,4.286,,,,,,,,,,ETH2018,13.833,84269196625.878,747.968,2.802,,12.382,6.816,-5.472,10.817,8.973,7.52,83891882898.151,32.533,ETH
2017,Ethiopia,4.35,,,,,,,,,,ETH2017,10.687,81770886825.605,745.632,2.662,,6.677,9.564,-7.25,11.233,9.445,7.604,81285285937.504,30.095,ETH
2016,Ethiopia,4.46,,,,,,,,,,ETH2016,6.628,74296745207.872,696.196,2.554,,10.398,9.433,-10.64,10.089,9.358,8.087,74054063837.424,29.006,ETH
2015,Ethiopia,4.508,,,,,,,,,,ETH2015,9.569,64589328550.595,621.846,2.443,,10.837,10.392,-11.715,10.378,9.943,8.351,64326828327.91,27.943,ETH
2014,Ethiopia,4.512,,,,,,,,,,ETH2014,6.89,55612228233.518,549.987,2.359,,10.982,10.257,-10.378,9.552,9.737,8.812,55459432981.044,26.937,ETH
2012,Ethiopia,4.561,,,,,,,,,,ETH2012,23.6,43310721414.083,452.101,2.255,,33.541,8.648,-7.107,8.466,11.07,9.378,43214529006.085,,ETH
2011,Ethiopia,4.064,,,,,,,,,,ETH2011,33.25,31952763089.33,343.025,2.275,,20.062,11.178,-3.304,10.584,10.876,9.209,31883271774.194,,ETH
2024,Finland,7.736,7.662,7.81,1.749,1.783,0.824,0.986,0.11,0.502,1.782,FIN2024,1.566,,,8.26,,,,,,,,,,FIN
2023,Finland,7.741,7.667,7.815,1.844,1.572,0.695,0.859,0.142,0.546,2.082,FIN2023,6.251,295532341254.907,52925.69,7.151,,3.914,-1.164,-0.534,44.854,42.066,25.332,297129375017.652,,FIN
2022,Finland,7.804,7.733,7.875,1.888,1.585,0.535,0.772,0.126,0.535,2.363,FIN2022,7.124,280241515774.32,50438.475,6.719,,5.449,1.45,-2.507,37.936,37.183,21.2,284510574953.308,,FIN
2021,Finland,7.821,7.756,7.886,1.892,1.258,0.775,0.736,0.109,0.534,2.518,FIN2021,2.195,294223210496.119,53099.135,7.617,,2.435,2.735,0.327,40.103,37.023,20.83,301103210879.84,,FIN
2020,Finland,7.842,7.78,7.904,1.446,1.106,0.741,0.691,0.124,0.481,3.253,FIN2020,0.291,270000311606.226,48828.685,7.759,,1.638,-2.491,0.53,41.482,35.47,20.006,276322367069.261,,FIN
2019,Finland,7.809,7.748,7.87,1.285,1.5,0.961,0.662,0.16,0.478,2.763,FIN2019,1.024,267014821129.411,48358.181,6.695,,1.482,1.35,-0.155,37.31,36.881,20.785,269899706941.176,,FIN
2018,Finland,7.769,,,,,,,,,,FIN2018,1.084,273869255596.078,49654.25,7.361,,1.987,1.193,-1.638,37.678,37.015,20.964,276815737098.039,,FIN
2017,Finland,7.632,,,,,,,,,,FIN2017,0.754,253846138440.0,46085.017,8.64,,0.836,3.303,-0.614,38.173,36.995,20.881,255775633889.412,,FIN
2016,Finland,7.469,,,,,,,,,,FIN2016,0.357,238777818792.608,43451.256,8.818,,0.055,2.572,-1.982,39.939,37.972,20.987,241867185380.545,,FIN
2015,Finland,7.413,,,,,,,,,,FIN2015,-0.208,233210733506.25,42560.346,9.376,,1.633,0.467,-0.912,40.683,37.619,20.587,236841059684.375,,FIN
2014,Finland,7.406,,,,,,,,,,FIN2014,1.041,273478528954.901,50073.776,8.663,,1.645,-0.478,-1.403,40.793,37.761,20.736,277614151896.47,,FIN
2012,Finland,7.389,,,,,,,,,,FIN2012,2.808,257443384492.969,47551.674,7.689,,2.945,-1.523,-2.254,39.073,37.367,20.202,259497761579.297,,FIN
2011,Finland,7.579,,,,,,,,,,FIN2011,3.417,275126915515.565,51060.324,7.781,,2.601,2.39,-1.56,37.995,36.845,20.053,276659458249.028,,FIN
2024,France,6.593,6.517,6.668,1.733,1.535,0.832,0.743,0.099,0.264,1.386,FRA2024,1.999,,,7.37,,,,,,,,,,FRA
2023,France,6.609,6.533,6.685,1.818,1.348,0.727,0.65,0.112,0.281,1.672,FRA2023,4.878,3051831611384.76,44690.935,7.335,,5.304,0.936,-0.994,47.326,42.275,23.11,3091101307415.06,98.473,FRA
2022,France,6.661,6.588,6.735,1.856,1.433,0.566,0.582,0.083,0.27,1.872,FRA2022,5.222,2796302210398.84,41082.812,7.308,,3.221,2.571,-1.183,48.834,44.255,24.534,2828314888998.07,96.776,FRA
2021,France,6.687,6.615,6.758,1.863,1.219,0.808,0.567,0.07,0.266,1.895,FRA2021,1.642,2966433692008.09,43725.1,7.874,,1.222,6.882,0.244,49.994,43.505,23.979,3024516531073.59,115.589,FRA
2020,France,6.69,6.618,6.762,1.421,1.081,0.804,0.536,0.092,0.235,2.521,FRA2020,0.476,2647926055110.05,39169.861,8.009,,2.978,-7.441,-2.003,51.964,43.322,24.789,2667982790343.98,122.182,FRA
2019,France,6.664,6.59,6.737,1.268,1.459,1.03,0.514,0.113,0.227,2.053,FRA2019,1.108,2722793515171.76,40408.285,8.415,,1.211,2.027,0.587,45.89,43.655,24.661,2787416524619.6,104.542,FRA
2018,France,6.592,,,,,,,,,,FRA2018,1.851,2781576320884.39,41418.177,9.018,,1.115,1.646,-0.736,47.1,44.726,24.31,2855661376338.82,103.381,FRA
2017,France,6.489,,,,,,,,,,FRA2017,1.032,2588868323334.71,38687.163,9.409,,0.586,2.084,-0.475,48.466,45.085,23.786,2653805221561.18,104.035,FRA
2016,France,6.442,,,,,,,,,,FRA2016,0.183,2470407619777.13,37024.216,10.057,,0.517,0.86,-0.539,48.15,44.451,23.146,2525276585700.01,103.318,FRA
2015,France,6.478,,,,,,,,,,FRA2015,0.038,2442483452642.5,36702.432,10.354,,1.134,1.067,-0.335,48.449,44.653,23.297,2491864986670.7,100.313,FRA
2014,France,6.575,,,,,,,,,,FRA2014,0.508,2861236112552.42,43148.046,10.273,,0.571,0.998,-0.963,49.121,44.932,23.156,2917864654134.5,99.729,FRA
2012,France,6.764,,,,,,,,,,FRA2012,1.954,2683007095787.23,40863.581,9.841,,1.082,0.184,-1.225,48.537,43.879,22.609,2742349300400.39,91.028,FRA
2011,France,6.746,,,,,,,,,,FRA2011,2.112,2870408553990.28,43929.784,9.228,,0.851,2.438,-1.028,47.928,42.969,21.826,2941328117344.36,83.338,FRA
2024,Gabon,5.12,4.985,5.256,1.386,1.224,0.387,0.651,0.042,0.086,1.343,GAB2024,1.173,,,20.061,,,,,,,,,,GAB
2023,Gabon,5.106,4.969,5.243,1.403,1.038,0.344,0.516,0.045,0.1,1.66,GAB2023,3.629,19388402541.67,7802.837,20.278,,-9.964,2.446,,,,,18421276707.584,,GAB
2022,Gabon,5.035,4.894,5.175,1.438,1.021,0.183,0.346,0.036,0.102,1.908,GAB2022,4.231,20440655695.18,8409.207,20.399,,14.758,3.038,,,,,19032454429.114,,GAB
2021,Gabon,4.958,4.826,5.091,1.459,0.738,0.396,0.343,0.032,0.099,1.892,GAB2021,1.087,19444935097.24,8181.409,21.218,,20.338,1.468,,14.052,15.115,9.49,17052331403.488,,GAB
2020,Gabon,4.852,4.706,4.998,1.037,0.707,0.362,0.424,0.058,0.064,2.201,GAB2020,1.353,15342236163.986,6605.803,21.27,,-9.01,-1.838,,16.445,17.42,12.427,14503352825.439,,GAB
2019,Gabon,4.829,4.711,4.947,0.988,1.106,0.523,0.369,0.052,0.056,1.735,GAB2019,2.465,16874405465.391,7441.179,20.358,,1.547,3.921,,13.542,19.407,11.48,15511133840.558,,GAB
2018,Gabon,4.799,,,,,,,,,,GAB2018,4.749,16867326401.963,7624.278,20.439,,7.177,0.838,,13.698,16.782,10.215,15754973543.463,,GAB
2017,Gabon,4.758,,,,,,,,,,GAB2017,2.652,14929487485.162,6921.734,20.303,,3.82,0.473,,15.667,17.655,11.085,13985728543.24,,GAB
2016,Gabon,4.465,,,,,,,,,,GAB2016,2.107,14023890265.366,6677.07,20.134,,-4.27,2.091,,17.085,17.392,11.468,12934874984.943,,GAB
2015,Gabon,4.121,,,,,,,,,,GAB2015,-0.339,14383107762.695,7047.127,19.978,,-8.927,3.879,0.98,17.185,20.075,12.83,13188718895.917,,GAB
2014,Gabon,3.896,,,,,,,,,,GAB2014,4.69,18203966895.843,9201.363,19.916,,-0.851,4.315,6.109,15.253,25.665,15.105,17256249272.897,,GAB
2012,Gabon,4.114,,,,,,,,,,GAB2012,2.652,17170464016.059,9296.966,19.728,,-2.942,5.251,11.518,16.28,29.792,14.061,15456970450.536,,GAB
2024,Gambia,4.423,4.315,4.53,0.778,0.958,0.348,0.611,0.255,0.045,1.428,GMB2024,,,,6.496,,,,,,,,,,GMB
2023,Gambia,4.485,4.344,4.625,0.75,0.684,0.33,0.459,0.324,0.048,1.89,GMB2023,16.974,2396111021.641,888.157,6.479,4.453,15.602,4.798,-8.519,,,,2365211021.641,,GMB
2022,Gambia,4.279,4.075,4.484,0.761,0.614,0.174,0.286,0.332,0.033,2.081,GMB2022,11.513,2204734527.881,836.245,6.076,9.358,8.817,5.493,-4.094,,,,2173634527.766,,GMB
2021,Gambia,5.164,4.918,5.409,0.785,0.621,0.369,0.367,0.388,0.103,2.531,GMB2021,7.37,2014158842.146,781.891,6.269,11.285,7.382,5.256,-4.313,,,,1963778533.684,,GMB
2020,Gambia,5.051,4.877,5.225,0.367,0.511,0.21,0.384,0.465,0.123,2.99,GMB2020,5.931,1812170891.191,720.335,5.892,25.258,2.189,0.591,-4.776,,,,1785259979.97,,GMB
2019,Gambia,4.751,4.619,4.882,0.257,0.883,0.353,0.403,0.426,0.158,2.27,GMB2019,7.116,1813609692.5,738.187,4.538,20.468,6.252,6.222,-2.044,,,,1783609669.129,,GMB
2018,Gambia,4.516,,,,,,,,,,GMB2018,6.521,1670671327.817,696.22,4.127,19.68,6.952,7.235,-8.083,,,,1641472104.635,,GMB
2024,Georgia,5.4,5.304,5.496,1.444,1.275,0.482,0.844,0.0,0.172,1.182,GEO2024,1.11,,,11.48,,,,,,,,,,GEO
2023,Georgia,5.185,5.087,5.283,1.467,0.99,0.524,0.68,0.0,0.174,1.349,GEO2023,2.488,30777833585.444,8283.67,11.537,10.26,2.948,7.832,-5.551,25.242,27.967,23.599,28388158127.409,43.406,GEO
2022,Georgia,5.109,5.0,5.219,1.477,0.947,0.366,0.539,0.0,0.201,1.58,GEO2022,11.898,24984568959.605,6729.847,11.647,5.105,8.135,10.959,-4.421,24.936,26.489,22.902,23246873362.595,42.969,GEO
2021,Georgia,4.973,4.867,5.079,1.467,0.612,0.595,0.508,0.0,0.208,1.583,GEO2021,9.567,18853115588.811,5083.607,11.791,2.069,10.23,10.644,-10.305,27.204,24.855,21.473,17678574249.433,54.727,GEO
2020,Georgia,4.891,4.785,4.998,1.03,0.47,0.498,0.488,0.032,0.181,2.191,GEO2020,5.202,16010869215.68,4300.857,11.73,4.635,6.848,-6.29,-12.434,29.009,24.602,21.181,15254265041.644,65.193,GEO
2019,Georgia,4.673,4.588,4.758,0.847,0.731,0.695,0.485,0.048,0.174,1.692,GEO2019,4.853,17638337116.913,4741.283,11.565,6.559,3.996,5.381,-5.994,24.364,26.1,22.897,16841958711.691,44.724,GEO
2018,Georgia,4.519,,,,,,,,,,GEO2018,2.615,17902544880.647,4804.055,12.667,7.377,3.485,6.062,-6.659,23.718,25.406,22.048,17228317459.065,38.224,GEO
2017,Georgia,4.34,,,,,,,,,,GEO2017,6.035,16473125375.068,4418.752,13.939,3.662,7.547,5.16,-7.951,26.862,28.031,23.014,15681941286.498,38.841,GEO
2016,Georgia,4.286,,,,,,,,,,GEO2016,2.135,15444548901.964,4143.401,16.604,10.116,2.275,3.45,-12.242,28.675,27.83,23.042,14744998637.358,39.479,GEO
2015,Georgia,4.252,,,,,,,,,,GEO2015,4.004,15223796148.84,4086.622,16.506,6.748,5.377,3.351,-11.607,27.688,27.151,22.348,14880351881.735,36.0,GEO
2014,Georgia,4.297,,,,,,,,,,GEO2014,3.069,17966015109.304,4830.335,17.439,6.999,4.59,4.09,-9.931,26.237,25.454,22.053,17737747151.643,30.392,GEO
2012,Georgia,4.187,,,,,,,,,,GEO2012,-0.944,16894392033.226,4530.695,19.653,14.475,0.291,6.579,-11.144,24.273,24.609,23.089,16722078802.949,28.105,GEO
2011,Georgia,3.892,,,,,,,,,,GEO2011,8.543,15475290469.287,4119.668,19.632,5.334,9.172,7.934,-11.91,23.14,23.902,22.661,15049331839.11,27.697,GEO
2024,Germany,6.753,6.652,6.854,1.785,1.625,0.776,0.858,0.148,0.351,1.21,DEU2024,2.256,,,3.406,,,,,,,,,,DEU
2023,Germany,6.719,6.622,6.815,1.871,1.39,0.702,0.7,0.174,0.368,1.513,DEU2023,5.946,4525703903627.53,54343.227,3.068,,6.143,-0.266,5.803,,,,4636236589068.71,,DEU
2022,Germany,6.892,6.795,6.989,1.919,1.401,0.539,0.618,0.153,0.365,1.898,DEU2022,6.873,4163596357879.39,49686.115,3.12,,6.092,1.37,4.438,31.455,28.297,11.011,4241258694941.65,,DEU
2021,Germany,7.034,6.947,7.122,1.924,1.088,0.776,0.585,0.163,0.358,2.142,DEU2021,3.067,4348297440387.53,52265.654,3.594,,2.803,3.67,6.932,32.721,28.62,11.023,4443312883197.6,,DEU
2020,Germany,7.155,7.077,7.232,1.48,0.993,0.757,0.6,0.195,0.306,2.824,DEU2020,0.145,3940142541354.1,47379.765,3.881,,1.755,-4.095,6.35,32.161,28.574,10.411,3998734917350.98,,DEU
2019,Germany,7.076,7.006,7.146,1.314,1.369,0.972,0.564,0.252,0.309,2.295,DEU2019,1.446,3957208055215.68,47623.866,3.163,,2.016,0.988,7.88,27.899,28.667,11.214,4034728306596.07,,DEU
2018,Germany,6.985,,,,,,,,,,DEU2018,1.732,4052008447223.53,48874.86,3.384,,1.865,1.116,8.445,27.388,28.385,11.238,4108434453701.96,,DEU
2017,Germany,6.965,,,,,,,,,,DEU2017,1.509,3763092263752.95,45526.6,3.781,,1.468,2.716,8.084,27.539,28.008,11.2,3778789183700.01,,DEU
2016,Germany,6.951,,,,,,,,,,DEU2016,0.492,3537784107980.55,42961.036,4.104,,1.256,2.295,8.9,27.367,27.86,11.079,3555930677612.46,,DEU
2015,Germany,6.994,,,,,,,,,,DEU2015,0.514,3423568450957.03,41911.011,4.612,,1.685,1.653,8.1,27.449,27.957,11.257,3434101056827.73,,DEU
2014,Germany,6.75,,,,,,,,,,DEU2014,0.907,3965800686309.79,48971.082,4.979,,1.901,2.169,7.192,27.51,27.95,11.26,3967012279025.08,,DEU
2012,Germany,6.672,,,,,,,,,,DEU2012,2.008,3597896500945.31,44735.588,5.372,,1.432,0.474,7.193,27.934,27.993,11.394,3611772218601.56,,DEU
2011,Germany,6.572,,,,,,,,,,DEU2011,2.075,3824828563521.41,47646.582,5.967,,1.232,3.758,6.259,28.305,27.764,11.255,3845325104620.63,,DEU
2024,Ghana,4.34,4.235,4.444,1.053,1.01,0.438,0.771,0.139,0.025,0.904,GHA2024,22.848,,,3.007,,,,,,,,,,GHA
2023,Ghana,4.289,4.182,4.396,1.077,0.747,0.36,0.623,0.183,0.028,1.273,GHA2023,38.107,76370396722.154,2260.287,3.063,,33.08,2.945,1.842,,,,75420372240.302,,GHA
2022,Ghana,4.605,4.481,4.729,1.101,0.756,0.197,0.526,0.211,0.035,1.779,GHA2022,31.256,74263364041.874,2240.279,3.084,,28.168,3.818,-2.344,22.679,15.551,12.298,72989253312.219,,GHA
2021,Ghana,4.872,4.745,4.999,1.112,0.595,0.409,0.5,0.23,0.056,1.972,GHA2021,9.971,79524421861.274,2445.501,3.384,,12.106,5.076,-3.196,20.751,14.926,12.245,77088309092.788,,GHA
2020,Ghana,5.088,4.958,5.219,0.68,0.595,0.287,0.517,0.268,0.058,2.684,GHA2020,9.887,70043099675.68,2196.548,3.313,,9.366,0.514,-3.047,21.884,13.755,11.34,70776526813.05,,GHA
2019,Ghana,5.148,5.033,5.263,0.576,0.966,0.432,0.477,0.261,0.057,2.378,GHA2019,7.144,68337969247.707,2186.189,3.16,,8.481,6.508,-2.728,17.511,14.695,11.997,65527721243.302,,GHA
2018,Ghana,4.996,,,,,,,,,,GHA2018,7.809,67298914624.372,2196.613,3.253,,10.568,6.2,-3.038,17.602,15.069,12.244,64269886147.656,,GHA
2017,Ghana,4.657,,,,,,,,,,GHA2017,12.372,60405924078.728,2012.97,3.369,,10.677,8.129,-3.315,17.355,14.521,11.577,57431261824.701,,GHA
2016,Ghana,4.12,,,,,,,,,,GHA2016,17.455,56164929304.875,1913.187,5.232,,15.749,3.373,-5.042,18.29,14.159,11.058,53961346502.918,,GHA
2015,Ghana,4.276,,,,,,,,,,GHA2015,17.15,49406010054.266,1721.7,6.806,,13.253,2.121,-5.715,17.364,14.53,11.691,47920547875.138,,GHA
2014,Ghana,4.633,,,,,,,,,,GHA2014,15.49,54783319817.37,1953.645,4.415,,23.94,2.856,-6.744,18.204,14.215,11.252,51920567774.009,,GHA
2012,Ghana,5.091,,,,,,,,,,GHA2012,11.186,41271701060.954,1543.775,3.141,,15.205,9.293,-11.901,26.884,19.339,15.368,39175664473.082,,GHA
2011,Ghana,4.705,,,,,,,,,,GHA2011,8.728,39336668080.559,1507.436,4.227,,13.915,14.047,-9.003,21.141,19.372,14.866,38113676481.71,,GHA
2024,Greece,5.776,5.677,5.875,1.608,1.438,0.725,0.396,0.003,0.063,1.543,GRC2024,2.741,,,10.133,,,,,,,,,,GRC
2023,Greece,5.934,5.84,6.027,1.684,1.276,0.696,0.337,0.018,0.093,1.83,GRC2023,3.465,243498333237.802,23400.728,11.066,,5.875,2.332,-6.163,47.195,43.237,26.634,238668954547.047,190.608,GRC
2022,Greece,5.931,5.838,6.024,1.708,1.247,0.535,0.248,0.008,0.097,2.089,GRC2022,9.645,218880566444.349,20971.835,12.426,,6.496,5.744,-10.336,50.595,45.058,27.669,215323644043.481,202.48,GRC
2021,Greece,5.948,5.853,6.043,1.703,0.98,0.774,0.249,0.015,0.108,2.119,GRC2021,1.224,218303801895.326,20654.7,14.656,,1.393,8.654,-6.348,54.833,43.95,25.578,213013301589.942,233.449,GRC
2020,Greece,5.723,5.632,5.813,1.273,0.811,0.76,0.243,0.0,0.074,2.561,GRC2020,-1.248,191362985554.861,17886.733,15.899,,-0.364,-9.196,-6.487,58.07,44.002,24.992,187724248007.129,249.366,GRC
2019,Greece,5.515,5.423,5.607,1.128,1.169,0.979,0.174,0.0,0.049,2.016,GRC2019,0.253,207305649887.019,19335.36,17.045,,0.245,2.277,-1.501,46.926,44.015,25.932,203407936304.627,210.381,GRC
2018,Greece,5.287,,,,,,,,,,GRC2018,0.626,213298873494.394,19873.402,19.179,,-0.235,2.065,-2.929,48.022,45.669,27.108,209711639142.139,207.662,GRC
2017,Greece,5.358,,,,,,,,,,GRC2017,1.121,200381103984.298,18631.993,21.413,,0.204,1.473,-1.8,47.67,45.684,26.743,198842523409.192,198.459,GRC
2016,Greece,5.227,,,,,,,,,,GRC2016,-0.826,193097239005.87,17919.243,23.514,,-0.49,-0.032,-1.689,48.855,46.394,27.035,192207306613.596,194.725,GRC
2015,Greece,5.033,,,,,,,,,,GRC2015,-1.736,194567373678.099,17980.73,24.981,,-0.175,-0.228,-0.828,52.211,43.851,25.396,195524237566.206,190.302,GRC
2014,Greece,4.857,,,,,,,,,,GRC2014,-1.312,233911581521.062,21474.726,26.708,,-1.923,0.792,-1.597,49.748,43.194,25.399,236986597189.975,190.586,GRC
2012,Greece,5.435,,,,,,,,,,GRC2012,1.502,238841140018.233,21624.346,24.731,,-0.335,-8.331,-2.584,57.376,44.34,24.954,244054444999.141,170.278,GRC
2011,Greece,6.133,,,,,,,,,,GRC2011,3.33,283228079776.041,25504.787,17.973,,0.977,-9.877,-10.098,54.784,40.74,22.459,275151260812.938,116.116,GRC
2024,Guatemala,6.362,6.222,6.503,1.249,1.33,0.376,0.882,0.075,0.085,2.365,GTM2024,2.869,,,2.219,,,,,,,,,,GTM
2023,Guatemala,6.287,6.117,6.457,1.26,1.169,0.467,0.735,0.105,0.078,2.473,GTM2023,6.207,104450210572.012,5762.822,2.344,4.988,6.642,3.527,3.117,13.49,12.84,11.559,102563749565.884,,GTM
2022,Guatemala,6.15,5.939,6.362,1.287,1.188,0.31,0.631,0.106,0.066,2.562,GTM2022,6.885,95630524813.106,5358.09,3.051,5.275,6.315,4.2,1.252,13.995,12.895,11.82,93633153318.352,,GTM
2021,Guatemala,6.262,6.064,6.46,1.274,0.831,0.522,0.662,0.112,0.115,2.746,GTM2021,4.261,86478835636.381,4913.947,2.174,8.744,3.166,8.033,2.186,13.272,12.656,11.556,84342291465.078,,GTM
2020,Guatemala,6.435,6.292,6.577,0.845,0.79,0.519,0.638,0.163,0.105,3.375,GTM2020,3.214,77719464220.73,4477.618,2.955,9.384,2.872,-1.786,5.041,14.998,11.119,9.955,76315720435.399,,GTM
2019,Guatemala,6.399,6.284,6.513,0.754,1.174,0.706,0.613,0.171,0.098,2.883,GTM2019,3.7,77172317258.648,4511.998,2.193,8.859,3.566,4.018,2.36,13.127,11.716,10.435,75768261350.517,,GTM
2018,Guatemala,6.436,,,,,,,,,,GTM2018,3.752,73328365862.433,4352.947,2.283,11.505,1.272,3.407,0.886,12.982,11.778,10.561,71826156760.757,,GTM
2017,Guatemala,6.382,,,,,,,,,,GTM2017,4.425,71653754066.276,4324.996,2.462,11.112,1.748,3.08,1.196,12.894,11.886,10.636,70152653689.694,,GTM
2016,Guatemala,6.454,,,,,,,,,,GTM2016,4.448,66053403469.002,4060.138,2.583,10.12,2.707,2.678,0.965,12.796,11.978,10.422,64628103061.907,,GTM
2015,Guatemala,6.324,,,,,,,,,,GTM2015,2.389,62186064718.742,3893.505,2.506,10.756,2.232,4.092,-1.244,12.736,11.668,10.358,60699664551.005,,GTM
2014,Guatemala,6.123,,,,,,,,,,GTM2014,3.418,57852153058.502,3689.145,2.717,10.61,2.86,4.444,-3.3,13.284,12.275,10.778,56335052823.68,,GTM
2012,Guatemala,5.965,,,,,,,,,,GTM2012,3.782,49593929487.126,3286.62,2.765,9.779,3.378,2.975,-3.725,13.171,11.654,11.01,48568929273.304,24.701,GTM
2011,Guatemala,6.277,,,,,,,,,,GTM2011,6.214,46876006272.239,3168.984,3.172,6.114,6.895,4.164,-3.37,12.745,11.589,11.018,45572706218.215,24.564,GTM
2024,Guinea,4.929,4.787,5.07,0.873,0.791,0.306,0.676,0.157,0.098,2.027,GIN2024,8.123,,,5.23,,,,,,,,,,GIN
2023,Guinea,5.023,4.881,5.166,0.831,0.622,0.236,0.521,0.21,0.107,2.497,GIN2023,7.805,22199409741.258,1541.041,5.244,,3.922,6.745,10.306,,,,20265865041.919,,GIN
2022,Guinea,5.072,4.931,5.213,0.844,0.776,0.072,0.369,0.204,0.102,2.705,GIN2022,10.493,19910452541.922,1416.596,5.267,,2.806,3.972,16.827,,,,19564303529.378,,GIN
2021,Guinea,4.891,4.753,5.028,0.848,0.566,0.275,0.334,0.214,0.116,2.538,GIN2021,12.597,17069115737.826,1244.966,5.827,,11.986,5.582,27.176,,,,16378939819.792,,GIN
2020,Guinea,4.984,4.808,5.16,0.42,0.399,0.206,0.384,0.25,0.111,3.216,GIN2020,10.602,14088693742.946,1053.661,6.018,,4.25,4.705,19.056,,,,13942249439.385,,GIN
2019,Guinea,4.949,4.806,5.092,0.39,0.751,0.334,0.372,0.249,0.112,2.741,GIN2019,9.47,13442861496.445,1031.341,5.018,,9.403,5.617,-2.34,,,,13328776519.414,,GIN
2018,Guinea,4.534,,,,,,,,,,GIN2018,9.828,11857030366.789,933.274,4.787,,7.059,6.358,-1.606,,,,11675180326.704,,GIN
2017,Guinea,3.964,,,,,,,,,,GIN2017,8.914,10324668271.136,833.599,4.826,,10.357,10.3,5.03,,,,10274041364.6,,GIN
2016,Guinea,3.507,,,,,,,,,,GIN2016,8.173,8595955222.497,711.997,5.013,,5.669,10.821,-31.933,,,,8493617258.449,,GIN
2015,Guinea,3.607,,,,,,,,,,GIN2015,11.78,8794201742.846,747.357,5.224,,2.972,3.826,-11.601,,,,8650895056.712,,GIN
2014,Guinea,3.656,,,,,,,,,,GIN2014,6.151,8778473372.821,765.147,5.09,,2.616,3.697,-11.183,,,,8566213820.861,,GIN
2012,Guinea,3.847,,,,,,,,,,GIN2012,15.226,7638044556.847,699.353,4.884,,11.516,5.915,-13.598,,,,7516064556.845,,GIN
2011,Guinea,4.171,,,,,,,,,,GIN2011,21.317,6785137203.332,636.695,5.094,,8.999,5.612,-17.117,,,,6651747203.332,,GIN
2011,Guyana,5.993,,,,,,,,,,GUY2011,4.978,3691384317.522,4947.222,11.819,11.759,2.409,5.196,-10.085,,,,3682055317.313,,GUY
2020,Haiti,3.615,3.276,3.953,0.294,0.173,0.227,0.257,0.463,0.139,2.06,HTI2020,22.796,14508222518.302,1290.325,15.546,-3.413,18.685,-3.306,0.355,,,,14536821917.315,,HTI
2019,Haiti,3.721,3.522,3.92,0.285,0.647,0.374,0.169,0.464,0.162,1.62,HTI2019,18.704,15016090929.512,1352.172,14.057,-4.74,19.8,-1.723,-1.123,,,,15065747025.928,,HTI
2018,Haiti,3.597,,,,,,,,,,HTI2018,12.481,16403864617.846,1496.38,13.878,6.164,6.536,1.668,-2.89,,,,16454143146.865,,HTI
2017,Haiti,3.582,,,,,,,,,,HTI2017,10.68,15093357161.15,1395.239,13.881,-0.906,13.78,2.51,-2.153,,,,15151864668.199,,HTI
2016,Haiti,3.603,,,,,,,,,,HTI2016,11.503,14069277526.228,1318.403,13.852,-2.135,15.703,1.812,-1.691,,,,14117174028.158,,HTI
2015,Haiti,4.028,,,,,,,,,,HTI2015,6.732,14849629308.602,1411.127,13.724,7.335,5.206,1.4,-1.823,,,,14890262233.936,,HTI
2014,Haiti,4.518,,,,,,,,,,HTI2014,3.438,15146883497.633,1460.189,13.755,8.369,2.219,2.889,-4.956,,,,15195978881.056,,HTI
2012,Haiti,4.341,,,,,,,,,,HTI2012,5.018,13708925477.13,1361.394,14.1,0.671,8.208,0.502,-3.145,,,,13763468551.058,,HTI
2011,Haiti,3.789,,,,,,,,,,HTI2011,6.333,13008746038.887,1312.04,14.485,6.987,4.321,5.098,-2.488,,,,13046543752.346,,HTI
2024,Honduras,5.964,5.821,6.108,1.036,1.187,0.436,0.862,0.134,0.079,2.229,HND2024,4.606,,,6.061,,,,,,,,,,HND
2023,Honduras,5.968,5.822,6.114,1.091,1.035,0.502,0.72,0.175,0.081,2.364,HND2023,6.663,34400509852.044,3231.657,6.07,7.742,6.179,3.583,-4.037,,,,31872841684.136,,HND
2022,Honduras,6.023,5.849,6.196,1.115,1.072,0.341,0.613,0.189,0.062,2.631,HND2022,9.09,31426041806.798,3003.29,8.774,4.844,9.312,4.144,-6.698,,,,28961571884.263,,HND
2021,Honduras,6.022,5.855,6.189,1.111,0.885,0.555,0.582,0.202,0.076,2.611,HND2021,4.481,28144331506.615,2735.148,8.506,10.86,4.606,12.565,-5.464,,,,25771440693.968,,HND
2020,Honduras,5.919,5.758,6.081,0.703,0.787,0.593,0.578,0.241,0.083,2.934,HND2020,3.468,23352232483.755,2307.615,10.982,13.16,3.402,-8.965,2.851,24.392,22.21,15.066,21695036274.889,,HND
2019,Honduras,5.953,5.824,6.082,0.599,1.187,0.792,0.568,0.257,0.087,2.464,HND2019,4.366,24882225741.812,2502.327,5.698,13.526,3.359,2.56,-2.656,,,,22895236635.688,,HND
2018,Honduras,5.86,,,,,,,,,,HND2018,4.347,24067750760.499,2464.642,5.648,15.554,1.947,3.845,-6.572,,,,22173255705.374,,HND
2017,Honduras,5.504,,,,,,,,,,HND2017,3.934,23136247990.598,2413.008,5.528,14.109,4.513,4.843,-1.246,,,,21719792887.018,,HND
2016,Honduras,5.181,,,,,,,,,,HND2016,2.725,21717604952.184,2307.345,6.727,15.099,3.678,3.893,-3.143,,,,20198525790.52,,HND
2015,Honduras,4.871,,,,,,,,,,HND2015,3.158,20979791685.416,2271.203,6.147,12.835,6.933,3.84,-4.671,21.976,23.363,17.344,19549522844.999,,HND
2014,Honduras,4.788,,,,,,,,,,HND2014,6.129,19756533971.87,2179.882,7.078,12.881,6.849,3.058,-6.945,24.242,23.113,16.543,18168820189.947,,HND
2012,Honduras,5.142,,,,,,,,,,HND2012,5.196,18528554397.57,2126.035,3.755,14.357,3.58,4.129,-8.531,23.499,21.187,14.747,17246974067.095,,HND
2011,Honduras,5.564,,,,,,,,,,HND2011,6.762,17710275685.407,2073.661,4.474,9.972,7.807,3.836,-7.954,22.504,20.895,14.788,16768716965.808,,HND
2024,Hong Kong SAR of China,5.491,5.417,5.566,1.79,1.41,0.948,0.674,0.116,0.386,0.168,HKG2024,1.73,,,2.793,,,,,,,,,,HKG
2023,Hong Kong SAR of China,5.316,5.229,5.403,1.909,1.184,0.857,0.485,0.147,0.402,0.333,HKG2023,2.097,380812234827.832,50531.739,2.949,2.912,2.778,3.277,8.492,,,,414999751583.194,,HKG
2022,Hong Kong SAR of China,5.308,5.214,5.403,1.951,1.201,0.702,0.407,0.123,0.39,0.535,HKG2022,1.881,358681066274.469,48826.053,4.318,3.359,1.689,-3.684,10.183,,,,382402060827.562,,HKG
2021,Hong Kong SAR of China,5.425,5.348,5.501,1.957,0.954,0.942,0.4,0.147,0.383,0.642,HKG2021,1.569,368954169748.818,49770.564,5.174,4.287,0.684,6.454,11.833,,,,394520310037.629,,HKG
2020,Hong Kong SAR of China,5.477,5.38,5.573,1.525,0.841,0.893,0.408,0.232,0.342,1.236,HKG2020,0.251,344943149590.058,46109.23,5.808,4.334,0.638,-6.545,6.994,,,,365064198422.111,,HKG
2019,Hong Kong SAR of China,5.51,5.42,5.601,1.377,1.244,1.137,0.459,0.288,0.332,0.673,HKG2019,2.883,363074545072.389,48359.001,2.917,2.998,2.045,-1.672,5.854,,,,381415346793.49,,HKG
2018,Hong Kong SAR of China,5.43,,,,,,,,,,HKG2018,2.406,361731070995.726,48537.567,2.805,1.333,3.66,2.847,3.736,,,,378930152452.638,,HKG
2017,Hong Kong SAR of China,5.43,,,,,,,,,,HKG2017,1.494,341273289534.466,46160.43,3.124,2.06,2.881,3.796,4.577,,,,356100574860.134,,HKG
2016,Hong Kong SAR of China,5.472,,,,,,,,,,HKG2016,2.409,320860317562.562,43734.198,3.392,3.308,1.638,2.175,3.954,,,,328924087732.294,,HKG
2015,Hong Kong SAR of China,5.458,,,,,,,,,,HKG2015,2.991,309385622601.348,42432.162,3.314,1.309,3.644,2.388,3.318,,,,315110265423.937,,HKG
2014,Hong Kong SAR of China,5.474,,,,,,,,,,HKG2014,4.424,291459995978.893,40315.374,3.296,2.09,2.85,2.762,1.392,,,,297470635792.782,,HKG
2012,Hong Kong SAR of China,5.523,,,,,,,,,,HKG2012,4.054,262628865879.697,36730.796,3.285,1.405,3.545,1.7,1.579,,,,266426366710.299,,HKG
2011,Hong Kong SAR of China,5.424,,,,,,,,,,HKG2011,5.305,248513617677.287,35142.488,3.422,1.061,3.898,4.815,5.556,,,,255300102774.923,,HKG
2024,Hungary,5.915,5.809,6.02,1.638,1.742,0.587,0.681,0.099,0.057,1.111,HUN2024,3.704,,,4.434,,,,,,,,,,HUN
2023,Hungary,6.017,5.91,6.124,1.722,1.528,0.596,0.581,0.123,0.067,1.4,HUN2023,17.125,212388906458.724,22141.867,4.107,0.482,14.749,-0.908,0.788,,,,204857214604.962,,HUN
2022,Hungary,6.041,5.933,6.149,1.754,1.519,0.435,0.501,0.105,0.065,1.663,HUN2022,14.608,177006128624.627,18353.298,3.609,-3.13,14.231,4.583,-8.321,42.417,37.944,23.428,171906025966.474,75.526,HUN
2021,Hungary,6.086,5.985,6.187,1.748,1.233,0.668,0.485,0.078,0.064,1.812,HUN2021,5.111,182109999477.691,18755.102,4.045,-3.265,6.439,7.061,-3.878,42.539,35.974,21.483,176321181848.921,86.924,HUN
2020,Hungary,5.992,5.899,6.085,1.301,1.083,0.615,0.454,0.067,0.04,2.432,HUN2020,3.327,157288955508.176,16131.954,4.25,-4.166,6.389,-4.487,-0.856,44.427,38.01,22.856,153532999274.884,95.937,HUN
2019,Hungary,6.0,5.923,6.078,1.164,1.423,0.807,0.386,0.07,0.028,2.122,HUN2019,3.339,164020460331.659,16786.214,3.419,-2.856,4.785,4.864,-0.61,39.546,38.082,22.364,159691089245.166,83.368,HUN
2018,Hungary,5.758,,,,,,,,,,HUN2018,2.85,160565642983.587,16425.205,3.708,-3.22,4.847,5.362,0.342,39.851,38.436,22.535,154276621414.076,86.53,HUN
2017,Hungary,5.62,,,,,,,,,,HUN2017,2.348,143112196040.326,14621.24,4.156,-2.45,4.03,4.272,1.722,42.082,39.747,22.881,137321995627.354,91.987,HUN
2016,Hungary,5.324,,,,,,,,,,HUN2016,0.395,128609822750.039,13104.7,5.115,0.759,1.32,2.201,4.415,43.517,40.611,23.067,125141112045.183,96.778,HUN
2015,Hungary,5.145,,,,,,,,,,HUN2015,-0.062,125174166987.372,12717.039,6.813,0.123,2.776,3.707,2.12,43.27,40.221,23.235,119182529780.817,96.397,HUN
2014,Hungary,4.8,,,,,,,,,,HUN2014,-0.228,141033843265.669,14294.258,7.725,0.728,3.693,4.232,0.748,45.022,40.061,23.018,134668476150.214,98.671,HUN
2012,Hungary,4.775,,,,,,,,,,HUN2012,5.652,128814279315.132,12984.837,11.003,5.937,2.893,-1.25,1.076,44.6,40.34,22.868,123360599722.351,94.148,HUN
2011,Hungary,4.943,,,,,,,,,,HUN2011,3.93,141942264554.475,14234.472,11.029,6.271,1.929,1.867,0.428,44.982,37.277,21.042,135068573275.969,90.563,HUN
2024,Iceland,7.515,7.425,7.606,1.799,1.84,0.873,0.971,0.201,0.173,1.659,ISL2024,5.857,,,3.107,,,,,,,,,,ISL
2023,Iceland,7.525,7.433,7.618,1.881,1.617,0.718,0.819,0.258,0.182,2.05,ISL2023,8.736,31325116556.381,79636.955,3.518,5.517,5.699,5.037,0.928,32.435,31.825,23.436,31871436144.823,81.058,ISL
2022,Iceland,7.53,7.434,7.625,1.926,1.62,0.559,0.738,0.25,0.187,2.25,ISL2022,8.309,28770206626.556,75314.086,3.789,-1.183,8.885,8.993,-2.427,33.015,31.089,22.468,28515019178.242,86.291,ISL
2021,Iceland,7.557,7.464,7.651,1.936,1.32,0.803,0.718,0.27,0.191,2.32,ISL2021,4.444,25825287184.382,69325.908,6.029,-0.91,6.372,5.254,-2.794,35.217,28.832,21.39,25842739234.872,95.822,ISL
2020,Iceland,7.554,7.438,7.67,1.482,1.172,0.772,0.698,0.293,0.17,2.967,ISL2020,2.848,21629953194.066,59023.566,5.478,1.676,4.016,-6.94,1.127,37.034,29.467,22.402,22327335577.318,100.316,ISL
2019,Iceland,7.504,7.388,7.621,1.327,1.548,1.001,0.662,0.362,0.145,2.461,ISL2019,3.014,24681343649.295,68452.236,3.507,2.387,4.457,1.861,6.543,31.071,30.43,21.932,25374511608.155,90.114,ISL
2018,Iceland,7.494,,,,,,,,,,ISL2018,2.683,26260850582.069,74452.189,2.704,4.213,2.632,4.889,4.281,30.865,33.015,22.978,26701147667.689,81.962,ISL
2017,Iceland,7.495,,,,,,,,,,ISL2017,1.76,24728285177.46,72010.149,2.742,6.26,0.937,4.195,4.257,31.45,33.787,23.923,24848957647.005,90.444,ISL
2016,Iceland,7.504,,,,,,,,,,ISL2016,1.697,20793168030.952,61987.926,2.978,5.844,2.261,6.304,8.272,35.489,47.968,37.613,21200175322.784,103.362,ISL
2015,Iceland,7.501,,,,,,,,,,ISL2015,1.633,17517210519.091,52951.682,3.979,1.467,6.055,4.437,5.628,32.211,32.363,22.689,17486094485.218,117.371,ISL
2014,Iceland,7.561,,,,,,,,,,ISL2014,2.045,17867662177.891,54576.745,4.897,3.458,4.142,1.687,4.346,34.334,35.204,24.492,17641035407.378,135.797,ISL
2012,Iceland,7.355,,,,,,,,,,ISL2012,5.186,14751508133.544,45995.548,6.0,4.721,3.441,1.064,-3.516,37.069,34.109,21.503,13461900235.838,152.74,ISL
2011,Iceland,6.888,,,,,,,,,,ISL2011,4.001,15221622925.932,47714.592,7.028,4.463,3.097,1.846,-4.704,38.454,33.137,20.582,13450225651.451,156.916,ISL
2024,India,4.389,4.32,4.457,1.149,0.86,0.316,0.914,0.141,0.12,0.889,IND2024,4.953,,,4.202,,,,,,,,,,IND
2023,India,4.054,3.985,4.123,1.166,0.653,0.417,0.767,0.174,0.122,0.756,IND2023,5.649,3567551674623.01,2480.792,4.172,,1.334,8.153,-0.896,,,,3515454309538.94,,IND
2022,India,4.036,3.98,4.092,1.159,0.674,0.252,0.685,0.175,0.111,0.979,IND2022,6.699,3353470496886.33,2352.614,4.822,1.705,6.748,6.987,-2.357,13.304,9.09,6.72,3307391497374.74,,IND
2021,India,3.777,3.726,3.828,1.167,0.376,0.471,0.647,0.198,0.123,0.795,IND2021,5.131,3167270623260.47,2239.614,6.38,0.317,8.355,9.69,-1.055,,,,3129982849042.07,,IND
2020,India,3.819,3.769,3.869,0.741,0.316,0.383,0.622,0.246,0.106,1.405,IND2020,6.623,2674851578587.27,1907.043,7.859,4.136,4.815,-5.778,1.224,,,,2638922006729.05,,IND
2019,India,3.573,3.519,3.628,0.731,0.644,0.541,0.581,0.237,0.106,0.734,IND2019,3.73,2835606256558.19,2041.429,6.51,6.895,2.406,3.871,-1.05,,,,2808367623254.15,,IND
2018,India,4.015,,,,,,,,,,IND2018,3.939,2702929641648.74,1966.255,7.652,5.362,3.884,6.454,-2.427,15.663,13.189,12.017,2673994276922.32,46.522,IND
2017,India,4.19,,,,,,,,,,IND2017,3.328,2651474262755.45,1950.105,7.618,5.328,3.969,6.795,-1.439,15.614,12.727,11.387,2622801076651.03,47.584,IND
2016,India,4.315,,,,,,,,,,IND2016,4.948,2294796885663.16,1707.509,7.601,6.233,3.238,8.256,-0.528,15.272,12.851,11.148,2268496715258.31,47.634,IND
2015,India,4.404,,,,,,,,,,IND2015,4.907,2103588360044.94,1583.998,7.631,7.556,2.28,7.996,-1.068,15.126,12.415,10.57,2079182865637.81,49.965,IND
2014,India,4.565,,,,,,,,,,IND2014,6.666,2039126479154.52,1553.884,7.674,6.695,3.332,7.41,-1.34,14.803,11.551,9.985,2015014420953.0,49.901,IND
2012,India,4.772,,,,,,,,,,IND2012,9.479,1827637590410.41,1429.322,7.666,2.474,7.934,5.456,-5.005,16.167,12.6,10.837,1806177396650.21,50.678,IND
2011,India,4.975,,,,,,,,,,IND2011,8.912,1823051829894.55,1445.461,7.616,1.318,8.734,5.241,-3.429,14.49,11.496,10.177,1807020595447.34,51.557,IND
2024,Indonesia,5.617,5.516,5.717,1.288,1.372,0.454,0.918,0.323,0.044,1.218,IDN2024,,,,3.3,,,,,,,,,,IDN
2023,Indonesia,5.568,5.466,5.67,1.361,1.184,0.472,0.779,0.399,0.055,1.318,IDN2023,3.67,1371171152331.16,4876.314,3.308,7.282,1.533,5.048,-0.149,,,,1335866354417.72,,IDN
2022,Indonesia,5.277,5.161,5.392,1.384,1.169,0.314,0.663,0.422,0.038,1.288,IDN2022,4.209,1319076267291.51,4730.745,3.462,-0.955,9.567,5.307,1.002,,,,1282833043151.33,,IDN
2021,Indonesia,5.24,5.139,5.341,1.382,0.883,0.539,0.62,0.468,0.047,1.3,IDN2021,1.56,1186509691070.97,4287.173,3.827,2.753,6.004,3.703,0.296,,,,1154297486846.38,,IDN
2020,Indonesia,5.345,5.235,5.454,0.954,0.786,0.433,0.598,0.541,0.046,1.987,IDN2020,1.921,1059054842711.55,3853.703,4.255,9.986,-0.402,-2.066,-0.419,,,,1029975056940.17,,IDN
2019,Indonesia,5.286,5.192,5.379,0.892,1.155,0.61,0.568,0.543,0.038,1.48,IDN2019,3.031,1119099871385.79,4106.949,3.59,8.629,1.598,5.019,-2.706,,,,1085078650200.79,,IDN
2018,Indonesia,5.192,,,,,,,,,,IDN2018,3.198,1042271532953.49,3860.954,4.387,6.471,3.818,5.174,-2.939,,,,1011212626719.05,,IDN
2017,Indonesia,5.093,,,,,,,,,,IDN2017,3.809,1015618744168.08,3798.883,3.783,6.502,4.293,5.07,-1.595,,,,983437956204.835,,IDN
2016,Indonesia,5.262,,,,,,,,,,IDN2016,3.526,931877364034.196,3521.469,4.301,9.224,2.439,5.033,-1.819,,,,902045435910.081,,IDN
2015,Indonesia,5.314,,,,,,,,,,IDN2015,6.363,860854232717.718,3288.223,4.514,8.35,3.98,4.876,-2.035,,,,832298853355.383,,IDN
2014,Indonesia,5.399,,,,,,,,,,IDN2014,6.395,890814755511.014,3441.068,4.049,6.792,5.443,5.007,-3.088,,,,860946502311.299,,IDN
2012,Indonesia,5.348,,,,,,,,,,IDN2012,4.279,917869913364.917,3632.273,4.468,7.75,3.754,6.03,-2.66,,,,891961469678.016,,IDN
2011,Indonesia,5.159,,,,,,,,,,IDN2011,5.356,892969104529.572,3579.464,5.153,4.594,7.466,6.17,0.189,,,,868239118588.313,,IDN
2024,Iran,5.093,4.994,5.193,1.33,1.367,0.609,0.456,0.202,0.122,1.007,IRN2024,,,,9.192,,,,,,,,,,IRN
2023,Iran,4.923,4.822,5.024,1.435,1.136,0.571,0.366,0.235,0.123,1.057,IRN2023,44.579,404625655204.619,4465.638,9.041,,30.493,5.045,,,,,404153752602.602,,IRN
2022,Iran,4.876,4.772,4.98,1.465,1.102,0.411,0.281,0.229,0.13,1.259,IRN2022,43.488,394362621793.035,4405.093,9.085,,50.585,3.777,,,,,393776608248.051,,IRN
2021,Iran,4.888,4.78,4.995,1.41,0.741,0.642,0.281,0.241,0.146,1.427,IRN2021,43.389,383436202446.695,4334.793,9.282,,56.32,4.72,,,,,383309265851.262,,IRN
2020,Iran,4.721,4.614,4.828,1.03,0.557,0.561,0.275,0.33,0.144,1.823,IRN2020,30.594,262186179355.944,2988.781,9.687,,44.265,3.33,,,,,261745239277.174,,IRN
2019,Iran,4.672,4.563,4.782,1.029,0.886,0.749,0.301,0.277,0.143,1.287,IRN2019,39.907,333519146339.191,3831.279,10.74,,30.535,-3.071,,,,,333580960831.753,,IRN
2018,Iran,4.548,,,,,,,,,,IRN2018,18.014,398880231367.268,4631.787,12.195,,31.641,-1.838,,,,,400959595538.411,,IRN
2017,Iran,4.707,,,,,,,,,,IRN2017,8.045,489168731811.147,5753.115,12.232,,13.035,2.759,,,,,489767735736.786,,IRN
2016,Iran,4.692,,,,,,,,,,IRN2016,7.245,459042684192.698,5477.037,12.618,7.861,9.4,8.815,,,,,459572277672.439,,IRN
2015,Iran,4.813,,,,,,,,,,IRN2015,12.485,409191686496.677,4952.734,11.166,13.985,0.197,-1.425,,,,,409496710332.525,,IRN
2014,Iran,4.686,,,,,,,,,,IRN2014,16.607,462284793280.825,5672.064,10.68,3.864,9.759,4.985,,,,,464664338145.23,,IRN
2012,Iran,4.643,,,,,,,,,,IRN2012,27.257,644019315003.54,8114.081,12.275,-6.687,18.954,-3.747,,,,,648228253786.387,,IRN
2011,Iran,5.149,,,,,,,,,,IRN2011,26.293,629082257472.368,8025.687,12.491,-16.798,33.41,2.646,,,,,629549226632.111,,IRN
2024,Iraq,4.976,4.866,5.085,1.261,1.275,0.589,0.503,0.1,0.069,1.178,IRQ2024,,,,15.524,,,,,,,,,,IRQ
2023,Iraq,5.166,5.049,5.283,1.249,0.996,0.498,0.425,0.141,0.048,1.809,IRQ2023,4.358,250842782139.464,5565.126,15.447,,-18.189,-2.936,11.312,,,,251816082139.464,,IRQ
2022,Iraq,4.941,4.783,5.099,1.281,0.953,0.324,0.351,0.134,0.038,1.861,IRQ2022,4.995,286640340965.517,6504.124,15.511,,26.994,7.64,20.238,,,,285694140965.517,,IRQ
2021,Iraq,4.941,4.783,5.099,1.289,0.682,0.554,0.328,0.147,0.046,1.894,IRQ2021,6.042,209691945713.103,4868.494,16.173,,38.9,1.502,11.715,,,,207627745713.103,,IRQ
2020,Iraq,4.854,4.738,4.97,0.91,0.638,0.381,0.302,0.153,0.041,2.429,IRQ2020,0.574,180898797516.874,4295.189,15.778,,-11.22,-12.037,-3.486,,,,179091897517.38,,IRQ
2019,Iraq,4.785,4.632,4.937,0.982,1.011,0.529,0.284,0.153,0.073,1.752,IRQ2019,-0.199,233636097800.338,5671.857,14.109,,-2.674,5.514,6.747,27.612,38.604,1.345,232469897800.338,,IRQ
2018,Iraq,4.437,,,,,,,,,,IRQ2018,0.367,227367469034.031,5646.689,13.49,,18.204,2.634,15.116,24.483,39.061,1.984,225613469034.031,27.438,IRQ
2017,Iraq,4.456,,,,,,,,,,IRQ2017,0.184,187217660050.676,4759.285,13.02,,14.65,-1.82,7.955,25.975,34.564,2.687,185776960050.676,35.863,IRQ
2016,Iraq,4.497,,,,,,,,,,IRQ2016,0.557,166743557747.671,4334.421,10.82,26.4,-11.104,13.787,1.294,26.56,27.585,2.078,165182357747.671,29.476,IRQ
2015,Iraq,4.575,,,,,,,,,,IRQ2015,1.393,166774104959.102,4440.142,10.842,57.626,-28.76,2.607,-1.656,27.031,30.596,1.321,165257898273.689,27.392,IRQ
2014,Iraq,4.677,,,,,,,,,,IRQ2014,2.236,228415656174.957,6249.392,10.59,18.289,-4.807,2.264,6.942,25.709,39.169,0.915,227112056174.957,,IRQ
2012,Iraq,4.817,,,,,,,,,,IRQ2012,6.089,218002476129.472,6477.596,7.965,10.907,2.67,13.936,13.551,,,,219061676129.629,,IRQ
2011,Iraq,4.882,,,,,,,,,,IRQ2011,5.801,185749664444.444,5775.542,8.191,-8.468,24.689,7.546,14.065,,,,185512264444.444,,IRQ
2024,Ireland,6.889,6.801,6.977,1.988,1.659,0.823,0.906,0.179,0.382,0.952,IRL2024,2.113,,,4.369,,,,,,,,,,IRL
2023,Ireland,6.838,6.749,6.927,2.129,1.39,0.7,0.758,0.205,0.418,1.239,IRL2023,6.299,551394889339.778,103887.8,4.288,,3.622,-5.53,8.115,,,,419845585586.835,,IRL
2022,Ireland,6.911,6.825,6.996,2.152,1.425,0.539,0.656,0.186,0.409,1.545,IRL2022,7.829,548570250341.987,106194.756,4.501,,6.763,8.62,8.828,19.235,21.561,16.786,382869674217.081,45.4,IRL
2021,Ireland,7.041,6.961,7.121,2.129,1.166,0.779,0.627,0.19,0.408,1.743,IRL2021,2.34,531306516907.984,105561.137,6.364,,1.098,16.256,12.256,22.221,21.409,16.593,383333737150.831,62.167,IRL
2020,Ireland,7.085,7.006,7.164,1.644,1.092,0.753,0.606,0.238,0.367,2.384,IRL2020,-0.326,436555518400.451,87567.115,5.623,,-1.924,7.158,-6.713,25.094,21.12,15.905,324405107692.09,70.005,IRL
2019,Ireland,7.094,7.016,7.172,1.447,1.471,0.976,0.588,0.295,0.373,1.944,IRL2019,0.938,407124824064.995,82508.466,4.95,,3.392,5.041,-20.562,22.003,23.356,17.357,309776780487.207,68.21,IRL
2018,Ireland,7.021,,,,,,,,,,IRL2018,0.471,395461216460.418,81248.314,5.741,,0.924,7.544,4.537,23.073,23.875,17.64,300093279897.474,73.354,IRL
2017,Ireland,6.977,,,,,,,,,,IRL2017,0.362,348532394023.595,72499.327,6.713,,1.5,10.05,1.648,23.736,23.972,17.613,268367803612.568,73.985,IRL
2016,Ireland,6.977,,,,,,,,,,IRL2016,0.02,305733136180.907,64292.66,8.374,,0.119,1.223,-1.19,25.714,25.661,18.631,243380813400.78,83.489,IRL
2015,Ireland,6.907,,,,,,,,,,IRL2015,-0.331,302391428540.035,64311.823,9.908,,8.908,24.616,6.166,26.563,25.053,18.111,225197829191.13,85.458,IRL
2014,Ireland,6.94,,,,,,,,,,IRL2014,0.191,266787238499.03,57278.259,11.858,,0.261,9.336,2.075,34.355,31.634,22.46,219734367164.689,117.757,IRL
2012,Ireland,7.076,,,,,,,,,,IRL2012,1.695,227270922957.327,49411.739,15.451,,2.435,-0.399,-3.392,39.923,32.07,22.307,181973474361.183,128.785,IRL
2011,Ireland,7.284,,,,,,,,,,IRL2011,2.549,241337364609.738,52692.781,15.354,,1.865,1.649,1.172,44.404,31.601,21.646,194723926224.465,110.569,IRL
2024,Israel,7.234,7.168,7.301,1.695,1.743,0.824,0.74,0.144,0.193,1.895,ISR2024,3.071,,,3.15,,,,,,,,,,ISR
2023,Israel,7.341,7.277,7.405,1.803,1.513,0.74,0.641,0.153,0.193,2.298,ISR2023,4.225,513611100815.691,52642.427,3.596,,4.266,2.423,3.622,37.333,30.279,22.075,506703670405.958,,ISR
2022,Israel,7.473,7.411,7.535,1.833,1.521,0.577,0.569,0.124,0.158,2.691,ISR2022,4.394,525000415276.678,54930.726,3.695,-1.688,4.726,6.47,3.258,35.258,33.254,25.01,520492108611.226,,ISR
2021,Israel,7.364,7.301,7.426,1.826,1.221,0.818,0.568,0.155,0.143,2.634,ISR2021,1.51,489708278893.053,52255.616,4.812,1.01,2.07,9.344,3.259,38.202,32.693,24.571,482170209223.983,,ISR
2020,Israel,7.157,7.09,7.224,1.376,1.074,0.788,0.509,0.208,0.119,3.083,ISR2020,-0.614,411728563086.632,44679.772,4.169,2.314,0.971,-1.465,4.053,41.699,30.318,21.987,407899013182.635,,ISR
2019,Israel,7.129,7.045,7.212,1.216,1.403,1.008,0.421,0.267,0.1,2.713,ISR2019,0.85,399651065197.871,44140.829,3.731,1.601,1.902,3.785,3.344,35.338,30.831,22.271,397736725276.623,,ISR
2018,Israel,7.139,,,,,,,,,,ISR2018,0.794,375149611117.199,42233.261,3.917,2.806,0.654,4.074,2.906,35.929,31.474,22.789,374876745460.837,,ISR
2017,Israel,7.19,,,,,,,,,,ISR2017,0.259,357227098125.658,40997.911,4.14,3.456,0.04,4.273,3.697,35.667,33.063,24.311,355438750393.854,,ISR
2016,Israel,7.213,,,,,,,,,,ISR2016,-0.552,320958936788.842,37556.627,4.723,3.03,0.378,4.367,3.969,34.583,31.647,23.124,318071673537.759,,ISR
2015,Israel,7.267,,,,,,,,,,ISR2015,-0.601,302722655203.465,36123.991,5.176,1.099,2.335,2.314,5.331,34.543,31.876,23.12,300150272715.578,,ISR
2014,Israel,7.278,,,,,,,,,,ISR2014,0.48,314090281098.682,38230.495,5.789,3.228,0.658,3.885,4.177,34.977,31.628,22.872,312212949125.541,,ISR
2012,Israel,7.301,,,,,,,,,,ISR2012,1.679,262917911696.944,33236.573,6.762,,3.329,2.541,0.374,36.343,30.601,21.66,256294768864.588,,ISR
2011,Israel,7.199,,,,,,,,,,ISR2011,3.485,267406179630.431,34433.823,7.139,,1.467,5.563,1.701,36.201,31.312,22.252,263882192674.99,,ISR
2024,Italy,6.415,6.309,6.521,1.724,1.526,0.852,0.641,0.082,0.071,1.517,ITA2024,0.982,,,6.778,,,,,,,,,,ITA
2023,Italy,6.324,6.211,6.436,1.8,1.328,0.72,0.513,0.112,0.074,1.777,ITA2023,5.622,2300941152991.81,39003.316,7.627,-0.875,5.819,0.698,-0.011,47.605,39.342,24.878,2250908366681.8,,ITA
2022,Italy,6.405,6.298,6.511,1.832,1.365,0.559,0.438,0.097,0.063,2.052,ITA2022,8.201,2102995942720.44,35635.744,8.069,-1.251,3.56,4.662,-1.559,48.395,39.628,24.619,2085487745453.12,,ITA
2021,Italy,6.467,6.363,6.57,1.834,1.052,0.801,0.412,0.085,0.059,2.222,ITA2021,1.874,2179207773596.09,36852.543,9.497,0.733,1.283,8.931,2.366,49.653,40.335,24.877,2182382012040.27,,ITA
2020,Italy,6.483,6.395,6.572,1.393,0.94,0.798,0.379,0.133,0.047,2.794,ITA2020,-0.138,1907481094079.23,32091.487,9.164,0.739,1.577,-8.868,3.937,50.344,40.595,24.846,1921655176693.23,,ITA
2019,Italy,6.387,6.303,6.472,1.236,1.347,1.023,0.321,0.17,0.04,2.25,ITA2019,0.611,2019606796583.53,33812.789,9.951,1.539,1.047,0.429,3.234,42.295,40.086,24.662,2027301728521.57,,ITA
2018,Italy,6.223,,,,,,,,,,ITA2018,1.137,2099435266458.67,34746.344,10.61,1.592,1.071,0.827,2.571,42.503,39.29,24.244,2115040163160.31,,ITA
2017,Italy,6.0,,,,,,,,,,ITA2017,1.227,1970720904584.71,32554.147,11.211,2.275,0.71,1.604,2.48,42.947,39.424,24.697,1972735013154.24,,ITA
2016,Italy,5.964,,,,,,,,,,ITA2016,-0.094,1887111188176.93,31126.325,11.688,2.22,1.248,1.236,2.461,43.201,39.889,25.083,1882461088199.89,,ITA
2015,Italy,5.977,,,,,,,,,,ITA2015,0.039,1845428048839.1,30387.129,11.896,3.32,0.783,0.886,1.233,43.529,39.818,24.839,1823940445540.23,,ITA
2014,Italy,5.948,,,,,,,,,,ITA2014,0.241,2173255507985.84,35750.72,12.683,3.929,0.903,-0.001,1.71,43.57,39.933,24.969,2162198263107.91,,ITA
2012,Italy,6.021,,,,,,,,,,ITA2012,3.041,2097929495121.68,35235.799,10.655,3.461,1.702,-3.125,-0.215,43.499,39.754,24.911,2084406708913.59,,ITA
2011,Italy,6.578,,,,,,,,,,ITA2011,2.781,2306974020278.21,38851.388,8.359,2.822,1.729,0.695,-2.742,41.828,38.368,23.691,2289189703989.3,,ITA
2024,Jamaica,5.87,5.563,6.178,1.182,1.545,0.504,0.869,0.075,0.019,1.676,JAM2024,5.412,,,4.885,,,,,,,,,,JAM
2023,Jamaica,5.842,5.624,6.059,1.28,1.324,0.567,0.647,0.089,0.028,1.907,JAM2023,6.474,19423355409.232,6839.725,4.4,-0.031,11.687,2.2,2.929,,,,19134255409.232,,JAM
2022,Jamaica,5.703,5.529,5.876,1.305,1.329,0.411,0.587,0.079,0.039,1.954,JAM2022,10.35,17097760723.92,6022.153,4.083,-1.235,12.798,5.222,-0.798,,,,16744360723.92,,JAM
2021,Jamaica,5.85,5.676,6.023,1.296,1.045,0.646,0.567,0.08,0.053,2.164,JAM2021,5.863,14657586127.033,5165.338,5.188,3.786,7.426,4.601,1.018,,,,14238986127.033,,JAM
2020,Jamaica,6.309,6.004,6.615,0.891,0.932,0.599,0.618,0.099,0.035,3.135,JAM2020,5.227,13812421803.408,4879.44,6.501,8.309,3.464,-9.92,-1.136,29.83,29.254,25.709,13358021803.408,106.282,JAM
2019,Jamaica,5.89,5.653,6.126,0.779,1.408,0.788,0.553,0.116,0.03,2.214,JAM2019,3.905,15830766570.727,5607.243,4.987,9.513,3.183,0.892,-1.912,25.79,30.788,27.454,15389266570.727,92.246,JAM
2018,Jamaica,5.89,,,,,,,,,,JAM2018,3.737,15730792835.581,5578.103,5.47,8.668,4.993,1.89,-1.493,26.558,31.027,26.781,15134792835.581,,JAM
2017,Jamaica,5.89,,,,,,,,,,JAM2017,4.378,14808985171.344,5259.313,7.399,7.842,6.55,0.997,-2.684,26.662,29.592,26.221,14387985171.344,102.464,JAM
2016,Jamaica,5.311,,,,,,,,,,JAM2016,2.351,14077096714.128,5009.795,8.634,11.297,4.664,1.375,-0.309,26.201,28.387,26.027,13482096714.128,122.656,JAM
2015,Jamaica,5.51,,,,,,,,,,JAM2015,3.692,14188936958.434,5062.896,8.825,9.677,6.655,0.921,-3.031,25.786,27.465,24.815,13748936958.434,124.648,JAM
2014,Jamaica,5.709,,,,,,,,,,JAM2014,8.274,13899217721.682,4975.113,9.046,9.62,6.93,0.69,-8.017,25.68,26.702,24.053,13600817721.682,132.414,JAM
2012,Jamaica,5.374,,,,,,,,,,JAM2012,6.874,14807086555.528,5340.833,8.695,10.375,6.572,-0.614,-9.726,27.51,26.229,24.333,14607486110.222,137.935,JAM
2011,Jamaica,6.208,,,,,,,,,,JAM2011,7.556,14444661522.146,5232.636,8.034,12.962,5.796,1.73,-14.283,28.201,25.965,23.364,13926261521.206,133.978,JAM
2024,Japan,6.147,6.063,6.23,1.678,1.55,0.921,0.746,0.014,0.2,1.038,JPN2024,2.739,,,2.563,,,,,,,,,,JPN
2023,Japan,6.06,5.976,6.144,1.786,1.354,0.785,0.632,0.023,0.219,1.261,JPN2023,3.268,4204494802431.55,33766.527,2.6,,3.793,1.679,3.786,,,,4453892010756.24,,JPN
2022,Japan,6.129,6.047,6.211,1.825,1.396,0.622,0.556,0.009,0.207,1.513,JPN2022,2.498,4256410760723.75,34017.272,2.6,,0.334,0.955,2.118,20.961,,,4515110236512.52,216.213,JPN
2021,Japan,6.039,5.959,6.119,1.835,1.089,0.866,0.537,0.007,0.218,1.487,JPN2021,-0.233,5034620784584.98,40058.537,2.828,,-0.19,2.559,3.903,21.638,,,5275289207258.22,216.329,JPN
2020,Japan,5.94,5.861,6.02,1.389,0.949,0.838,0.504,0.02,0.192,2.048,JPN2020,-0.025,5055587093501.59,40040.766,2.809,,0.941,-4.147,2.968,23.599,,,5241005753827.88,215.756,JPN
2019,Japan,5.871,5.79,5.952,1.267,1.332,1.073,0.495,0.036,0.181,1.486,JPN2019,0.469,5117993853016.51,40415.957,2.351,,0.635,-0.402,3.451,16.424,,,5318494421653.03,198.01,JPN
2018,Japan,5.886,,,,,,,,,,JPN2018,0.989,5040880939324.86,39751.133,2.467,,-0.0,0.643,3.517,16.071,,,5233677416722.46,197.336,JPN
2017,Japan,5.915,,,,,,,,,,JPN2017,0.484,4930837369151.42,38834.053,2.822,1.069,-0.074,1.675,4.12,16.195,,,5113251596855.53,193.489,JPN
2016,Japan,5.92,,,,,,,,,,JPN2016,-0.127,5003677627544.24,39375.473,3.132,0.622,0.42,0.754,3.938,16.711,,,5177794688417.2,193.23,JPN
2015,Japan,5.921,,,,,,,,,,JPN2015,0.795,4444930651964.18,34960.639,3.385,-0.948,2.111,1.561,3.07,16.974,,,4619771168713.41,194.584,JPN
2014,Japan,5.987,,,,,,,,,,JPN2014,2.759,4896994405353.29,38475.395,3.589,-0.459,1.686,0.296,0.742,17.574,,,5079021304760.51,192.113,JPN
2012,Japan,6.064,,,,,,,,,,JPN2012,-0.044,6272362996105.03,49145.28,4.358,2.18,-0.756,1.375,0.958,18.112,,,6445536590964.04,183.706,JPN
2011,Japan,6.059,,,,,,,,,,JPN2011,-0.272,6233147172341.35,48760.079,4.55,3.174,-1.622,0.024,2.079,18.596,,,6414396892358.66,175.568,JPN
2024,Jordan,4.31,4.193,4.426,1.158,1.202,0.573,0.7,0.051,0.164,0.461,JOR2024,,,,17.996,,,,,,,,,,JOR
2023,Jordan,4.186,4.066,4.306,1.262,0.983,0.594,0.593,0.059,0.189,0.504,JOR2023,2.085,50967475352.113,4455.505,17.969,7.038,1.79,2.678,-3.748,28.505,23.302,17.09,50463109154.93,103.091,JOR
2022,Jordan,4.12,3.997,4.242,1.292,0.98,0.438,0.517,0.056,0.173,0.663,JOR2022,4.229,48764963380.282,4332.252,18.2,4.631,2.616,2.647,-7.823,28.796,23.458,17.468,48259188732.394,100.908,JOR
2021,Jordan,4.152,4.029,4.276,1.324,0.724,0.675,0.476,0.058,0.2,0.695,JOR2021,1.346,46296100140.845,4183.5,19.837,4.708,2.204,3.656,-8.03,,,,46064410000.0,,JOR
2020,Jordan,4.395,4.273,4.516,0.89,0.685,0.583,0.455,0.079,0.15,1.553,JOR2020,0.333,43700383098.592,4022.04,19.213,8.248,-0.709,-1.103,-5.732,28.165,20.105,15.981,43576298591.549,75.966,JOR
2019,Jordan,4.633,4.518,4.749,0.785,1.14,0.778,0.425,0.091,0.152,1.262,JOR2019,0.762,44503006338.028,4170.114,16.801,7.755,0.844,1.751,-1.737,26.248,22.046,14.814,44510471126.761,79.345,JOR
2018,Jordan,4.906,,,,,,,,,,JOR2018,4.462,43370860704.225,4145.44,18.257,6.247,2.273,1.919,-6.831,26.292,23.434,14.729,43171142394.366,,JOR
2017,Jordan,5.161,,,,,,,,,,JOR2017,3.324,41608435915.493,4065.616,18.12,6.494,1.784,2.474,-10.558,25.559,22.738,14.702,41401816901.408,75.381,JOR
2016,Jordan,5.336,,,,,,,,,,JOR2016,-0.778,39892551126.761,3986.717,15.275,6.662,1.362,1.994,-9.656,25.858,22.009,15.021,39586916901.408,74.072,JOR
2015,Jordan,5.303,,,,,,,,,,JOR2015,-0.877,38587017887.324,4042.757,13.075,6.173,2.17,2.497,-8.992,25.715,21.572,14.951,38153862957.746,78.861,JOR
2014,Jordan,5.192,,,,,,,,,,JOR2014,2.899,36847643521.127,4191.181,11.9,5.36,3.445,3.384,-7.078,27.488,23.053,15.432,36430961830.986,77.714,JOR
2012,Jordan,5.414,,,,,,,,,,JOR2012,4.515,31634561690.141,4169.505,12.2,3.99,4.607,2.429,-14.893,28.875,21.046,14.921,31246533521.127,65.351,JOR
2011,Jordan,5.706,,,,,,,,,,JOR2011,4.162,29524149154.93,3946.855,12.9,2.646,5.911,2.737,-10.012,28.848,20.031,14.608,29259642112.676,60.422,JOR
2024,Kazakhstan,6.378,6.294,6.462,1.586,1.688,0.504,0.878,0.111,0.118,1.492,KAZ2024,4.857,,,4.794,,,,,,,,,,KAZ
2023,Kazakhstan,6.188,6.097,6.278,1.622,1.457,0.556,0.733,0.149,0.12,1.551,KAZ2023,14.725,262641892078.524,12918.866,4.821,,9.858,5.1,-3.42,17.393,16.486,11.856,236494030772.199,20.822,KAZ
2022,Kazakhstan,6.144,6.049,6.239,1.664,1.491,0.389,0.628,0.136,0.149,1.688,KAZ2022,15.028,225496328925.494,11255.34,4.86,,19.769,3.2,2.854,16.165,16.888,12.062,199981133856.769,21.355,KAZ
2021,Kazakhstan,6.234,6.138,6.33,1.668,1.22,0.611,0.584,0.134,0.157,1.86,KAZ2021,8.041,197112255360.612,9983.601,5.546,,13.93,4.3,-1.359,17.117,12.338,9.447,172923312214.507,22.412,KAZ
2020,Kazakhstan,6.152,6.06,6.243,1.23,1.103,0.527,0.573,0.143,0.132,2.446,KAZ2020,6.718,171082365861.423,8781.508,4.89,,4.211,-2.5,-6.462,16.833,11.842,8.319,156009669230.591,23.716,KAZ
2019,Kazakhstan,6.058,5.973,6.143,1.123,1.453,0.699,0.497,0.154,0.11,2.022,KAZ2019,5.334,181667184854.501,9457.126,4.8,,7.633,4.5,-3.868,16.064,14.939,11.787,158974562541.081,18.483,KAZ
2018,Kazakhstan,5.809,,,,,,,,,,KAZ2018,6.164,179339977690.485,9472.485,4.85,,9.206,4.1,-0.985,14.705,16.004,11.718,157278679804.064,21.992,KAZ
2017,Kazakhstan,5.79,,,,,,,,,,KAZ2017,7.443,166805788827.233,8943.084,4.9,,11.211,4.1,-2.054,19.026,16.167,10.303,148657290109.179,16.93,KAZ
2016,Kazakhstan,5.819,,,,,,,,,,KAZ2016,14.361,137278320084.171,7475.567,4.96,,13.638,1.1,-5.073,16.331,13.748,9.924,123828020084.171,16.769,KAZ
2015,Kazakhstan,5.919,,,,,,,,,,KAZ2015,6.678,184388404706.042,10196.123,4.93,,1.824,1.2,-5.412,15.487,13.666,9.836,172770506433.204,19.308,KAZ
2014,Kazakhstan,5.855,,,,,,,,,,KAZ2014,6.849,221415613595.469,12427.709,5.06,,5.771,4.2,-1.288,15.309,19.454,14.193,198714509414.101,12.647,KAZ
2012,Kazakhstan,5.671,,,,,,,,,,KAZ2012,5.196,207998568865.789,12018.797,5.29,,4.786,4.8,1.264,15.796,22.524,13.312,179881468864.113,10.498,KAZ
2011,Kazakhstan,5.594,,,,,,,,,,KAZ2011,8.453,192626464617.071,11287.146,5.39,,20.543,7.4,7.303,15.207,24.003,18.258,164881370862.216,8.801,KAZ
2024,Kenya,4.51,4.384,4.636,0.994,1.047,0.448,0.649,0.22,0.073,1.079,KEN2024,4.49,,,5.434,,,,,,,,,,KEN
2023,Kenya,4.47,4.344,4.595,1.037,0.895,0.353,0.519,0.282,0.069,1.316,KEN2023,7.671,108038588970.595,1952.305,5.567,7.05,6.108,5.556,-3.996,27.706,18.546,13.993,106151840150.547,,KEN
2022,Kenya,4.487,4.357,4.616,1.051,0.881,0.19,0.418,0.291,0.055,1.601,KEN2022,7.66,114448978152.637,2109.563,5.707,5.029,6.957,4.86,-5.146,25.063,17.883,14.599,112689233872.207,,KEN
2021,Kenya,4.543,4.403,4.683,1.032,0.605,0.401,0.44,0.322,0.082,1.661,KEN2021,6.108,109703658904.994,2061.356,5.693,7.428,4.331,7.59,-5.102,23.591,17.345,13.555,108174641713.497,,KEN
2020,Kenya,4.607,4.466,4.747,0.603,0.508,0.385,0.483,0.375,0.073,2.18,KEN2020,5.405,100657505750.545,1927.665,5.619,6.715,4.949,-0.273,-3.706,19.994,17.659,14.3,99981709856.894,,KEN
2019,Kenya,4.583,4.45,4.716,0.476,0.905,0.536,0.519,0.394,0.067,1.685,KEN2019,5.24,100378436207.371,1960.408,5.014,7.831,4.275,5.114,-5.239,18.798,19.098,15.1,98773632628.933,,KEN
2018,Kenya,4.509,,,,,,,,,,KEN2018,4.69,92202979985.286,1836.453,4.284,8.488,4.215,5.648,-5.411,23.635,18.679,14.361,90812279975.038,,KEN
2017,Kenya,4.41,,,,,,,,,,KEN2017,8.006,82036510877.26,1667.484,3.541,5.657,7.582,3.838,-6.997,25.129,21.146,15.052,80475458830.12,,KEN
2016,Kenya,4.553,,,,,,,,,,KEN2016,6.297,74815144163.893,1554.126,2.757,10.118,5.85,4.214,-5.397,22.191,19.066,14.966,73804818194.574,,KEN
2015,Kenya,4.356,,,,,,,,,,KEN2015,6.582,70120446896.836,1489.12,2.762,6.269,9.239,4.968,-6.305,20.715,19.352,14.839,63195136105.883,,KEN
2014,Kenya,4.419,,,,,,,,,,KEN2014,6.878,68285796514.29,1482.816,2.768,8.249,7.635,5.02,-9.34,20.537,19.562,15.187,60579831275.536,,KEN
2012,Kenya,4.403,,,,,,,,,,KEN2012,9.378,56396704671.578,1285.005,2.682,9.314,9.523,4.569,-7.476,,,,50187341471.216,,KEN
2011,Kenya,4.18,,,,,,,,,,KEN2011,14.022,46869473150.61,1096.145,2.704,4.526,10.065,5.121,-8.149,,,,41961926464.549,,KEN
2024,Kosovo,6.659,6.557,6.761,1.281,1.454,0.896,0.893,0.201,0.087,1.847,XKX2024,1.619,,,,,,,,,,,,,XKX
2023,Kosovo,6.561,6.455,6.667,1.364,1.277,0.599,0.739,0.254,0.073,2.255,XKX2023,4.944,10468219225.487,5960.158,,,4.564,4.068,-7.5,,,,10683305468.742,,XKX
2022,Kosovo,6.368,6.25,6.485,1.374,1.269,0.372,0.639,0.275,0.045,2.393,XKX2022,11.581,9354903061.89,5290.947,,,7.199,4.278,-10.511,,,,9476376882.921,,XKX
2021,Kosovo,6.455,6.339,6.571,1.362,0.949,0.569,0.599,0.309,0.035,2.631,XKX2021,3.354,9413403724.019,5270.427,,,6.116,10.746,-8.693,,,,9592462889.338,,XKX
2020,Kosovo,6.372,6.257,6.487,0.937,0.807,0.483,0.593,0.356,0.014,3.182,XKX2020,0.198,7717145217.812,4310.888,,,1.381,-5.34,-7.012,,,,7904028034.987,,XKX
2019,Kosovo,6.325,6.223,6.428,0.84,1.184,0.673,0.557,0.325,0.009,2.737,XKX2019,2.676,7899737577.473,4415.997,,,0.963,4.757,-5.661,,,,8079554105.614,,XKX
2018,Kosovo,6.1,,,,,,,,,,XKX2018,1.054,7878759714.823,4384.186,,5.079,1.499,3.407,-7.622,,,,8012300817.338,,XKX
2017,Kosovo,5.662,,,,,,,,,,XKX2017,1.488,7180764703.357,4009.318,,6.365,0.44,4.826,-5.263,,,,7324662733.872,,XKX
2016,Kosovo,5.279,,,,,,,,,,XKX2016,0.273,6682677289.99,3759.45,,6.616,0.779,5.572,-7.934,,,,6765147256.927,,XKX
2015,Kosovo,5.401,,,,,,,,,,XKX2015,-0.537,6295848422.716,3520.629,,7.666,0.608,5.916,-8.694,,,,6398632302.817,,XKX
2014,Kosovo,5.589,,,,,,,,,,XKX2014,0.429,7074394734.884,3902.494,,8.871,1.601,3.349,-7.091,,,,7225543489.813,,XKX
2012,Kosovo,5.222,,,,,,,,,,XKX2012,2.477,6163484244.634,3410.656,,8.829,3.525,1.712,-6.161,,,,6360842590.237,,XKX
2011,Kosovo,5.42,,,,,,,,,,XKX2011,7.336,6341613609.98,3538.948,,7.028,6.304,6.32,-13.332,,,,6496425181.024,,XKX
2024,Kuwait,6.629,6.52,6.738,1.691,1.481,0.766,0.934,0.143,0.167,1.448,KWT2024,2.899,,,2.144,,,,,,,,,,KWT
2023,Kuwait,6.951,6.843,7.06,1.845,1.364,0.661,0.827,0.2,0.172,1.884,KWT2023,3.642,163704878875.85,33729.799,2.127,13.26,-7.357,-3.64,31.396,,,,195985100891.899,,KWT
2021,Kuwait,6.106,5.977,6.235,1.904,0.983,0.747,0.617,0.087,0.147,1.621,KWT2021,3.424,148459291453.471,34043.542,3.002,-19.469,28.777,2.261,23.537,,,,172593781562.64,,KWT
2020,Kuwait,6.106,5.977,6.235,1.461,0.857,0.58,0.591,0.12,0.13,2.368,KWT2020,2.102,111045470461.207,25236.076,3.557,24.657,-16.459,-4.817,19.838,,,,127412093261.493,,KWT
2019,Kuwait,6.102,5.998,6.207,1.425,1.245,0.776,0.57,0.133,0.113,1.84,KWT2019,1.092,140856394870.02,31707.874,2.251,4.927,-0.11,2.264,21.479,,,,161059878933.509,,KWT
2018,Kuwait,6.021,,,,,,,,,,KWT2018,0.543,138646316321.596,32067.962,2.204,-5.815,11.299,2.743,17.346,,,,156983445241.041,,KWT
2017,Kuwait,6.083,,,,,,,,,,KWT2017,2.172,120687539675.517,29047.654,2.227,-9.925,16.231,-4.712,6.427,,,,139464096588.1,,KWT
2016,Kuwait,6.105,,,,,,,,,,KWT2016,3.198,109406674087.947,27323.689,2.16,12.145,-6.838,2.926,0.587,,,,122185300046.006,,KWT
2015,Kuwait,6.239,,,,,,,,,,KWT2015,3.272,114585555830.916,29882.213,2.2,40.86,-25.958,0.593,7.492,,,,127279526145.746,,KWT
2014,Kuwait,6.295,,,,,,,,,,KWT2014,2.909,162650450784.686,44368.781,2.9,11.826,-6.758,0.501,33.179,,,,178291579838.843,,KWT
2012,Kuwait,6.515,,,,,,,,,,KWT2012,3.255,174047662555.419,52155.223,2.231,-2.329,7.487,6.626,45.46,,,,183196516346.594,,KWT
2011,Kuwait,6.574,,,,,,,,,,KWT2011,4.839,154039231299.128,49169.606,2.053,-10.266,17.228,9.629,42.941,,,,163069653850.474,,KWT
2024,Kyrgyzstan,5.858,5.778,5.938,1.032,1.715,0.647,0.981,0.169,0.053,1.261,KGZ2024,,,,3.289,,,,,,,,,,KGZ
2023,Kyrgyzstan,5.714,5.632,5.795,1.054,1.477,0.588,0.834,0.225,0.03,1.505,KGZ2023,10.753,13987627908.838,1970.158,3.991,5.017,13.416,6.151,,25.727,33.283,21.281,13793509245.948,44.0,KGZ
2022,Kyrgyzstan,5.825,5.737,5.913,1.061,1.439,0.417,0.735,0.234,0.018,1.92,KGZ2022,13.923,12134931017.946,1739.72,4.043,-0.829,19.657,8.968,-42.684,23.832,29.879,19.542,11864509827.153,47.085,KGZ
2021,Kyrgyzstan,5.828,5.741,5.916,1.069,1.109,0.638,0.693,0.208,0.025,2.087,KGZ2021,11.905,9249133946.265,1349.997,4.096,0.543,15.993,5.507,-7.976,23.405,27.312,16.491,8626877845.066,56.362,KGZ
2020,Kyrgyzstan,5.744,5.653,5.834,0.665,0.971,0.501,0.673,0.266,0.02,2.648,KGZ2020,6.325,8270468614.241,1229.518,4.63,11.103,5.34,-7.149,4.525,25.776,24.629,14.036,8014044231.285,67.956,KGZ
2019,Kyrgyzstan,5.542,5.456,5.627,0.513,1.341,0.681,0.615,0.301,0.03,2.06,KGZ2019,1.134,9371275264.367,1421.999,4.295,8.365,9.811,4.601,-11.384,23.212,25.811,15.964,8591968638.366,51.333,KGZ
2018,Kyrgyzstan,5.261,,,,,,,,,,KGZ2018,1.543,8271106235.416,1283.52,3.67,15.53,3.447,3.758,-11.628,25.485,28.004,17.999,8020105523.914,51.657,KGZ
2017,Kyrgyzstan,5.131,,,,,,,,,,KGZ2017,3.175,7702938379.42,1221.391,3.57,12.689,6.327,4.74,-6.953,26.05,27.97,17.046,7331338207.041,60.918,KGZ
2016,Kyrgyzstan,5.004,,,,,,,,,,KGZ2016,0.389,6813095379.119,1103.275,3.474,17.427,6.051,4.336,-11.628,27.035,28.131,16.949,6455295204.83,60.474,KGZ
2015,Kyrgyzstan,5.185,,,,,,,,,,KGZ2015,6.503,6678177511.663,1105.652,3.338,19.533,3.427,3.876,-15.759,27.242,30.066,16.802,6417477543.552,72.457,KGZ
2014,Kyrgyzstan,5.286,,,,,,,,,,KGZ2014,7.534,7468102412.682,1264.527,3.262,10.809,8.415,4.024,-17.424,25.998,29.449,17.549,7159302170.583,53.889,KGZ
2012,Kyrgyzstan,5.042,,,,,,,,,,KGZ2012,2.768,6605142884.362,1168.622,3.114,13.198,8.656,-0.088,-15.525,,,,6435842809.788,,KGZ
2011,Kyrgyzstan,4.828,,,,,,,,,,KGZ2011,16.636,6197765984.285,1117.402,2.999,1.059,22.482,5.956,-7.697,,,,5538865998.781,,KGZ
2024,Lao PDR,5.301,5.179,5.422,1.122,1.01,0.493,0.916,0.145,0.164,1.452,LAO2024,23.131,,,1.218,,,,,,,,,,LAO
2023,Lao PDR,5.139,5.017,5.261,1.208,0.846,0.423,0.796,0.17,0.167,1.529,LAO2023,31.23,15843155731.255,2066.95,1.188,,24.422,3.746,2.553,,,,14685693869.025,,LAO
2022,Lao PDR,5.111,4.952,5.269,1.232,0.853,0.257,0.715,0.185,0.162,1.707,LAO2022,22.956,15468785203.753,2046.404,1.209,,15.774,2.707,-2.966,10.316,13.914,12.113,14311266175.742,,LAO
2021,Lao PDR,5.14,5.018,5.263,1.239,0.654,0.479,0.679,0.197,0.184,1.709,LAO2021,3.756,18827148530.935,2526.051,2.066,,3.713,2.528,2.293,10.763,12.821,10.391,17754927767.604,,LAO
2020,Lao PDR,5.03,4.941,5.119,0.808,0.598,0.33,0.643,0.268,0.179,2.204,LAO2020,5.104,18981805250.242,2583.777,2.361,,5.035,0.503,-1.604,11.448,11.22,9.402,17853654979.943,,LAO
2019,Lao PDR,4.889,4.81,4.968,0.715,0.987,0.486,0.612,0.273,0.194,1.621,LAO2019,3.323,18740561512.556,2589.321,2.537,,1.197,5.458,-7.041,12.448,13.961,11.466,17656111399.749,,LAO
2018,Lao PDR,4.796,,,,,,,,,,LAO2018,2.04,18141641089.796,2545.108,2.9,,1.92,6.248,-9.089,12.31,14.322,11.721,17355911535.641,,LAO
2017,Lao PDR,4.623,,,,,,,,,,LAO2017,0.825,17071155481.499,2432.431,3.268,,1.852,6.893,-7.38,12.336,14.621,12.239,16170183136.76,,LAO
2015,Lao PDR,4.876,,,,,,,,,,LAO2015,1.277,14426380125.649,2121.013,2.494,,2.348,7.27,-15.718,14.892,15.807,13.506,13784824955.513,,LAO
2014,Lao PDR,4.876,,,,,,,,,,LAO2014,4.129,13279245886.385,1981.039,2.119,,5.727,7.612,-14.492,15.486,16.093,13.83,12693401481.315,,LAO
2012,Lao PDR,4.787,,,,,,,,,,LAO2012,4.255,10192846339.403,1563.565,1.399,,7.529,8.026,-7.313,10.985,15.228,13.605,9584409923.897,,LAO
2011,Lao PDR,5.161,,,,,,,,,,LAO2011,7.569,8750104617.173,1361.547,1.055,,10.469,8.039,-2.358,10.743,14.491,13.146,8157259575.129,,LAO
2024,Latvia,6.207,6.123,6.292,1.619,1.711,0.503,0.789,0.108,0.082,1.396,LVA2024,1.266,,,6.72,,,,,,,,,,LVA
2023,Latvia,6.234,6.155,6.314,1.7,1.508,0.564,0.666,0.127,0.078,1.59,LVA2023,8.938,42247850064.512,22502.843,6.465,,6.407,1.707,-3.936,34.626,32.393,16.842,43719961550.325,,LVA
2022,Latvia,6.213,6.131,6.295,1.737,1.505,0.405,0.58,0.107,0.071,1.808,LVA2022,17.31,38018905782.397,20229.461,6.815,,9.836,1.813,-5.477,36.339,30.926,17.148,40324774809.704,,LVA
2021,Latvia,6.18,6.106,6.255,1.732,1.221,0.637,0.502,0.075,0.09,1.923,LVA2021,3.276,38185125732.945,20262.843,7.513,,3.298,6.947,-4.136,38.525,30.802,16.453,38710728430.302,,LVA
2020,Latvia,6.032,5.961,6.103,1.285,1.047,0.587,0.405,0.082,0.089,2.536,LVA2020,0.219,33379927434.615,17564.232,8.098,,2.393,-3.469,3.093,36.219,31.352,16.282,34385289591.908,,LVA
2019,Latvia,5.95,5.882,6.018,1.141,1.414,0.778,0.329,0.075,0.09,2.121,LVA2019,2.811,33099503950.847,17294.975,6.312,,4.316,0.675,-0.174,31.765,29.645,16.2,33726980608.337,,LVA
2018,Latvia,5.94,,,,,,,,,,LVA2018,2.534,33247935477.358,17252.171,7.412,,3.74,4.31,-0.384,30.651,29.498,16.2,33883344508.494,,LVA
2017,Latvia,5.933,,,,,,,,,,LVA2017,2.93,29391059767.426,15132.496,8.715,,2.709,3.399,1.533,30.426,29.584,17.206,30407324342.822,,LVA
2016,Latvia,5.85,,,,,,,,,,LVA2016,0.141,27117105059.508,13838.527,9.643,,0.608,2.552,1.757,30.689,29.859,17.232,28043520978.381,,LVA
2015,Latvia,5.56,,,,,,,,,,LVA2015,0.174,26344565876.89,13321.975,9.873,,0.387,3.783,-0.126,31.234,28.814,16.374,27135722905.27,,LVA
2014,Latvia,5.098,,,,,,,,,,LVA2014,0.62,30277203767.406,15185.815,10.846,,1.67,2.095,-1.541,32.282,28.961,16.174,31426977355.703,,LVA
2012,Latvia,5.046,,,,,,,,,,LVA2012,2.258,27116149948.668,13329.35,15.047,,2.879,7.305,-3.87,31.934,28.79,15.447,27972506725.584,,LVA
2011,Latvia,4.762,,,,,,,,,,LVA2011,4.371,26575547900.825,12902.574,16.206,,4.708,3.036,-3.55,35.15,28.553,15.035,27444998699.803,,LVA
2024,Lebanon,3.188,3.098,3.277,1.223,0.984,0.44,0.279,0.071,0.041,0.15,LBN2024,,,,,,,,,,,,,,LBN
2023,Lebanon,2.707,2.616,2.797,1.377,0.577,0.556,0.173,0.068,0.029,-0.073,LBN2023,221.342,,,11.543,,,,-28.104,,,,,,LBN
2022,Lebanon,2.392,2.305,2.479,1.417,0.476,0.398,0.123,0.061,0.027,-0.11,LBN2022,171.205,20992421948.808,3654.358,11.6,,112.149,-0.622,-34.606,,,,20158671948.808,,LBN
2021,Lebanon,2.955,2.862,3.049,1.392,0.498,0.631,0.103,0.082,0.034,0.216,LBN2021,154.756,23131941556.784,4045.374,12.669,,150.001,-7.001,-19.698,6.296,6.868,5.685,21239241556.784,,LBN
2020,Lebanon,4.584,4.477,4.691,1.045,0.868,0.595,0.175,0.14,0.026,1.736,LBN2020,84.864,31712128253.796,5561.192,13.284,,85.542,-21.4,-8.762,14.945,11.557,8.902,30697478253.796,,LBN
2019,Lebanon,4.772,4.686,4.857,0.889,1.192,0.789,0.186,0.159,0.022,1.536,LBN2019,3.005,51605959131.274,8905.88,11.301,6.166,4.095,-6.915,-21.828,29.188,19.338,15.405,50358759131.274,,LBN
2018,Lebanon,5.197,,,,,,,,,,LBN2018,6.077,54901519155.556,9174.537,10.745,3.386,5.522,-1.885,-24.347,29.346,19.269,15.325,53788969155.556,,LBN
2017,Lebanon,5.199,,,,,,,,,,LBN2017,4.321,53027680685.904,8608.211,10.251,5.396,2.749,0.903,-22.882,25.984,19.968,15.36,52818460685.904,,LBN
2016,Lebanon,5.225,,,,,,,,,,LBN2016,-0.783,51147308774.129,8089.012,9.786,7.415,0.871,1.555,-20.478,25.847,17.74,13.525,50329518774.129,,LBN
2015,Lebanon,5.129,,,,,,,,,,LBN2015,-3.749,49929337836.816,7714.11,9.306,3.634,3.336,0.462,-17.108,22.898,17.125,13.465,49420827836.816,,LBN
2014,Lebanon,4.839,,,,,,,,,,LBN2014,1.855,48095213746.6,7577.641,8.833,7.161,0.105,2.484,-26.23,25.947,19.918,14.11,47517903746.6,,LBN
2012,Lebanon,4.931,,,,,,,,,,LBN2012,6.581,44016799515.755,8406.984,7.937,-0.22,7.486,2.565,-23.438,26.799,19.944,15.198,43812619515.755,,LBN
2011,Lebanon,5.049,,,,,,,,,,LBN2011,4.971,39927125961.526,7834.963,7.349,4.431,2.965,0.867,-13.834,26.397,21.86,16.377,39687755961.526,,LBN
2024,Lesotho,3.757,3.558,3.957,0.737,1.131,0.0,0.606,0.065,0.072,1.145,LSO2024,6.105,,,16.147,,,,,,,,,,LSO
2023,Lesotho,3.186,2.904,3.469,0.771,0.851,0.0,0.523,0.082,0.085,0.875,LSO2023,6.342,2117962450.795,916.283,16.457,11.494,-0.368,1.827,-6.991,,,,2576299023.471,,LSO
2021,Lesotho,3.512,3.276,3.748,0.839,0.848,0.0,0.419,0.076,0.018,1.312,LSO2021,6.048,2412130056.559,1066.586,18.23,4.931,3.124,2.267,-8.128,38.105,37.581,31.87,2813524924.219,,LSO
2020,Lesotho,3.512,3.276,3.748,0.451,0.731,0.007,0.405,0.103,0.015,1.8,LSO2020,4.978,2053699870.072,918.583,18.399,2.278,6.548,-8.156,-5.89,43.288,41.392,35.994,2441757550.0,2.993,LSO
2019,Lesotho,3.653,3.492,3.814,0.455,1.089,0.101,0.409,0.103,0.05,1.446,LSO2019,5.187,2390702295.828,1082.057,16.876,7.49,3.575,-1.418,-7.458,39.246,36.804,32.542,2852674377.633,32.167,LSO
2018,Lesotho,3.802,,,,,,,,,,LSO2018,4.752,2556247291.998,1170.656,16.625,-0.33,11.723,-1.481,-5.624,39.25,37.024,31.815,3042775635.892,32.845,LSO
2017,Lesotho,3.808,,,,,,,,,,LSO2017,4.448,2306741672.29,1069.367,16.401,9.373,2.019,-3.138,-9.011,39.715,38.328,33.007,2620025914.527,37.368,LSO
2016,Lesotho,3.808,,,,,,,,,,LSO2016,6.597,2114426452.202,992.492,16.17,11.903,-0.292,3.609,-10.502,40.584,35.415,29.286,2400601096.793,42.06,LSO
2014,Lesotho,4.898,,,,,,,,,,LSO2014,5.37,2441063054.058,1173.538,16.104,-3.241,14.035,1.711,-8.42,38.322,42.029,36.328,2719632972.795,33.017,LSO
2012,Lesotho,4.898,,,,,,,,,,LSO2012,6.051,2477702216.269,1217.931,15.813,7.768,2.182,6.334,-18.765,40.055,43.766,38.084,2892666013.151,32.184,LSO
2024,Liberia,4.277,4.111,4.444,0.582,0.888,0.324,0.653,0.143,0.068,1.618,LBR2024,,,,2.882,,,,,,,,,,LBR
2023,Liberia,4.269,4.063,4.474,0.619,0.673,0.301,0.546,0.178,0.075,1.878,LBR2023,10.094,4240000000.0,771.887,2.933,,1.231,4.684,,,,,3967000000.0,,LBR
2022,Liberia,4.042,3.76,4.325,0.628,0.644,0.141,0.471,0.219,0.071,1.869,LBR2022,7.593,4001047000.0,744.617,2.977,,8.666,4.808,1.62,,,,3751047000.0,,LBR
2021,Liberia,5.122,4.815,5.428,0.636,0.67,0.309,0.405,0.178,0.08,2.844,LBR2021,7.816,3513049500.0,667.966,3.845,,5.354,4.987,-2.896,,,,3295000000.0,,LBR
2020,Liberia,4.625,4.417,4.833,0.228,0.58,0.253,0.43,0.221,0.057,2.857,LBR2020,16.956,3176126300.0,616.788,4.109,,-1.381,-2.982,-8.657,,,,2887982500.0,,LBR
2019,Liberia,4.558,4.397,4.719,0.174,0.921,0.392,0.406,0.227,0.051,2.387,LBR2019,26.966,3319596500.0,658.164,3.068,,-0.56,-2.467,-19.683,,,,2965834700.0,,LBR
2018,Liberia,3.975,,,,,,,,,,LBR2018,23.564,3422754800.0,692.203,3.056,,-0.21,1.158,-19.694,,,,2985754800.0,,LBR
2017,Liberia,3.495,,,,,,,,,,LBR2017,12.42,3390703400.0,699.269,3.066,16.295,-2.618,2.455,-16.68,,,,3087813500.0,,LBR
2016,Liberia,3.533,,,,,,,,,,LBR2016,8.834,3398419600.0,714.613,3.081,6.186,6.973,-1.555,-8.123,,,,3117419600.0,,LBR
2015,Liberia,3.622,,,,,,,,,,LBR2015,7.749,3227075700.0,692.59,2.557,13.535,0.063,-0.019,5.302,,,,2947075700.0,,LBR
2014,Liberia,4.571,,,,,,,,,,LBR2014,9.861,3225652000.0,706.714,2.079,12.581,0.818,0.701,-19.92,,,,2892652000.0,,LBR
2012,Liberia,4.196,,,,,,,,,,LBR2012,6.832,2791614000.0,638.369,2.146,5.307,7.797,7.994,-59.996,,,12.972,2529644000.0,20.318,LBR
2011,Liberia,4.04,,,,,,,,,,LBR2011,8.488,2398000000.0,568.088,2.211,2.549,10.923,8.201,-52.485,,,11.149,2273155200.0,21.731,LBR
2024,Libya,5.82,5.727,5.913,1.247,1.309,0.549,0.724,0.111,0.214,1.666,LBY2024,2.126,,,18.615,,,,,,,,,,LBY
2023,Libya,5.866,5.746,5.987,1.526,1.1,0.55,0.592,0.111,0.204,1.785,LBY2023,2.373,45096462972.401,6172.812,18.753,,-5.341,10.156,,,,,45309062967.041,,LBY
2021,Libya,5.33,5.118,5.543,1.476,0.943,0.606,0.477,0.106,0.179,1.544,LBY2021,2.868,35217995647.286,4935.828,19.641,,90.406,28.333,16.115,,,,34577448955.293,,LBY
2020,Libya,5.41,5.262,5.558,1.044,0.821,0.435,0.474,0.131,0.174,2.331,LBY2020,1.447,46854285440.642,6650.338,19.613,,-4.754,-29.455,-10.202,,,,47692571365.201,,LBY
2019,Libya,5.489,5.37,5.608,1.022,1.196,0.616,0.451,0.143,0.172,1.889,LBY2019,-2.162,69254496471.694,9963.195,19.05,,4.176,-11.196,6.956,,,,71084266693.748,,LBY
2018,Libya,5.525,,,,,,,,,,LBY2018,13.17,76686029772.148,11196.585,18.836,,3.598,7.941,14.704,,,,77676603170.626,,LBY
2017,Libya,5.566,,,,,,,,,,LBY2017,25.804,67157452181.774,9965.832,19.02,,1.807,32.492,6.591,,,,68439540256.274,,LBY
2016,Libya,5.525,,,,,,,,,,LBY2016,25.854,49912073701.298,7525.803,19.522,,4.692,-1.491,-9.427,,,,50662881580.357,,LBY
2015,Libya,5.615,,,,,,,,,,LBY2015,10.402,48717501321.305,7458.489,19.676,,-7.041,-0.843,-19.184,,,,49953808617.082,,LBY
2014,Libya,5.754,,,,,,,,,,LBY2014,2.433,57372355592.022,8926.421,19.308,7.078,-1.007,-23.043,-33.175,,,,57954482938.568,,LBY
2012,Libya,5.34,,,,,,,,,,LBY2012,6.06,92540938129.132,14975.89,19.03,0.017,5.982,86.827,25.758,,,,90611575226.289,,LBY
2011,Libya,5.178,,,,,,,,,,LBY2011,15.518,48169263294.101,7593.839,19.478,-14.752,24.343,-50.339,6.627,,,,48225057019.063,,LBY
2024,Lithuania,6.829,6.746,6.912,1.684,1.699,0.592,0.702,0.031,0.123,1.998,LTU2024,0.716,,,7.504,,,,,,,,,,LTU
2023,Lithuania,6.818,6.739,6.896,1.766,1.454,0.598,0.533,0.044,0.116,2.307,LTU2023,9.117,79789877416.168,27786.006,6.841,,9.022,0.342,1.101,34.1,34.043,21.418,76751468656.028,36.931,LTU
2022,Lithuania,6.763,6.677,6.849,1.808,1.511,0.432,0.487,0.059,0.089,2.377,LTU2022,19.705,71033884499.782,25085.784,5.955,,16.067,2.538,-6.085,34.046,33.134,21.282,68451885058.584,35.936,LTU
2021,Lithuania,6.446,6.356,6.535,1.804,1.204,0.659,0.496,0.053,0.077,2.153,LTU2021,4.684,67037321008.968,23934.728,7.112,,6.0,6.38,1.469,35.189,33.467,21.274,64252038543.154,47.938,LTU
2020,Lithuania,6.255,6.167,6.344,1.35,1.065,0.612,0.476,0.056,0.073,2.624,LTU2020,1.2,57412038533.272,20541.825,8.487,,2.039,0.043,7.225,38.909,32.797,20.503,55325495240.973,52.355,LTU
2019,Lithuania,6.215,6.129,6.302,1.194,1.433,0.795,0.42,0.054,0.081,2.238,LTU2019,2.335,55122066225.796,19727.761,6.255,,2.376,4.677,3.738,32.384,31.938,20.089,52901803474.706,41.798,LTU
2018,Lithuania,6.149,,,,,,,,,,LTU2018,2.698,54261795148.537,19368.539,6.147,,3.593,4.918,0.31,31.678,31.554,16.752,52084496480.765,38.079,LTU
2017,Lithuania,5.952,,,,,,,,,,LTU2017,3.723,47756764508.446,16884.71,7.073,,4.096,4.612,1.087,31.072,31.201,16.764,46031954861.718,44.886,LTU
2016,Lithuania,5.902,,,,,,,,,,LTU2016,0.906,42970749245.034,14981.621,7.862,,0.987,2.672,-1.015,32.684,31.775,17.1,41513241212.62,47.746,LTU
2015,Lithuania,5.813,,,,,,,,,,LTU2015,-0.884,41540954817.204,14300.255,9.12,,-0.002,2.833,-2.517,32.669,30.869,16.758,39940688841.875,49.437,LTU
2014,Lithuania,5.833,,,,,,,,,,LTU2014,0.104,48306546656.928,16473.568,10.698,,0.609,3.773,3.547,32.757,29.567,16.034,47960568992.364,48.582,LTU
2012,Lithuania,5.426,,,,,,,,,,LTU2012,3.09,42709372066.863,14294.718,13.365,,2.505,4.383,-1.607,34.125,29.19,15.685,41584616578.174,47.458,LTU
2011,Lithuania,5.588,,,,,,,,,,LTU2011,4.13,43186501862.791,14261.843,15.39,,5.622,6.324,-3.687,36.839,29.219,15.666,42261715400.66,41.408,LTU
2024,Luxembourg,7.122,7.031,7.213,2.028,1.558,0.864,0.931,0.117,0.397,1.227,LUX2024,2.051,,,5.935,,,,,,,,,,LUX
2023,Luxembourg,7.122,7.031,7.213,2.141,1.355,0.708,0.801,0.146,0.432,1.54,LUX2023,3.741,85755006123.598,128678.19,5.184,,3.43,-1.096,11.499,43.726,44.263,27.797,55813004025.644,,LUX
2022,Luxembourg,7.228,7.093,7.363,2.2,1.357,0.549,0.71,0.149,0.418,1.845,LUX2022,6.336,81641807865.759,125006.022,4.588,,5.684,1.38,9.197,40.478,41.523,26.408,54993885553.502,,LUX
2021,Luxembourg,7.404,7.307,7.501,2.209,1.155,0.79,0.7,0.12,0.388,2.042,LUX2021,2.527,85584105993.875,133711.794,5.571,,4.644,7.168,6.536,39.375,41.157,26.246,58630447829.069,,LUX
2020,Luxembourg,7.324,7.252,7.396,1.751,1.003,0.76,0.639,0.166,0.353,2.653,LUX2020,0.82,73699366700.213,116905.37,6.766,,4.301,-0.91,5.097,42.887,41.136,25.676,51783516552.218,,LUX
2019,Luxembourg,7.238,7.177,7.298,1.537,1.388,0.986,0.61,0.196,0.367,2.154,LUX2019,1.743,69890505323.584,112726.44,5.592,,0.901,2.916,8.619,39.469,42.573,26.881,47877349992.941,,LUX
2018,Luxembourg,7.09,,,,,,,,,,LUX2018,1.528,71000359760.461,116786.512,5.589,,2.111,1.219,8.33,38.874,42.485,26.918,50751283867.922,,LUX
2017,Luxembourg,6.91,,,,,,,,,,LUX2017,1.731,65712180342.984,110193.214,5.523,,2.143,1.317,6.18,37.759,39.931,24.518,47031112675.059,,LUX
2016,Luxembourg,6.863,,,,,,,,,,LUX2016,0.291,62216885435.949,106899.294,6.669,,-1.108,4.978,7.415,36.835,39.521,23.768,41225831605.564,,LUX
2015,Luxembourg,6.871,,,,,,,,,,LUX2015,0.475,60071584216.138,105462.013,6.796,,2.219,2.27,5.621,37.215,39.439,23.322,38657980989.023,,LUX
2014,Luxembourg,6.946,,,,,,,,,,LUX2014,0.629,68804811897.644,123678.702,6.044,,2.797,2.623,4.929,37.737,39.72,24.745,49979926556.902,,LUX
2012,Luxembourg,7.054,,,,,,,,,,LUX2012,2.663,59776383527.36,112584.676,5.03,,3.266,1.65,5.255,38.617,39.787,24.428,45915520597.734,,LUX
2011,Luxembourg,7.051,,,,,,,,,,LUX2011,3.411,61696281326.245,119025.057,5.122,,3.449,1.044,5.63,37.758,39.468,23.987,42768242732.49,,LUX
2024,Madagascar,4.157,4.05,4.265,0.588,0.938,0.341,0.292,0.131,0.118,1.751,MDG2024,,,,3.012,,,,,,,,,,MDG
2023,Madagascar,4.228,4.097,4.359,0.628,0.823,0.333,0.25,0.172,0.123,1.897,MDG2023,9.874,15790113246.748,506.159,3.069,41.299,8.694,3.8,,,,,15444839759.942,,MDG
2022,Madagascar,4.019,3.839,4.199,0.632,0.779,0.178,0.187,0.177,0.134,1.932,MDG2022,8.161,15134700203.05,497.243,3.186,39.184,6.933,4.0,-5.48,10.062,10.321,9.357,14765327495.31,,MDG
2021,Madagascar,4.339,4.148,4.53,0.67,0.645,0.378,0.202,0.143,0.154,2.148,MDG2021,5.812,14554754116.543,490.206,3.487,39.049,6.641,5.74,-4.96,10.543,11.062,10.239,14294802412.89,,MDG
2020,Madagascar,4.208,4.068,4.349,0.266,0.503,0.341,0.207,0.185,0.087,2.62,MDG2020,4.202,13051441203.947,450.772,3.284,42.714,4.311,-7.138,-4.778,11.798,10.607,9.521,12717776244.331,,MDG
2019,Madagascar,4.166,4.053,4.278,0.245,0.824,0.501,0.193,0.191,0.076,2.136,MDG2019,5.611,14104664678.506,499.819,2.469,39.877,6.522,4.411,-2.136,10.133,11.568,10.532,13612309667.837,,MDG
2018,Madagascar,3.933,,,,,,,,,,MDG2018,8.594,13760033282.292,500.457,2.297,43.483,8.298,3.194,0.713,9.832,11.441,10.283,13299570422.211,,MDG
2017,Madagascar,3.774,,,,,,,,,,MDG2017,8.609,13176313593.551,491.867,2.119,52.437,4.962,3.933,-0.229,10.589,10.875,10.028,12760046042.02,,MDG
2016,Madagascar,3.644,,,,,,,,,,MDG2016,6.036,11848613858.442,453.971,1.947,46.843,8.96,3.993,0.378,9.317,10.05,9.245,11379471782.222,,MDG
2015,Madagascar,3.695,,,,,,,,,,MDG2015,7.404,11323020701.302,445.32,1.785,47.147,6.504,3.132,-2.259,9.559,9.79,8.945,10894778487.749,,MDG
2014,Madagascar,3.681,,,,,,,,,,MDG2014,6.08,12522957399.228,505.685,1.386,49.909,6.732,3.339,-0.649,9.853,9.292,8.441,12173057216.308,,MDG
2012,Madagascar,3.966,,,,,,,,,,MDG2012,5.714,11578975061.948,493.511,0.599,48.033,5.466,3.011,-7.463,8.757,9.166,8.368,11207841557.623,,MDG
2011,Madagascar,4.309,,,,,,,,,,MDG2011,9.483,11551819617.874,506.164,2.512,38.151,10.386,1.578,-6.728,8.935,9.695,8.71,11339961188.919,,MDG
2024,Malawi,3.26,3.13,3.39,0.588,0.489,0.28,0.677,0.115,0.136,0.975,MWI2024,32.18,,,5.045,,,,,,,,,,MWI
2023,Malawi,3.421,3.281,3.561,0.617,0.41,0.349,0.571,0.135,0.136,1.203,MWI2023,28.79,12712150082.079,602.344,5.033,8.746,22.807,1.892,-17.905,,,,12349147692.614,,MWI
2022,Malawi,3.495,3.32,3.671,0.637,0.479,0.189,0.49,0.139,0.129,1.432,MWI2022,20.954,12429060150.742,604.27,5.037,6.986,17.167,0.921,-17.846,20.174,14.136,13.504,12054582591.864,55.599,MWI
2021,Malawi,3.75,3.56,3.941,0.648,0.279,0.388,0.477,0.14,0.157,1.661,MWI2021,9.33,12378129750.987,617.448,5.662,14.543,8.153,4.558,-15.492,17.187,12.288,11.588,12006215738.734,,MWI
2020,Malawi,3.6,3.419,3.781,0.113,0.168,0.298,0.484,0.213,0.134,2.19,MWI2020,8.626,11769313597.854,602.507,5.728,16.944,6.218,0.794,-13.923,16.494,12.907,12.131,11440171500.767,,MWI
2019,Malawi,3.538,3.4,3.676,0.177,0.53,0.446,0.487,0.213,0.132,1.553,MWI2019,9.371,11051865579.812,580.89,4.966,16.658,7.729,5.717,-11.953,14.74,12.42,11.975,10785451582.33,44.786,MWI
2018,Malawi,3.41,,,,,,,,,,MWI2018,12.42,9879231591.524,533.203,5.014,24.623,6.152,4.354,-17.259,14.922,12.953,12.176,9558096354.047,41.701,MWI
2017,Malawi,3.587,,,,,,,,,,MWI2017,11.543,8943543793.584,495.77,5.039,25.336,10.577,4.0,-17.421,13.244,13.057,12.184,8735399094.037,34.295,MWI
2016,Malawi,3.97,,,,,,,,,,MWI2016,21.711,7909868618.464,450.506,5.007,19.801,20.293,2.5,-12.713,12.329,11.169,10.639,7886787909.555,37.886,MWI
2015,Malawi,4.156,,,,,,,,,,MWI2015,21.867,9219474379.315,539.605,4.954,20.509,19.815,2.8,-11.545,12.908,11.511,10.537,8999698474.697,27.335,MWI
2014,Malawi,4.292,,,,,,,,,,MWI2014,23.792,8801326169.145,529.513,4.967,19.278,20.969,5.625,-12.822,14.065,11.796,10.949,8640515834.706,27.921,MWI
2012,Malawi,4.113,,,,,,,,,,MWI2012,21.271,8773203178.165,558.462,4.952,12.487,17.64,1.9,-8.488,11.872,9.822,9.316,8638482884.796,28.462,MWI
2011,Malawi,4.624,,,,,,,,,,MWI2011,7.623,11648142958.365,763.061,4.842,8.562,13.99,4.933,-9.759,12.526,11.401,10.618,11532861683.348,18.846,MWI
2024,Malaysia,5.955,5.854,6.055,1.571,1.315,0.446,0.991,0.181,0.11,1.341,MYS2024,1.834,,,3.826,,,,,,,,,,MYS
2023,Malaysia,5.975,5.872,6.078,1.646,1.143,0.54,0.829,0.226,0.119,1.473,MYS2023,2.489,399705169318.477,11379.086,3.869,7.327,-1.872,3.555,1.565,17.019,17.278,12.573,388101205732.467,64.321,MYS
2022,Malaysia,6.012,5.858,6.167,1.665,1.155,0.385,0.659,0.222,0.122,1.804,MYS2022,3.379,407605841348.235,11748.092,3.93,-2.345,6.403,8.862,3.125,17.906,16.409,11.637,394667473818.317,60.181,MYS
2021,Malaysia,5.711,5.578,5.845,1.689,0.938,0.62,0.654,0.213,0.126,1.471,MYS2021,2.477,373784823672.946,10903.112,4.64,-2.112,5.676,3.315,3.877,17.254,15.093,11.216,363611089241.775,63.267,MYS
2020,Malaysia,5.384,5.289,5.48,1.259,0.797,0.587,0.624,0.27,0.064,1.784,MYS2020,-1.139,337456163961.211,9957.526,4.54,4.801,-0.818,-5.457,4.19,18.472,15.867,10.885,330671265155.887,62.007,MYS
2019,Malaysia,5.384,5.289,5.48,1.168,1.174,0.789,0.597,0.275,0.062,1.319,MYS2019,0.663,365177721021.516,10920.192,3.26,4.802,0.072,4.413,3.504,17.357,17.479,11.936,355643356741.268,52.421,MYS
2018,Malaysia,5.339,,,,,,,,,,MYS2018,0.885,358788845712.53,10901.802,3.3,4.277,0.625,4.843,2.237,15.922,16.086,12.023,347616421527.931,51.186,MYS
2017,Malaysia,6.322,,,,,,,,,,MYS2017,3.871,319109094160.343,9862.548,3.41,0.799,3.779,5.813,2.808,15.826,16.061,12.946,310119720279.85,50.05,MYS
2016,Malaysia,6.084,,,,,,,,,,MYS2016,2.091,301256033870.334,9476.534,3.44,2.826,1.658,4.45,2.368,16.764,16.998,13.551,292917092605.123,51.891,MYS
2015,Malaysia,6.005,,,,,,,,,,MYS2015,2.104,301355266964.947,9648.68,3.1,3.307,1.218,5.092,3.009,18.291,18.615,14.057,293133023632.862,53.574,MYS
2014,Malaysia,5.77,,,,,,,,,,MYS2014,3.143,338066095097.254,11013.311,2.88,2.069,2.467,6.007,4.392,19.684,19.94,14.841,326875882255.886,52.676,MYS
2012,Malaysia,5.76,,,,,,,,,,MYS2012,1.664,314443047642.111,10600.574,3.1,3.748,1.0,5.473,5.189,20.98,21.407,15.613,302839192295.004,51.646,MYS
2011,Malaysia,5.823,,,,,,,,,,MYS2011,3.174,297951668674.835,10217.107,3.05,-0.472,5.412,5.294,10.905,19.735,20.337,14.794,290892852065.831,50.029,MYS
2020,Maldives,5.198,5.057,5.339,1.115,1.015,0.697,0.575,0.204,0.073,1.52,MDV2020,-1.37,3712604583.367,7393.889,5.434,15.487,-3.365,-32.909,-35.748,35.346,24.706,20.112,3406811511.663,,MDV
2019,Maldives,5.198,5.057,5.339,0.938,1.402,0.914,0.548,0.224,0.072,1.099,MDV2019,0.22,5726094799.377,11740.272,4.562,13.003,-1.31,7.298,-25.817,25.413,24.825,19.941,5166269608.417,,MDV
2024,Mali,4.345,4.232,4.457,0.709,0.908,0.318,0.767,0.093,0.114,1.436,MLI2024,3.206,,,3.06,,,,,,,,,,MLI
2023,Mali,4.232,4.117,4.347,0.747,0.688,0.267,0.586,0.12,0.09,1.734,MLI2023,2.059,20661794596.087,869.27,2.956,,2.226,4.657,-7.794,,,,19697353849.248,,MLI
2022,Mali,4.198,4.076,4.319,0.763,0.637,0.106,0.441,0.121,0.059,2.07,MLI2022,9.621,18780322203.758,813.965,2.387,,5.728,3.475,-7.856,,,,17997835632.059,,MLI
2021,Mali,4.479,4.347,4.611,0.792,0.483,0.311,0.35,0.128,0.042,2.373,MLI2021,3.926,19309463508.038,862.467,3.966,,3.359,3.053,-7.605,,,,18419319470.469,,MLI
2020,Mali,4.723,4.563,4.884,0.387,0.59,0.11,0.384,0.164,0.072,3.016,MLI2020,0.438,17465392764.371,804.344,3.528,,0.532,-1.235,-2.174,14.501,15.006,14.165,16726618026.267,,MLI
2019,Mali,4.729,4.603,4.855,0.352,0.973,0.235,0.378,0.17,0.062,2.559,MLI2019,-1.658,17280250810.032,820.197,3.29,,1.931,4.756,-7.458,12.858,15.434,14.501,16584807149.375,,MLI
2018,Mali,4.39,,,,,,,,,,MLI2018,0.3,17070867589.906,835.087,1.62,,1.458,4.746,-4.899,12.372,12.431,11.67,16560622892.297,,MLI
2017,Mali,4.447,,,,,,,,,,MLI2017,1.76,15365713048.199,775.536,1.494,3.145,1.934,5.305,-7.894,12.507,17.398,15.883,14864816778.587,,MLI
2016,Mali,4.19,,,,,,,,,,MLI2016,-1.8,14026048335.705,730.855,1.367,3.891,1.351,5.852,-7.243,12.315,16.048,15.396,13651410705.584,,MLI
2015,Mali,4.073,,,,,,,,,,MLI2015,1.451,13104764378.326,704.822,1.401,2.207,2.884,6.172,-5.324,12.277,14.864,14.095,12808995432.8,,MLI
2014,Mali,3.995,,,,,,,,,,MLI2014,0.884,14364937124.073,797.155,1.474,4.019,1.269,7.085,-4.711,12.958,13.198,12.647,13980007389.46,,MLI
2012,Mali,4.247,,,,,,,,,,MLI2012,5.323,12442035339.105,733.739,1.482,0.415,4.605,-0.837,-2.191,11.989,13.794,12.991,11981790282.075,,MLI
2011,Mali,3.967,,,,,,,,,,MLI2011,2.956,12995112690.26,789.063,1.422,-6.175,12.183,3.213,-5.058,12.242,13.138,12.545,12532791363.725,,MLI
2024,Malta,6.316,6.234,6.398,1.76,1.671,0.837,0.837,0.217,0.115,0.879,MLT2024,,,,2.703,,,,,,,,,,MLT
2023,Malta,6.346,6.261,6.43,1.827,1.444,0.707,0.727,0.25,0.125,1.267,MLT2023,5.094,22328640241.555,40395.769,3.11,,5.305,7.499,6.38,34.119,31.131,21.754,19351359464.34,,MLT
2022,Malta,6.3,6.212,6.388,1.841,1.468,0.547,0.671,0.2,0.143,1.429,MLT2022,6.154,19209979975.232,36142.206,2.921,,5.061,4.148,-0.873,35.956,32.022,22.654,16534181877.248,,MLT
2021,Malta,6.447,6.359,6.535,1.838,1.169,0.789,0.679,0.174,0.166,1.631,MLT2021,1.498,19718565605.433,38027.38,3.394,,2.426,13.46,9.35,37.193,32.027,22.432,17295453183.583,,MLT
2020,Malta,6.602,6.516,6.688,1.411,1.055,0.747,0.664,0.275,0.183,2.268,MLT2020,0.639,16385919535.674,31796.821,4.347,,1.838,-3.475,16.116,39.899,32.868,22.511,14532952942.641,,MLT
2019,Malta,6.773,6.689,6.857,1.253,1.443,0.972,0.633,0.341,0.179,1.952,MLT2019,1.642,16337793530.779,32412.27,3.616,,2.506,4.085,17.85,32.703,34.986,25.103,14798835701.396,,MLT
2018,Malta,6.726,,,,,,,,,,MLT2018,1.158,16153779511.156,33332.191,3.658,,1.798,7.189,13.348,32.592,35.779,25.427,14669786905.109,,MLT
2017,Malta,6.627,,,,,,,,,,MLT2017,1.364,14161366723.678,30259.395,4.002,,2.135,12.972,19.158,31.815,35.645,26.006,13113525048.407,,MLT
2016,Malta,6.527,,,,,,,,,,MLT2016,0.643,12025782834.36,26409.629,4.687,,2.126,4.078,-0.552,34.459,36.105,26.249,10688627580.054,,MLT
2015,Malta,6.488,,,,,,,,,,MLT2015,1.101,11340795041.806,25481.898,5.389,,4.2,9.621,2.65,35.356,36.476,24.322,10554342526.762,,MLT
2014,Malta,6.302,,,,,,,,,,MLT2014,0.31,11888032872.432,27356.608,5.725,,2.271,7.631,8.342,37.739,37.532,25.576,11000384403.131,,MLT
2012,Malta,5.964,,,,,,,,,,MLT2012,2.376,9609532088.887,22878.313,6.197,2.489,2.16,4.103,1.574,39.871,37.69,25.295,9144219499.755,,MLT
2011,Malta,5.96,,,,,,,,,,MLT2011,2.963,9789361703.697,23516.969,6.378,3.215,1.483,0.992,-0.133,40.449,37.939,25.411,9386251622.324,,MLT
2024,Mauritania,4.542,4.408,4.676,1.023,0.919,0.516,0.454,0.113,0.195,1.323,MRT2024,,,,10.373,,,,,,,,,,MRT
2023,Mauritania,4.505,4.337,4.673,1.078,0.705,0.4,0.343,0.133,0.198,1.649,MRT2023,4.953,10651709411.459,2120.823,10.446,,3.371,6.507,-9.074,,,,10660320959.179,,MRT
2022,Mauritania,4.724,4.437,5.011,1.099,0.764,0.244,0.32,0.13,0.195,1.973,MRT2022,9.525,9557966698.254,1960.352,10.531,,-0.612,6.796,-14.9,,,,9500605780.425,,MRT
2021,Mauritania,4.153,3.95,4.356,1.1,0.865,0.45,0.304,0.088,0.138,1.207,MRT2021,3.565,9222536364.013,1947.789,11.144,,7.465,0.743,-8.76,,,,9076362254.149,,MRT
2020,Mauritania,4.227,4.09,4.365,0.666,0.749,0.273,0.218,0.119,0.133,2.069,MRT2020,2.386,8260752385.231,1795.765,11.054,,6.441,-0.361,-6.975,,,,8155048186.479,,MRT
2019,Mauritania,4.375,4.267,4.483,0.54,1.113,0.425,0.186,0.129,0.122,1.86,MRT2019,2.3,7894764885.823,1767.073,10.416,,5.328,3.141,-10.527,,,,7798537820.06,,MRT
2018,Mauritania,4.49,,,,,,,,,,MRT2018,3.067,7473550557.074,1722.935,10.407,,4.554,4.772,-13.018,,,,7435080653.073,,MRT
2017,Mauritania,4.356,,,,,,,,,,MRT2017,2.254,6800135898.288,1615.004,10.336,15.176,1.584,6.271,-10.426,,,,6703487753.411,,MRT
2016,Mauritania,4.292,,,,,,,,,,MRT2016,1.472,6398747592.132,1565.766,10.283,5.206,11.21,1.261,-11.046,,,,6282235172.531,,MRT
2015,Mauritania,4.201,,,,,,,,,,MRT2015,3.255,6166863896.687,1554.949,10.108,22.891,-4.794,5.376,-15.501,,,,5986395816.426,,MRT
2014,Mauritania,4.436,,,,,,,,,,MRT2014,3.534,6592537781.815,1713.009,10.028,32.768,-11.876,4.275,-22.345,,,,6339728998.266,,MRT
2012,Mauritania,4.758,,,,,,,,,,MRT2012,4.902,6728208836.221,1859.117,9.864,16.469,0.456,4.47,-18.223,,,,6537356580.81,,MRT
2011,Mauritania,4.643,,,,,,,,,,MRT2011,5.686,6764627745.903,1931.2,9.968,-0.466,17.548,4.173,,,,,6609314084.926,,MRT
2024,Mauritius,5.832,5.715,5.948,1.499,1.521,0.617,0.761,0.095,0.13,1.209,MUS2024,4.103,,,5.476,,,,,,,,,,MUS
2023,Mauritius,5.816,5.706,5.927,1.57,1.358,0.49,0.641,0.123,0.118,1.517,MUS2023,7.053,14644524819.005,11613.044,5.571,0.914,8.508,6.958,-4.423,28.004,23.69,19.787,15000124262.09,,MUS
2022,Mauritius,5.902,5.791,6.013,1.589,1.382,0.336,0.574,0.121,0.11,1.79,MUS2022,10.774,12927979286.045,10239.797,6.322,-1.882,9.566,8.88,-11.114,28.211,23.856,19.05,13475522983.787,,MUS
2021,Mauritius,6.071,5.958,6.184,1.591,1.116,0.568,0.589,0.131,0.107,1.969,MUS2021,4.029,11484348857.853,9068.973,7.719,3.6,3.157,3.404,-13.032,32.937,21.521,18.264,12106744454.643,,MUS
2020,Mauritius,6.049,5.933,6.165,1.178,0.996,0.574,0.59,0.153,0.096,2.462,MUS2020,2.581,11408106446.314,9011.043,8.626,4.535,2.573,-14.547,-8.789,31.687,24.241,20.706,11947741898.968,,MUS
2019,Mauritius,6.101,5.989,6.213,1.074,1.396,0.763,0.591,0.187,0.084,2.007,MUS2019,0.406,14436346979.636,11403.253,6.331,8.958,-0.466,2.891,-4.977,22.842,22.34,19.407,15153839975.89,57.962,MUS
2018,Mauritius,5.888,,,,,,,,,,MUS2018,3.216,14735695930.973,11643.461,6.426,6.712,1.675,4.007,-3.769,22.576,21.888,18.406,15450103729.549,55.382,MUS
2017,Mauritius,5.891,,,,,,,,,,MUS2017,3.667,13713506130.608,10841.685,6.752,6.753,1.637,3.938,-4.464,22.222,21.551,17.933,14051920385.618,56.158,MUS
2016,Mauritius,5.629,,,,,,,,,,MUS2016,0.978,12594155464.414,9965.725,6.814,5.973,2.385,3.862,-3.901,23.067,22.193,17.608,12811307718.277,,MUS
2015,Mauritius,5.648,,,,,,,,,,MUS2015,1.287,12007291045.649,9507.871,7.41,7.002,1.4,3.691,-3.473,11.391,11.161,8.758,12411835683.336,,MUS
2014,Mauritius,5.477,,,,,,,,,,MUS2014,3.218,13074129952.053,10366.355,7.467,6.197,2.168,3.827,-5.278,21.826,22.458,18.084,13453633098.474,,MUS
2012,Mauritius,5.477,,,,,,,,,,MUS2012,3.852,11668696396.789,9291.236,7.472,6.052,2.466,3.496,-7.092,20.356,22.57,18.622,12083538713.447,36.509,MUS
2011,Mauritius,5.477,,,,,,,,,,MUS2011,6.522,11518413429.968,9197.043,7.447,5.579,3.161,4.078,-13.546,20.4,21.915,18.005,11299782797.643,35.52,MUS
2024,Mexico,6.979,6.889,7.068,1.435,1.504,0.55,0.879,0.057,0.118,2.438,MEX2024,4.722,,,2.711,,,,,,,,,,MEX
2023,Mexico,6.678,6.575,6.781,1.521,1.241,0.544,0.722,0.086,0.127,2.437,MEX2023,5.528,1789114434843.46,13790.024,2.765,6.827,4.46,3.2,-0.306,22.526,19.143,14.267,1744482317669.68,45.261,MEX
2022,Mexico,6.33,6.218,6.441,1.55,1.169,0.389,0.632,0.086,0.115,2.389,MEX2022,7.896,1464312692331.58,11385.407,3.256,1.579,6.497,3.689,-1.202,22.346,19.306,13.428,1430370469535.23,44.048,MEX
2021,Mexico,6.128,6.017,6.238,1.552,0.886,0.623,0.621,0.092,0.115,2.239,MEX2021,5.689,1316569466932.59,10314.051,4.019,0.386,4.488,6.048,-0.341,20.892,18.343,13.411,1282549137527.22,44.861,MEX
2020,Mexico,6.317,6.213,6.42,1.126,0.83,0.634,0.585,0.092,0.089,2.961,MEX2020,3.397,1121064767261.88,8841.271,4.44,1.646,4.62,-8.354,2.4,21.698,18.645,13.898,1085047504590.05,45.837,MEX
2019,Mexico,6.465,6.371,6.559,1.024,1.226,0.832,0.554,0.083,0.083,2.663,MEX2019,3.636,1304106203694.81,10369.555,3.477,3.94,4.319,-0.393,-0.297,19.81,18.519,12.788,1267424146058.02,41.327,MEX
2018,Mexico,6.595,,,,,,,,,,MEX2018,4.899,1256300182879.73,10084.794,3.275,2.695,5.204,1.972,-2.064,19.87,18.334,12.712,1223821716221.84,,MEX
2017,Mexico,6.488,,,,,,,,,,MEX2017,6.041,1190721475906.0,9649.278,3.419,0.718,6.568,1.872,-1.797,19.866,19.447,12.687,1160558920059.09,,MEX
2016,Mexico,6.578,,,,,,,,,,MEX2016,2.822,1112233497452.7,9097.924,3.853,-1.248,6.078,1.772,-2.273,20.328,19.192,13.124,1083159760755.14,,MEX
2015,Mexico,6.778,,,,,,,,,,MEX2015,2.721,1213294467716.88,10021.239,4.311,0.207,3.225,2.702,-2.599,20.869,18.368,12.346,1182962837135.44,,MEX
2014,Mexico,7.187,,,,,,,,,,MEX2014,4.019,1364507717614.13,11391.377,4.819,-0.783,4.368,2.504,-1.821,20.997,17.689,10.243,1332054399903.7,,MEX
2012,Mexico,7.088,,,,,,,,,,MEX2012,4.112,1255110424817.79,10744.134,4.892,0.133,4.542,3.553,-1.41,20.932,17.938,9.352,1228761368842.97,,MEX
2011,Mexico,6.74,,,,,,,,,,MEX2011,3.407,1229013703416.76,10664.494,5.175,-0.718,5.67,3.444,-0.858,20.874,18.169,9.617,1210622838008.34,,MEX
2024,Mongolia,5.833,5.747,5.919,1.336,1.731,0.423,0.629,0.18,0.053,1.481,MNG2024,6.803,,,5.424,,,,,,,,,,MNG
2023,Mongolia,5.696,5.61,5.783,1.353,1.511,0.4,0.501,0.237,0.055,1.64,MNG2023,10.348,20325121393.907,5838.631,5.503,,21.769,7.422,0.597,,,,18096012116.687,,MNG
2022,Mongolia,5.84,5.75,5.93,1.379,1.494,0.244,0.425,0.239,0.058,2.001,MNG2022,15.148,17146471713.748,4993.515,6.211,,17.715,5.033,-13.434,,,,15067905989.687,,MNG
2021,Mongolia,5.761,5.676,5.845,1.393,1.197,0.467,0.398,0.247,0.059,1.999,MNG2021,7.353,15286441737.669,4517.616,7.747,1.387,14.42,1.637,-13.793,31.697,28.99,16.909,13054692170.944,67.571,MNG
2020,Mongolia,5.677,5.595,5.76,0.966,1.065,0.442,0.397,0.263,0.053,2.492,MNG2020,3.796,13312981429.089,4001.252,6.594,12.751,3.707,-4.558,-5.067,33.179,29.228,14.146,12053017479.445,73.937,MNG
2019,Mongolia,5.456,5.377,5.535,0.905,1.459,0.616,0.356,0.264,0.047,1.811,MNG2019,7.301,14206359017.514,4347.546,9.269,6.387,9.972,5.602,-15.216,25.616,30.712,16.851,12634360587.851,60.844,MNG
2018,Mongolia,5.285,,,,,,,,,,MNG2018,6.824,13178094720.499,4107.643,5.377,9.034,7.961,7.745,-14.437,22.501,28.507,16.689,11943636998.207,65.965,MNG
2017,Mongolia,5.125,,,,,,,,,,MNG2017,4.301,11480847740.736,3645.967,6.359,8.309,10.8,5.637,-10.064,23.702,24.821,13.547,9872124813.335,,MNG
2016,Mongolia,4.955,,,,,,,,,,MNG2016,0.733,11181350649.357,3619.9,7.235,16.262,2.993,1.49,-6.257,27.399,21.146,11.351,10260106001.649,,MNG
2015,Mongolia,4.907,,,,,,,,,,MNG2015,5.736,11619892590.694,3838.921,4.861,18.838,0.61,2.38,-8.162,24.313,22.815,11.894,10652455621.448,,MNG
2014,Mongolia,4.874,,,,,,,,,,MNG2014,12.254,12226514668.062,4126.24,4.798,10.774,7.449,7.885,-15.821,23.733,25.155,12.902,11232542766.233,,MNG
2012,Mongolia,4.834,,,,,,,,,,MNG2012,14.33,12292770631.565,4328.89,3.905,4.725,12.784,12.32,-43.771,27.075,25.617,15.312,11343401728.812,,MNG
2011,Mongolia,4.562,,,,,,,,,,MNG2011,8.411,10409797377.857,3736.042,4.769,1.294,15.119,17.291,-43.346,24.431,28.593,18.467,9551979901.622,,MNG
2024,Montenegro,5.877,5.789,5.965,1.507,1.551,0.618,0.768,0.075,0.138,1.22,MNE2024,3.337,,,14.1,,,,,,,,,,MNE
2023,Montenegro,5.707,5.599,5.815,1.571,1.318,0.587,0.632,0.11,0.132,1.357,MNE2023,8.585,7530593375.22,12221.478,14.621,-3.798,10.543,6.338,-11.308,,,,7604564025.478,,MNE
2022,Montenegro,5.722,5.503,5.941,1.537,1.385,0.424,0.563,0.17,0.061,1.581,MNE2022,13.04,6229801580.792,10093.439,14.851,-5.978,12.355,6.407,-13.128,,,,6353915382.642,,MNE
2021,Montenegro,5.547,5.413,5.681,1.573,1.023,0.659,0.46,0.135,0.077,1.619,MNE2021,2.411,5861427505.125,9465.962,16.543,0.988,4.726,13.043,-9.233,,,,5982455401.555,,MNE
2020,Montenegro,5.581,5.475,5.686,1.155,0.891,0.637,0.397,0.166,0.081,2.254,MNE2020,-0.256,4769996866.008,7677.371,17.878,6.093,-0.176,-15.307,-25.934,,,,4845904669.649,,MNE
2019,Montenegro,5.546,5.45,5.642,1.01,1.266,0.839,0.303,0.149,0.098,1.881,MNE2019,0.362,5542054181.126,8909.654,15.128,4.071,2.022,4.063,-14.357,,,,5604334042.315,,MNE
2018,Montenegro,5.523,,,,,,,,,,MNE2018,2.611,5506942238.357,8850.375,15.19,3.2,3.226,5.078,-17.124,,,,5571825861.24,,MNE
2017,Montenegro,5.347,,,,,,,,,,MNE2017,2.38,4856599480.799,7803.358,16.082,3.247,3.825,4.716,-15.678,,,,4956345528.611,,MNE
2016,Montenegro,5.237,,,,,,,,,,MNE2016,-0.271,4376930578.324,7033.44,17.732,2.731,5.101,2.949,-16.164,,,,4415192363.25,,MNE
2015,Montenegro,5.161,,,,,,,,,,MNE2015,1.549,4054730077.577,6517.193,17.555,6.568,2.22,3.39,-10.929,,,,4143543186.7,,MNE
2014,Montenegro,5.192,,,,,,,,,,MNE2014,-0.711,4593853290.963,7387.873,18.054,8.29,1.036,1.784,-12.417,,,,4654833219.968,,MNE
2012,Montenegro,5.299,,,,,,,,,,MNE2012,4.145,4087526241.813,6586.4,19.808,9.369,0.177,-2.724,-15.625,,,,4156682443.874,,MNE
2011,Montenegro,5.147,,,,,,,,,,MNE2011,3.45,4544428421.495,7328.789,19.759,8.383,1.203,3.228,-14.627,,,,4580993271.289,,MNE
2024,Morocco,4.622,4.509,4.736,1.139,0.635,0.585,0.748,0.031,0.095,1.388,MAR2024,0.985,,,8.943,,,,,,,,,,MAR
2023,Morocco,4.795,4.677,4.912,1.213,0.471,0.495,0.631,0.042,0.082,1.861,MAR2023,6.091,144417103249.646,3771.446,9.044,,6.361,3.403,-0.617,26.909,26.445,20.976,142354111742.215,,MAR
2022,Morocco,4.903,4.783,5.023,1.236,0.535,0.337,0.54,0.013,0.085,2.158,MAR2022,6.657,130951926351.241,3455.396,9.494,,2.662,1.527,-3.666,28.208,26.888,22.109,129037582204.306,,MAR
2021,Morocco,5.06,4.938,5.181,1.208,0.268,0.565,0.492,0.02,0.102,2.405,MAR2021,1.402,142022058447.231,3785.936,10.576,,2.415,8.155,-2.358,25.631,24.211,19.665,140063329923.044,,MAR
2020,Morocco,4.918,4.8,5.036,0.792,0.219,0.558,0.477,0.034,0.088,2.749,MAR2020,0.706,121353645057.144,3268.03,11.223,,0.142,-7.178,-1.128,27.21,26.565,20.022,120193575825.745,,MAR
2019,Morocco,5.095,4.986,5.204,0.759,0.645,0.745,0.45,0.04,0.077,2.378,MAR2019,0.303,128920266409.458,3508.098,9.194,,0.817,2.891,-3.418,23.388,23.683,19.914,126978615953.539,,MAR
2018,Morocco,5.208,,,,,,,,,,MAR2018,1.804,127341147581.818,3501.698,9.271,,0.939,3.066,-4.873,22.858,23.878,20.286,125425336311.069,,MAR
2017,Morocco,5.254,,,,,,,,,,MAR2017,0.755,118540573367.844,3296.527,9.223,,-0.061,5.058,-3.102,22.679,23.368,20.13,116714427716.555,,MAR
2016,Morocco,5.235,,,,,,,,,,MAR2016,1.635,111572947004.917,3140.855,9.3,,0.97,0.521,-3.746,22.769,23.329,19.867,110026167792.814,,MAR
2015,Morocco,5.151,,,,,,,,,,MAR2015,1.558,110413823841.592,3146.248,9.46,,3.173,4.345,-1.957,23.061,23.691,19.437,108703008127.117,,MAR
2014,Morocco,5.013,,,,,,,,,,MAR2014,0.442,119130841411.664,3435.407,9.7,,0.215,2.719,-5.538,25.417,24.515,20.354,116737884764.791,,MAR
2012,Morocco,4.885,,,,,,,,,,MAR2012,1.287,106937392311.129,3164.177,8.99,,0.533,3.062,-8.95,27.369,25.716,21.965,104953373174.425,,MAR
2011,Morocco,4.793,,,,,,,,,,MAR2011,0.907,110080631332.375,3301.989,8.91,,-0.599,5.525,-7.267,27.064,24.899,21.453,108370716160.633,51.226,MAR
2024,Mozambique,5.19,5.004,5.376,0.559,1.131,0.124,0.813,0.127,0.173,2.262,MOZ2024,,,,3.527,,,,,,,,,,MOZ
2023,Mozambique,5.216,5.027,5.406,0.56,0.883,0.156,0.728,0.158,0.196,2.536,MOZ2023,7.127,20954220983.547,622.986,3.519,17.472,5.301,5.437,-10.534,,,,19117015861.59,,MOZ
2022,Mozambique,4.954,4.727,5.181,0.57,0.885,0.0,0.625,0.161,0.192,2.519,MOZ2022,10.279,18883528581.373,578.252,3.596,10.061,9.152,4.364,-33.716,26.004,24.57,22.662,17461632220.209,76.635,MOZ
2021,Mozambique,5.048,4.823,5.273,0.578,0.66,0.191,0.593,0.185,0.2,2.641,MOZ2021,6.408,16168055475.445,509.908,4.053,13.023,4.551,2.377,-21.193,23.304,25.11,22.748,15828197520.813,84.157,MOZ
2020,Mozambique,4.794,4.592,4.997,0.183,0.634,0.196,0.608,0.228,0.163,2.783,MOZ2020,3.484,14235420174.188,462.434,3.921,13.476,3.172,-1.22,-24.991,22.905,22.689,21.527,13948700692.435,101.391,MOZ
2019,Mozambique,4.624,4.468,4.779,0.179,0.955,0.324,0.561,0.22,0.163,2.221,MOZ2019,2.803,15512759046.672,519.093,3.646,13.643,4.678,2.318,-16.076,20.043,28.516,26.683,15236312737.543,78.878,MOZ
2018,Mozambique,4.466,,,,,,,,,,MOZ2018,3.911,15017358952.845,517.507,3.604,18.487,3.795,3.485,-29.467,19.649,23.01,21.193,14730512197.949,81.354,MOZ
2017,Mozambique,4.417,,,,,,,,,,MOZ2017,15.113,13264640645.777,470.939,3.539,18.409,7.978,2.638,-17.939,17.626,23.923,22.112,12884983781.301,78.505,MOZ
2016,Mozambique,4.55,,,,,,,,,,MOZ2016,17.418,12069051237.171,441.49,3.457,8.038,12.161,4.697,-33.692,18.52,21.394,20.077,11833552380.143,92.242,MOZ
2014,Mozambique,4.971,,,,,,,,,,MOZ2014,2.56,17978246586.066,697.143,3.377,13.565,1.086,7.703,-32.245,,27.223,23.965,17776333933.473,,MOZ
2012,Mozambique,4.971,,,,,,,,,,MOZ2012,2.602,16688114144.074,685.686,3.305,13.219,3.175,7.995,-40.688,22.244,20.512,18.629,16612647548.809,,MOZ
2011,Mozambique,4.693,,,,,,,,,,MOZ2011,11.167,14619279988.716,618.176,3.296,16.367,2.348,7.134,-22.77,21.295,18.694,16.8,14364079955.001,,MOZ
2024,Myanmar,4.321,4.172,4.471,0.975,1.144,0.446,0.569,0.322,0.163,0.702,MMR2024,,,,3.032,,,,,,,,,,MMR
2023,Myanmar,4.354,4.208,4.501,0.978,0.988,0.436,0.45,0.401,0.174,0.928,MMR2023,,66757619000.0,1233.197,3.032,,10.788,0.958,,,,,65509819000.0,,MMR
2022,Myanmar,4.372,4.212,4.533,1.032,1.125,0.269,0.46,0.4,0.194,0.893,MMR2022,,62253049891.645,1158.05,3.057,,6.164,4.037,,,,,61143674717.804,,MMR
2021,Myanmar,4.394,4.277,4.511,1.038,0.829,0.491,0.513,0.452,0.194,0.877,MMR2021,,66345291160.168,1242.721,4.34,,19.517,-12.016,,,,,65297947226.451,,MMR
2020,Myanmar,4.426,4.324,4.527,0.666,0.713,0.341,0.601,0.52,0.178,1.407,MMR2020,,79006113643.191,1490.217,1.476,9.008,5.344,-9.048,,,,,77509313176.581,,MMR
2019,Myanmar,4.308,4.224,4.392,0.678,1.098,0.495,0.597,0.57,0.188,0.681,MMR2019,8.825,75065106227.689,1425.99,0.407,10.033,5.423,6.579,0.09,13.776,14.389,6.018,72641276228.21,,MMR
2018,Myanmar,4.36,,,,,,,,,,MMR2018,6.872,67860515989.517,1298.213,0.767,10.118,5.341,6.269,-3.774,6.381,7.013,2.757,65984255989.64,,MMR
2017,Myanmar,4.308,,,,,,,,,,MMR2017,4.573,66053040483.002,1272.822,1.356,9.565,5.873,6.136,-7.444,16.92,15.985,6.078,63958040482.751,,MMR
2016,Myanmar,4.545,,,,,,,,,,MMR2016,6.929,63298361996.215,1229.197,1.058,11.952,3.616,5.862,-3.032,15.348,16.79,7.176,61653951995.848,,MMR
2015,Myanmar,4.395,,,,,,,,,,MMR2015,9.454,59607290407.594,1166.733,0.766,11.392,4.137,6.993,-5.216,17.04,18.506,6.011,57499580407.606,,MMR
2014,Myanmar,4.307,,,,,,,,,,MMR2014,4.953,65531374199.674,1293.0,0.763,11.635,3.91,8.17,-3.787,16.494,22.028,5.841,62535394200.176,,MMR
2012,Myanmar,4.439,,,,,,,,,,MMR2012,1.468,59937796648.216,1202.666,0.767,12.479,3.13,7.333,-2.102,10.55,19.701,4.524,57556421307.723,,MMR
2011,Myanmar,5.322,,,,,,,,,,MMR2011,5.021,59977326085.991,1213.629,0.75,8.932,10.255,5.591,-2.603,,,,59964576988.509,,MMR
2024,Namibia,4.911,4.797,5.025,1.182,1.482,0.104,0.564,0.052,0.056,1.47,NAM2024,4.239,,,19.148,,,,,,,,,,NAM
2023,Namibia,4.832,4.705,4.958,1.266,1.212,0.307,0.47,0.069,0.061,1.446,NAM2023,5.88,12351025066.913,4168.285,19.365,4.241,6.414,4.16,-14.647,,,,11781635235.626,,NAM
2022,Namibia,4.631,4.496,4.766,1.289,1.126,0.145,0.383,0.069,0.071,1.549,NAM2022,6.081,12567271004.676,4349.045,19.695,2.034,6.448,5.35,-12.815,35.724,31.295,27.172,12080731344.085,,NAM
2021,Namibia,4.459,4.326,4.593,1.292,0.877,0.354,0.384,0.067,0.071,1.414,NAM2021,3.617,12402486183.64,4412.836,20.922,5.245,1.534,3.604,-11.23,37.603,30.207,28.064,11934183889.963,,NAM
2020,Namibia,4.574,4.448,4.7,0.882,0.801,0.262,0.411,0.091,0.059,2.068,NAM2020,2.209,10583748541.526,3878.59,21.004,3.094,4.632,-8.101,2.987,40.315,33.032,31.206,10539865094.82,,NAM
2019,Namibia,4.571,4.452,4.691,0.84,1.246,0.407,0.445,0.076,0.054,1.503,NAM2019,3.722,12541928303.48,4731.921,19.921,8.867,0.926,-0.839,-1.765,34.524,32.24,30.393,12234173555.549,,NAM
2018,Namibia,4.639,,,,,,,,,,NAM2018,4.292,13682019076.402,5308.608,19.877,5.471,4.428,1.06,-3.552,35.099,30.732,28.932,13176748522.851,,NAM
2017,Namibia,4.441,,,,,,,,,,NAM2017,6.146,12895153370.913,5143.961,21.733,0.098,9.919,-1.027,-4.421,38.562,32.69,31.308,12661495881.248,,NAM
2016,Namibia,4.574,,,,,,,,,,NAM2016,6.729,10722018732.094,4395.688,23.352,1.737,7.969,0.034,-16.497,35.452,31.066,29.673,10511261596.57,,NAM
2015,Namibia,4.574,,,,,,,,,,NAM2015,3.394,11335161083.506,4774.107,20.808,5.256,3.865,4.264,-13.758,38.001,35.655,33.422,11317050632.433,,NAM
2011,Namibia,4.886,,,,,,,,,,NAM2011,5.006,12523359440.55,5834.792,19.476,4.735,3.815,5.091,-6.848,34.198,32.529,29.551,12010748072.781,,NAM
2024,Nepal,5.311,5.184,5.437,0.944,1.21,0.463,0.764,0.155,0.099,1.676,NPL2024,,,,10.706,,,,,,,,,,NPL
2023,Nepal,5.158,5.027,5.29,0.965,0.99,0.443,0.653,0.209,0.115,1.783,NPL2023,7.115,40908073366.846,1377.626,10.628,,5.416,1.953,0.359,,,,41385089422.558,,NPL
2022,Nepal,5.36,5.214,5.507,0.979,1.027,0.281,0.567,0.215,0.104,2.187,NPL2022,7.651,41182939600.67,1385.911,10.844,,8.241,5.631,-7.499,,,,41421597989.094,,NPL
2021,Nepal,5.377,5.251,5.502,0.984,0.784,0.499,0.519,0.237,0.13,2.224,NPL2021,4.15,36924841394.26,1252.751,12.186,,6.763,4.838,-14.524,19.442,19.882,17.485,37122384063.19,39.922,NPL
2020,Nepal,5.269,5.132,5.406,0.519,0.702,0.496,0.488,0.287,0.135,2.642,NPL2020,5.052,33433659301.247,1154.215,12.975,,3.217,-2.37,-0.252,20.165,19.365,15.774,33828751647.554,39.049,NPL
2019,Nepal,5.137,5.024,5.25,0.444,1.101,0.669,0.481,0.301,0.128,2.014,NPL2019,5.569,34186180699.026,1203.143,10.389,,4.691,6.657,-5.13,21.702,22.401,19.809,34539791626.554,31.777,NPL
2018,Nepal,4.913,,,,,,,,,,NPL2018,4.061,33111525237.149,1179.198,10.559,,4.356,7.622,-8.301,20.166,22.017,19.083,33328197894.509,,NPL
2017,Nepal,4.88,,,,,,,,,,NPL2017,3.627,28971588940.364,1034.284,10.66,,8.261,8.977,-3.564,16.854,19.937,17.999,29263410261.849,,NPL
2016,Nepal,4.962,,,,,,,,,,NPL2016,8.79,24524109483.529,877.256,10.742,,7.15,0.433,-0.684,14.227,18.576,16.144,24843843665.683,,NPL
2015,Nepal,4.793,,,,,,,,,,NPL2015,7.869,24360801286.764,875.544,10.644,,4.409,3.976,10.043,13.99,16.993,14.686,24704984111.051,,NPL
2014,Nepal,4.514,,,,,,,,,,NPL2014,8.364,22731612922.191,821.455,10.617,,8.035,6.011,2.183,13.583,16.234,13.995,23065091325.524,,NPL
2012,Nepal,4.156,,,,,,,,,,NPL2012,9.46,21703100877.131,788.203,10.643,,7.741,4.67,2.661,13.839,13.891,12.041,21854809619.747,,NPL
2011,Nepal,4.474,,,,,,,,,,NPL2011,9.227,21573872420.701,785.519,10.64,,26.397,3.422,1.338,13.938,13.057,11.625,21678317045.909,,NPL
2024,Netherlands,7.306,7.24,7.372,1.822,1.667,0.844,0.86,0.186,0.344,1.583,NLD2024,3.348,,,3.599,,,,,,,,,,NLD
2023,Netherlands,7.319,7.256,7.383,1.901,1.462,0.706,0.725,0.247,0.372,1.906,NLD2023,3.838,1154361305398.06,64572.006,3.537,,7.344,0.075,9.848,39.316,38.802,24.841,1144673458276.42,,NLD
2022,Netherlands,7.403,7.346,7.46,1.942,1.488,0.545,0.672,0.251,0.394,2.11,NLD2022,10.001,1046540797548.64,59123.319,3.526,,6.156,5.007,6.658,39.365,39.167,23.899,999999206889.109,,NLD
2021,Netherlands,7.415,7.359,7.471,1.945,1.206,0.787,0.651,0.271,0.419,2.137,NLD2021,2.676,1054472123449.6,60141.988,4.209,,2.747,6.277,10.047,41.795,39.441,24.309,1046137352484.48,,NLD
2020,Netherlands,7.464,7.41,7.518,1.501,1.079,0.753,0.647,0.302,0.384,2.798,NLD2020,1.272,932560861701.17,53467.928,3.82,,2.356,-3.868,5.618,43.024,39.84,23.923,880056390964.983,,NLD
2019,Netherlands,7.449,7.394,7.503,1.339,1.464,0.976,0.614,0.336,0.369,2.352,NLD2019,2.634,928903005576.469,53554.901,3.379,,3.028,2.3,6.839,37.498,39.59,23.576,891679358650.979,,NLD
2018,Netherlands,7.488,,,,,,,,,,NLD2018,1.703,929733599796.862,53955.077,3.832,,2.533,2.259,8.98,37.987,39.504,22.952,910598593874.509,,NLD
2017,Netherlands,7.441,,,,,,,,,,NLD2017,1.381,848233537845.884,49513.682,4.837,,1.439,2.782,8.128,38.285,39.544,23.061,824285426585.884,,NLD
2016,Netherlands,7.377,,,,,,,,,,NLD2016,0.317,797163949289.885,46808.529,6.007,,0.566,2.424,7.275,39.443,39.482,22.348,765032765730.352,,NLD
2015,Netherlands,7.339,,,,,,,,,,NLD2015,0.6,775743675302.734,45793.814,6.872,,0.888,2.121,4.919,40.613,38.705,21.796,757772895013.281,,NLD
2014,Netherlands,7.378,,,,,,,,,,NLD2014,0.976,901556501756.467,53457.223,7.419,,0.344,1.613,8.852,41.947,39.73,21.539,883166065399.213,,NLD
2012,Netherlands,7.512,,,,,,,,,,NLD2012,2.456,845689017065.625,50473.944,5.821,0.292,1.329,-0.978,7.826,42.138,38.925,20.322,829582906275.0,,NLD
2011,Netherlands,7.512,,,,,,,,,,NLD2011,2.341,913140741332.687,54701.773,4.977,1.753,0.243,1.773,7.223,41.89,38.473,20.664,902234771926.072,,NLD
2024,New Zealand,6.952,6.874,7.031,1.698,1.712,0.815,0.861,0.167,0.429,1.27,NZL2024,2.923,,,4.869,,,,,,,,,,NZL
2023,New Zealand,7.029,6.954,7.105,1.81,1.527,0.673,0.746,0.226,0.48,1.567,NZL2023,5.733,252175506110.168,48280.811,3.729,,4.759,0.733,-6.767,,,,244146718394.277,,NZL
2022,New Zealand,7.123,7.048,7.198,1.842,1.544,0.513,0.672,0.23,0.471,1.852,NZL2022,7.172,246733522841.353,48216.51,3.297,,5.587,2.775,-8.765,35.926,33.61,29.934,239404000803.12,54.567,NZL
2021,New Zealand,7.2,7.12,7.279,1.852,1.235,0.752,0.68,0.245,0.483,1.954,NZL2021,3.941,253644079784.977,49624.182,3.776,,4.578,4.546,-5.837,33.651,32.829,29.06,246933088131.277,51.37,NZL
2020,New Zealand,7.277,7.198,7.355,1.4,1.094,0.785,0.665,0.276,0.445,2.612,NZL2020,1.715,212697530897.56,41785.692,4.595,,1.955,-0.425,-1.129,36.403,31.737,27.377,208606894464.654,46.119,NZL
2019,New Zealand,7.3,7.222,7.377,1.242,1.487,1.008,0.647,0.326,0.461,2.128,NZL2019,1.62,212846907683.439,42747.21,4.109,,3.086,2.362,-2.793,30.086,32.793,28.17,207518405665.816,32.789,NZL
2018,New Zealand,7.307,,,,,,,,,,NZL2018,1.598,211846555690.736,43228.698,4.335,-1.723,1.753,3.499,-4.048,29.704,32.033,27.482,204160040592.513,36.631,NZL
2017,New Zealand,7.324,,,,,,,,,,NZL2017,1.851,206566916732.292,42913.187,4.736,1.103,3.617,3.397,-2.809,29.921,32.153,27.331,198736921883.604,38.663,NZL
2016,New Zealand,7.314,,,,,,,,,,NZL2016,0.646,188898209220.167,40070.896,5.147,2.549,2.41,3.748,-2.126,30.728,32.375,27.277,182801552357.251,41.403,NZL
2015,New Zealand,7.334,,,,,,,,,,NZL2015,0.293,178104220784.881,38639.35,5.415,4.257,1.444,3.734,-2.618,31.537,32.735,27.412,172197562719.015,42.93,NZL
2014,New Zealand,7.286,,,,,,,,,,NZL2014,1.228,201337554959.49,44578.225,5.428,5.298,0.481,3.754,-3.091,32.356,32.675,26.851,193229267483.34,43.91,NZL
2012,New Zealand,7.221,,,,,,,,,,NZL2012,1.06,176210710655.208,39974.3,6.931,6.025,-0.19,2.289,-3.909,35.03,33.151,26.909,168876091936.708,51.657,NZL
2011,New Zealand,7.372,,,,,,,,,,NZL2011,4.028,168295307149.46,38388.528,6.491,3.553,2.468,2.241,-2.866,40.086,33.859,25.667,160666204294.734,48.136,NZL
2024,Nicaragua,6.33,6.186,6.475,1.084,1.47,0.646,0.912,0.103,0.271,1.844,NIC2024,4.625,,,4.574,,,,,,,,,,NIC
2023,Nicaragua,6.284,6.135,6.433,1.097,1.263,0.542,0.793,0.133,0.251,2.203,NIC2023,8.388,17829218219.359,2612.871,4.716,-1.073,10.669,4.569,7.747,16.261,21.48,19.916,16935018482.106,,NIC
2022,Nicaragua,6.259,6.109,6.408,1.109,1.292,0.385,0.66,0.148,0.218,2.448,NIC2022,10.467,15649897116.896,2325.167,4.961,0.415,8.778,3.752,-2.472,16.673,21.484,19.841,14530697776.478,,NIC
2021,Nicaragua,6.165,6.017,6.312,1.105,1.029,0.617,0.617,0.168,0.212,2.418,NIC2021,4.928,14144060853.136,2128.61,6.118,5.869,3.543,10.316,-3.824,17.257,20.616,18.907,13248461277.539,,NIC
2020,Nicaragua,5.972,5.81,6.134,0.693,0.904,0.604,0.553,0.201,0.176,2.841,NIC2020,3.682,12681569254.282,1931.615,6.201,5.487,5.393,-1.756,3.707,16.474,18.554,17.071,11871469383.254,,NIC
2019,Nicaragua,6.137,6.012,6.262,0.62,1.271,0.803,0.56,0.213,0.174,2.496,NIC2019,5.376,12699028889.666,1958.621,5.472,6.7,5.395,-2.897,5.938,16.452,18.847,17.422,12232628822.995,,NIC
2018,Nicaragua,6.105,,,,,,,,,,NIC2018,4.947,13025234820.822,2035.168,5.2,8.024,2.658,-3.364,-1.797,16.847,16.962,15.699,12373034902.721,,NIC
2017,Nicaragua,6.141,,,,,,,,,,NIC2017,3.851,13785924216.272,2182.619,3.3,6.394,4.123,4.633,-7.16,16.522,17.826,16.574,13074230327.719,,NIC
2016,Nicaragua,6.071,,,,,,,,,,NIC2016,3.523,13286101094.386,2131.688,3.9,6.548,4.59,4.563,-8.483,16.394,17.383,16.166,12651897675.931,,NIC
2015,Nicaragua,5.992,,,,,,,,,,NIC2015,3.997,12756685550.339,2074.454,4.7,4.148,7.589,4.791,-9.873,15.924,16.728,15.59,12267685461.403,,NIC
2014,Nicaragua,5.828,,,,,,,,,,NIC2014,6.036,11880433902.936,1958.37,4.52,4.748,8.392,4.786,-8.028,15.428,16.435,15.316,11432533909.649,,NIC
2012,Nicaragua,5.507,,,,,,,,,,NIC2012,7.194,10531980451.185,1784.692,5.208,5.413,6.243,6.496,-11.724,15.229,16.421,15.009,10116180544.456,,NIC
2011,Nicaragua,5.115,,,,,,,,,,NIC2011,8.082,9774320144.0,1679.71,6.618,0.294,10.214,6.317,-11.908,14.975,15.761,14.52,9505620189.247,,NIC
2024,Niger,4.725,4.588,4.863,0.606,0.796,0.258,0.759,0.122,0.137,2.048,NER2024,9.072,,,0.355,,,,,,,,,,NER
2023,Niger,4.556,4.401,4.712,0.573,0.677,0.293,0.615,0.145,0.147,2.107,NER2023,3.701,16819170420.565,642.938,0.425,,3.388,2.5,-13.87,,,,16182366023.882,,NER
2022,Niger,4.501,4.291,4.712,0.561,0.628,0.137,0.54,0.154,0.14,2.341,NER2022,4.226,15433852712.296,609.745,0.418,,4.019,11.9,-16.199,,,,14058647971.553,,NER
2021,Niger,5.003,4.76,5.247,0.57,0.56,0.326,0.571,0.165,0.145,2.667,NER2021,3.838,14915002436.069,608.722,0.78,,3.119,1.384,-14.074,,,,15188308377.35,,NER
2020,Niger,5.074,4.875,5.273,0.162,0.402,0.167,0.516,0.2,0.157,3.47,NER2020,2.898,13744653103.058,579.512,0.594,,1.163,3.551,-13.21,,,,13156291934.165,,NER
2019,Niger,4.91,4.758,5.061,0.108,0.704,0.299,0.435,0.208,0.138,3.018,NER2019,-2.49,12889555561.23,561.691,0.531,,-0.024,5.94,-12.199,,,,13479237677.173,,NER
2018,Niger,4.628,,,,,,,,,,NER2018,2.968,12837307496.882,578.568,0.535,,2.404,7.211,-12.659,,,,13405990160.982,,NER
2017,Niger,4.166,,,,,,,,,,NER2017,2.796,11185104251.694,521.804,0.554,4.754,0.368,5.005,-11.393,,,,11600276120.445,,NER
2016,Niger,4.028,,,,,,,,,,NER2016,1.654,10398861981.758,502.706,0.548,3.441,1.793,5.741,-11.363,,,,10734604834.954,,NER
2015,Niger,3.856,,,,,,,,,,NER2015,-0.576,9683867926.443,485.663,0.553,2.841,2.249,4.393,-15.347,,,,10161942025.714,,NER
2014,Niger,3.845,,,,,,,,,,NER2014,-0.93,10862943543.542,565.31,0.524,5.767,-0.406,6.642,-12.031,,,,11351529661.747,,NER
2012,Niger,4.152,,,,,,,,,,NER2012,0.455,9426912647.591,528.51,2.177,-0.256,5.308,10.549,-10.837,,,,9746582481.364,,NER
2011,Niger,4.122,,,,,,,,,,NER2011,2.942,8772950777.792,510.76,0.316,1.235,3.972,2.358,-16.334,,,,9327272805.035,,NER
2024,Nigeria,4.885,4.748,5.022,0.989,1.245,0.38,0.639,0.17,0.028,1.433,NGA2024,,,,2.989,,,,,,,,,,NGA
2023,Nigeria,4.881,4.744,5.018,1.042,1.075,0.256,0.566,0.201,0.019,1.722,NGA2023,24.66,363846332834.618,1596.637,3.074,1.233,12.622,2.86,1.655,,,,352906093813.226,,NGA
2022,Nigeria,4.981,4.825,5.136,1.065,1.007,0.092,0.448,0.176,0.013,2.181,NGA2022,18.847,477403400101.174,2139.375,3.821,0.919,11.311,3.252,0.213,,,,464530827755.53,,NGA
2021,Nigeria,4.552,4.453,4.651,1.079,0.732,0.3,0.444,0.175,0.038,1.784,NGA2021,16.953,440833635873.827,2017.275,5.45,1.228,10.131,3.647,-0.738,,,,432250677057.07,,NGA
2020,Nigeria,4.759,4.658,4.861,0.663,0.625,0.051,0.433,0.212,0.039,2.736,NGA2020,13.246,432198898467.795,2019.657,5.742,5.371,7.849,-1.794,-3.699,,,,427431916390.616,,NGA
2019,Nigeria,4.724,4.622,4.826,0.646,0.987,0.168,0.435,0.221,0.048,2.22,NGA2019,11.396,474517490844.461,2265.155,5.206,4.522,10.385,2.208,-2.884,,,,465356470849.403,,NGA
2018,Nigeria,5.265,,,,,,,,,,NGA2018,12.095,421739251509.08,2057.879,5.067,6.056,10.228,1.923,1.727,,,,410486871490.792,,NGA
2017,Nigeria,5.155,,,,,,,,,,NGA2017,16.502,375745731053.427,1876.34,4.828,5.791,11.119,0.806,3.61,,,,367400071058.266,,NGA
2016,Nigeria,5.074,,,,,,,,,,NGA2016,15.697,404649125252.16,2070.413,4.499,6.686,9.544,-1.617,1.255,,,,398387885254.181,,NGA
2015,Nigeria,4.875,,,,,,,,,,NGA2015,9.009,493026682800.63,2585.734,4.135,13.596,2.864,2.653,-3.131,,,,480318932817.476,,NGA
2014,Nigeria,5.268,,,,,,,,,,NGA2014,8.047,574183763411.508,3088.721,3.902,11.356,4.663,6.31,0.158,,,,555021693443.684,,NGA
2012,Nigeria,5.248,,,,,,,,,,NGA2012,12.224,463971018239.281,2633.197,3.76,6.225,9.948,4.23,3.745,,,,441706108191.483,,NGA
2011,Nigeria,4.856,,,,,,,,,,NGA2011,10.826,414466676831.16,2418.413,3.77,5.686,9.778,5.308,2.574,,,,391494346889.747,,NGA
2024,North Macedonia,5.503,5.409,5.597,1.458,1.537,0.544,0.637,0.13,0.007,1.19,MKD2024,3.49,,,13.417,,,,,,,,,,MKD
2023,North Macedonia,5.369,5.27,5.468,1.475,1.277,0.569,0.58,0.194,0.015,1.26,MKD2023,9.362,15763621848.115,8624.294,13.174,-2.158,7.766,2.073,0.359,,,,14961106563.428,,MKD
2022,North Macedonia,5.254,5.146,5.361,1.498,1.171,0.408,0.515,0.207,0.02,1.435,MKD2022,14.205,13932436550.088,7606.238,14.476,-3.895,8.874,2.759,-6.237,,,,13334444854.332,,MKD
2021,North Macedonia,5.199,5.095,5.303,1.505,0.863,0.637,0.488,0.215,0.031,1.461,MKD2021,3.231,14000283827.015,7620.803,15.801,0.549,4.286,4.511,-2.677,33.33,28.837,17.393,13385879515.777,,MKD
2020,North Macedonia,5.101,5.001,5.202,1.068,0.772,0.535,0.45,0.212,0.022,2.042,MKD2020,1.2,12361036913.841,6659.597,16.575,3.767,1.374,-4.688,-2.916,34.924,27.697,16.127,11892343875.374,,MKD
2019,North Macedonia,5.16,5.068,5.251,0.935,1.183,0.803,0.41,0.186,0.025,1.618,MKD2019,0.766,12606338448.547,6718.858,17.414,4.7,0.868,3.91,-2.986,29.687,28.334,17.083,12024667114.976,,MKD
2018,North Macedonia,5.274,,,,,,,,,,MKD2018,1.458,12683068114.239,6713.989,21.208,2.098,3.926,2.881,0.143,27.845,26.821,17.575,12150990659.47,,MKD
2017,North Macedonia,5.185,,,,,,,,,,MKD2017,1.352,11307067069.666,5955.297,22.857,3.696,2.807,1.082,-0.586,27.997,26.47,17.161,10859414347.173,,MKD
2016,North Macedonia,5.175,,,,,,,,,,MKD2016,-0.239,10672467073.287,5598.486,24.312,3.433,3.465,2.848,-2.664,27.783,26.427,16.951,10247925155.735,,MKD
2015,North Macedonia,5.121,,,,,,,,,,MKD2015,-0.3,10064519962.566,5262.687,26.395,5.346,2.003,3.856,-1.712,28.795,26.957,16.818,9747431783.183,,MKD
2014,North Macedonia,5.007,,,,,,,,,,MKD2014,-0.282,11362265252.778,5925.386,28.215,6.228,1.447,3.629,-0.482,28.367,26.059,16.235,11149662118.446,,MKD
2012,North Macedonia,4.574,,,,,,,,,,MKD2012,3.316,9745261300.578,5049.827,31.096,7.985,1.003,-0.456,-3.275,29.373,27.857,16.417,9534185814.44,,MKD
2011,North Macedonia,4.369,,,,,,,,,,MKD2011,3.905,10494626767.644,5416.867,31.502,5.667,3.722,2.34,-2.494,28.982,28.332,17.0,10307350188.472,,MKD
2024,Norway,7.262,7.171,7.353,1.902,1.711,0.863,0.962,0.168,0.425,1.231,NOR2024,3.145,,,3.97,,,,,,,,,,NOR
2023,Norway,7.302,7.215,7.389,1.952,1.517,0.704,0.835,0.224,0.484,1.586,NOR2023,5.518,485310823603.662,87925.094,3.572,17.82,-10.619,0.48,17.33,35.719,53.973,26.921,507846254957.478,,NOR
2022,Norway,7.315,7.229,7.402,1.994,1.521,0.544,0.752,0.212,0.463,1.829,NOR2022,5.764,593726965415.619,108798.451,3.231,-19.443,28.162,3.006,28.753,29.419,56.533,31.48,596856513825.084,,NOR
2021,Norway,7.365,7.29,7.44,1.997,1.239,0.786,0.728,0.217,0.474,1.925,NOR2021,3.484,503367986030.268,93072.893,4.359,-14.923,20.213,3.909,14.8,36.521,47.437,25.506,502221885913.853,,NOR
2020,Norway,7.392,7.323,7.462,1.543,1.108,0.782,0.703,0.249,0.427,2.58,NOR2020,1.287,367633418886.627,68340.018,4.424,5.349,-2.517,-1.278,1.146,45.391,44.615,21.253,382834834941.145,,NOR
2019,Norway,7.488,7.42,7.556,1.424,1.495,1.008,0.67,0.288,0.434,2.168,NOR2019,2.168,408742840909.091,76430.589,3.684,3.805,-0.548,1.124,2.916,38.562,47.476,23.283,421234090909.091,,NOR
2018,Norway,7.554,,,,,,,,,,NOR2018,2.765,439788625883.8,82792.843,3.801,-3.576,6.743,0.829,7.95,37.129,46.654,23.314,457569996925.915,,NOR
2017,Norway,7.594,,,,,,,,,,NOR2017,1.875,401745275035.261,76131.838,4.164,-1.033,4.081,2.464,5.389,38.695,45.161,22.29,416379568809.188,,NOR
2016,Norway,7.537,,,,,,,,,,NOR2016,3.55,370956547619.048,70867.361,4.68,4.744,-1.598,1.165,3.98,39.739,45.182,21.96,387092976190.476,,NOR
2015,Norway,7.498,,,,,,,,,,NOR2015,2.171,388159512245.53,74809.966,4.296,6.486,-2.804,1.857,8.014,38.151,45.389,22.089,404192290999.276,,NOR
2014,Norway,7.522,,,,,,,,,,NOR2014,2.042,501736471832.848,97666.695,3.486,3.943,0.258,2.048,10.955,35.606,45.868,23.412,517499761967.733,,NOR
2012,Norway,7.655,,,,,,,,,,NOR2012,0.697,512777309840.997,102175.919,3.129,,3.353,2.718,12.384,33.729,48.424,26.873,517101160292.222,,NOR
2011,Norway,7.524,,,,,,,,,,NOR2011,1.285,501360549669.404,101221.813,3.196,,6.673,1.106,13.255,34.142,48.655,27.552,506139118181.721,,NOR
2024,Oman,6.197,5.973,6.42,1.603,1.411,0.5,0.93,0.142,,,OMN2024,,,,3.161,,,,,,,,,,OMN
2014,Oman,6.853,,,,,,,,,,OMN2014,1.014,92699089726.918,23160.65,3.449,3.408,1.757,1.292,4.63,,,,88413003901.17,,OMN
2012,Oman,6.853,,,,,,,,,,OMN2012,2.948,87408842652.796,24642.298,3.765,2.215,3.606,8.863,8.991,,,,82904291287.386,,OMN
2024,Pakistan,4.768,4.644,4.892,0.982,0.759,0.417,0.529,0.136,0.046,1.898,PAK2024,12.633,,,5.472,,,,,,,,,,PAK
2023,Pakistan,4.657,4.535,4.779,1.069,0.6,0.321,0.542,0.144,0.074,1.907,PAK2023,30.768,337912301397.727,1365.277,5.408,,26.0,-0.04,-0.244,,,,332147301397.546,,PAK
2022,Pakistan,4.555,4.404,4.707,1.081,0.657,0.158,0.511,0.141,0.102,1.907,PAK2022,19.874,374890295666.694,1538.323,5.485,,13.937,4.778,-3.259,,,,369642295666.626,,PAK
2021,Pakistan,4.516,4.397,4.634,1.049,0.413,0.374,0.448,0.181,0.112,1.94,PAK2021,9.496,348516647445.148,1455.319,6.338,-1.452,10.267,6.514,-3.524,,,,344116647445.148,,PAK
2020,Pakistan,4.934,4.802,5.066,0.637,0.423,0.322,0.418,0.252,0.097,2.784,PAK2020,9.74,300425609817.981,1278.397,6.127,0.74,9.944,-1.274,-0.217,,,,294966609817.792,,PAK
2019,Pakistan,5.693,5.599,5.788,0.617,0.873,0.47,0.405,0.229,0.123,2.977,PAK2019,10.578,320909472770.669,1390.417,4.83,2.932,9.036,2.498,-2.667,,,,315299473058.399,,PAK
2018,Pakistan,5.653,,,,,,,,,,PAK2018,5.078,356128166704.921,1569.338,4.083,4.516,3.842,6.152,-5.296,,,,350691167594.255,,PAK
2017,Pakistan,5.472,,,,,,,,,,PAK2017,4.085,339205534861.1,1519.235,3.215,4.018,4.03,4.433,-4.77,,,,334191536057.051,,PAK
2016,Pakistan,5.269,,,,,,,,,,PAK2016,3.765,313630000130.435,1424.692,2.285,7.761,0.922,6.574,-2.293,,,,308284997722.844,,PAK
2015,Pakistan,5.132,,,,,,,,,,PAK2015,2.529,299963590534.773,1380.47,3.566,5.471,4.442,4.218,-0.934,,,,295364590988.181,,PAK
2014,Pakistan,5.194,,,,,,,,,,PAK2014,7.189,271390474857.632,1266.613,1.827,4.216,7.21,4.116,-1.348,,,,267435475356.814,,PAK
2012,Pakistan,5.292,,,,,,,,,,PAK2012,9.682,250106966104.704,1204.365,3.667,3.276,9.918,3.028,-0.936,,,,246861967230.679,,PAK
2011,Pakistan,5.149,,,,,,,,,,PAK2011,11.916,230586581059.665,1131.735,0.796,-1.711,16.411,2.68,-0.957,,,,227569579578.823,,PAK
2024,Panama,6.407,6.284,6.531,1.594,1.6,0.717,0.876,0.041,0.042,1.537,PAN2024,0.685,,,6.518,,,,,,,,,,PAN
2023,Panama,6.358,6.227,6.489,1.702,1.392,0.633,0.72,0.063,0.043,1.806,PAN2023,1.486,83318176900.0,18686.405,6.544,,1.707,7.399,-4.487,,,,79285543400.0,,PAN
2022,Panama,6.265,6.105,6.424,1.714,1.402,0.475,0.63,0.065,0.036,1.943,PAN2022,2.86,76276116700.0,17332.436,8.086,4.635,2.172,10.77,-0.623,,,,72807217200.0,,PAN
2021,Panama,6.309,6.154,6.464,1.715,1.107,0.709,0.592,0.049,0.051,2.086,PAN2021,1.631,67396392500.0,15509.807,10.177,5.445,1.415,16.467,-1.156,17.141,11.155,7.461,63404274400.0,,PAN
2020,Panama,6.18,6.036,6.323,1.298,0.976,0.667,0.596,0.079,0.053,2.509,PAN2020,-1.55,57059846500.0,13290.561,14.663,7.54,-0.495,-17.821,0.676,19.269,11.515,8.05,55305091100.0,,PAN
2019,Panama,6.305,6.188,6.422,1.098,1.376,0.879,0.58,0.097,0.054,2.221,PAN2019,-0.355,69778991200.0,16477.907,6.256,6.517,0.538,3.103,-5.05,15.037,11.831,8.648,65459457700.0,,PAN
2018,Panama,6.321,,,,,,,,,,PAN2018,0.762,67316471200.0,16151.327,5.161,6.139,0.701,3.918,-7.884,13.592,13.187,9.591,61995613500.0,,PAN
2017,Panama,6.43,,,,,,,,,,PAN2017,0.876,64327688800.0,15694.63,5.338,4.884,1.795,5.744,-5.822,13.942,13.444,9.666,60514887600.0,,PAN
2016,Panama,6.452,,,,,,,,,,PAN2016,0.74,59760858700.0,14832.361,4.717,4.024,2.475,4.572,-7.543,13.695,12.685,10.056,55623707800.0,,PAN
2015,Panama,6.701,,,,,,,,,,PAN2015,0.137,55767806100.0,14082.655,4.335,3.378,3.015,5.267,-8.694,13.999,12.814,9.798,52316906100.0,,PAN
2014,Panama,6.786,,,,,,,,,,PAN2014,2.627,51427104900.0,13213.199,4.391,2.14,4.694,4.626,-12.984,12.911,13.231,9.96,47073004900.0,,PAN
2012,Panama,7.143,,,,,,,,,,PAN2012,5.698,41595439700.0,11064.806,3.691,1.322,6.318,9.627,-8.98,,,,38857139700.0,,PAN
2011,Panama,6.863,,,,,,,,,,PAN2011,5.876,35687738300.0,9662.296,4.03,1.925,5.488,11.909,-12.658,,,,33773738300.0,,PAN
2024,Paraguay,6.172,6.064,6.279,1.329,1.615,0.291,0.921,0.097,0.063,1.857,PRY2024,3.835,,,6.093,,,,,,,,,,PRY
2023,Paraguay,5.977,5.868,6.085,1.398,1.408,0.549,0.788,0.131,0.065,1.637,PRY2023,4.632,42956263543.948,6276.351,5.794,,2.069,4.714,-0.566,19.027,17.639,10.176,41584973464.272,,PRY
2022,Paraguay,5.738,5.625,5.851,1.428,1.427,0.392,0.678,0.148,0.062,1.604,PRY2022,9.766,41952910858.085,6205.626,6.755,,8.054,0.176,-7.155,16.535,17.396,10.266,40588715171.024,,PRY
2021,Paraguay,5.578,5.467,5.689,1.409,1.13,0.624,0.629,0.171,0.059,1.555,PRY2021,4.788,39950899938.748,5976.932,7.311,3.745,8.448,4.017,-1.108,16.74,16.887,9.794,38564964617.241,,PRY
2020,Paraguay,5.653,5.473,5.832,0.983,0.97,0.549,0.602,0.206,0.037,2.306,PRY2020,1.768,35432178068.181,5365.472,7.548,11.089,2.204,-0.82,1.873,18.473,16.732,9.515,34220989522.023,,PRY
2019,Paraguay,5.692,5.59,5.794,0.898,1.368,0.736,0.587,0.204,0.065,1.834,PRY2019,2.757,37925338329.149,5821.182,6.595,12.053,3.062,-0.402,-0.578,20.35,17.546,9.996,36767424995.415,,PRY
2018,Paraguay,5.743,,,,,,,,,,PRY2018,3.976,40225448340.632,6258.45,6.217,13.493,1.96,3.204,-0.233,16.13,17.332,10.075,38831476238.131,,PRY
2017,Paraguay,5.681,,,,,,,,,,PRY2017,3.602,38997129473.556,6152.267,6.138,14.509,2.159,4.81,3.357,14.466,17.443,9.956,37645080815.241,,PRY
2016,Paraguay,5.493,,,,,,,,,,PRY2016,4.087,36089700222.946,5775.16,5.255,13.387,4.135,4.268,4.601,15.422,16.865,9.559,34772206410.59,,PRY
2015,Paraguay,5.538,,,,,,,,,,PRY2015,3.129,36211447840.097,5879.338,4.556,17.846,1.604,2.957,-0.211,14.828,17.358,9.642,34791041670.017,,PRY
2014,Paraguay,5.878,,,,,,,,,,PRY2014,5.029,40377929295.642,6652.255,5.034,17.82,2.857,5.301,-0.787,14.001,16.718,9.745,38813188600.51,,PRY
2012,Paraguay,5.779,,,,,,,,,,PRY2012,3.676,33271921136.315,5642.17,4.085,11.794,4.798,-0.708,-1.819,15.704,16.692,9.458,31826845945.946,,PRY
2011,Paraguay,5.398,,,,,,,,,,PRY2011,8.254,33756238766.5,5805.402,4.67,11.706,5.096,4.286,-0.678,13.083,15.562,9.367,32316546158.878,,PRY
2024,Peru,5.947,5.844,6.049,1.323,1.364,0.551,0.71,0.05,0.021,1.929,PER2024,2.008,,,4.828,,,,,,,,,,PER
2023,Peru,5.841,5.736,5.946,1.371,1.18,0.662,0.615,0.078,0.029,1.907,PER2023,6.456,267603248655.253,7906.585,4.899,,6.566,-0.55,0.829,,,,253422835356.13,,PER
2022,Peru,5.526,5.412,5.64,1.39,1.153,0.499,0.549,0.073,0.027,1.835,PER2022,8.334,246488757636.211,7363.272,3.85,7.475,4.766,2.726,-3.953,,,,229767512928.334,,PER
2021,Peru,5.559,5.439,5.679,1.397,0.865,0.735,0.545,0.09,0.037,1.89,PER2021,4.272,226354278280.885,6826.972,5.097,0.814,10.083,13.355,-2.065,22.844,20.675,15.923,208856003550.009,35.245,PER
2020,Peru,5.84,5.692,5.988,0.986,0.833,0.623,0.536,0.087,0.031,2.744,PER2020,2.002,201409694755.934,6133.326,7.179,8.889,3.719,-10.933,0.938,26.907,18.05,13.221,196052808902.926,34.765,PER
2019,Peru,5.797,5.677,5.917,0.919,1.208,0.824,0.513,0.092,0.027,2.213,PER2019,2.252,228346006003.648,7037.008,3.379,12.283,1.872,2.241,-0.623,20.662,19.529,14.525,220088217727.993,26.527,PER
2018,Peru,5.697,,,,,,,,,,PER2018,1.509,222597009739.235,6978.491,3.492,11.989,2.277,3.969,-1.172,19.889,19.038,14.286,211617892395.279,25.729,PER
2017,Peru,5.663,,,,,,,,,,PER2017,2.995,211007984080.911,6736.167,3.691,12.712,3.616,2.519,-0.858,20.15,17.823,13.174,201299928108.921,24.748,PER
2016,Peru,5.715,,,,,,,,,,PER2016,3.557,191898104390.379,6217.036,3.741,12.985,3.081,3.953,-2.204,19.188,18.277,13.788,183940620942.667,23.706,PER
2015,Peru,5.743,,,,,,,,,,PER2015,3.398,189802976285.619,6231.712,3.272,13.064,2.691,3.252,-4.608,20.568,19.68,14.92,183303872361.819,22.866,PER
2014,Peru,5.824,,,,,,,,,,PER2014,3.412,200786250582.943,6667.134,3.208,12.995,2.432,2.382,-4.282,20.511,21.83,16.721,191695514405.553,19.565,PER
2012,Peru,5.776,,,,,,,,,,PER2012,3.611,192650021648.583,6519.379,3.238,17.82,1.203,6.14,-2.791,17.918,21.513,16.547,180517336685.894,19.217,PER
2011,Peru,5.258,,,,,,,,,,PER2011,3.369,171761737046.585,5861.358,3.477,11.178,6.746,6.327,-1.964,17.628,20.803,15.969,159083185069.533,20.72,PER
2024,Philippines,6.107,5.994,6.22,1.177,1.385,0.315,0.966,0.075,0.11,2.079,PHL2024,3.213,,,2.153,,,,,,,,,,PHL
2023,Philippines,6.048,5.929,6.166,1.232,1.146,0.441,0.826,0.099,0.136,2.167,PHL2023,5.978,437146372729.942,3804.873,2.222,,4.596,5.546,-2.834,16.877,15.719,14.102,485154567168.652,,PHL
2022,Philippines,5.523,5.371,5.675,1.238,1.108,0.286,0.714,0.104,0.141,1.931,PHL2022,5.821,404353369604.631,3548.069,2.598,,5.489,7.581,-4.516,18.607,16.083,14.619,428113122133.855,,PHL
2021,Philippines,5.904,5.8,6.007,1.268,0.912,0.514,0.678,0.107,0.142,2.283,PHL2021,3.927,394087359848.11,3484.386,3.398,,2.282,5.715,-1.508,19.139,15.481,14.13,408104073652.169,,PHL
2020,Philippines,5.88,5.778,5.982,0.853,0.828,0.426,0.651,0.125,0.126,2.872,PHL2020,2.393,361751145451.597,3227.579,2.522,,1.65,-9.518,3.201,19.56,15.905,13.951,389165789740.532,,PHL
2019,Philippines,6.006,5.908,6.104,0.775,1.245,0.602,0.622,0.129,0.13,2.502,PHL2019,2.392,376823402244.928,3400.789,2.237,6.354,0.697,6.119,-0.809,14.807,16.069,14.488,414552288030.862,,PHL
2018,Philippines,5.631,,,,,,,,,,PHL2018,5.309,346841896583.515,3168.51,2.338,2.292,3.741,6.341,-2.559,14.213,15.518,14.048,383816939950.168,,PHL
2017,Philippines,5.524,,,,,,,,,,PHL2017,2.853,328480736798.792,3038.121,2.552,3.232,2.32,6.931,-0.652,13.613,14.932,13.594,364718697508.835,,PHL
2016,Philippines,5.43,,,,,,,,,,PHL2016,1.254,318627003012.52,2985.196,2.695,4.307,1.28,7.149,-0.376,13.435,14.51,13.087,354012676979.657,,PHL
2015,Philippines,5.279,,,,,,,,,,PHL2015,0.674,306445871246.718,2909.858,3.068,6.344,-0.72,6.348,2.371,13.477,14.677,13.02,341466825828.893,,PHL
2014,Philippines,5.073,,,,,,,,,,PHL2014,3.598,297483555344.802,2866.838,3.6,2.4,3.053,6.348,3.616,12.822,14.435,13.016,331766346480.069,43.426,PHL
2012,Philippines,4.985,,,,,,,,,,PHL2012,3.027,261920540972.102,2614.616,3.504,3.613,1.994,6.897,2.653,13.545,13.803,12.306,290823739749.145,49.157,PHL
2011,Philippines,4.825,,,,,,,,,,PHL2011,4.718,234216730295.938,2383.919,3.592,2.641,3.919,3.858,2.409,13.521,13.398,11.849,259495340501.428,48.806,PHL
2024,Poland,6.673,6.611,6.734,1.666,1.595,0.63,0.79,0.021,0.169,1.802,POL2024,3.784,,,2.472,,,,,,,,,,POL
2023,Poland,6.442,6.37,6.513,1.738,1.417,0.639,0.6,0.081,0.175,1.791,POL2023,11.529,809200697797.088,22056.666,2.743,,9.547,0.139,1.796,39.255,36.039,18.071,778230830221.408,,POL
2022,Poland,6.26,6.177,6.343,1.767,1.474,0.477,0.511,0.12,0.139,1.772,POL2022,14.429,695607470875.276,18891.212,2.811,,10.69,5.255,-2.275,36.063,33.809,17.123,668250895914.937,,POL
2021,Poland,6.123,6.04,6.205,1.758,1.174,0.712,0.523,0.124,0.14,1.693,POL2021,5.055,689170230665.35,18635.51,3.268,,5.34,6.927,-1.302,36.999,35.789,18.959,658886045351.756,,POL
2020,Poland,6.166,6.087,6.245,1.309,0.982,0.668,0.558,0.08,0.13,2.438,POL2020,3.374,605914237903.742,15987.575,3.155,,4.239,-2.036,2.398,40.522,34.708,17.291,583489675593.182,,POL
2019,Poland,6.186,6.117,6.256,1.169,1.31,0.868,0.558,0.063,0.161,2.057,POL2019,2.227,602683770144.88,15874.522,3.267,,3.026,4.58,-0.273,33.827,34.147,17.141,577797688425.851,,POL
2018,Poland,6.182,,,,,,,,,,POL2018,1.813,594616687350.017,15658.212,3.835,,1.227,6.246,-1.966,33.059,34.1,17.185,569457737081.91,,POL
2017,Poland,6.123,,,,,,,,,,POL2017,2.076,528356676667.211,13913.34,4.867,,1.77,5.152,-1.186,34.262,33.532,16.736,505864085381.071,,POL
2016,Poland,5.973,,,,,,,,,,POL2016,-0.665,473259583969.643,12464.011,6.141,,0.083,3.031,-1.069,34.801,32.813,16.209,454775433601.938,,POL
2015,Poland,5.835,,,,,,,,,,POL2015,-0.874,480054118583.367,12637.522,7.475,,1.321,4.432,-1.325,34.139,32.482,15.614,462002918158.907,,POL
2014,Poland,5.791,,,,,,,,,,POL2014,0.054,542134167178.627,14262.284,8.971,,0.482,3.921,-2.973,35.075,32.29,15.627,521376161737.583,,POL
2012,Poland,5.822,,,,,,,,,,POL2012,3.56,498148649702.66,13087.421,10.031,,2.183,1.512,-4.112,35.058,32.754,16.005,479188660855.595,,POL
2011,Poland,5.803,,,,,,,,,,POL2011,4.239,527848543023.469,13867.667,9.576,,3.066,5.255,-5.111,34.836,32.537,16.67,509126016589.444,,POL
2024,Portugal,6.013,5.907,6.118,1.646,1.56,0.822,0.879,0.04,0.034,1.032,PRT2024,2.416,,,6.384,,,,,,,,,,PRT
2023,Portugal,6.03,5.925,6.134,1.728,1.368,0.699,0.757,0.047,0.035,1.397,PRT2023,4.311,289114289663.542,27331.209,6.509,,6.902,2.526,0.562,37.572,37.773,22.87,281752856063.905,,PRT
2022,Portugal,5.968,5.86,6.076,1.758,1.356,0.537,0.693,0.031,0.037,1.556,PRT2022,7.833,256898675068.927,24620.52,6.011,,5.327,6.986,-2.085,39.311,38.083,23.173,251691706536.851,,PRT
2021,Portugal,6.016,5.911,6.122,1.76,1.078,0.777,0.655,0.016,0.039,1.691,PRT2021,1.266,256055879091.139,24711.451,6.577,,2.02,5.559,-0.672,42.454,37.705,22.283,252978982539.953,,PRT
2020,Portugal,5.929,5.821,6.037,1.323,0.939,0.76,0.621,0.029,0.033,2.225,PRT2020,-0.012,229618773422.577,22299.404,6.801,,2.103,-8.205,-0.63,44.527,37.767,22.26,225467491361.699,,PRT
2019,Portugal,5.911,5.807,6.015,1.169,1.34,0.979,0.59,0.053,0.028,1.753,PRT2019,0.338,240115970063.019,23343.363,6.464,,1.834,2.746,0.766,38.669,37.454,22.447,233752871351.921,,PRT
2018,Portugal,5.693,,,,,,,,,,PRT2018,0.994,242092894542.888,23541.14,6.994,,1.852,2.946,0.728,39.282,37.606,22.845,236395409034.201,,PRT
2017,Portugal,5.41,,,,,,,,,,PRT2017,1.369,220862990767.229,21442.384,8.869,,1.532,3.315,1.564,41.669,37.299,22.636,216161830459.115,,PRT
2016,Portugal,5.195,,,,,,,,,,PRT2016,0.607,206305431241.638,19980.281,11.068,,1.854,2.004,1.426,41.32,37.264,22.617,201411635475.272,,PRT
2015,Portugal,5.123,,,,,,,,,,PRT2015,0.488,199038523119.639,19215.781,12.447,,1.962,1.59,0.508,44.004,37.966,23.078,194045468799.965,,PRT
2014,Portugal,5.102,,,,,,,,,,PRT2014,-0.278,230078616299.675,22120.685,13.897,,0.724,0.741,0.315,47.561,38.394,22.875,225198395238.514,,PRT
2012,Portugal,5.101,,,,,,,,,,PRT2012,2.773,216536676771.973,20593.427,15.531,,-0.376,-4.051,-1.527,44.363,36.4,21.011,211105801823.003,,PRT
2011,Portugal,5.327,,,,,,,,,,PRT2011,3.653,245426767676.002,23246.543,12.682,,-0.26,-1.714,-6.119,44.476,36.45,21.36,241146265856.975,,PRT
2015,Puerto Rico,7.039,,,,,,,,,,PRI2015,,103375500000.0,29763.488,12.0,,1.978,-1.049,,,,,69602000000.0,,PRI
2011,Puerto Rico,6.593,,,,,,,,,,PRI2011,,100351700000.0,27278.883,15.7,,2.37,-0.359,,,,,65720700000.0,,PRI
2018,Qatar,6.374,,,,,,,,,,QAT2018,0.256,183334953818.681,71039.849,0.11,-6.613,12.414,1.235,9.083,,,,179589624148.352,,QAT
2017,Qatar,6.374,,,,,,,,,,QAT2017,0.395,161099122225.275,63279.856,0.14,-2.868,7.788,-1.498,3.989,,,,160679616730.769,,QAT
2016,Qatar,6.375,,,,,,,,,,QAT2016,2.677,151732181868.132,61253.638,0.15,14.301,-8.977,3.064,-5.45,,,,150622841208.791,,QAT
2015,Qatar,6.375,,,,,,,,,,QAT2015,1.814,161739955576.923,68985.295,0.17,39.489,-25.13,4.753,8.502,,,,158174570961.538,,QAT
2014,Qatar,6.611,,,,,,,,,,QAT2014,3.35,206224598571.429,95840.631,0.2,6.544,-1.483,5.334,23.959,,,,196924049120.879,,QAT
2012,Qatar,6.666,,,,,,,,,,QAT2012,2.315,186833502362.637,108470.379,0.48,-0.892,6.33,4.73,33.185,,,,174708777087.912,,QAT
2011,Qatar,6.569,,,,,,,,,,QAT2011,1.138,167775268626.374,103261.507,0.56,-10.808,18.27,13.375,31.068,,,,154504256813.187,,QAT
2024,Republic of Korea,6.038,5.945,6.131,1.709,1.357,0.903,0.678,0.1,0.139,1.152,KOR2024,2.322,,,2.604,,,,,,,,,,KOR
2023,Republic of Korea,6.058,5.968,6.148,1.815,1.178,0.77,0.555,0.126,0.158,1.456,KOR2023,3.597,1712792854202.37,33121.371,2.675,3.062,2.064,1.357,1.916,30.505,29.46,15.724,1744702631805.69,52.297,KOR
2022,Republic of Korea,5.951,5.862,6.04,1.853,1.188,0.603,0.446,0.112,0.163,1.587,KOR2022,5.09,1673916511799.71,32394.683,2.857,2.979,1.276,2.613,1.543,33.643,32.004,18.445,1698504131878.33,51.179,KOR
2021,Republic of Korea,5.935,5.849,6.021,1.851,0.886,0.841,0.414,0.111,0.176,1.656,KOR2021,2.498,1818432106880.04,35125.522,3.639,0.118,2.763,4.305,4.687,30.491,29.934,16.735,1838899317165.23,48.955,KOR
2020,Republic of Korea,5.845,5.763,5.928,1.403,0.758,0.801,0.353,0.134,0.135,2.262,KOR2020,0.537,1644312831906.17,31721.299,3.931,1.219,1.564,-0.709,4.616,29.726,27.903,14.861,1658668665990.32,46.432,KOR
2019,Republic of Korea,5.872,5.786,5.959,1.245,1.134,1.023,0.259,0.17,0.095,1.947,KOR2019,0.383,1651422932447.77,31902.417,3.746,4.321,-0.839,2.244,3.614,27.512,27.88,15.2,1665675897739.53,39.969,KOR
2018,Republic of Korea,5.895,,,,,,,,,,KOR2018,1.476,1725373496825.43,33447.156,3.824,3.164,0.483,2.907,4.49,24.918,27.449,15.536,1732322374323.88,37.556,KOR
2017,Republic of Korea,5.875,,,,,,,,,,KOR2017,1.944,1623074183501.9,31600.736,3.653,1.227,2.223,3.16,4.635,23.963,26.185,14.494,1629690182358.85,37.349,KOR
2016,Republic of Korea,5.838,,,,,,,,,,KOR2016,0.972,1499679823909.61,29280.44,3.65,1.355,1.986,2.947,6.53,23.505,25.757,13.982,1505162317173.77,38.066,KOR
2015,Republic of Korea,5.835,,,,,,,,,,KOR2015,0.706,1466038936206.43,28737.439,3.546,0.337,3.186,2.809,7.17,23.489,24.814,13.158,1470624628355.3,37.493,KOR
2014,Republic of Korea,5.984,,,,,,,,,,KOR2014,1.275,1484488526271.8,29252.931,3.082,3.326,0.907,3.202,5.593,23.619,24.988,13.241,1491673283689.83,36.5,KOR
2012,Republic of Korea,6.267,,,,,,,,,,KOR2012,2.187,1278046536287.01,25459.169,2.812,4.093,1.252,2.403,3.818,24.633,26.652,14.078,1291410762822.05,32.409,KOR
2011,Republic of Korea,5.643,,,,,,,,,,KOR2011,4.026,1253289537500.81,25097.595,2.992,4.419,1.282,3.686,1.328,18.136,20.692,13.851,1261047470780.75,,KOR
2024,Republic of Moldova,5.819,5.706,5.933,1.332,1.43,0.414,0.83,0.054,0.037,1.722,MDA2024,4.678,,,1.434,,,,,,,,,,MDA
2023,Republic of Moldova,5.816,5.702,5.93,1.385,1.277,0.542,0.695,0.077,0.044,1.795,MDA2023,13.417,16539436547.295,6729.413,1.555,3.334,8.708,0.783,-11.447,34.832,29.708,18.779,16806186549.415,34.619,MDA
2022,Republic of Moldova,5.819,5.717,5.922,1.425,1.302,0.375,0.61,0.093,0.02,1.995,MDA2022,28.737,14510490660.252,5738.425,0.897,-6.253,19.253,-5.015,-17.107,32.278,29.344,18.94,14570210660.95,34.521,MDA
2021,Republic of Moldova,5.857,5.766,5.948,1.417,1.008,0.597,0.561,0.102,0.028,2.142,MDA2021,5.106,13691869264.079,5274.606,0.785,0.954,6.382,13.93,-12.41,29.955,28.631,18.388,13958389264.174,32.119,MDA
2020,Republic of Moldova,5.766,5.677,5.856,0.985,0.888,0.542,0.536,0.137,0.013,2.665,MDA2020,3.766,11530746234.449,4375.779,1.186,2.467,5.575,-8.276,-7.69,32.722,28.731,17.91,11920936240.3,33.956,MDA
2019,Republic of Moldova,5.608,5.525,5.69,0.708,1.237,0.713,0.39,0.174,0.014,2.371,MDA2019,4.838,11736797054.696,4405.334,1.466,2.751,5.352,3.552,-9.421,28.272,27.644,17.656,12351757049.22,25.451,MDA
2018,Republic of Moldova,5.529,,,,,,,,,,MDA2018,3.045,11252353420.88,4156.45,1.196,5.461,3.211,4.076,-10.77,27.784,28.213,18.014,11788143412.483,27.511,MDA
2017,Republic of Moldova,5.64,,,,,,,,,,MDA2017,6.57,9514404016.209,3453.267,1.586,3.868,6.252,4.176,-5.837,27.241,27.546,17.727,10070244015.431,29.667,MDA
2016,Republic of Moldova,5.838,,,,,,,,,,MDA2016,6.359,7980917075.775,2847.088,1.557,10.357,3.551,4.646,-3.614,26.675,25.714,16.43,8426887067.084,32.247,MDA
2015,Republic of Moldova,5.897,,,,,,,,,,MDA2015,9.676,7797667196.731,2749.551,1.742,2.308,11.574,-0.338,-5.936,28.33,26.193,16.291,8247147199.76,23.314,MDA
2014,Republic of Moldova,5.889,,,,,,,,,,MDA2014,5.089,9402090137.742,3289.958,1.425,5.582,5.143,5.0,-6.044,29.367,26.25,16.829,10224420143.592,21.066,MDA
2012,Republic of Moldova,5.791,,,,,,,,,,MDA2012,4.546,8709138634.829,3044.808,2.151,5.58,7.424,-0.59,-7.39,27.854,26.127,15.595,9519279677.548,20.347,MDA
2011,Republic of Moldova,5.305,,,,,,,,,,MDA2011,7.687,8414352020.494,2941.362,2.648,5.774,8.191,5.818,-10.125,27.36,25.606,15.24,8991792743.469,19.767,MDA
2024,Romania,6.563,6.47,6.655,1.636,1.401,0.561,0.847,0.028,0.015,2.075,ROU2024,-4.519,,,5.379,,,,,,,,,,ROU
2023,Romania,6.491,6.39,6.592,1.699,1.236,0.583,0.717,0.041,0.006,2.21,ROU2023,10.397,350775856415.189,18404.273,5.589,-3.058,12.77,2.404,-6.973,,,,341406887173.994,,ROU
2022,Romania,6.589,6.488,6.69,1.726,1.28,0.423,0.631,0.044,0.0,2.485,ROU2022,13.795,296354358293.475,15557.883,5.614,-3.867,12.092,3.965,-9.221,37.173,31.611,16.158,287401142589.008,50.885,ROU
2021,Romania,6.477,6.379,6.575,1.719,1.006,0.655,0.605,0.039,0.006,2.446,ROU2021,5.052,286578196368.297,14986.785,5.59,0.003,5.61,5.546,-7.176,37.0,30.212,14.924,280850525992.947,55.763,ROU
2020,Romania,6.14,6.027,6.253,1.275,0.832,0.595,0.564,0.045,0.001,2.83,ROU2020,2.631,252033792712.145,13082.301,5.035,2.282,4.111,-3.674,-5.112,38.003,30.001,14.147,248241836530.323,57.143,ROU
2019,Romania,6.124,6.031,6.217,1.12,1.194,0.792,0.535,0.068,0.001,2.413,ROU2019,3.828,251677082534.495,12992.033,3.912,0.201,6.947,3.923,-4.839,33.603,29.677,14.522,248106362712.884,43.248,ROU
2018,Romania,6.07,,,,,,,,,,ROU2018,4.625,243468683030.34,12502.262,4.187,0.585,6.187,6.121,-4.576,32.52,29.729,14.374,239021337055.325,42.538,ROU
2017,Romania,5.945,,,,,,,,,,ROU2017,1.339,210147385855.419,10727.982,4.927,0.873,4.651,8.195,-3.194,31.597,29.03,15.587,207139929998.628,44.327,ROU
2016,Romania,5.825,,,,,,,,,,ROU2016,-1.545,185290759248.844,9404.54,5.901,3.01,2.62,2.86,-2.103,32.225,30.145,17.112,182793770174.934,47.279,ROU
2015,Romania,5.528,,,,,,,,,,ROU2015,-0.594,177885131240.315,8977.017,6.812,3.392,3.265,3.157,-0.637,33.014,32.848,18.918,176016433717.531,45.17,ROU
2014,Romania,5.124,,,,,,,,,,ROU2014,1.068,199722319675.741,10031.771,6.802,6.638,1.714,4.116,-0.341,32.442,31.719,17.939,198781424858.361,46.267,ROU
2012,Romania,5.033,,,,,,,,,,ROU2012,3.335,179117323107.087,8929.954,6.794,7.243,3.81,1.904,-4.578,32.3,29.976,17.159,176155821463.583,40.392,ROU
2011,Romania,5.178,,,,,,,,,,ROU2011,5.789,192623977894.173,9560.676,7.177,7.833,3.983,4.496,-4.816,33.655,29.897,17.215,190288593351.457,37.246,ROU
2024,Russian Federation,5.945,5.865,6.026,1.63,1.549,0.47,0.702,0.095,0.125,1.373,RUS2024,,,,2.527,,,,,,,,,,RUS
2023,Russian Federation,5.785,5.712,5.859,1.642,1.351,0.531,0.551,0.138,0.121,1.451,RUS2023,,2021421476035.42,13817.046,3.076,4.248,7.074,3.6,2.48,30.338,29.445,12.372,1994504886035.41,18.962,RUS
2022,Russian Federation,5.661,5.588,5.734,1.68,1.383,0.366,0.449,0.12,0.091,1.572,RUS2022,,2266029240645.34,15445.242,3.867,-4.503,16.715,-2.07,10.491,31.753,27.308,10.97,2219007320645.76,19.506,RUS
2021,Russian Federation,5.459,5.392,5.525,1.685,1.095,0.586,0.401,0.117,0.08,1.494,RUS2021,6.694,1843392293734.38,12521.522,4.749,-10.242,19.412,5.614,6.778,30.546,26.371,11.606,1800376274532.51,20.867,RUS
2020,Russian Federation,5.477,5.413,5.541,1.241,0.992,0.511,0.409,0.115,0.06,2.148,RUS2020,3.382,1493075894362.14,10108.327,5.62,5.825,0.898,-2.654,2.369,35.3,27.677,10.799,1458071184362.37,22.992,RUS
2019,Russian Federation,5.546,5.468,5.624,1.127,1.379,0.68,0.399,0.099,0.046,1.816,RUS2019,4.47,1693115002708.32,11447.701,4.513,5.317,3.263,2.198,3.876,29.614,27.48,10.938,1639594452707.88,17.276,RUS
2018,Russian Federation,5.648,,,,,,,,,,RUS2018,2.878,1657328773461.31,11211.888,4.871,-1.028,9.998,2.807,6.98,28.944,27.516,11.469,1616936904758.28,16.169,RUS
2017,Russian Federation,5.81,,,,,,,,,,RUS2017,3.683,1574199360089.0,10658.913,5.238,4.946,5.35,1.826,2.044,30.71,24.485,10.288,1532146060813.91,16.325,RUS
2016,Russian Federation,5.963,,,,,,,,,,RUS2016,7.042,1276786350881.14,8663.158,5.591,9.484,2.844,0.194,1.916,31.028,24.268,9.183,1241289768349.06,14.242,RUS
2015,Russian Federation,5.856,,,,,,,,,,RUS2015,15.534,1363482182197.71,9277.714,5.615,7.895,7.25,-1.973,4.971,30.648,24.472,10.642,1325733351220.47,13.541,RUS
2014,Russian Federation,5.716,,,,,,,,,,RUS2014,7.823,2059241589895.01,14055.473,5.212,3.397,7.49,0.736,2.793,26.462,27.152,13.255,1991279402292.03,11.2,RUS
2012,Russian Federation,5.464,,,,,,,,,,RUS2012,5.075,2208293553878.42,15401.852,5.484,0.176,8.908,4.024,3.228,24.196,27.238,13.755,2140632821885.44,8.551,RUS
2011,Russian Federation,5.284,,,,,,,,,,RUS2011,8.44,2045922753398.04,14305.332,6.571,-12.857,24.46,4.3,4.755,23.35,29.148,13.954,1985523437666.18,8.641,RUS
2021,Rwanda,3.268,3.074,3.462,0.785,0.133,0.462,0.621,0.187,0.544,0.536,RWA2021,-0.391,11069280649.646,828.833,15.775,12.948,2.858,10.858,-10.924,20.306,21.451,14.476,10843185964.584,,RWA
2020,Rwanda,3.415,3.282,3.548,0.364,0.202,0.407,0.627,0.227,0.493,1.095,RWA2020,9.85,10174387374.348,778.702,11.829,9.027,6.712,-3.374,-12.065,21.53,21.382,15.074,9937664507.812,,RWA
2019,Rwanda,3.312,3.21,3.415,0.343,0.523,0.572,0.604,0.236,0.486,0.548,RWA2019,3.348,10349300380.33,810.051,11.236,13.717,2.471,9.447,-11.893,19.346,20.741,14.605,10001278819.882,,RWA
2018,Rwanda,3.334,,,,,,,,,,RWA2018,-0.311,9637904655.174,771.774,10.759,17.657,-0.603,8.516,-10.114,18.686,20.423,14.25,9290176578.871,,RWA
2017,Rwanda,3.408,,,,,,,,,,RWA2017,8.28,9252834336.495,758.301,11.875,8.328,8.163,3.918,-9.46,18.673,19.793,13.451,8961396887.972,,RWA
2016,Rwanda,3.471,,,,,,,,,,RWA2016,7.174,8695272300.91,729.519,11.801,11.674,5.03,5.971,-15.305,18.46,20.024,14.416,8456915984.282,,RWA
2015,Rwanda,3.515,,,,,,,,,,RWA2015,2.529,8543759677.582,733.999,11.838,16.766,0.486,8.857,-12.684,16.933,18.943,13.294,8381415487.965,,RWA
2014,Rwanda,3.465,,,,,,,,,,RWA2014,2.354,8238966063.867,724.958,11.844,11.961,4.732,6.167,-11.344,17.418,18.252,12.948,8050147969.236,,RWA
2012,Rwanda,3.715,,,,,,,,,,RWA2012,10.271,7654761573.55,706.817,11.701,11.439,4.723,8.642,-9.68,,,,7552066586.401,,RWA
2011,Rwanda,4.204,,,,,,,,,,RWA2011,3.08,6884913658.106,651.134,11.775,8.84,7.191,7.958,-6.928,,,,6827682931.802,,RWA
2024,Saudi Arabia,6.6,6.497,6.702,1.743,1.566,0.714,0.915,0.105,0.187,1.37,SAU2024,1.688,,,3.896,,,,,,,,,,SAU
2023,Saudi Arabia,6.594,6.48,6.707,1.842,1.361,0.511,0.787,0.114,0.188,1.79,SAU2023,2.327,1067582933333.33,32093.962,4.008,,-2.965,-0.755,3.291,27.645,30.281,8.908,1073418445360.0,,SAU
2022,Saudi Arabia,6.463,6.344,6.581,1.861,1.37,0.351,0.682,0.093,0.17,1.936,SAU2022,2.474,1108571466666.67,34454.196,5.589,,17.984,7.486,13.563,24.556,30.506,7.772,1118179993493.33,,SAU
2021,Saudi Arabia,6.523,6.409,6.637,1.87,1.092,0.577,0.651,0.078,0.18,2.075,SAU2021,3.063,874156000000.0,28396.086,6.621,,13.301,5.075,4.637,28.117,29.453,9.673,887051480960.0,,SAU
2020,Saudi Arabia,6.494,6.384,6.604,1.435,0.964,0.571,0.603,0.09,0.163,2.668,SAU2020,3.445,734271200000.0,23271.404,7.66,,-9.185,-3.582,-3.479,33.435,28.394,8.237,745486551306.667,,SAU
2019,Saudi Arabia,6.406,6.296,6.517,1.334,1.31,0.76,0.548,0.087,0.163,2.203,SAU2019,-2.093,838564800000.0,27892.842,5.636,,-2.023,1.098,4.585,28.313,29.483,6.998,846719422506.667,,SAU
2018,Saudi Arabia,6.375,,,,,,,,,,SAU2018,2.458,846583733333.333,28036.026,6.029,,14.734,3.199,8.618,28.061,28.533,8.292,854758208400.0,,SAU
2017,Saudi Arabia,6.371,,,,,,,,,,SAU2017,-0.838,714994666666.667,23081.205,5.89,,6.387,0.911,1.696,26.936,25.791,3.26,726876989173.333,,SAU
2016,Saudi Arabia,6.344,,,,,,,,,,SAU2016,2.069,666000000000.0,21515.66,5.6,,-2.36,1.884,-3.672,27.882,20.799,3.283,681352861413.333,,SAU
2015,Saudi Arabia,6.379,,,,,,,,,,SAU2015,1.206,669484266666.667,22453.572,5.6,,-16.437,4.509,-7.863,31.506,24.405,3.259,690847754533.333,,SAU
2014,Saudi Arabia,6.411,,,,,,,,,,SAU2014,2.236,766605866666.667,27079.673,5.877,,-2.043,3.811,10.47,28.564,36.182,2.734,789633446080.0,,SAU
2012,Saudi Arabia,6.48,,,,,,,,,,SAU2012,2.866,741849866666.667,28348.573,5.622,,4.012,5.409,23.41,25.641,44.808,2.518,761738805173.333,,SAU
2011,Saudi Arabia,6.597,,,,,,,,,,SAU2011,5.826,676634666666.667,26966.294,5.77,,15.412,10.994,24.384,23.012,44.043,2.313,692763354533.333,,SAU
2024,Senegal,4.856,4.732,4.979,0.907,0.977,0.433,0.767,0.129,0.09,1.553,SEN2024,,,,2.992,,,,,,,,,,SEN
2023,Senegal,4.969,4.841,5.096,0.927,0.751,0.392,0.607,0.152,0.069,2.071,SEN2023,5.939,30848333083.706,1706.442,2.8,,3.852,4.584,-19.683,23.447,24.055,19.441,29815310912.719,,SEN
2022,Senegal,4.855,4.727,4.983,0.943,0.727,0.231,0.519,0.142,0.06,2.234,SEN2022,9.697,27619479059.613,1564.745,2.837,,8.728,3.826,-20.067,23.26,22.281,18.703,26730995883.942,,SEN
2021,Senegal,5.046,4.921,5.171,0.933,0.53,0.447,0.494,0.143,0.081,2.419,SEN2021,2.18,27520784129.751,1598.107,3.44,,1.447,6.544,-12.09,19.589,20.814,17.55,26818952801.845,,SEN
2020,Senegal,5.132,4.998,5.266,0.518,0.558,0.357,0.381,0.158,0.088,3.071,SEN2020,2.543,24530513037.752,1461.087,3.437,,1.603,1.342,-10.853,20.946,20.23,17.449,24122233479.252,,SEN
2019,Senegal,4.981,4.877,5.084,0.504,0.955,0.518,0.352,0.164,0.082,2.405,SEN2019,1.76,23403995992.135,1431.181,2.863,,2.086,4.614,-8.109,21.233,21.21,18.419,22793623628.474,,SEN
2018,Senegal,4.681,,,,,,,,,,SEN2018,0.461,23116701556.138,1452.556,3.455,,-0.84,6.209,-9.583,19.847,19.772,16.378,22515158389.218,,SEN
2017,Senegal,4.631,,,,,,,,,,SEN2017,1.318,20996562943.598,1356.805,4.078,4.514,0.599,7.407,-7.269,19.788,21.341,15.906,20409580182.44,,SEN
2016,Senegal,4.535,,,,,,,,,,SEN2016,0.837,19040312333.186,1266.44,4.455,4.298,0.956,6.356,-4.179,18.31,20.819,16.371,18541862786.771,,SEN
2015,Senegal,4.219,,,,,,,,,,SEN2015,0.135,17774766696.176,1218.006,6.757,4.041,1.07,6.367,-5.316,18.299,19.198,15.774,17312461398.556,,SEN
2014,Senegal,3.904,,,,,,,,,,SEN2014,-1.09,19797253440.268,1398.891,5.841,6.96,-1.516,6.224,-6.803,,,,19408861677.051,,SEN
2012,Senegal,3.959,,,,,,,,,,SEN2012,1.418,17660870411.524,1326.838,3.888,1.709,3.274,4.003,-8.652,,,,17359552048.495,,SEN
2011,Senegal,4.414,,,,,,,,,,SEN2011,3.403,17814283639.312,1374.676,2.853,1.347,3.857,1.334,-6.445,,,,17532438785.721,,SEN
2024,Serbia,6.606,6.513,6.698,1.489,1.62,0.545,0.767,0.131,0.107,1.946,SRB2024,4.671,,,7.39,,,,,,,,,,SRB
2023,Serbia,6.411,6.3,6.522,1.538,1.391,0.585,0.663,0.2,0.101,1.932,SRB2023,12.372,81342660752.373,12281.506,8.268,,13.84,3.847,-2.394,,,,77124644204.408,,SRB
2022,Serbia,6.144,5.988,6.299,1.552,1.343,0.424,0.617,0.246,0.081,1.881,SRB2022,11.982,66797564758.339,10022.969,8.439,,10.516,2.631,-6.672,35.469,38.657,23.897,63640695711.636,,SRB
2021,Serbia,6.178,6.062,6.294,1.55,1.086,0.658,0.546,0.219,0.088,2.031,SRB2021,4.085,66159884072.531,9680.528,9.843,,5.684,7.949,-4.012,37.698,34.562,19.661,63725727979.921,,SRB
2020,Serbia,6.078,5.974,6.181,1.101,0.924,0.634,0.482,0.189,0.066,2.682,SRB2020,1.576,55874017668.998,8098.71,9.011,,2.649,-0.95,-3.896,42.538,39.43,22.43,54250382218.318,,SRB
2019,Serbia,5.778,5.679,5.878,0.988,1.327,0.828,0.395,0.15,0.059,2.029,SRB2019,1.849,53864693664.557,7755.633,10.395,,2.348,4.75,-6.563,35.743,39.291,23.0,51089361866.014,,SRB
2018,Serbia,5.603,,,,,,,,,,SRB2018,1.96,52787520248.924,7559.862,12.733,,2.0,4.649,-4.658,35.192,38.641,22.638,50210951337.945,,SRB
2017,Serbia,5.398,,,,,,,,,,SRB2017,3.131,45972834713.808,6548.037,13.477,,2.997,2.363,-5.052,36.141,39.018,23.129,43120235148.204,,SRB
2016,Serbia,5.395,,,,,,,,,,SRB2016,1.122,42225495909.563,5982.37,15.257,,1.544,2.975,-2.818,37.791,38.325,22.444,39988171446.519,,SRB
2015,Serbia,5.177,,,,,,,,,,SRB2015,1.392,41297410634.959,5820.322,17.66,,2.169,1.296,-3.318,39.053,37.458,21.467,39457763395.71,,SRB
2014,Serbia,5.123,,,,,,,,,,SRB2014,2.082,49114321280.347,6886.678,19.223,,2.909,-1.804,-5.364,40.911,37.323,21.052,47332816794.213,,SRB
2012,Serbia,4.813,,,,,,,,,,SRB2012,7.33,45103269969.411,6263.041,24.0,,6.044,-0.444,-10.479,35.426,31.538,17.815,43688184212.71,,SRB
2011,Serbia,4.564,,,,,,,,,,SRB2011,11.137,51251098408.092,7082.286,22.959,,11.002,0.054,-9.928,34.083,31.722,18.314,49347436352.331,,SRB
2024,Sierra Leone,2.998,2.894,3.102,0.786,0.692,0.327,0.613,0.138,0.052,0.391,SLE2024,28.634,,,3.126,,,,,,,,,,SLE
2023,Sierra Leone,3.245,3.124,3.366,0.654,0.566,0.253,0.469,0.181,0.053,1.068,SLE2023,47.643,6411869546.289,757.858,3.153,-7.412,29.216,5.71,-9.457,,,,6357900250.53,,SLE
2022,Sierra Leone,3.138,2.976,3.299,0.67,0.54,0.092,0.371,0.193,0.051,1.221,SLE2022,27.208,7119137321.901,860.131,3.175,-6.017,26.952,5.314,-6.35,,,,7052172099.96,,SLE
2021,Sierra Leone,3.574,3.416,3.732,0.686,0.416,0.273,0.387,0.202,0.055,1.556,SLE2021,11.874,7165214367.65,885.184,3.556,10.636,7.433,5.897,-7.297,,,,7095115114.099,,SLE
2020,Sierra Leone,3.849,3.698,4.001,0.279,0.377,0.1,0.408,0.243,0.047,2.396,SLE2020,13.447,6688594757.621,845.314,3.508,4.115,13.277,-1.253,-5.837,,,,6661953410.234,,SLE
2019,Sierra Leone,3.926,3.807,4.046,0.241,0.748,0.204,0.382,0.258,0.048,2.046,SLE2019,14.805,6523577590.383,843.713,3.203,7.325,9.916,5.503,-7.788,,,,6453832475.363,,SLE
2018,Sierra Leone,4.374,,,,,,,,,,SLE2018,16.03,6390514688.528,845.915,3.192,1.711,14.011,3.473,-9.255,,,,6321721809.585,,SLE
2017,Sierra Leone,4.571,,,,,,,,,,SLE2017,18.222,5818480351.637,788.487,3.834,6.151,8.956,3.754,-11.68,,,,5718813430.742,,SLE
2016,Sierra Leone,4.709,,,,,,,,,,SLE2016,10.886,6042615859.611,838.632,4.294,9.792,5.852,6.347,-4.863,,,,5946667599.373,,SLE
2015,Sierra Leone,4.635,,,,,,,,,,SLE2015,6.689,6651626733.649,945.148,4.606,-0.761,19.64,-20.491,-15.08,,,,6651514105.595,,SLE
2014,Sierra Leone,4.507,,,,,,,,,,SLE2014,4.639,7845456215.278,1140.927,4.678,17.306,1.795,4.559,-6.026,,,,7845075238.31,,SLE
2012,Sierra Leone,4.318,,,,,,,,,,SLE2012,6.588,5927684219.153,904.841,4.552,7.996,12.041,15.202,-20.416,,,,5927502383.727,,SLE
2011,Sierra Leone,3.586,,,,,,,,,,SLE2011,6.791,4587078913.133,718.162,4.54,3.159,17.295,6.01,-41.715,,,,4586860848.136,,SLE
2024,Singapore,6.565,6.481,6.65,2.022,1.565,0.935,0.856,0.164,0.522,0.501,SGP2024,2.366,,,3.182,,,,,,,,,,SGP
2023,Singapore,6.523,6.44,6.605,2.118,1.361,0.769,0.743,0.168,0.575,0.788,SGP2023,4.821,501427500080.059,84734.256,3.444,,-3.069,1.075,17.83,17.442,18.36,14.006,420675068720.039,177.002,SGP
2022,Singapore,6.587,6.454,6.72,2.168,1.354,0.607,0.66,0.17,0.561,1.067,SGP2022,6.121,498474540987.78,88428.702,3.591,,13.478,3.838,18.812,15.136,16.221,12.033,402947122111.431,157.363,SGP
2021,Singapore,6.48,6.392,6.569,2.149,1.127,0.851,0.672,0.163,0.587,0.932,SGP2021,2.305,434111559282.849,79601.413,4.64,-4.547,10.264,9.691,19.911,16.376,17.229,12.813,369181671818.698,150.142,SGP
2020,Singapore,6.377,6.293,6.46,1.695,1.019,0.897,0.664,0.176,0.547,1.379,SGP2020,-0.182,349488382610.662,61466.804,4.1,7.881,-2.439,-3.87,17.485,25.722,18.052,12.732,301827008237.772,151.566,SGP
2019,Singapore,6.377,6.312,6.442,1.52,1.395,1.138,0.635,0.219,0.533,0.937,SGP2019,0.565,376901649222.451,66081.72,3.1,5.466,-0.204,1.345,15.354,14.143,20.901,13.152,333217559842.775,127.827,SGP
2018,Singapore,6.262,,,,,,,,,,SGP2018,0.439,376892697588.005,66840.637,3.613,1.666,3.604,3.517,15.702,14.691,18.189,13.013,330780032057.128,110.758,SGP
2017,Singapore,6.343,,,,,,,,,,SGP2017,0.576,343257164581.712,61162.097,4.2,2.319,2.894,4.513,18.626,14.305,20.189,13.99,319463982475.515,109.329,SGP
2016,Singapore,6.572,,,,,,,,,,SGP2016,-0.532,319053943915.005,56899.918,4.08,4.837,0.49,3.589,18.039,14.443,18.466,13.309,299704968202.289,109.056,SGP
2015,Singapore,6.739,,,,,,,,,,SGP2015,-0.523,307998545269.398,55645.607,3.79,2.21,3.072,2.977,18.693,15.926,17.997,13.14,286982925099.558,103.321,SGP
2014,Singapore,6.798,,,,,,,,,,SGP2014,1.025,314863580758.455,57564.802,3.74,5.632,-0.267,3.936,17.95,13.151,18.021,13.557,303910658616.471,99.61,SGP
2012,Singapore,6.546,,,,,,,,,,SGP2012,4.576,295092888076.589,55547.555,3.72,4.861,0.495,4.435,17.643,12.384,17.477,13.581,281970766822.76,107.828,SGP
2011,Singapore,6.549,,,,,,,,,,SGP2011,5.248,279356499090.458,53891.457,3.89,4.16,1.171,6.215,22.218,12.773,17.021,13.106,269757413084.683,104.785,SGP
2024,Slovakia,6.221,6.154,6.288,1.629,1.762,0.547,0.704,0.058,0.07,1.451,SVK2024,2.758,,,5.234,,,,,,,,,,SVK
2023,Slovakia,6.257,6.182,6.332,1.706,1.54,0.638,0.566,0.096,0.058,1.653,SVK2023,10.532,132908336234.295,24491.377,5.84,,10.136,1.378,-1.678,,,,129363521385.089,,SVK
2022,Slovakia,6.469,6.36,6.578,1.731,1.544,0.472,0.494,0.128,0.022,2.078,SVK2022,12.774,115928615553.286,21342.767,6.143,,7.489,0.45,-9.598,39.728,37.853,19.44,113663598494.847,64.316,SVK
2021,Slovakia,6.391,6.306,6.475,1.736,1.232,0.707,0.479,0.118,0.025,2.094,SVK2021,3.15,120592216208.386,22138.195,6.894,,2.244,5.727,-4.79,42.367,37.365,18.963,115128905716.297,77.515,SVK
2020,Slovakia,6.331,6.251,6.411,1.304,1.066,0.653,0.468,0.107,0.018,2.714,SVK2020,1.937,107732602896.441,19735.486,6.719,,2.408,-2.586,-0.437,42.11,36.824,18.464,105812952730.797,77.603,SVK
2019,Slovakia,6.281,6.204,6.357,1.195,1.424,0.853,0.424,0.117,0.011,2.256,SVK2019,2.665,105843498304.094,19406.059,5.761,,2.401,2.276,-3.513,38.098,37.027,18.76,103173702727.27,63.034,SVK
2018,Slovakia,6.198,,,,,,,,,,SVK2018,2.514,106611673364.837,19573.372,6.544,,2.109,4.062,-1.593,37.129,36.253,18.464,104466604126.592,63.5,SVK
2017,Slovakia,6.173,,,,,,,,,,SVK2017,1.312,95978130734.977,17645.53,8.142,,1.182,2.875,-1.718,37.039,36.086,18.502,93926182364.76,64.134,SVK
2016,Slovakia,6.098,,,,,,,,,,SVK2016,-0.52,90347173228.636,16636.077,9.679,,-0.391,1.948,-1.417,40.319,37.768,18.013,87583418794.887,66.126,SVK
2015,Slovakia,6.078,,,,,,,,,,SVK2015,-0.325,89178548717.332,16442.076,11.492,,-0.186,5.177,-2.051,40.678,40.501,18.052,86733263300.836,64.633,SVK
2014,Slovakia,5.995,,,,,,,,,,SVK2014,-0.076,101713075598.862,18770.929,11.536,,-0.133,2.708,1.776,40.05,37.903,17.388,100294158379.669,65.702,SVK
2012,Slovakia,5.969,,,,,,,,,,SVK2012,3.606,94724394278.052,17516.969,13.966,,1.339,1.569,0.939,39.133,34.492,15.5,93046097962.178,58.426,SVK
2011,Slovakia,5.657,,,,,,,,,,SVK2011,3.919,99705104723.434,18469.435,13.634,,1.62,2.562,-4.924,39.06,34.93,16.004,96477145180.409,48.687,SVK
2024,Slovenia,6.792,6.695,6.889,1.692,1.718,0.802,0.961,0.121,0.113,1.384,SVN2024,1.966,,,3.357,,,,,,,,,,SVN
2023,Slovenia,6.743,6.643,6.843,1.786,1.502,0.695,0.789,0.157,0.131,1.683,SVN2023,7.447,69148468417.321,32610.111,3.652,,10.05,2.113,4.472,42.941,41.764,20.346,68204657444.175,,SVN
2022,Slovenia,6.65,6.55,6.75,1.815,1.539,0.532,0.707,0.144,0.113,1.799,SVN2022,8.834,59927702746.284,28373.838,4.011,,6.517,2.699,-1.03,43.533,42.324,21.021,58905498955.812,,SVN
2021,Slovenia,6.63,6.542,6.718,1.81,1.249,0.769,0.685,0.118,0.115,1.885,SVN2021,1.917,61529280461.092,29187.369,4.744,,2.69,8.39,3.368,46.617,43.153,21.613,61087662970.414,,SVN
2020,Slovenia,6.461,6.376,6.546,1.36,1.093,0.722,0.69,0.122,0.085,2.388,SVN2020,-0.055,53384760135.158,25392.065,4.971,,1.19,-4.085,7.674,49.108,42.106,20.489,53456563151.351,,SVN
2019,Slovenia,6.363,6.277,6.449,1.209,1.465,0.933,0.647,0.146,0.077,1.889,SVN2019,1.631,53909922735.545,25814.169,4.446,,2.339,3.505,6.453,40.79,42.248,21.699,53555776974.368,,SVN
2018,Slovenia,6.118,,,,,,,,,,SVN2018,1.739,53689067639.918,25888.048,5.108,,2.181,4.379,6.521,41.145,42.699,22.033,53372127792.394,,SVN
2017,Slovenia,5.948,,,,,,,,,,SVN2017,1.429,48153200134.661,23303.078,6.564,,1.288,5.174,6.821,42.298,42.396,21.905,47713353120.197,,SVN
2016,Slovenia,5.758,,,,,,,,,,SVN2016,-0.055,44290685824.068,21447.838,8.0,,0.885,3.034,5.292,44.675,42.693,22.163,43632048585.544,,SVN
2015,Slovenia,5.768,,,,,,,,,,SVN2015,-0.526,42709468274.814,20697.275,8.962,,0.867,2.393,4.118,46.722,44.439,22.122,41777966741.873,,SVN
2014,Slovenia,5.848,,,,,,,,,,SVN2014,0.199,49514466379.606,24013.068,9.668,,0.632,2.763,5.328,47.534,43.724,22.034,49538339538.7,,SVN
2012,Slovenia,6.06,,,,,,,,,,SVN2012,2.597,46167053954.337,22442.142,8.841,,0.627,-2.916,1.403,47.49,43.441,21.702,45851550969.762,,SVN
2011,Slovenia,5.922,,,,,,,,,,SVN2011,1.803,51199194599.309,24940.628,8.166,,1.365,0.655,-0.772,48.809,42.472,21.695,50883600760.681,,SVN
2024,Somalia,4.347,4.203,4.49,0.535,0.877,0.046,0.916,0.206,0.192,1.575,SOM2024,,,,18.861,,,,,,,,,,SOM
2018,Somalia,4.668,,,,,,,,,,SOM2018,,7873440838.366,509.526,18.738,,4.975,2.054,,0.0,0.0,0.0,7839349638.496,,SOM
2017,Somalia,4.982,,,,,,,,,,SOM2017,,7621501720.0,510.94,18.523,,0.598,14.736,,0.0,0.0,0.0,7588940646.518,,SOM
2016,Somalia,5.151,,,,,,,,,,SOM2016,,6613743089.999,460.928,18.578,,4.082,7.035,,,,,6583423311.613,,SOM
2015,Somalia,5.44,,,,,,,,,,SOM2015,,6152149080.002,445.583,18.597,,6.949,10.462,,,,,6122909830.002,,SOM
2024,South Africa,5.213,5.086,5.339,1.283,1.465,0.142,0.676,0.064,0.043,1.54,ZAF2024,4.361,,,33.168,,,,,,,,,,ZAF
2023,South Africa,5.422,5.295,5.549,1.389,1.369,0.322,0.537,0.078,0.034,1.693,ZAF2023,6.075,380699271814.508,6022.543,32.098,6.389,4.804,0.698,-1.614,,,,375533190780.566,,ZAF
2022,South Africa,5.275,5.132,5.417,1.417,1.428,0.149,0.464,0.09,0.019,1.708,ZAF2022,7.04,406920004594.074,6523.411,33.268,3.619,4.992,1.911,-0.462,33.48,30.273,26.005,398453691164.869,76.237,ZAF
2021,South Africa,5.194,5.073,5.315,1.425,1.088,0.361,0.442,0.089,0.046,1.742,ZAF2021,4.619,420886877628.703,6843.399,34.007,0.472,6.539,4.955,3.73,34.531,30.065,25.895,412864533620.666,73.807,ZAF
2020,South Africa,4.956,4.839,5.074,0.967,0.895,0.265,0.447,0.144,0.051,2.187,ZAF2020,3.232,337974655408.055,5580.604,29.217,2.198,5.391,-6.169,2.004,37.835,27.814,23.265,332348812405.049,75.726,ZAF
2019,South Africa,4.814,4.696,4.932,0.902,1.259,0.407,0.435,0.126,0.06,1.625,ZAF2019,4.103,389330032224.269,6533.711,28.468,5.268,4.614,0.26,-2.62,34.653,28.898,24.867,379611912078.734,64.589,ZAF
2018,South Africa,4.722,,,,,,,,,,ZAF2018,4.51,405260723892.517,6914.178,26.906,5.856,3.993,1.557,-3.001,33.995,28.364,24.895,393942734756.111,59.102,ZAF
2017,South Africa,4.724,,,,,,,,,,ZAF2017,5.186,381448814653.456,6618.335,27.035,4.647,5.473,1.158,-2.374,33.252,28.913,24.769,370872987853.886,56.26,ZAF
2016,South Africa,4.829,,,,,,,,,,ZAF2016,6.603,323585509674.481,5651.206,26.536,3.278,6.952,0.665,-2.634,32.19,29.041,24.828,315294109648.646,53.739,ZAF
2015,South Africa,4.459,,,,,,,,,,ZAF2015,4.519,346709790458.563,6112.274,25.149,3.668,5.546,1.322,-4.31,33.68,29.647,25.049,338766618711.13,52.651,ZAF
2014,South Africa,4.642,,,,,,,,,,ZAF2014,6.133,381198869776.106,6856.731,24.89,3.567,5.367,1.414,-4.812,31.905,28.873,24.432,371745234720.224,,ZAF
2012,South Africa,4.963,,,,,,,,,,ZAF2012,5.738,434400545085.811,8076.977,24.727,3.883,4.685,2.396,-4.684,30.365,26.523,23.346,423516734077.151,,ZAF
2011,South Africa,5.101,,,,,,,,,,ZAF2011,5.001,458199494830.834,8646.056,24.639,3.279,5.539,3.169,-2.02,31.062,25.974,22.875,447479678691.973,,ZAF
2019,South Sudan,2.817,2.606,3.028,0.289,0.553,0.209,0.066,0.21,0.111,1.379,SSD2019,87.241,,,12.709,-25.098,,,-4.157,,,,,,SSD
2018,South Sudan,2.853,,,,,,,,,,SSD2018,83.502,,,12.952,-27.288,,,-9.038,,,,,,SSD
2017,South Sudan,3.254,,,,,,,,,,SSD2017,187.852,,,13.111,-77.561,,,8.307,,,,,,SSD
2016,South Sudan,3.591,,,,,,,,,,SSD2016,380.0,,,12.955,-33.009,,,-5.767,,,,,,SSD
2015,South Sudan,3.832,,,,,,,,,,SSD2015,52.766,11997800760.224,1080.147,12.485,-3.321,17.689,-10.793,-4.169,,,,10522802563.676,,SSD
2024,Spain,6.466,6.385,6.547,1.69,1.685,0.894,0.734,0.112,0.18,1.17,ESP2024,2.774,,,11.394,,,,,,,,,,ESP
2023,Spain,6.421,6.339,6.502,1.766,1.471,0.729,0.619,0.119,0.177,1.54,ESP2023,3.532,1620090734956.89,33509.013,12.179,,6.235,2.676,2.655,34.031,29.635,14.993,1606770094001.98,107.26,ESP
2022,Spain,6.436,6.354,6.519,1.798,1.491,0.567,0.533,0.101,0.157,1.789,ESP2022,8.391,1446498147749.03,30287.366,12.917,,4.712,6.179,0.31,35.395,29.791,15.496,1424534712303.51,109.218,ESP
2021,Spain,6.476,6.392,6.56,1.808,1.211,0.808,0.505,0.101,0.149,1.893,ESP2021,3.093,1461244901852.69,30817.683,14.781,,2.556,6.683,0.765,38.362,30.122,14.878,1456884138329.43,132.547,ESP
2020,Spain,6.491,6.408,6.574,1.375,1.057,0.826,0.462,0.135,0.124,2.513,ESP2020,-0.323,1289783836971.21,27230.36,15.532,,1.134,-10.94,0.819,40.369,29.223,13.446,1281402401923.74,138.955,ESP
2019,Spain,6.401,6.318,6.484,1.231,1.421,1.051,0.426,0.165,0.11,1.997,ESP2019,0.7,1403496387686.27,29776.201,14.104,,1.429,1.961,2.12,32.115,27.84,13.658,1396786257474.51,111.293,ESP
2018,Spain,6.354,,,,,,,,,,ESP2018,1.675,1431642809327.06,30592.126,15.255,,1.187,2.395,1.861,31.726,27.753,14.125,1423751671292.55,107.203,ESP
2017,Spain,6.31,,,,,,,,,,ESP2017,1.956,1321754088818.83,28367.939,17.224,,1.258,2.896,2.829,31.362,27.036,13.626,1313739000871.77,106.578,ESP
2016,Spain,6.403,,,,,,,,,,ESP2016,-0.203,1243015667917.12,26740.685,19.635,,0.372,2.915,3.158,32.432,27.129,13.684,1236606698893.78,105.968,ESP
2015,Spain,6.361,,,,,,,,,,ESP2015,-0.5,1206164777553.12,25969.838,22.057,,0.552,4.061,2.037,32.656,27.539,14.082,1195894016724.61,104.514,ESP
2014,Spain,6.329,,,,,,,,,,ESP2014,-0.151,1380244561361.96,29694.887,24.441,,-0.221,1.52,1.736,34.531,28.314,14.048,1366800133424.7,104.928,ESP
2012,Spain,6.322,,,,,,,,,,ESP2012,2.446,1330994811670.31,28456.444,24.789,,-0.203,-2.865,0.055,38.032,25.873,11.706,1314155086548.05,77.446,ESP
2011,Spain,6.761,,,,,,,,,,ESP2011,3.196,1487568659241.25,31824.622,21.39,,-0.146,-0.64,-2.687,31.194,25.923,11.826,1454580711702.34,57.79,ESP
2024,Sri Lanka,3.891,3.78,4.001,1.271,1.308,0.567,0.696,0.121,0.025,-0.099,LKA2024,-0.429,,,4.996,,,,,,,,,,LKA
2023,Sri Lanka,3.898,3.778,4.018,1.361,1.179,0.586,0.583,0.144,0.031,0.014,LKA2023,16.541,84356863743.634,3827.965,5.997,,17.519,-2.298,1.848,17.976,11.035,9.847,81623429815.185,,LKA
2022,Sri Lanka,4.442,4.28,4.603,1.422,1.224,0.426,0.539,0.12,0.086,0.625,LKA2022,49.721,74144870023.424,3342.72,4.528,,47.464,-7.347,-1.954,15.742,8.225,7.277,72199977445.736,,LKA
2021,Sri Lanka,4.362,4.237,4.487,1.415,0.934,0.66,0.529,0.15,0.079,0.595,LKA2021,7.015,88609324901.977,3999.338,4.981,,8.021,4.207,-3.706,17.467,8.273,7.37,86619332546.136,,LKA
2020,Sri Lanka,4.325,4.196,4.454,0.99,0.82,0.593,0.559,0.239,0.049,1.075,LKA2020,6.154,84304298770.533,3846.174,5.364,,3.104,-4.625,-1.408,19.069,8.743,7.775,82024773617.052,,LKA
2019,Sri Lanka,4.327,4.223,4.431,0.898,1.195,0.792,0.529,0.253,0.049,0.611,LKA2019,3.528,89014978344.14,4082.694,4.67,7.099,3.871,-0.22,-2.071,15.934,11.884,10.904,86545573251.94,,LKA
2018,Sri Lanka,4.366,,,,,,,,,,LKA2018,2.135,94493871200.787,4360.585,4.318,6.96,4.295,2.31,-2.962,15.285,12.506,11.154,92095811316.341,,LKA
2017,Sri Lanka,4.471,,,,,,,,,,LKA2017,7.704,94376237797.237,4401.056,4.046,5.781,5.473,6.461,-2.447,15.331,12.73,11.609,92061614515.905,,LKA
2016,Sri Lanka,4.44,,,,,,,,,,LKA2016,3.959,88012282205.836,4149.761,4.242,4.789,5.443,5.054,-1.98,15.661,13.156,11.423,85816595299.736,,LKA
2015,Sri Lanka,4.415,,,,,,,,,,LKA2015,3.768,85140955388.851,4060.131,4.519,3.828,3.014,4.206,-2.211,17.088,12.577,11.72,83118677957.889,73.513,LKA
2014,Sri Lanka,4.271,,,,,,,,,,LKA2014,3.179,82528535713.926,3971.919,4.157,5.805,1.921,6.378,-2.408,14.203,10.929,9.748,80720442913.028,68.591,LKA
2012,Sri Lanka,4.151,,,,,,,,,,LKA2012,7.543,70447216891.337,3327.776,3.88,2.552,10.463,8.632,-5.691,15.068,11.688,10.111,69233385160.863,66.747,LKA
2011,Sri Lanka,4.26,,,,,,,,,,LKA2011,6.717,67753284043.928,3224.957,4.118,5.224,3.98,8.669,-6.812,15.579,12.478,10.848,67101713795.899,68.526,LKA
2024,State of Palestine,4.78,4.675,4.886,1.047,1.456,,0.618,0.055,0.081,,PSE2024,,,,,,,,,,,,,,PSE
2023,State of Palestine,4.879,4.753,5.006,,,,,,,,PSE2023,5.871,17420800000.0,3372.35,,,-3.904,-5.411,-16.62,,,,20657700000.0,,PSE
2022,State of Palestine,4.908,4.727,5.089,1.144,1.309,,0.416,0.065,0.067,,PSE2022,3.741,19165500000.0,3799.955,24.42,,1.683,4.083,-10.627,,,,23693000000.0,,PSE
2021,State of Palestine,4.483,4.3,4.665,1.148,0.957,0.521,0.336,0.073,0.079,1.368,PSE2021,1.237,18109000000.0,3678.636,26.39,-3.119,8.954,7.012,-9.818,26.166,23.392,21.475,21736300000.0,,PSE
2020,State of Palestine,4.517,4.384,4.649,0.646,0.819,0.434,0.33,0.082,0.075,2.131,PSE2020,-0.735,15531700000.0,3233.569,25.895,3.225,2.221,-11.318,-12.251,29.235,22.72,20.852,18024400000.0,,PSE
2019,State of Palestine,4.553,4.443,4.662,0.588,1.195,0.614,0.299,0.092,0.072,1.694,PSE2019,1.58,17133500000.0,3656.858,25.34,2.005,3.849,1.363,-10.385,24.466,20.291,18.534,19791500000.0,,PSE
2018,State of Palestine,4.696,,,,,,,,,,PSE2018,-0.195,16276600000.0,3562.331,26.256,6.194,-0.302,1.227,-13.15,24.617,20.794,18.782,19062800000.0,,PSE
2017,State of Palestine,4.743,,,,,,,,,,PSE2017,0.213,16128000000.0,3620.36,25.677,2.486,3.225,1.419,-13.207,26.874,22.468,20.664,18257000000.0,,PSE
2016,State of Palestine,4.775,,,,,,,,,,PSE2016,-0.219,15405400000.0,3527.614,23.939,4.81,1.278,8.865,-13.908,25.672,22.925,20.409,17301000000.0,,PSE
2015,State of Palestine,4.754,,,,,,,,,,PSE2015,1.432,13972400000.0,3272.154,23.005,10.893,-3.707,3.721,-13.879,26.988,21.013,19.73,15684800000.0,,PSE
2014,State of Palestine,4.715,,,,,,,,,,PSE2014,1.733,13989700000.0,3352.113,20.526,2.639,3.672,-0.158,-13.587,26.628,20.025,18.578,15472300000.0,,PSE
2012,State of Palestine,4.7,,,,,,,,,,PSE2012,2.779,12208400000.0,3067.439,19.202,3.986,2.868,6.096,-14.917,25.7,16.351,16.253,13065900000.0,,PSE
2011,State of Palestine,4.555,,,,,,,,,,PSE2011,2.877,11186100000.0,2880.798,17.597,1.297,5.42,9.601,-18.501,28.191,18.593,17.581,11935600000.0,,PSE
2017,Sudan,4.139,,,,,,,,,,SDN2017,32.352,41283617976.19,966.506,12.953,,34.622,0.709,-11.17,,,,39632308795.238,,SDN
2016,Sudan,4.139,,,,,,,,,,SDN2016,17.75,42630376000.0,1033.216,13.606,,20.686,3.468,-9.883,9.726,8.774,7.39,41763874766.667,,SDN
2015,Sudan,4.139,,,,,,,,,,SDN2015,16.91,51726758676.768,1292.38,14.347,,14.023,1.91,-10.557,10.712,10.314,8.194,50563738020.202,,SDN
2014,Sudan,4.55,,,,,,,,,,SDN2014,36.907,49516748617.978,1275.438,15.411,,34.067,4.661,-7.16,11.432,11.042,7.982,48568747977.528,,SDN
2012,Sudan,4.401,,,,,,,,,,SDN2012,35.559,37632919966.667,1019.222,17.002,,30.129,-17.005,-16.632,11.635,9.412,6.894,35608466700.0,,SDN
2011,Sudan,4.424,,,,,,,,,,SDN2011,18.097,55018567210.526,1332.657,17.44,,26.328,-3.214,-4.822,,11.306,3.856,51237402657.895,,SDN
2015,Suriname,6.269,,,,,,,,,,SUR2015,6.894,5126237646.221,8813.617,7.22,7.403,4.855,-3.413,-15.341,,,,5112966262.15,,SUR
2014,Suriname,6.269,,,,,,,,,,SUR2014,3.383,5240606060.606,9108.189,6.94,10.533,1.584,0.256,-7.945,,,,5170283939.394,,SUR
2012,Suriname,6.269,,,,,,,,,,SUR2012,5.007,4980000000.0,8851.241,8.1,0.909,10.735,2.69,3.26,,,,4787510969.697,,SUR
2020,Swaziland,4.308,4.168,4.448,0.849,0.693,0.074,0.323,0.067,0.147,2.155,SWZ2020,,4105756862.553,3442.322,32.944,2.951,4.864,-2.887,6.599,26.253,27.465,27.281,3719044112.004,38.629,SWZ
2019,Swaziland,4.308,4.168,4.448,0.828,1.065,0.216,0.3,0.067,0.147,1.686,SWZ2019,2.598,4594818143.276,3894.33,28.138,7.388,2.548,4.962,3.834,25.403,25.933,24.646,4112925340.939,29.946,SWZ
2018,Swaziland,4.212,,,,,,,,,,SWZ2018,4.815,4659474399.74,3986.106,26.369,6.58,3.502,0.769,1.303,26.673,24.728,24.247,4339197362.558,27.023,SWZ
2014,Swaziland,4.867,,,,,,,,,,SWZ2014,5.681,4250545460.945,3740.693,23.828,2.178,6.31,1.717,12.048,25.509,30.654,30.008,4063414218.602,14.425,SWZ
2012,Swaziland,4.867,,,,,,,,,,SWZ2012,8.94,4886551483.934,4347.996,25.128,0.001,8.748,5.397,4.91,22.33,28.838,28.233,4571223253.096,12.882,SWZ
2024,Sweden,7.345,7.262,7.427,1.783,1.698,0.889,0.952,0.17,0.467,1.385,SWE2024,2.836,,,8.528,,,,,,,,,,SWE
2023,Sweden,7.344,7.267,7.422,1.878,1.501,0.724,0.838,0.221,0.524,1.658,SWE2023,8.549,584960475767.32,55516.836,7.611,,6.149,-0.311,6.978,,,,606603219320.577,,SWE
2022,Sweden,7.395,7.322,7.468,1.921,1.51,0.562,0.754,0.225,0.52,1.903,SWE2022,8.369,579895717343.956,55296.937,7.392,,5.782,1.459,4.726,32.235,33.289,27.605,604826974545.303,36.91,SWE
2021,Sweden,7.384,7.315,7.454,1.92,1.204,0.803,0.724,0.218,0.512,2.003,SWE2021,2.163,637186904843.636,61174.968,8.722,,2.741,5.938,6.703,32.912,32.498,27.399,663252463172.592,40.655,SWE
2020,Sweden,7.363,7.293,7.433,1.478,1.062,0.763,0.685,0.244,0.448,2.683,SWE2020,0.497,545147614972.141,52653.757,8.291,,1.794,-2.005,5.798,34.879,32.253,26.822,564371291338.878,44.178,SWE
2019,Sweden,7.353,7.282,7.425,1.322,1.433,0.986,0.65,0.273,0.442,2.246,SWE2019,1.784,532169294165.94,51773.046,6.833,,2.421,2.55,5.327,31.331,32.953,27.501,547611418095.424,38.795,SWE
2018,Sweden,7.343,,,,,,,,,,SWE2018,1.954,551312498430.164,54181.907,6.365,,2.616,1.903,2.192,31.944,33.484,28.119,561279115315.834,42.582,SWE
2017,Sweden,7.314,,,,,,,,,,SWE2017,1.794,536083940228.684,53300.859,6.718,,2.227,1.825,2.074,31.927,33.606,28.386,543698522015.555,44.353,SWE
2016,Sweden,7.284,,,,,,,,,,SWE2016,0.984,514218206628.325,51820.397,6.99,,1.652,2.35,1.847,32.037,33.515,28.199,515550957283.109,46.317,SWE
2015,Sweden,7.291,,,,,,,,,,SWE2015,-0.047,501698263620.663,51197.953,7.432,,2.253,4.41,2.594,32.353,32.624,27.321,505274264709.006,47.756,SWE
2014,Sweden,7.364,,,,,,,,,,SWE2014,-0.18,577730245154.162,59583.714,7.954,,1.833,2.296,3.25,33.257,32.089,26.709,589823904990.464,49.817,SWE
2012,Sweden,7.48,,,,,,,,,,SWE2012,0.888,549742183874.355,57749.825,7.976,,0.95,-0.414,5.533,33.009,32.244,26.435,562604589238.968,43.727,SWE
2011,Sweden,7.379,,,,,,,,,,SWE2011,2.961,570541353128.724,60379.775,7.804,,1.117,3.164,5.51,32.439,32.701,26.799,583474661753.753,43.957,SWE
2024,Switzerland,6.935,6.854,7.015,1.87,1.622,0.883,0.889,0.156,0.468,1.047,CHE2024,1.062,,,4.11,,,,,,,,,,CHE
2023,Switzerland,7.06,6.973,7.147,1.97,1.425,0.747,0.759,0.173,0.498,1.488,CHE2023,2.135,884940402230.409,99564.71,4.043,1.822,1.023,0.716,5.362,16.906,17.239,9.1,860241113084.629,20.095,CHE
2022,Switzerland,7.24,7.156,7.324,2.022,1.463,0.582,0.678,0.151,0.475,1.87,CHE2022,2.835,818426550206.45,93245.795,4.122,0.146,2.497,2.568,8.837,16.672,17.394,9.101,801895036040.353,17.803,CHE
2021,Switzerland,7.512,7.437,7.586,2.026,1.226,0.822,0.677,0.147,0.461,2.153,CHE2021,0.582,813408787222.499,93446.434,5.013,1.377,1.246,5.392,7.073,19.011,18.476,10.094,800495604747.336,19.986,CHE
2020,Switzerland,7.571,7.5,7.643,1.566,1.079,0.816,0.653,0.204,0.413,2.839,CHE2020,-0.726,741999406005.627,85897.784,4.817,3.358,-0.699,-2.142,0.375,20.043,17.893,9.345,716684165061.556,20.852,CHE
2019,Switzerland,7.56,7.491,7.629,1.391,1.472,1.041,0.629,0.269,0.408,2.35,CHE2019,0.363,721369112726.724,84121.931,4.394,2.74,-0.104,1.142,3.512,16.853,17.906,9.907,696318048854.117,18.954,CHE
2018,Switzerland,7.48,,,,,,,,,,CHE2018,0.936,725568717468.001,85217.369,4.713,1.849,0.764,2.86,5.05,16.718,17.675,9.691,699353255841.699,18.678,CHE
2017,Switzerland,7.487,,,,,,,,,,CHE2017,0.534,695200833086.499,82254.377,4.797,3.006,-0.368,1.363,5.344,17.216,18.155,10.062,685587748787.691,20.284,CHE
2016,Switzerland,7.494,,,,,,,,,,CHE2016,-0.435,687895460902.713,82153.075,4.918,3.249,-0.583,2.069,7.276,17.241,17.45,9.405,683895323472.44,19.381,CHE
2015,Switzerland,7.509,,,,,,,,,,CHE2015,-1.144,694118186379.628,83806.448,4.801,3.996,-1.265,1.645,8.879,17.067,17.746,9.556,701133713181.255,20.439,CHE
2014,Switzerland,7.587,,,,,,,,,,CHE2014,-0.013,726537808338.0,88724.991,4.826,3.365,-0.653,2.35,6.867,16.719,17.132,9.087,725732044919.197,20.611,CHE
2012,Switzerland,7.65,,,,,,,,,,CHE2012,-0.693,686420221557.99,85836.208,4.491,2.623,0.064,1.179,8.877,16.522,17.164,9.169,697992809377.499,21.344,CHE
2011,Switzerland,7.499,,,,,,,,,,CHE2011,0.231,715888126682.396,90476.759,4.409,2.739,-0.02,1.813,6.211,16.638,17.29,9.322,720038694879.46,21.142,CHE
2018,Syria,3.462,,,,,,,,,,SYR2018,0.941,21497782867.643,1098.067,13.497,,13.188,1.393,,,,,20708643151.976,,SYR
2017,Syria,3.462,,,,,,,,,,SYR2017,18.075,16369843352.345,851.502,13.597,,37.221,-0.723,,,,,15776320913.866,,SYR
2016,Syria,3.462,,,,,,,,,,SYR2016,47.705,12597854877.425,656.349,13.795,,36.871,-6.406,,,,,12131412781.945,,SYR
2015,Syria,3.069,,,,,,,,,,SYR2015,38.461,16466863117.001,847.732,14.243,,38.215,-4.18,,,,,15846726811.901,,SYR
2014,Syria,3.006,,,,,,,,,,SYR2014,10.927,21502061465.95,1060.591,14.783,,37.095,-10.31,,,,,20679218993.095,,SYR
2012,Syria,3.892,,,,,,,,,,SYR2012,36.702,43190318032.563,1897.661,13.8,,26.246,-26.339,,,,,41500139065.81,,SYR
2011,Syria,4.735,,,,,,,,,,SYR2011,4.753,67539428159.447,2952.143,8.627,,11.574,2.85,,,,,62976957811.715,,SYR
2024,Tajikistan,5.411,5.337,5.485,0.914,1.555,0.658,,0.085,0.342,,TJK2024,,,,11.635,,,,,,,,,,TJK
2023,Tajikistan,5.281,5.201,5.361,,,,,,,,TJK2023,,12060602008.848,1160.812,11.546,,2.188,8.3,4.842,11.187,18.712,10.916,15143750556.156,,TJK
2022,Tajikistan,5.33,5.207,5.452,0.972,1.248,0.291,0.599,0.104,0.292,1.823,TJK2022,,10713525200.4,1052.179,11.634,,8.262,8.0,15.257,10.691,17.07,10.344,14210918854.237,,TJK
2021,Tajikistan,5.377,5.287,5.468,0.966,1.005,0.518,0.572,0.118,0.304,1.895,TJK2021,,8937805347.14,896.748,12.333,,10.045,9.4,8.229,12.457,17.753,10.346,10758910057.168,,TJK
2020,Tajikistan,5.466,5.4,5.532,0.508,0.895,0.498,0.548,0.152,0.247,2.619,TJK2020,,8133963550.657,834.312,12.321,,1.656,4.4,4.349,,,,9498106073.45,,TJK
2019,Tajikistan,5.556,5.492,5.619,0.475,1.218,0.681,0.521,0.182,0.222,2.257,TJK2019,,8300813599.308,871.022,11.419,19.189,3.659,7.4,-2.232,,,,9631287021.79,,TJK
2018,Tajikistan,5.467,,,,,,,,,,TJK2018,,7764999999.454,834.288,11.437,24.096,2.492,7.6,-4.89,,,,8990673043.815,,TJK
2017,Tajikistan,5.352,,,,,,,,,,TJK2017,,7536402852.858,829.457,11.487,18.069,9.805,7.1,2.109,,,,8637196303.701,,TJK
2016,Tajikistan,5.041,,,,,,,,,,TJK2016,6.005,6992416096.89,788.71,11.5,24.27,0.541,6.9,-4.159,,,,8081792570.519,,TJK
2015,Tajikistan,4.996,,,,,,,,,,TJK2015,5.715,8271431485.075,956.916,11.485,17.751,6.866,6.019,-5.768,,,,9797996695.503,,TJK
2014,Tajikistan,4.786,,,,,,,,,,TJK2014,6.104,9112605459.328,1081.544,11.439,18.865,4.767,6.7,-3.473,,,,11296415927.116,,TJK
2012,Tajikistan,4.38,,,,,,,,,,TJK2012,5.831,7633036903.076,952.453,11.444,8.246,11.869,7.5,-8.927,,,,9744488621.924,,TJK
2011,Tajikistan,4.614,,,,,,,,,,TJK2011,12.432,6522756255.012,833.602,11.557,8.063,13.324,7.4,-6.337,,,,8316624763.052,,TJK
2024,Tanzania,3.8,3.661,3.938,0.847,0.908,0.411,0.858,0.153,0.243,0.38,TZA2024,3.057,,,2.576,,,,,,,,,,TZA
2023,Tanzania,3.781,3.644,3.917,0.82,0.706,0.38,0.709,0.191,0.257,0.717,TZA2023,3.799,79062403820.892,1224.49,2.582,,2.748,5.07,-3.742,17.03,13.411,11.491,77553169188.701,,TZA
2022,Tanzania,3.694,3.547,3.84,0.836,0.787,0.214,0.607,0.234,0.269,0.747,TZA2022,4.35,75769974505.011,1207.853,2.588,,2.763,4.566,-7.235,16.847,13.997,11.793,74376313109.119,,TZA
2021,Tanzania,3.702,3.558,3.847,0.848,0.597,0.425,0.578,0.248,0.27,0.735,TZA2021,3.691,70655628147.899,1159.857,2.821,,2.674,4.321,-3.36,15.126,12.631,10.856,69464087924.354,,TZA
2020,Tanzania,3.623,3.485,3.762,0.433,0.54,0.3,0.549,0.307,0.231,1.263,TZA2020,3.29,66068737786.064,1117.415,2.781,9.638,6.423,1.992,-2.208,14.293,13.358,11.627,64804138398.107,,TZA
2019,Tanzania,3.476,3.352,3.6,0.457,0.873,0.443,0.509,0.272,0.204,0.719,TZA2019,3.464,61026731925.921,1063.323,2.496,14.363,2.28,5.8,-2.196,15.375,13.27,11.019,60012994185.172,,TZA
2018,Tanzania,3.231,,,,,,,,,,TZA2018,3.494,57003712892.086,1023.106,2.393,13.949,3.041,5.468,-4.05,14.575,13.906,11.695,56365032376.366,,TZA
2017,Tanzania,3.303,,,,,,,,,,TZA2017,5.319,53274884532.789,986.674,2.303,14.747,2.638,6.762,-2.773,15.739,13.582,11.837,52339432682.939,,TZA
2016,Tanzania,3.349,,,,,,,,,,TZA2016,5.175,49774409374.454,953.011,2.23,7.896,7.472,6.867,-2.447,13.369,12.403,11.39,48817192683.225,,TZA
2015,Tanzania,3.666,,,,,,,,,,TZA2015,5.588,47413919817.124,939.127,2.159,7.913,7.591,6.161,-5.523,14.87,11.383,10.492,46684218023.575,,TZA
2014,Tanzania,3.781,,,,,,,,,,TZA2014,6.132,49986726460.68,1022.748,2.125,9.656,6.051,6.732,-9.976,16.079,12.238,11.364,49453645654.068,,TZA
2012,Tanzania,3.77,,,,,,,,,,TZA2012,16.001,39650394362.929,861.97,3.222,4.591,10.484,4.5,-9.494,14.018,11.323,10.433,39080121049.558,,TZA
2011,Tanzania,3.8,,,,,,,,,,TZA2011,12.691,34657140096.484,775.393,3.47,2.464,12.198,7.672,-12.641,14.376,10.32,9.794,34013428042.164,,TZA
2024,Thailand,6.222,6.117,6.327,1.426,1.551,0.633,0.927,0.223,0.039,1.423,THA2024,,,,0.693,,,,,,,,,,THA
2023,Thailand,5.976,5.858,6.094,1.484,1.347,0.62,0.756,0.283,0.024,1.463,THA2023,1.228,514968699239.005,7182.025,0.733,3.029,1.22,1.887,1.439,20.804,19.957,15.451,503339156913.529,61.236,THA
2022,Thailand,5.843,5.717,5.969,1.515,1.344,0.461,0.624,0.291,0.013,1.594,THA2022,6.077,495645210972.751,6909.36,0.94,-1.555,4.767,2.463,-3.463,22.232,18.977,15.139,481390360909.718,60.35,THA
2021,Thailand,5.891,5.788,5.994,1.535,1.096,0.697,0.617,0.321,0.026,1.6,THA2021,1.23,506256494297.34,7058.069,1.215,1.266,1.771,1.568,-2.118,25.13,19.204,15.061,488672219203.916,58.504,THA
2020,Thailand,5.985,5.893,6.077,1.107,0.957,0.596,0.611,0.375,0.028,2.309,THA2020,-0.846,500461898480.246,6985.644,1.099,4.652,-1.299,-6.05,4.183,22.831,20.066,15.193,489367035950.047,50.323,THA
2019,Thailand,5.999,5.915,6.082,1.007,1.348,0.794,0.609,0.377,0.032,1.832,THA2019,0.707,543976691793.886,7605.697,0.716,3.039,1.014,2.115,7.033,18.667,20.004,15.398,523977887377.21,38.628,THA
2018,Thailand,6.008,,,,,,,,,,THA2018,1.064,506754208404.485,7099.777,0.765,2.68,1.429,4.223,5.62,19.02,20.177,15.698,482264933708.604,37.91,THA
2017,Thailand,6.072,,,,,,,,,,THA2017,0.666,456356813536.764,6413.092,0.83,2.47,1.9,4.178,9.631,19.123,19.86,15.519,435913240648.276,,THA
2016,Thailand,6.424,,,,,,,,,,THA2016,0.188,413366349747.508,5833.577,0.688,1.785,2.636,3.435,10.508,19.665,20.548,16.1,393948949386.684,37.307,THA
2015,Thailand,6.474,,,,,,,,,,THA2015,-0.9,401296238228.084,5688.853,0.597,3.981,0.722,3.134,6.916,19.393,21.255,16.851,380594916735.618,36.671,THA
2014,Thailand,6.455,,,,,,,,,,THA2014,1.895,407339040197.651,5801.198,0.576,3.458,1.441,0.984,2.858,19.995,20.38,16.499,386381481702.815,35.39,THA
2012,Thailand,6.371,,,,,,,,,,THA2012,3.015,397558325278.579,5725.528,0.58,3.217,1.909,7.243,-1.232,18.622,18.938,15.441,379342666424.563,28.445,THA
2011,Thailand,5.804,,,,,,,,,,THA2011,3.809,370818739623.622,5373.623,0.66,1.277,3.743,0.84,2.542,19.417,19.812,16.362,361875003955.99,28.132,THA
2024,Togo,4.315,4.2,4.43,0.757,0.736,0.378,0.576,0.097,0.153,1.618,TGO2024,,,,1.94,,,,,,,,,,TGO
2023,Togo,4.214,4.098,4.33,0.758,0.586,0.32,0.453,0.127,0.156,1.814,TGO2023,5.489,9171261837.571,985.698,1.948,,2.595,6.408,,16.993,16.601,14.759,9210663736.528,,TGO
2022,Togo,4.137,3.986,4.289,0.77,0.642,0.161,0.367,0.149,0.136,1.913,TGO2022,7.968,8169476148.957,898.758,1.965,,4.156,5.76,,16.156,15.054,14.188,8209395367.784,,TGO
2021,Togo,4.112,3.953,4.272,0.771,0.322,0.36,0.292,0.174,0.132,2.061,TGO2021,4.186,8342243645.944,939.613,2.333,,2.466,5.991,,13.492,14.839,14.202,8360888241.214,,TGO
2020,Togo,4.107,3.956,4.258,0.254,0.239,0.203,0.289,0.209,0.107,2.806,TGO2020,1.699,7400284167.785,853.578,2.225,,1.933,1.992,-0.28,14.404,14.184,12.867,7443023219.441,,TGO
2019,Togo,4.187,4.065,4.31,0.268,0.548,0.343,0.304,0.201,0.115,2.41,TGO2019,0.675,6992700101.372,826.261,2.036,,0.012,4.923,-0.793,13.396,15.242,13.584,7014819501.268,,TGO
2018,Togo,4.085,,,,,,,,,,TGO2018,0.928,7029300383.08,851.131,2.898,,0.454,4.795,-2.63,13.629,15.493,12.859,7048636180.159,,TGO
2017,Togo,3.999,,,,,,,,,,TGO2017,-0.982,6387422517.692,792.765,3.744,6.079,-0.885,4.008,-1.513,11.512,14.068,13.059,6392420306.834,,TGO
2016,Togo,3.495,,,,,,,,,,TGO2016,1.285,6071170959.121,772.582,2.968,3.782,1.458,4.215,-7.192,13.611,14.693,13.867,6114776688.371,,TGO
2015,Togo,3.303,,,,,,,,,,TGO2015,2.585,5755461035.38,751.052,2.204,2.888,2.203,5.468,-8.01,12.925,14.845,13.769,5887730069.069,,TGO
2014,Togo,2.839,,,,,,,,,,TGO2014,0.191,6393318261.827,855.585,2.142,4.835,0.48,5.633,-7.171,11.555,14.287,13.166,6439476563.923,,TGO
2012,Togo,2.936,,,,,,,,,,TGO2012,2.577,5413544658.415,762.392,2.03,3.232,1.75,6.303,-5.433,12.517,12.949,11.362,5419520492.565,,TGO
2011,Togo,3.007,,,,,,,,,,TGO2011,3.564,5422442166.441,783.989,1.982,2.37,2.82,5.823,-5.571,10.808,12.391,11.405,5656293246.147,,TGO
2024,Trinidad and Tobago,5.905,5.651,6.159,1.549,1.532,0.419,0.76,0.111,0.001,1.533,TTO2024,0.527,,,4.546,,,,,,,,,,TTO
2019,Trinidad and Tobago,6.192,5.968,6.416,1.168,1.407,0.659,0.553,0.199,0.015,2.191,TTO2019,1.001,23775659262.574,17431.027,3.523,13.58,-3.812,0.361,4.291,32.9,23.96,16.547,23168661689.018,,TTO
2018,Trinidad and Tobago,6.192,,,,,,,,,,TTO2018,1.019,24569257295.092,18076.357,3.498,6.239,2.687,-0.602,6.617,30.48,28.74,19.323,23869252229.184,,TTO
2017,Trinidad and Tobago,6.192,,,,,,,,,,TTO2017,1.88,24040211327.49,17720.497,3.394,0.727,8.214,-4.801,5.862,32.755,28.477,18.243,24089211146.799,,TTO
2016,Trinidad and Tobago,6.168,,,,,,,,,,TTO2016,3.071,23722678429.808,17521.801,3.207,9.814,-0.742,-7.527,-3.273,33.288,31.11,21.308,23297537849.565,,TTO
2015,Trinidad and Tobago,6.168,,,,,,,,,,TTO2015,4.661,27026750552.965,20024.755,2.428,18.535,-8.734,-0.777,7.612,33.318,35.617,24.54,26787107495.45,,TTO
2014,Trinidad and Tobago,6.168,,,,,,,,,,TTO2014,5.684,29697674913.541,22074.426,2.477,8.494,-0.916,3.854,13.989,30.864,32.573,24.844,27974529430.442,,TTO
2012,Trinidad and Tobago,6.519,,,,,,,,,,TTO2012,9.26,27334568806.192,20472.357,3.718,7.338,0.345,7.447,14.145,28.328,29.703,24.79,25038317529.092,,TTO
2011,Trinidad and Tobago,6.263,,,,,,,,,,TTO2011,5.107,25433007437.16,19151.087,3.425,-6.706,15.73,-0.294,18.513,27.324,28.694,25.644,22613153665.275,,TTO
2024,Tunisia,4.552,4.47,4.633,1.257,1.224,0.459,0.382,0.032,0.05,1.149,TUN2024,7.207,,,16.203,,,,,,,,,,TUN
2023,Tunisia,4.422,4.338,4.505,1.306,0.955,0.579,0.254,0.024,0.018,1.285,TUN2023,9.329,48529595416.653,3977.695,15.106,,8.888,0.039,-2.288,,,,47219686954.842,,TUN
2022,Tunisia,4.497,4.393,4.601,1.333,0.981,0.422,0.259,0.022,0.016,1.463,TUN2022,8.306,44579761022.899,3678.4,15.3,,3.055,2.673,-8.904,,,,43606718412.831,,TUN
2021,Tunisia,4.516,4.403,4.629,1.35,0.596,0.656,0.316,0.029,0.029,1.54,TUN2021,5.706,46812290143.344,3885.282,16.611,,4.517,4.736,-5.917,,,,45582180787.964,,TUN
2020,Tunisia,4.596,4.484,4.709,0.919,0.515,0.59,0.334,0.057,0.044,2.138,TUN2020,5.634,42491780918.361,3548.654,17.656,,6.806,-9.012,-6.012,,,,41095052621.324,,TUN
2019,Tunisia,4.392,4.295,4.49,0.875,0.872,0.781,0.236,0.056,0.044,1.528,TUN2019,6.72,41905642418.825,3528.872,17.153,,7.135,1.588,-8.049,,,,40813336000.515,,TUN
2018,Tunisia,4.461,,,,,,,,,,TUN2018,7.308,42686504459.801,3628.104,15.459,,7.925,2.625,-10.795,,,,41650260477.765,,TUN
2017,Tunisia,4.592,,,,,,,,,,TUN2017,5.309,42163530590.946,3619.032,15.33,,4.714,2.238,-10.014,,,,41171063372.496,,TUN
2016,Tunisia,4.805,,,,,,,,,,TUN2016,3.629,44360072680.448,3847.804,15.557,,4.935,1.117,-8.529,,,,43403523130.231,,TUN
2015,Tunisia,5.045,,,,,,,,,,TUN2015,4.437,45779494041.93,4014.948,15.159,,4.214,0.968,-8.571,,,,44599350028.675,,TUN
2014,Tunisia,4.739,,,,,,,,,,TUN2014,4.626,50271812920.612,4458.979,14.259,,4.665,3.09,-8.878,,,,48568157921.864,,TUN
2012,Tunisia,4.826,,,,,,,,,,TUN2012,4.612,47311401812.673,4297.268,17.63,,4.662,4.217,-7.866,33.764,29.876,20.115,45406928007.826,42.52,TUN
2011,Tunisia,5.141,,,,,,,,,,TUN2011,3.24,48123325825.074,4420.648,18.334,,4.571,-2.047,-7.036,32.905,31.161,20.175,45963001044.905,42.481,TUN
2024,Türkiye,5.262,5.178,5.347,1.582,1.444,0.626,0.244,0.04,0.104,1.223,TUR2024,58.506,,,8.449,,,,,,,,,,TUR
2023,Türkiye,4.975,4.866,5.085,1.702,1.175,0.631,0.202,0.068,0.115,1.083,TUR2023,53.859,1118252964260.77,13105.659,9.388,,68.234,5.111,-3.566,33.707,29.35,18.535,1107012964203.48,33.107,TUR
2022,Türkiye,4.614,4.45,4.777,1.714,1.148,0.467,0.125,0.095,0.096,0.969,TUR2022,72.309,907118434653.505,10674.504,10.465,,96.036,5.533,-5.102,29.67,25.759,16.092,898339434432.342,35.246,TUR
2021,Türkiye,4.744,4.644,4.845,1.707,0.865,0.702,0.209,0.087,0.115,1.059,TUR2021,19.596,819865223976.115,9743.213,11.969,,28.973,11.439,-0.759,30.94,29.872,17.864,809183224524.79,42.576,TUR
2020,Türkiye,4.948,4.857,5.038,1.26,0.809,0.59,0.236,0.097,0.104,1.852,TUR2020,12.279,720338490327.248,8638.739,13.148,,14.789,1.86,-4.3,34.068,29.635,17.664,711744489823.581,41.802,TUR
2019,Türkiye,5.132,5.054,5.21,1.127,1.197,0.781,0.254,0.086,0.121,1.565,TUR2019,15.177,761005915750.925,9215.44,13.73,,13.868,0.819,1.973,35.572,29.173,16.524,749161915105.152,33.905,TUR
2018,Türkiye,5.373,,,,,,,,,,TUR2018,16.332,778972108040.602,9568.835,10.956,,16.512,3.013,-1.875,33.544,30.292,17.27,767897107698.872,29.211,TUR
2017,Türkiye,5.483,,,,,,,,,,TUR2017,11.144,858988492853.742,10695.55,10.919,,10.982,7.502,-4.091,31.732,29.481,17.718,848260493929.361,29.667,TUR
2016,Türkiye,5.5,,,,,,,,,,TUR2016,7.775,869682881593.041,10970.046,10.899,,8.13,3.323,-2.549,30.645,30.791,18.266,860501882366.186,30.033,TUR
2015,Türkiye,5.389,,,,,,,,,,TUR2015,7.671,864313810469.009,11049.995,10.304,,7.845,6.084,-2.471,28.882,30.384,18.181,854629812144.004,29.006,TUR
2014,Türkiye,5.332,,,,,,,,,,TUR2014,8.855,938934609296.966,12165.22,9.901,,7.39,4.94,-3.42,29.378,30.31,17.946,930726607714.177,31.346,TUR
2012,Türkiye,5.345,,,,,,,,,,TUR2012,8.892,880555885492.269,11713.285,9.21,,7.423,4.788,-4.747,29.58,30.675,18.107,873967885708.304,37.96,TUR
2011,Türkiye,5.234,,,,,,,,,,TUR2011,6.472,838785289694.35,11300.785,9.789,,8.201,11.2,-8.87,30.339,30.668,18.571,831536291661.567,40.077,TUR
2021,Turkmenistan,5.474,5.371,5.578,1.484,1.319,0.516,0.649,0.314,0.032,1.16,TKM2021,,50007428571.429,7051.202,4.459,,2.772,6.2,,,,,49698385714.286,,TKM
2020,Turkmenistan,5.066,4.996,5.136,1.046,1.172,0.439,0.602,0.366,0.033,1.409,TKM2020,,45818000000.0,6592.601,4.501,,-4.35,5.9,,,,,45566594285.714,,TKM
2019,Turkmenistan,5.119,5.062,5.177,1.009,1.51,0.612,0.515,0.323,0.034,1.115,TKM2019,,45232857142.857,6648.035,4.043,,4.383,6.3,,,,,44588356857.143,,TKM
2018,Turkmenistan,5.247,,,,,,,,,,TKM2018,,40765428571.429,6125.052,4.044,,1.211,6.2,,,,,39048469257.143,,TKM
2017,Turkmenistan,5.636,,,,,,,,,,TKM2017,,37926285714.286,5828.482,4.044,,-1.542,6.5,,,,,36352285714.286,,TKM
2016,Turkmenistan,5.822,,,,,,,,,,TKM2016,,36169428571.429,5686.98,4.031,,-4.866,6.2,,,,,35225885714.286,,TKM
2015,Turkmenistan,5.658,,,,,,,,,,TKM2015,,35799714285.714,5759.498,4.016,,-5.153,6.5,,,,,33705628571.429,,TKM
2014,Turkmenistan,5.548,,,,,,,,,,TKM2014,,43524210526.316,7164.145,4.0,,0.669,10.3,,,,,39603210526.316,,TKM
2012,Turkmenistan,5.628,,,,,,,,,,TKM2012,,35164210526.316,6053.875,3.986,,8.27,11.1,,,,,31835210526.316,,TKM
2011,Turkmenistan,6.568,,,,,,,,,,TKM2011,,29233333333.333,5143.619,4.002,,12.857,14.7,,,,,26406333333.333,,TKM
2024,Uganda,4.461,4.336,4.587,0.762,1.342,0.396,0.751,0.148,0.05,1.012,UGA2024,3.323,,,2.941,,,,,,,,,,UGA
2023,Uganda,4.372,4.243,4.501,0.772,1.151,0.373,0.587,0.178,0.054,1.256,UGA2023,5.351,48768955863.318,1002.309,2.787,,6.748,5.337,-7.723,16.583,14.379,12.968,47796257769.304,53.147,UGA
2022,Uganda,4.432,4.258,4.607,0.785,1.144,0.201,0.425,0.197,0.051,1.628,UGA2022,7.196,45565333210.911,963.067,2.886,,4.922,4.588,-8.919,16.942,13.779,12.55,44595747451.055,53.89,UGA
2021,Uganda,4.603,4.459,4.747,0.777,0.875,0.418,0.402,0.222,0.066,1.842,UGA2021,2.205,40529788748.674,882.792,3.422,,2.545,3.537,-8.894,15.588,13.986,12.459,39643093796.592,51.303,UGA
2020,Uganda,4.636,4.493,4.78,0.364,0.718,0.24,0.398,0.267,0.054,2.596,UGA2020,3.313,37600368241.666,845.766,3.831,,2.721,2.951,-9.57,13.672,12.854,11.391,36830875672.529,44.186,UGA
2019,Uganda,4.432,4.298,4.566,0.312,1.052,0.378,0.402,0.265,0.064,1.959,UGA2019,2.868,35348155095.422,822.057,3.06,,3.0,6.439,-7.448,13.515,13.096,12.236,34432253660.84,38.477,UGA
2018,Uganda,4.189,,,,,,,,,,UGA2018,2.616,32927025619.68,792.166,3.25,14.748,4.443,6.304,-6.331,11.836,12.477,11.683,32000683481.978,34.674,UGA
2017,Uganda,4.161,,,,,,,,,,UGA2017,5.21,30744473841.424,765.218,3.428,15.891,4.649,3.131,-4.885,11.258,12.366,11.605,30021045436.895,,UGA
2016,Uganda,4.081,,,,,,,,,,UGA2016,5.706,29203988696.263,752.697,3.008,18.233,4.781,4.781,-2.726,11.313,11.962,11.12,28691910472.565,,UGA
2015,Uganda,3.739,,,,,,,,,,UGA2015,5.59,32387183730.1,862.935,2.679,16.555,5.188,5.188,-5.093,10.761,11.577,10.802,31759208103.982,,UGA
2014,Uganda,3.931,,,,,,,,,,UGA2014,3.076,32612397257.446,896.055,2.348,15.677,5.106,5.106,-6.642,,,,31865562076.896,,UGA
2012,Uganda,4.443,,,,,,,,,,UGA2012,12.679,27305915910.788,795.223,3.551,21.488,3.837,3.837,-6.063,,,,26729090962.498,,UGA
2011,Uganda,4.313,,,,,,,,,,UGA2011,16.564,27871725241.472,835.62,3.528,11.373,9.392,9.392,-7.489,,,,27440502305.144,,UGA
2024,Ukraine,4.68,4.565,4.794,1.328,1.472,0.472,0.689,0.245,0.023,0.451,UKR2024,6.502,,,,,,,,,,,,,UKR
2023,Ukraine,4.873,4.758,4.988,1.35,1.315,0.513,0.631,0.285,0.025,0.753,UKR2023,12.849,178757021965.008,5069.703,,3.065,18.48,5.324,-5.35,66.464,31.26,17.7,183755021981.851,,UKR
2022,Ukraine,5.071,4.956,5.187,1.358,1.354,0.355,0.551,0.265,0.016,1.172,UKR2022,20.184,161989520721.19,4199.671,,-12.086,34.915,-28.759,4.924,57.895,29.281,16.692,170470520722.365,,UKR
2021,Ukraine,5.084,4.978,5.19,1.411,1.081,0.583,0.473,0.188,0.017,1.331,UKR2021,9.363,199765859570.935,4775.946,9.834,-9.225,24.805,3.446,-1.943,33.262,30.055,19.082,193966075658.275,,UKR
2020,Ukraine,4.875,4.773,4.977,0.979,0.958,0.517,0.417,0.181,0.01,1.813,UKR2020,2.732,156617722013.342,3709.769,9.475,3.624,10.295,-3.753,3.363,37.209,32.317,19.151,160040031866.428,58.716,UKR
2019,Ukraine,4.561,4.463,4.658,0.78,1.321,0.699,0.319,0.179,0.01,1.253,UKR2019,7.887,153883047509.577,3619.862,8.194,10.694,8.246,3.2,-2.68,33.057,31.866,19.196,155795133939.49,48.327,UKR
2018,Ukraine,4.332,,,,,,,,,,UKR2018,10.952,130891088293.55,3059.052,8.799,3.125,15.399,3.488,-4.914,33.409,32.135,20.143,132164741725.995,56.906,UKR
2017,Ukraine,4.103,,,,,,,,,,UKR2017,14.438,112090505081.739,2604.288,9.5,-4.68,22.098,2.36,-3.098,33.606,32.571,20.052,113717855579.016,66.735,UKR
2016,Ukraine,4.096,,,,,,,,,,UKR2016,13.913,93355869403.922,2158.461,9.35,1.828,17.097,2.441,-1.999,33.504,31.203,19.63,94324077169.513,71.81,UKR
2015,Ukraine,4.324,,,,,,,,,,UKR2015,48.7,91030967789.072,2094.474,9.14,-12.283,38.882,-9.773,5.531,37.369,35.758,20.451,94833354986.185,70.259,UKR
2014,Ukraine,4.681,,,,,,,,,,UKR2014,12.072,133503871861.723,3054.908,9.27,1.567,15.902,-10.079,-3.443,43.541,33.685,17.294,131977538852.591,63.665,UKR
2012,Ukraine,5.057,,,,,,,,,,UKR2012,0.569,182591753827.949,3951.342,7.529,9.64,7.983,0.152,-7.851,39.538,36.095,17.633,180602773435.061,32.446,UKR
2011,Ukraine,5.089,,,,,,,,,,UKR2011,7.956,169333835201.554,3656.698,7.851,1.546,14.182,5.445,-6.043,36.876,34.985,17.84,161004939653.442,26.481,UKR
2024,United Arab Emirates,6.759,6.673,6.846,1.812,1.294,0.659,0.934,0.165,0.235,1.66,ARE2024,,,,2.133,,,,,,,,,,ARE
2023,United Arab Emirates,6.733,6.643,6.823,1.983,1.164,0.563,0.815,0.209,0.258,1.741,ARE2023,1.627,514130432653.081,49040.695,2.151,,-1.304,3.619,,3.831,3.739,0.627,517969779147.295,,ARE
2022,United Arab Emirates,6.571,6.486,6.656,2.015,1.223,0.401,0.745,0.188,0.247,1.752,ARE2022,5.291,502731935197.487,49899.065,2.872,,12.63,7.51,,3.875,3.268,0.579,502786394013.008,,ARE
2021,United Arab Emirates,6.576,6.492,6.66,1.998,0.98,0.633,0.702,0.204,0.25,1.809,ARE2021,0.18,415178792769.884,43360.021,3.105,,13.844,4.355,,4.337,4.385,0.535,414443598760.354,,ARE
2020,United Arab Emirates,6.561,6.484,6.637,1.555,0.86,0.594,0.67,0.236,0.223,2.422,ARE2020,-2.079,349473015336.939,37173.875,4.294,,-12.031,-4.957,,5.259,6.365,0.682,347594186201.473,,ARE
2019,United Arab Emirates,6.791,6.711,6.871,1.431,1.251,0.788,0.653,0.281,0.22,2.167,ARE2019,-1.931,417989721734.494,44251.454,2.331,,-3.194,1.108,,4.259,4.669,0.972,420051262918.973,,ARE
2018,United Arab Emirates,6.825,,,,,,,,,,ARE2018,3.069,427049432149.345,45689.857,2.236,,7.937,1.314,,3.918,3.351,0.059,428473530175.213,,ARE
2017,United Arab Emirates,6.774,,,,,,,,,,ARE2017,1.967,390516804016.501,42340.592,2.462,,4.986,0.735,,4.015,3.449,0.066,393294203608.06,,ARE
2016,United Arab Emirates,6.648,,,,,,,,,,ARE2016,1.617,369255326235.771,41326.402,1.64,,-5.529,5.561,,4.318,3.898,0.042,371351990633.321,,ARE
2015,United Arab Emirates,6.573,,,,,,,,,,ARE2015,4.07,370275469560.166,43534.997,1.793,,-16.267,6.787,,4.148,3.415,0.056,372018151656.831,,ARE
2014,United Arab Emirates,6.901,,,,,,,,,,ARE2014,2.346,414105366758.911,51381.407,2.002,,-0.668,4.166,,3.792,2.93,0.346,414764318426.712,,ARE
2012,United Arab Emirates,7.144,,,,,,,,,,ARE2012,0.662,384610125384.033,52034.476,2.327,,4.68,1.824,,4.138,3.161,0.354,384909648869.397,,ARE
2011,United Arab Emirates,6.977,,,,,,,,,,ARE2011,0.877,360832739558.385,50789.051,2.596,,13.167,6.216,,4.009,3.317,0.312,360968069714.954,,ARE
2024,United Kingdom,6.728,6.647,6.809,1.725,1.562,0.779,0.872,0.211,0.318,1.26,GBR2024,3.272,,,4.111,,,,,,,,,,GBR
2023,United Kingdom,6.749,6.665,6.833,1.822,1.326,0.672,0.713,0.267,0.351,1.598,GBR2023,6.794,3380854520809.54,49463.855,3.984,,7.298,0.34,-2.214,41.716,35.846,27.319,3296696999733.49,138.193,GBR
2022,United Kingdom,6.796,6.714,6.877,1.857,1.366,0.511,0.626,0.272,0.34,1.822,GBR2022,7.922,3114042471144.39,45935.928,3.73,,5.444,4.839,-2.279,41.528,36.681,27.173,3104062213686.48,141.244,GBR
2021,United Kingdom,6.943,6.867,7.018,1.867,1.143,0.75,0.597,0.289,0.329,1.967,GBR2021,2.518,3143323050707.26,46896.866,4.826,,0.067,8.576,-0.441,43.647,35.104,26.415,3158743956476.28,186.795,GBR
2020,United Kingdom,7.064,6.99,7.138,1.423,1.062,0.757,0.58,0.34,0.306,2.596,GBR2020,0.989,2696778386607.65,40201.681,4.472,,4.97,-10.297,-2.958,48.012,33.737,24.785,2640330920076.4,196.641,GBR
2019,United Kingdom,7.165,7.092,7.237,1.273,1.458,0.976,0.525,0.373,0.323,2.237,GBR2019,1.738,2851407164907.81,42662.535,3.613,,2.133,1.624,-2.685,36.716,33.533,25.111,2848530128634.05,160.322,GBR
2018,United Kingdom,7.054,,,,,,,,,,GBR2018,2.293,2871340347581.79,43203.814,4.12,,1.921,1.405,-3.922,37.53,33.961,25.547,2832314578365.26,158.163,GBR
2017,United Kingdom,6.814,,,,,,,,,,GBR2017,2.558,2680148052335.3,40572.121,4.452,,1.855,2.657,-3.498,37.104,33.996,25.597,2651310310924.48,161.27,GBR
2016,United Kingdom,6.714,,,,,,,,,,GBR2016,1.008,2689106566899.61,40985.235,4.867,,1.964,1.922,-5.499,37.256,33.604,25.455,2626007963890.08,156.604,GBR
2015,United Kingdom,6.725,,,,,,,,,,GBR2015,0.368,2927911140916.73,44964.391,5.517,,0.658,2.223,-4.947,38.444,33.102,25.067,2864097393294.2,147.949,GBR
2014,United Kingdom,6.867,,,,,,,,,,GBR2014,1.451,3064708247921.43,47439.617,6.363,-0.808,1.319,3.195,-5.011,39.41,32.883,24.881,3009960217665.1,150.592,GBR
2012,United Kingdom,6.883,,,,,,,,,,GBR2012,2.573,2707089726614.64,42497.34,8.25,-1.027,1.543,1.509,-3.147,43.332,32.865,25.103,2681873588980.34,147.054,GBR
2011,United Kingdom,6.936,,,,,,,,,,GBR2011,3.856,2663805834828.07,42109.642,8.169,-1.66,2.196,1.138,-1.631,42.7,33.507,25.835,2674933131108.5,143.759,GBR
2024,United States,6.724,6.629,6.82,1.839,1.614,0.604,0.644,0.171,0.161,1.69,USA2024,2.95,,,4.106,,,,,,,,,,USA
2023,United States,6.725,6.631,6.818,1.939,1.392,0.542,0.586,0.223,0.169,1.873,USA2023,4.116,27720709000000.0,82769.412,3.638,,3.598,2.888,-3.266,24.513,17.592,10.646,27576136000000.0,114.756,USA
2022,United States,6.894,6.802,6.986,1.98,1.46,0.39,0.557,0.21,0.172,2.124,USA2022,8.003,26006893000000.0,78035.175,3.65,,7.129,2.512,-3.892,24.658,19.928,12.599,26231750000000.0,112.818,USA
2021,United States,6.977,6.888,7.065,1.982,1.182,0.628,0.574,0.22,0.177,2.214,USA2021,4.698,23681171000000.0,71318.307,5.349,-1.259,4.566,6.055,-3.665,31.303,18.808,11.395,23832230000000.0,118.401,USA
2020,United States,6.951,6.856,7.047,1.533,1.03,0.621,0.554,0.252,0.154,2.807,USA2020,1.234,21354105000000.0,64411.373,8.055,2.186,1.329,-2.163,-2.815,31.828,17.709,10.153,21458070000000.0,124.515,USA
2019,United States,6.94,6.847,7.032,1.374,1.405,0.832,0.535,0.298,0.152,2.344,USA2019,1.812,21539982000000.0,65604.682,3.669,3.573,1.65,2.584,-2.051,22.514,17.291,9.885,21764838000000.0,100.058,USA
2018,United States,6.892,,,,,,,,,,USA2018,2.443,20656516000000.0,63201.046,3.896,2.555,2.291,2.967,-2.129,22.169,17.479,9.93,20883383000000.0,98.45,USA
2017,United States,6.886,,,,,,,,,,USA2017,2.13,19612102000000.0,60322.261,4.355,2.265,1.791,2.458,-1.874,22.141,19.21,11.504,19837150000000.0,97.022,USA
2016,United States,6.993,,,,,,,,,,USA2016,1.262,18804913000000.0,58206.614,4.869,2.537,0.95,1.819,-2.107,22.416,18.541,10.855,18983369000000.0,97.929,USA
2015,United States,7.104,,,,,,,,,,USA2015,0.119,18295019000000.0,57040.208,5.28,2.311,0.928,2.946,-2.233,22.374,18.995,11.183,18608138000000.0,95.956,USA
2014,United States,7.119,,,,,,,,,,USA2014,1.622,17608138000000.0,55304.316,6.168,1.483,1.742,2.524,-2.101,22.61,18.859,10.9,17984237000000.0,95.454,USA
2012,United States,7.082,,,,,,,,,,USA2012,2.069,16253970000000.0,51784.411,8.069,1.362,1.862,2.289,-2.572,23.912,16.748,9.764,16640301000000.0,93.649,USA
2011,United States,7.27,,,,,,,,,,USA2011,3.157,15599732000000.0,50065.979,8.949,1.163,2.063,1.564,-2.919,25.346,16.629,9.539,15861958000000.0,89.547,USA
2024,Uruguay,6.661,6.578,6.743,1.554,1.654,0.523,0.913,0.078,0.197,1.741,URY2024,4.849,,,8.401,,,,,,,,,,URY
2023,Uruguay,6.611,6.527,6.696,1.596,1.431,0.592,0.775,0.106,0.22,1.891,URY2023,5.869,77240830877.46,22797.811,8.355,8.184,3.431,0.367,-3.335,37.383,31.132,18.841,71753758290.647,62.977,URY
2022,Uruguay,6.494,6.404,6.583,1.617,1.445,0.435,0.683,0.102,0.254,1.958,URY2022,9.104,70164683290.378,20691.974,7.877,6.351,4.245,4.707,-3.711,36.514,29.873,18.713,63181504841.792,54.574,URY
2021,Uruguay,6.474,6.386,6.562,1.615,1.18,0.672,0.665,0.103,0.265,1.974,URY2021,7.748,60760798595.544,17888.212,9.328,-3.355,11.181,5.562,-2.462,31.722,29.092,17.812,54661497469.564,58.094,URY
2020,Uruguay,6.431,6.341,6.521,1.164,1.042,0.649,0.625,0.128,0.223,2.6,URY2020,9.756,53668636567.867,15789.686,10.413,0.229,10.977,-7.38,-0.728,34.62,30.786,18.515,50779391680.796,60.278,URY
2019,Uruguay,6.44,6.351,6.529,1.071,1.425,0.857,0.594,0.132,0.193,2.167,URY2019,7.882,62222325807.058,18315.735,8.836,3.049,8.256,0.928,1.293,32.067,30.64,17.865,59174795690.019,50.131,URY
2018,Uruguay,6.293,,,,,,,,,,URY2018,7.607,65344576348.228,19249.94,8.336,4.348,7.526,0.165,-0.461,31.913,31.353,18.325,61677734383.874,47.341,URY
2017,Uruguay,6.379,,,,,,,,,,URY2017,6.218,65006039994.56,19184.663,7.89,7.715,5.68,1.74,0.011,31.248,29.707,18.077,61449241065.824,45.074,URY
2016,Uruguay,6.454,,,,,,,,,,URY2016,9.639,57480788390.258,17009.759,7.841,7.401,8.165,1.69,0.825,35.221,33.11,21.732,54820503514.286,46.458,URY
2015,Uruguay,6.545,,,,,,,,,,URY2015,8.666,57680327998.669,17125.902,7.488,5.449,9.855,0.371,-0.255,29.576,28.124,17.096,55232403158.343,47.277,URY
2014,Uruguay,6.485,,,,,,,,,,URY2014,8.877,61496186973.902,18322.428,6.547,4.821,10.221,3.239,-2.989,29.581,28.714,17.275,57758605834.761,41.285,URY
2012,Uruguay,6.355,,,,,,,,,,URY2012,8.098,54232266358.781,16259.594,6.451,1.633,9.413,3.538,-3.755,28.843,28.302,17.792,50380210747.357,41.028,URY
2011,Uruguay,5.898,,,,,,,,,,URY2011,8.093,50342406067.078,15132.268,6.307,-0.085,9.875,5.162,-2.611,27.735,28.604,18.199,48712391359.77,43.207,URY
2024,Uzbekistan,6.193,6.088,6.297,1.179,1.615,0.654,0.977,0.195,0.208,1.364,UZB2024,9.628,,,4.488,,,,,,,,,,UZB
2023,Uzbekistan,6.195,6.087,6.303,1.212,1.394,0.539,0.835,0.251,0.215,1.749,UZB2023,9.957,101591769702.343,2849.515,4.46,8.425,12.659,6.291,-7.678,23.65,20.491,11.649,100818361933.577,,UZB
2022,Uzbekistan,6.014,5.899,6.13,1.227,1.347,0.375,0.74,0.26,0.208,1.856,UZB2022,11.447,90095926567.436,2578.667,4.49,6.363,14.463,6.001,-3.16,23.075,21.093,11.989,90999134200.679,,UZB
2021,Uzbekistan,6.063,5.948,6.178,1.219,1.092,0.6,0.716,0.283,0.24,1.913,UZB2021,10.849,77340060003.035,2258.52,5.364,6.799,13.693,8.035,-6.332,22.954,19.461,13.363,77697421134.942,,UZB
2020,Uzbekistan,6.179,6.045,6.312,0.769,1.027,0.528,0.716,0.391,0.271,2.477,UZB2020,12.868,66443265418.309,1978.281,5.293,10.605,10.61,1.563,-4.557,19.046,19.378,13.402,66603341567.817,,UZB
2019,Uzbekistan,6.258,6.151,6.364,0.697,1.434,0.717,0.693,0.363,0.28,2.073,UZB2019,14.526,67293639798.4,2041.385,4.932,5.129,17.576,6.78,-5.01,14.996,18.056,11.302,68029857950.019,,UZB
2018,Uzbekistan,6.174,,,,,,,,,,UZB2018,17.524,58695899092.108,1813.085,5.389,-4.699,25.881,5.559,-6.122,14.703,19.182,12.695,60203452154.762,,UZB
2017,Uzbekistan,6.096,,,,,,,,,,UZB2017,13.876,69703222282.728,2190.604,5.83,-13.691,33.679,4.395,2.12,12.712,15.55,10.369,70916116486.52,,UZB
2016,Uzbekistan,5.971,,,,,,,,,,UZB2016,8.131,86138288644.171,2753.38,5.16,4.217,8.93,5.932,0.248,14.335,19.729,13.433,86990975030.901,,UZB
2015,Uzbekistan,5.987,,,,,,,,,,UZB2015,8.752,86196264755.31,2803.19,5.15,2.962,10.501,7.219,1.039,15.065,19.645,13.558,87622912878.422,,UZB
2014,Uzbekistan,6.003,,,,,,,,,,UZB2014,9.283,80845385809.453,2674.963,5.09,1.724,14.025,6.874,2.568,14.969,20.906,13.47,81960281654.202,,UZB
2012,Uzbekistan,5.623,,,,,,,,,,UZB2012,13.209,67517349212.061,2307.346,4.87,,15.399,7.102,1.791,14.258,25.026,13.174,68310411486.024,,UZB
2011,Uzbekistan,5.225,,,,,,,,,,UZB2011,13.78,60178909297.208,2087.864,4.96,,21.627,7.525,4.625,14.312,22.906,12.366,61313053176.586,,UZB
2024,Venezuela,5.683,5.57,5.796,0.0,1.493,0.515,0.702,0.154,0.117,2.701,VEN2024,,,,5.475,,,,,,,,,,VEN
2023,Venezuela,5.607,5.489,5.725,0.0,1.321,0.491,0.518,0.192,0.086,2.998,VEN2023,,,,5.485,,,,,,,,,,VEN
2022,Venezuela,5.211,5.085,5.336,0.0,1.257,0.341,0.369,0.205,0.084,2.955,VEN2022,,,,5.707,,,,,,,,,,VEN
2021,Venezuela,4.925,4.8,5.051,0.0,0.968,0.578,0.283,0.225,0.082,2.79,VEN2021,,,,7.037,,,,,,,,,,VEN
2020,Venezuela,4.892,4.767,5.017,0.852,0.897,0.574,0.284,0.078,0.072,2.135,VEN2020,,,,7.53,,,,,,,,,,VEN
2019,Venezuela,5.053,4.927,5.179,0.77,1.349,0.767,0.272,0.087,0.064,1.745,VEN2019,,,,5.876,,,,,,,,,,VEN
2018,Venezuela,4.707,,,,,,,,,,VEN2018,,,,5.46,,,,,,,,,,VEN
2017,Venezuela,4.806,,,,,,,,,,VEN2017,,,,5.045,,,,,,,,,,VEN
2016,Venezuela,5.25,,,,,,,,,,VEN2016,254.949,,,5.319,,,,,,,,,,VEN
2015,Venezuela,6.084,,,,,,,,,,VEN2015,121.738,,,6.137,,,,,,,,,,VEN
2014,Venezuela,6.81,,,,,,,,,,VEN2014,62.169,482359318767.703,15943.613,6.821,-16.54,40.44,-3.894,1.02,,,,476933862544.158,,VEN
2012,Venezuela,7.039,,,,,,,,,,VEN2012,21.069,381286237847.667,12901.417,6.601,2.035,14.059,5.626,0.678,,,,371208188282.47,,VEN
2011,Venezuela,6.922,,,,,,,,,,VEN2011,26.09,316482190800.364,10843.923,6.902,-8.583,28.149,4.176,5.164,,,,308493145268.459,,VEN
2024,Viet Nam,6.352,6.28,6.424,1.278,1.533,0.631,1.012,0.039,0.174,1.684,VNM2024,3.621,,,1.431,,,,,,,,,,VNM
2023,Viet Nam,6.043,5.948,6.138,1.331,1.267,0.539,0.843,0.094,0.16,1.81,VNM2023,3.253,429716969043.572,4282.089,1.645,7.278,1.906,5.046,6.012,,,,407253969043.888,,VNM
2022,Viet Nam,5.763,5.662,5.865,1.349,1.212,0.381,0.741,0.134,0.122,1.824,VNM2022,3.157,410324028883.325,4116.386,1.523,3.808,4.051,8.124,0.342,,,,390409525932.523,,VNM
2021,Viet Nam,5.485,5.4,5.57,1.252,0.932,0.611,0.707,0.143,0.105,1.735,VNM2021,1.835,366474752771.009,3704.194,2.385,4.792,2.881,2.554,-1.263,,,,347725576769.191,,VNM
2020,Viet Nam,5.411,5.334,5.488,0.817,0.873,0.616,0.679,0.124,0.091,2.211,VNM2020,3.221,346615738537.796,3534.04,2.103,6.091,1.467,2.865,4.345,,,,331798335389.682,,VNM
2019,Viet Nam,5.353,5.287,5.42,0.718,1.253,0.819,0.651,0.136,0.09,1.686,VNM2019,2.796,334365270496.667,3440.9,1.681,5.159,2.423,7.359,3.918,,,,317567408001.614,,VNM
2018,Viet Nam,5.175,,,,,,,,,,VNM2018,3.54,310106478394.659,3222.31,1.161,3.614,3.627,7.465,1.902,,,,294286042195.288,,VNM
2017,Viet Nam,5.103,,,,,,,,,,VNM2017,3.52,281353605986.903,2956.11,1.874,2.592,4.363,6.94,-0.586,,,,264356106349.992,,VNM
2016,Viet Nam,5.074,,,,,,,,,,VNM2016,2.668,257096001177.982,2735.06,1.848,5.049,1.82,6.69,0.243,,,,242953110901.302,,VNM
2015,Viet Nam,5.061,,,,,,,,,,VNM2015,0.631,239258328381.741,2577.569,1.848,8.988,-1.717,6.987,-0.853,,,,227116870128.414,,VNM
2014,Viet Nam,5.36,,,,,,,,,,VNM2014,4.085,233451469642.519,2546.385,1.256,4.79,3.698,6.422,4.009,,,,224605804804.237,,VNM
2012,Viet Nam,5.533,,,,,,,,,,VNM2012,9.095,195590661129.249,2185.118,1.027,4.028,9.078,5.505,4.821,,,,189361661225.274,,VNM
2011,Viet Nam,5.425,,,,,,,,,,VNM2011,18.678,172595049183.925,1950.925,0.999,-3.673,21.414,6.413,0.137,,,,167761189190.507,,VNM
2024,Yemen,3.561,3.408,3.714,0.631,1.482,0.375,0.447,0.066,0.106,0.454,YEM2024,,,,17.086,,,,,,,,,,YEM
2023,Yemen,3.561,3.408,3.714,0.671,1.281,0.293,0.362,0.08,0.113,0.76,YEM2023,,,477.409,17.091,,,,,,,,,,YEM
2021,Yemen,4.197,4.01,4.384,0.691,1.043,0.384,0.33,0.09,0.098,1.561,YEM2021,,,522.174,18.287,,,,,,,,,,YEM
2020,Yemen,3.658,3.521,3.794,0.329,0.831,0.272,0.268,0.092,0.089,1.776,YEM2020,,,559.565,17.953,,,,,,,,,,YEM
2019,Yemen,3.527,3.421,3.634,0.393,1.177,0.415,0.244,0.095,0.087,1.116,YEM2019,,,623.376,17.202,,,,,,,,,,YEM
2018,Yemen,3.38,,,,,,,,,,YEM2018,,21606160783.984,633.887,17.584,,14.854,0.752,,,,,20996364431.252,,YEM
2017,Yemen,3.355,,,,,,,,,,YEM2017,,26842228828.563,811.166,18.603,,18.554,-5.072,,,,,26106000074.582,,YEM
2016,Yemen,3.593,,,,,,,,,,YEM2016,,31317824943.207,975.359,18.416,,0.134,-9.375,-7.724,,,,30921701659.496,,YEM
2015,Yemen,3.724,,,,,,,,,,YEM2015,,42444489522.23,1362.174,17.9,,46.476,-27.995,-7.129,,,,41437133275.722,,YEM
2014,Yemen,4.077,,,,,,,,,,YEM2014,8.105,43228585321.327,1430.164,13.467,,7.163,-0.189,-3.443,,,,40801643750.291,,YEM
2012,Yemen,4.054,,,,,,,,,,YEM2012,9.885,35401331609.592,1245.051,13.473,17.571,5.893,2.393,-0.945,,,,33831688609.842,,YEM
2011,Yemen,4.454,,,,,,,,,,YEM2011,19.544,32726417878.391,1186.475,13.311,5.83,18.114,-12.715,-1.611,,,,30388993336.296,,YEM
2024,Zambia,3.912,3.769,4.056,0.848,1.013,0.233,0.872,0.131,0.107,0.709,ZMB2024,,,,5.961,,,,,,,,,,ZMB
2023,Zambia,3.502,3.368,3.636,0.899,0.809,0.264,0.727,0.168,0.109,0.526,ZMB2023,10.885,27577956471.244,1330.728,5.905,,7.095,5.368,-2.113,,,,26271802177.299,,ZMB
2022,Zambia,3.982,3.797,4.167,0.914,0.89,0.095,0.545,0.189,0.08,1.27,ZMB2022,10.993,29163782140.486,1447.123,5.995,,6.14,5.211,3.748,,,,27416151733.239,,ZMB
2021,Zambia,3.76,3.618,3.902,0.93,0.577,0.306,0.525,0.203,0.083,1.135,ZMB2021,22.021,22096416932.009,1127.161,5.199,,25.143,6.235,11.9,25.137,21.967,16.78,20174571689.659,71.411,ZMB
2020,Zambia,4.073,3.938,4.209,0.528,0.552,0.231,0.487,0.227,0.074,1.975,ZMB2020,15.733,18137764930.651,951.644,6.033,-3.893,13.914,-2.785,11.791,25.372,19.581,16.418,17628788924.042,103.543,ZMB
2019,Zambia,3.759,3.64,3.878,0.537,0.896,0.364,0.491,0.251,0.087,1.134,ZMB2019,9.15,23308667781.226,1258.986,5.542,2.47,7.633,1.441,0.604,21.956,19.596,16.678,22904080806.827,61.93,ZMB
2018,Zambia,4.107,,,,,,,,,,ZMB2018,7.495,26311507273.674,1463.9,5.033,2.216,7.412,4.034,-1.301,20.111,19.411,16.587,25904703273.457,59.712,ZMB
2017,Zambia,4.377,,,,,,,,,,ZMB2017,6.577,25873601260.835,1483.466,4.529,2.091,10.073,3.526,-1.681,20.922,16.851,15.185,24726787496.717,52.281,ZMB
2016,Zambia,4.514,,,,,,,,,,ZMB2016,17.87,20958412538.309,1239.085,5.239,1.694,13.576,3.755,-4.552,22.409,18.132,13.353,20311304651.433,46.433,ZMB
2015,Zambia,4.795,,,,,,,,,,ZMB2015,10.111,21251216798.776,1295.878,5.942,6.179,6.659,2.92,-3.612,23.234,18.296,14.394,20839208733.139,49.407,ZMB
2014,Zambia,5.129,,,,,,,,,,ZMB2014,7.807,27141023558.083,1707.486,6.571,5.816,5.441,4.693,-1.427,20.256,17.738,15.761,26589065800.162,44.396,ZMB
2012,Zambia,5.006,,,,,,,,,,ZMB2012,6.576,25503060420.026,1710.051,7.85,4.821,6.992,7.597,5.379,16.532,16.668,14.892,25071084452.043,23.489,ZMB
2011,Zambia,4.705,,,,,,,,,,ZMB2011,6.429,23459515275.578,1624.868,10.545,6.957,11.107,5.569,4.658,14.496,17.468,14.716,22302537247.722,18.05,ZMB
2024,Zimbabwe,3.396,3.283,3.509,0.827,0.961,0.178,0.598,0.065,0.131,0.636,ZWE2024,,,,8.554,,,,,,,,,,ZWE
2023,Zimbabwe,3.341,3.226,3.457,0.748,0.85,0.232,0.487,0.096,0.131,0.797,ZWE2023,,35231367885.855,2156.034,8.759,-73.54,921.536,5.337,0.38,,,,34796066708.941,,ZWE
2022,Zimbabwe,3.204,3.084,3.323,0.758,0.881,0.069,0.363,0.112,0.117,0.905,ZWE2022,104.705,32789751736.332,2040.552,10.087,-36.833,266.987,6.139,0.93,,,,32026941089.152,,ZWE
2021,Zimbabwe,2.995,2.88,3.11,0.947,0.69,0.27,0.329,0.106,0.105,0.548,ZWE2021,98.546,27240515108.805,1724.388,9.54,-31.796,113.295,8.468,1.278,,,,26621784726.578,,ZWE
2020,Zimbabwe,3.145,3.03,3.259,0.457,0.649,0.243,0.359,0.157,0.075,1.205,ZWE2020,557.202,26867936444.683,1730.413,8.621,-81.132,604.946,-7.817,4.08,,,,26329744652.409,,ZWE
2019,Zimbabwe,3.299,3.184,3.414,0.426,1.048,0.375,0.377,0.151,0.081,0.841,ZWE2019,255.305,25717409842.448,1684.028,7.373,-64.295,225.395,-6.332,3.579,,,,25261574788.757,,ZWE
2018,Zimbabwe,3.663,,,,,,,,,,ZWE2018,10.619,34156069918.061,2271.853,6.793,3.455,3.554,5.01,-4.039,10.977,8.117,7.215,33442898974.535,,ZWE
2017,Zimbabwe,3.692,,,,,,,,,,ZWE2017,0.894,51074660513.372,3448.083,6.344,-64.282,199.325,4.08,-0.531,9.783,5.958,5.466,49083524563.156,,ZWE
2016,Zimbabwe,3.875,,,,,,,,,,ZWE2016,-1.544,20548678100.0,1407.415,5.886,4.999,2.014,0.901,-3.394,25.236,17.195,15.458,18002592300.0,,ZWE
2015,Zimbabwe,4.193,,,,,,,,,,ZWE2015,-2.431,19963120600.0,1386.423,5.377,8.144,0.367,2.024,-7.998,21.809,19.003,17.673,17604879500.0,,ZWE
2014,Zimbabwe,4.61,,,,,,,,,,ZWE2014,-0.198,19495519600.0,1372.213,4.774,8.788,0.625,1.485,-11.971,,,,17300432200.0,,ZWE
2012,Zimbabwe,4.827,,,,,,,,,,ZWE2012,3.725,17114849900.0,1238.601,5.061,6.429,4.856,15.745,-13.308,20.212,20.395,17.835,15245882400.0,,ZWE
2011,Zimbabwe,3.978,,,,,,,,,,ZWE2011,3.466,14101920300.0,1037.255,5.368,,2.172,14.62,-19.497,19.077,20.673,17.928,12515356900.0,,ZWE
2025,Afghanistan,5.5499796867370605,,,,,,,,,,,133.97271728515625,,2804.745361328125,4.521786212921143,-2.901888370513916,-0.9295661449432373,0.6376469135284424,-5.003866672515869,25.604896545410156,23.904977798461914,15.140851020812988,,55.38440704345703,
2026,Afghanistan,5.992467880249023,,,,,,,,,,,0.8641513586044312,,13732.154296875,9.901765823364258,6.076317310333252,27.6369571685791,3.335897207260132,-5.765552520751953,24.7781982421875,23.513259887695312,17.100162506103516,,67.63462829589844,
2027,Afghanistan,6.417494773864746,,,,,,,,,,,14.039762496948242,,10850.228515625,8.308113098144531,-1.2404773235321045,1.5918015241622925,1.4589265584945679,-3.4351742267608643,25.786354064941406,25.312530517578125,13.504986763000488,,52.98514175415039,
2028,Afghanistan,6.335190296173096,,,,,,,,,,,0.9804271459579468,,8925.015625,8.659863471984863,9.496225357055664,17.671600341796875,2.680447816848755,-1.9858604669570923,28.686452865600586,23.58086585998535,16.103729248046875,,67.45848846435547,
2029,Afghanistan,5.9353718757629395,,,,,,,,,,,17.292009353637695,,9832.4384765625,9.11950969696045,1.7946438789367676,1.8013004064559937,1.097058892250061,-5.634365081787109,26.939250946044922,27.601560592651367,11.508720397949219,,49.319236755371094,
2030,Afghanistan,6.243330001831055,,,,,,,,,,,2.2019762992858887,,8968.8173828125,8.2052583694458,10.876301765441895,16.40957260131836,2.706930637359619,-1.9518309831619263,31.747350692749023,21.72587013244629,15.83780288696289,,46.71855545043945,
2025,Albania,6.064940452575684,,,,,,,,,,,117.04563903808594,,6094.275390625,5.972952842712402,2.4494826793670654,-0.39044779539108276,3.1758153438568115,-5.150022983551025,25.639541625976562,24.14858627319336,15.268155097961426,,52.884090423583984,
2026,Albania,5.659023761749268,,,,,,,,,,,1.179702639579773,,6343.8984375,10.279287338256836,3.6821987628936768,24.676908493041992,1.6703355312347412,-5.571304798126221,25.029695510864258,23.70625877380371,17.11185646057129,,48.61492156982422,
2027,Albania,5.660431385040283,,,,,,,,,,,16.5363826751709,,10435.2900390625,12.4916353225708,-4.068182468414307,2.2352020740509033,1.8122155666351318,-3.147089719772339,25.44963264465332,25.523454666137695,14.801746368408203,,51.7064323425293,
2028,Albania,5.890676975250244,,,,,,,,,,,1.7040278911590576,,5252.21630859375,7.937049865722656,7.345741271972656,22.71115493774414,2.2852184772491455,-1.5198651552200317,28.827850341796875,23.757301330566406,15.977195739746094,,58.63494873046875,
2029,Albania,5.611049175262451,,,,,,,,,,,16.175336837768555,,9996.7646484375,13.983741760253906,-4.358991622924805,2.44020938873291,1.5962692499160767,-5.594282627105713,25.487457275390625,28.16493034362793,13.71603012084961,,49.217018127441406,
2030,Albania,5.783048152923584,,,,,,,,,,,1.8209123611450195,,7286.47705078125,7.406614780426025,11.422006607055664,22.400732040405273,1.8302249908447266,-0.5366483330726624,32.8016242980957,23.900564193725586,16.965044021606445,,56.67348861694336,
2025,Algeria,5.441187858581543,,,,,,,,,,,117.29254150390625,,3525.841064453125,6.294021129608154,3.2871391773223877,0.382462739944458,3.397400379180908,-6.075407028198242,25.65620231628418,23.921457290649414,15.303906440734863,,51.194149017333984,
2026,Algeria,5.54030704498291,,,,,,,,,,,1.249700903892517,,5104.0244140625,9.97658920288086,3.82845139503479,24.181875228881836,2.9897754192352295,-7.898159027099609,24.90572166442871,22.87944221496582,17.545686721801758,,51.79891586303711,
2027,Algeria,4.89991569519043,,,,,,,,,,,16.648685455322266,,6270.9912109375,12.011811256408691,-3.715618371963501,2.743170738220215,1.9670909643173218,-4.0000081062316895,24.131200790405273,25.722145080566406,15.9948091506958,,55.01650619506836,
2028,Algeria,5.83425760269165,,,,,,,,,,,1.9151170253753662,,7027.47509765625,9.40911865234375,9.47990608215332,23.574216842651367,2.9564473628997803,-3.2987570762634277,27.579227447509766,24.439414978027344,16.382949829101562,,55.495967864990234,
2029,Algeria,6.118795871734619,,,,,,,,,,,17.06678009033203,,10841.888671875,8.54775619506836,-5.617931842803955,2.1150596141815186,1.457575798034668,-5.662636756896973,25.709720611572266,27.971914291381836,13.746756553649902,,48.37618637084961,
2030,Algeria,6.025824069976807,,,,,,,,,,,0.929267406463623,,8556.720703125,8.50947093963623,11.114829063415527,25.341808319091797,2.704681873321533,-0.7066526412963867,32.2323112487793,23.576370239257812,16.262046813964844,,65.82234954833984,
2025,Angola,3.7276203632354736,,,,,,,,,,,18.053020477294922,,934.1625366210938,13.288921356201172,-5.990501403808594,23.13270378112793,-0.5846709609031677,-1.8593415021896362,18.19495964050293,15.527608871459961,11.601161003112793,,52.60774230957031,
2026,Angola,4.9354119300842285,,,,,,,,,,,15.281877517700195,,3199.687744140625,8.681066513061523,-0.890113115310669,28.125566482543945,0.16700208187103271,-4.263988018035889,20.19224739074707,15.42141056060791,12.377019882202148,,53.84282684326172,
2027,Angola,5.523342132568359,,,,,,,,,,,18.039247512817383,,5810.69140625,7.438361644744873,-2.530925750732422,17.34178352355957,1.8449394702911377,-3.5093164443969727,20.76344871520996,20.05573844909668,12.215330123901367,,54.131229400634766,
2028,Angola,6.041708946228027,,,,,,,,,,,9.3063325881958,,8668.6572265625,6.538290023803711,-0.8139799237251282,22.802846908569336,1.6415883302688599,-3.1833786964416504,23.569246292114258,19.18226432800293,15.062661170959473,,48.510311126708984,
2029,Angola,5.715748310089111,,,,,,,,,,,15.585840225219727,,8195.763671875,7.659698009490967,-5.791059494018555,11.882594108581543,2.1063051223754883,-3.5451624393463135,22.57461929321289,24.937013626098633,12.69951343536377,,43.15507125854492,
2030,Angola,5.72072696685791,,,,,,,,,,,6.311577796936035,,6685.9921875,7.450320720672607,3.461714267730713,24.314470291137695,1.912036418914795,-1.4640926122665405,27.077638626098633,22.11540412902832,16.107383728027344,,42.450523376464844,
2025,Argentina,5.631868362426758,,,,,,,,,,,117.04563903808594,,4031.02587890625,6.411975860595703,3.9894003868103027,2.760633707046509,3.917239189147949,-3.3593852519989014,26.223011016845703,23.799468994140625,15.260087013244629,,51.09543991088867,
2026,Argentina,5.1371846199035645,,,,,,,,,,,2.3237245082855225,,2757.0,9.71315860748291,2.074899673461914,22.700061798095703,1.2019093036651611,-8.549680709838867,24.620508193969727,23.478609085083008,17.19479751586914,,48.29494857788086,
2027,Argentina,5.336034297943115,,,,,,,,,,,17.195390701293945,,9465.9560546875,12.420960426330566,-2.3367197513580322,4.5520243644714355,2.4439148902893066,-5.205859661102295,25.463590621948242,25.118497848510742,15.896232604980469,,55.663848876953125,
2028,Argentina,5.978919982910156,,,,,,,,,,,2.886810541152954,,6849.69287109375,7.239020347595215,7.674810409545898,19.6416072845459,2.6410505771636963,-2.827984094619751,28.477703094482422,24.034658432006836,15.968042373657227,,53.422576904296875,
2029,Argentina,5.429322242736816,,,,,,,,,,,17.041015625,,9885.22265625,13.106582641601562,-2.097372055053711,2.565722942352295,1.176697850227356,-5.118136405944824,24.818214416503906,26.93056869506836,13.890753746032715,,39.234989166259766,
2030,Argentina,6.0294365882873535,,,,,,,,,,,1.7907235622406006,,5214.7861328125,6.971709728240967,9.858031272888184,20.140993118286133,2.638975143432617,-1.7643183469772339,30.55089569091797,23.65144920349121,16.178560256958008,,56.78154373168945,
2025,Armenia,5.949714660644531,,,,,,,,,,,133.97271728515625,,5372.736328125,5.965150833129883,-2.9908366203308105,0.13144823908805847,1.6342437267303467,-4.652034282684326,25.729717254638672,23.88235855102539,15.239169120788574,,53.33490753173828,
2026,Armenia,5.697896480560303,,,,,,,,,,,0.2523792088031769,,13136.748046875,10.858582496643066,4.539242267608643,27.359447479248047,1.8075021505355835,-4.802691459655762,25.599721908569336,24.47608184814453,17.10788345336914,,70.44774627685547,
2027,Armenia,6.274313926696777,,,,,,,,,,,14.136252403259277,,18333.41796875,9.149635314941406,0.04978897422552109,1.9585659503936768,1.4297796487808228,-2.7344882488250732,27.52522087097168,25.766651153564453,12.742501258850098,,52.256229400634766,
2028,Armenia,6.0348591804504395,,,,,,,,,,,0.9997533559799194,,8470.5302734375,8.162529945373535,8.683924674987793,15.132345199584961,2.170377492904663,-0.7257506847381592,28.623342514038086,24.79564666748047,15.30219841003418,,56.701995849609375,
2029,Armenia,5.944217681884766,,,,,,,,,,,10.127379417419434,,9502.9658203125,9.812552452087402,0.2766457796096802,1.8527055978775024,2.697722911834717,-5.064276218414307,27.883981704711914,27.164535522460938,12.779631614685059,,49.95136642456055,
2030,Armenia,5.986483097076416,,,,,,,,,,,1.6981247663497925,,6104.51123046875,8.674291610717773,10.521034240722656,10.674443244934082,2.874049663543701,-0.7233862280845642,31.81937026977539,24.177854537963867,15.179612159729004,,54.24062728881836,
2025,Australia,5.767080307006836,,,,,,,,,,,17.852663040161133,,7459.98388671875,6.303642749786377,3.496349334716797,-1.2657859325408936,3.7172324657440186,-3.9714834690093994,25.160606384277344,24.152402877807617,15.142712593078613,,52.223941802978516,
2026,Australia,5.617225170135498,,,,,,,,,,,1.2732672691345215,,4550.224609375,10.075630187988281,11.028663635253906,14.675400733947754,1.9374306201934814,-5.640233039855957,25.31415557861328,23.393037796020508,16.309223175048828,,43.471405029296875,
2027,Australia,5.720527648925781,,,,,,,,,,,10.423676490783691,,8255.1220703125,7.3810882568359375,1.7081921100616455,1.8665664196014404,3.6166696548461914,-6.018187522888184,25.65085792541504,25.713430404663086,15.021527290344238,,56.32002258300781,
2028,Australia,5.969278812408447,,,,,,,,,,,2.084232807159424,,6159.44384765625,8.861746788024902,9.814204216003418,10.314828872680664,2.8443470001220703,-5.1166205406188965,28.122041702270508,23.27050018310547,16.603551864624023,,46.409400939941406,
2029,Australia,5.629935264587402,,,,,,,,,,,8.354218482971191,,8788.5634765625,10.321255683898926,4.129284858703613,2.087510347366333,2.887176990509033,-5.7116007804870605,25.69298553466797,26.672771453857422,15.529942512512207,,51.24446105957031,
2030,Australia,4.712750434875488,,,,,,,,,,,2.1376688480377197,,1044.3956298828125,8.18747615814209,8.688765525817871,8.148051261901855,3.0801491737365723,-5.284041404724121,30.336429595947266,23.338823318481445,16.81583595275879,,49.84136962890625,
2025,Austria,5.6627397537231445,,,,,,,,,,,28.6212158203125,,6877.48681640625,6.285892486572266,3.2464468479156494,-0.7131391167640686,3.0891497135162354,-3.8270187377929688,25.064315795898438,24.68695640563965,15.175461769104004,,50.05696105957031,
2026,Austria,5.326029300689697,,,,,,,,,,,1.1966660022735596,,4343.92431640625,11.049261093139648,7.509692668914795,17.25469398498535,5.277361869812012,-5.485862731933594,25.404680252075195,23.325441360473633,16.779361724853516,,43.443702697753906,
2027,Austria,5.7281413078308105,,,,,,,,,,,11.208150863647461,,9485.1142578125,8.151036262512207,0.8517245650291443,2.01210618019104,2.4445512294769287,-6.159205913543701,24.365114212036133,25.793926239013672,15.360007286071777,,51.88416290283203,
2028,Austria,5.865190505981445,,,,,,,,,,,1.7808622121810913,,4386.1513671875,6.690260887145996,8.464387893676758,12.281636238098145,3.3206708431243896,-2.964757204055786,32.137367248535156,22.99095344543457,16.208166122436523,,58.06914138793945,
2029,Austria,5.46827507019043,,,,,,,,,,,8.6474609375,,10707.15625,13.957295417785645,2.186089515686035,2.2634735107421875,2.670851469039917,-7.80918025970459,21.993919372558594,29.72846221923828,14.638850212097168,,51.51952362060547,
2030,Austria,5.289607524871826,,,,,,,,,,,1.9902586936950684,,2187.022705078125,6.274015426635742,7.907932281494141,9.609151840209961,3.108999013900757,1.5784636735916138,33.34775161743164,21.87674331665039,18.911760330200195,,47.93449020385742,
2025,Azerbaijan,6.023631572723389,,,,,,,,,,,117.29275512695312,,7143.0478515625,5.972952842712402,2.370703935623169,-1.0904651880264282,3.0057947635650635,-3.6753525733947754,25.44419288635254,24.391239166259766,15.093758583068848,,51.341407775878906,
2026,Azerbaijan,5.495168209075928,,,,,,,,,,,1.1539242267608643,,6686.21484375,10.368598937988281,3.0919172763824463,23.945743560791016,1.9520844221115112,-5.294670581817627,25.92673683166504,23.515378952026367,16.5791072845459,,43.875328063964844,
2027,Azerbaijan,6.0482258796691895,,,,,,,,,,,16.74689292907715,,10919.5703125,9.648157119750977,-4.153554439544678,2.502593994140625,2.2717926502227783,-3.7069339752197266,25.568777084350586,26.065536499023438,14.663435935974121,,49.885623931884766,
2028,Azerbaijan,5.707528114318848,,,,,,,,,,,1.6299450397491455,,4844.69775390625,8.023141860961914,7.290987968444824,23.659069061279297,2.7351934909820557,-1.4238168001174927,31.223377227783203,23.854013442993164,16.047574996948242,,54.26770782470703,
2029,Azerbaijan,5.444067478179932,,,,,,,,,,,16.175336837768555,,11016.1845703125,13.871553421020508,-6.605281352996826,2.2211670875549316,1.8461586236953735,-6.600435256958008,24.936565399169922,30.601566314697266,14.150308609008789,,47.59931564331055,
2030,Azerbaijan,5.896509647369385,,,,,,,,,,,1.6496877670288086,,5208.11279296875,7.213540554046631,9.533269882202148,24.032926559448242,1.7071747779846191,0.9638729691505432,33.54963302612305,23.410003662109375,17.66868782043457,,55.047428131103516,
2025,Bahrain,6.215874195098877,,,,,,,,,,,14.39886474609375,,10697.71484375,5.965150833129883,0.24796904623508453,-3.022193193435669,3.0756499767303467,-0.5716439485549927,25.112924575805664,23.134613037109375,15.031892776489258,,50.550601959228516,
2026,Bahrain,5.717081546783447,,,,,,,,,,,0.9607338309288025,,5738.103515625,8.631021499633789,12.099021911621094,15.915210723876953,2.0723488330841064,-4.390341281890869,25.48014259338379,25.23295783996582,12.164024353027344,,55.054832458496094,
2027,Bahrain,6.419236660003662,,,,,,,,,,,10.889111518859863,,12127.8203125,7.042521953582764,2.786053419113159,1.700488567352295,1.9588947296142578,-3.512604236602783,26.421180725097656,21.86791229248047,14.675859451293945,,56.04527282714844,
2028,Bahrain,5.898561477661133,,,,,,,,,,,1.4180735349655151,,7995.69482421875,7.554406642913818,7.8324737548828125,10.575030326843262,2.9938223361968994,-5.108048915863037,25.736658096313477,23.631624221801758,15.608266830444336,,44.257572174072266,
2029,Bahrain,5.705097198486328,,,,,,,,,,,8.339211463928223,,8256.5029296875,8.450445175170898,3.7063093185424805,1.749629259109497,3.3562772274017334,-5.32591438293457,26.297311782836914,23.96296501159668,16.271038055419922,,46.4065055847168,
2030,Bahrain,5.525753974914551,,,,,,,,,,,2.037384033203125,,4119.36572265625,8.60376262664795,8.693037033081055,8.150359153747559,3.103407621383667,-6.322140216827393,25.649892807006836,24.74485969543457,16.75458335876465,,45.97893142700195,
2025,Bangladesh,5.597354888916016,,,,,,,,,,,15.223531723022461,,4325.89111328125,6.381099224090576,4.9851884841918945,4.517810821533203,4.32403039932251,-3.444545269012451,25.565704345703125,24.15524673461914,15.100712776184082,,50.73908615112305,
2026,Bangladesh,5.253180503845215,,,,,,,,,,,3.6004836559295654,,3184.078369140625,9.31945514678955,7.9528937339782715,13.034470558166504,2.5724635124206543,-7.271408557891846,25.060070037841797,23.409080505371094,17.06844711303711,,49.267086029052734,
2027,Bangladesh,5.095282554626465,,,,,,,,,,,9.080955505371094,,3313.08740234375,8.698884010314941,2.888885736465454,3.3339061737060547,4.051861763000488,-6.765667915344238,25.748706817626953,24.28045082092285,16.743579864501953,,56.02710723876953,
2028,Bangladesh,5.8814568519592285,,,,,,,,,,,2.3072712421417236,,7687.25048828125,6.7005815505981445,9.30507755279541,9.809258460998535,3.6182196140289307,-7.365503787994385,25.210546493530273,24.12017059326172,17.6569881439209,,54.03977966308594,
2029,Bangladesh,5.767529487609863,,,,,,,,,,,8.162919998168945,,11247.8203125,8.739668846130371,4.449898719787598,2.560950994491577,3.213383674621582,-5.476012229919434,24.324647903442383,24.560653686523438,16.510377883911133,,46.32942199707031,
2030,Bangladesh,5.0610527992248535,,,,,,,,,,,2.4668960571289062,,1947.4857177734375,7.034153938293457,7.5699462890625,8.0363130569458,3.8487625122070312,-4.446777820587158,25.811342239379883,24.106067657470703,16.591291427612305,,50.18092727661133,
2025,Belarus,5.587333679199219,,,,,,,,,,,8.955419540405273,,10130.486328125,10.523388862609863,0.5441351532936096,17.3574161529541,3.9228391647338867,3.8646414279937744,26.289072036743164,27.648488998413086,12.952579498291016,,34.866127014160156,
2026,Belarus,5.674584865570068,,,,,,,,,,,9.867939949035645,,4954.7919921875,4.629816055297852,0.7077114582061768,11.157772064208984,2.6293728351593018,-0.8211830854415894,25.864727020263672,28.255088806152344,14.24053955078125,,37.04549026489258,
2027,Belarus,5.863214015960693,,,,,,,,,,,7.401796817779541,,8830.798828125,6.78164529800415,5.104033946990967,11.009957313537598,3.846809148788452,-2.8635380268096924,28.529226303100586,25.889114379882812,16.40937614440918,,47.009395599365234,
2028,Belarus,5.168152809143066,,,,,,,,,,,8.141045570373535,,4183.30517578125,9.387203216552734,3.893460273742676,6.847595691680908,2.7816762924194336,-6.9056243896484375,27.935344696044922,26.97852897644043,14.967448234558105,,36.60504150390625,
2029,Belarus,5.147809028625488,,,,,,,,,,,5.232999324798584,,2253.982421875,6.413929462432861,6.609496593475342,8.76418399810791,3.2069828510284424,-7.041706085205078,28.55054473876953,25.900171279907227,17.781391143798828,,49.83517837524414,
2030,Belarus,4.740298271179199,,,,,,,,,,,7.460389614105225,,3578.03759765625,11.292060852050781,5.699921607971191,6.0241265296936035,3.816002368927002,-6.64067268371582,26.369190216064453,25.741714477539062,17.673051834106445,,42.749874114990234,
2025,Belgium,5.6300177574157715,,,,,,,,,,,28.6212158203125,,7049.60009765625,6.303642749786377,4.5661845207214355,-0.7131391167640686,3.0891497135162354,-3.9196953773498535,25.064315795898438,24.680601119995117,15.1732816696167,,50.36152648925781,
2026,Belgium,4.422470569610596,,,,,,,,,,,1.404395580291748,,1187.310302734375,11.122590065002441,7.28505802154541,16.481225967407227,5.277361869812012,-5.718780517578125,25.358089447021484,23.260068893432617,16.74553680419922,,44.466705322265625,
2027,Belgium,5.764712333679199,,,,,,,,,,,11.853631973266602,,10349.5263671875,5.209863185882568,3.767415761947632,2.684074640274048,2.9395675659179688,-7.991828441619873,23.76800537109375,24.65280532836914,16.37067413330078,,52.16765594482422,
2028,Belgium,5.349276542663574,,,,,,,,,,,2.219529390335083,,2611.91015625,6.884683132171631,7.5309367179870605,9.044405937194824,3.3927414417266846,-1.9947999715805054,26.267845153808594,24.403913497924805,16.65052032470703,,41.72077178955078,
2029,Belgium,5.72235107421875,,,,,,,,,,,8.63990306854248,,10315.904296875,6.312737941741943,4.550283908843994,2.8027524948120117,4.0158233642578125,-7.0799150466918945,24.218730926513672,24.610443115234375,17.497114181518555,,45.10670471191406,
2030,Belgium,5.411691665649414,,,,,,,,,,,2.4101715087890625,,2950.38671875,7.832486629486084,7.57757568359375,8.170475959777832,3.934490203857422,-4.013022422790527,24.720266342163086,24.5314884185791,16.828842163085938,,44.254703521728516,
2025,Belize,5.898551940917969,,,,,,,,,,,117.04563903808594,,6501.51318359375,6.303642749786377,3.7377195358276367,-0.19250135123729706,2.9556491374969482,-4.806675434112549,25.612886428833008,23.964818954467773,15.408960342407227,,50.520816802978516,
2026,Belize,4.876834392547607,,,,,,,,,,,1.339016079902649,,2570.79541015625,10.772903442382812,3.1952106952667236,23.072874069213867,1.7895756959915161,-6.126883506774902,25.339435577392578,23.640493392944336,16.568384170532227,,45.93241500854492,
2027,Belize,5.879810810089111,,,,,,,,,,,17.555673599243164,,9548.2353515625,7.8342108726501465,-2.2932016849517822,3.3261241912841797,2.671234130859375,-4.615265846252441,25.457294464111328,24.86956214904785,15.967267990112305,,53.17842483520508,
2028,Belize,5.98065710067749,,,,,,,,,,,1.6853859424591064,,6309.5830078125,7.912405967712402,7.713877201080322,19.833017349243164,2.6667234897613525,-3.484811544418335,28.222789764404297,23.98638343811035,15.932233810424805,,48.550167083740234,
2029,Belize,5.817623138427734,,,,,,,,,,,17.504806518554688,,9608.634765625,11.48602294921875,-1.3907787799835205,2.071749210357666,1.3239787817001343,-4.937963008880615,26.475269317626953,27.127580642700195,13.797831535339355,,42.949371337890625,
2030,Belize,5.98810338973999,,,,,,,,,,,1.5472584962844849,,6897.2451171875,8.85440444946289,11.848050117492676,19.22182273864746,2.782151222229004,-2.6070752143859863,31.516653060913086,24.228425979614258,16.292537689208984,,60.447139739990234,
2025,Benin,5.607110977172852,,,,,,,,,,,14.896306037902832,,8658.580078125,6.411975860595703,2.1177878379821777,-1.674768328666687,4.849478721618652,-0.7490600347518921,25.18490982055664,22.98450469970703,15.254393577575684,,49.528446197509766,
2026,Benin,5.868996620178223,,,,,,,,,,,1.2378889322280884,,5187.8037109375,8.236106872558594,10.775354385375977,14.156864166259766,1.5741575956344604,-5.118187427520752,23.296405792236328,24.592565536499023,12.473857879638672,,48.017356872558594,
2027,Benin,5.9376935958862305,,,,,,,,,,,10.55565357208252,,10239.623046875,7.303546905517578,4.408772945404053,1.9834725856781006,3.8815736770629883,-3.821197748184204,26.55217742919922,23.15186882019043,16.366119384765625,,60.8804817199707,
2028,Benin,5.287574291229248,,,,,,,,,,,2.15791654586792,,2416.373046875,8.168045997619629,10.486928939819336,8.168736457824707,3.2152819633483887,-4.565917491912842,26.322736740112305,24.785846710205078,15.515802383422852,,42.439388275146484,
2029,Benin,5.621469974517822,,,,,,,,,,,7.100164413452148,,8043.3271484375,5.300354957580566,6.021700859069824,2.822296619415283,3.9462928771972656,-7.492931365966797,26.19181251525879,23.77571678161621,17.726810455322266,,56.5775146484375,
2030,Benin,5.155187129974365,,,,,,,,,,,2.8433220386505127,,6797.45849609375,11.112493515014648,9.575920104980469,5.953798770904541,2.9720401763916016,-5.66225004196167,24.033411026000977,25.7893009185791,16.80307388305664,,40.47237777709961,
2025,Bhutan,6.3073954582214355,,,,,,,,,,,3.4083499908447266,,19387.369140625,5.954738616943359,9.786911010742188,1.5478249788284302,4.745119571685791,-14.371639251708984,20.537918090820312,20.764057159423828,17.3170108795166,,66.31678771972656,
2026,Bhutan,5.846410274505615,,,,,,,,,,,1.7585086822509766,,9455.1298828125,7.674668788909912,4.4110188484191895,0.6116346120834351,3.6291041374206543,-2.514615297317505,22.0340633392334,21.231664657592773,15.377334594726562,,53.735023498535156,
2027,Bhutan,5.920781135559082,,,,,,,,,,,1.3962680101394653,,6607.43994140625,4.636071681976318,5.908980369567871,2.3389625549316406,3.2297496795654297,-3.7311196327209473,24.027217864990234,21.36436653137207,16.42877197265625,,49.98454284667969,
2028,Bhutan,5.752810478210449,,,,,,,,,,,2.5991108417510986,,7652.90283203125,7.866413593292236,5.7423415184021,1.5330382585525513,3.693425178527832,-3.416926860809326,22.540651321411133,23.92038345336914,16.240285873413086,,48.38697052001953,
2029,Bhutan,5.709185600280762,,,,,,,,,,,2.0908725261688232,,7678.49658203125,8.018186569213867,6.22501802444458,2.6316401958465576,3.3882882595062256,-5.352137088775635,26.318687438964844,21.96874237060547,17.42450714111328,,48.254940032958984,
2030,Bhutan,5.100081443786621,,,,,,,,,,,2.5927350521087646,,8160.14013671875,10.813104629516602,5.975317001342773,2.0039312839508057,2.9734866619110107,-7.75685453414917,24.151222229003906,24.64604377746582,16.591455459594727,,45.92990493774414,
2025,Bolivia,5.72450590133667,,,,,,,,,,,17.86744499206543,,5417.8095703125,6.610611438751221,3.731497049331665,1.4719213247299194,3.6208441257476807,-3.0831189155578613,25.156553268432617,24.108442306518555,15.19127368927002,,49.09120559692383,
2026,Bolivia,4.786929130554199,,,,,,,,,,,1.6718029975891113,,1516.3551025390625,9.553071975708008,8.897004127502441,15.313874244689941,2.3585193157196045,-6.079378128051758,25.38163948059082,23.463998794555664,17.21026039123535,,51.34043884277344,
2027,Bolivia,5.482633113861084,,,,,,,,,,,10.957561492919922,,7983.2578125,6.344405174255371,2.8531835079193115,2.8537204265594482,4.088741779327393,-6.835923671722412,25.392513275146484,24.733739852905273,15.489644050598145,,56.40650939941406,
2028,Bolivia,5.972391128540039,,,,,,,,,,,2.208683729171753,,7712.94873046875,8.457549095153809,9.805556297302246,10.47888469696045,2.815274238586426,-5.059513092041016,27.49226951599121,23.099462509155273,16.731887817382812,,43.62888717651367,
2029,Bolivia,6.029892444610596,,,,,,,,,,,8.3513765335083,,9026.8466796875,7.558281898498535,3.728043794631958,2.0281195640563965,2.804572343826294,-5.969743728637695,26.454858779907227,26.829925537109375,14.783101081848145,,49.81171417236328,
2030,Bolivia,5.4934468269348145,,,,,,,,,,,2.2216155529022217,,2578.289306640625,7.829061508178711,8.619141578674316,8.153667449951172,2.9565188884735107,-4.085774898529053,29.68374252319336,23.595348358154297,16.870235443115234,,41.621402740478516,
2025,Bosnia and Herzegovina,6.037637233734131,,,,,,,,,,,117.06620025634766,,6072.9482421875,5.916761875152588,2.6064658164978027,-0.3760527968406677,3.2489359378814697,-4.6743059158325195,25.588159561157227,24.002479553222656,15.260116577148438,,52.6767692565918,
2026,Bosnia and Herzegovina,5.65409517288208,,,,,,,,,,,1.179702639579773,,6523.6494140625,10.298380851745605,3.490260124206543,23.911725997924805,1.6703355312347412,-5.645111083984375,24.950481414794922,23.752737045288086,17.11185646057129,,48.97585678100586,
2027,Bosnia and Herzegovina,5.687103271484375,,,,,,,,,,,16.82248878479004,,10918.2236328125,12.518844604492188,-3.993828535079956,2.2352020740509033,2.413651704788208,-3.124885082244873,25.400310516357422,25.523454666137695,14.780213356018066,,51.58919143676758,
2028,Bosnia and Herzegovina,5.761260509490967,,,,,,,,,,,1.7040278911590576,,4536.27099609375,7.619808197021484,7.082475662231445,23.50345802307129,2.6167666912078857,-1.7117384672164917,28.80516815185547,23.757301330566406,15.907395362854004,,58.2041015625,
2029,Bosnia and Herzegovina,5.550101280212402,,,,,,,,,,,16.175336837768555,,10113.7666015625,13.993107795715332,-5.967357635498047,2.4442038536071777,1.720828652381897,-8.036944389343262,24.596643447875977,27.947355270385742,13.637593269348145,,47.26729202270508,
2030,Bosnia and Herzegovina,5.887447834014893,,,,,,,,,,,0.9363783597946167,,6142.65234375,7.106760501861572,10.986709594726562,24.0323543548584,1.6633588075637817,-0.19108422100543976,32.51456832885742,23.315135955810547,16.74262046813965,,56.709659576416016,
2025,Botswana,5.705924987792969,,,,,,,,,,,133.29656982421875,,4618.39404296875,6.285892486572266,-2.282014846801758,-1.2268165349960327,-1.0281565189361572,-7.170431137084961,25.414371490478516,23.62253761291504,16.09780502319336,,51.90229034423828,
2026,Botswana,5.220468521118164,,,,,,,,,,,0.5021387338638306,,7547.14404296875,11.736549377441406,5.259589672088623,26.42191505432129,2.346982955932617,-5.605996131896973,24.67905044555664,24.589210510253906,16.973711013793945,,68.06151580810547,
2027,Botswana,5.661764144897461,,,,,,,,,,,17.24604606628418,,9963.6083984375,12.911236763000488,0.3179410696029663,2.083495616912842,0.9971677660942078,-4.960021495819092,25.984418869018555,25.441011428833008,14.101269721984863,,49.22785568237305,
2028,Botswana,6.11706018447876,,,,,,,,,,,2.0083117485046387,,6004.55126953125,8.374711990356445,9.153573989868164,17.5929012298584,2.857003927230835,-3.3738372325897217,28.893798828125,23.71040916442871,15.966806411743164,,56.64802551269531,
2029,Botswana,5.795482158660889,,,,,,,,,,,10.984570503234863,,10187.8203125,11.98461627960205,-0.8285301923751831,2.1899056434631348,1.534814476966858,-5.266280651092529,25.90750503540039,27.3679256439209,13.953824996948242,,51.708702087402344,
2030,Botswana,6.076042175292969,,,,,,,,,,,1.7929143905639648,,8390.8369140625,8.550885200500488,10.401487350463867,13.519391059875488,3.2750203609466553,-0.3371731638908386,32.89719772338867,23.618255615234375,16.066091537475586,,62.84566879272461,
2025,Brazil,5.714397430419922,,,,,,,,,,,117.04563903808594,,3971.519287109375,6.2593865394592285,3.2913565635681152,0.8489252924919128,3.1857030391693115,-4.847091197967529,25.753694534301758,23.931917190551758,15.293049812316895,,50.57056427001953,
2026,Brazil,5.611883640289307,,,,,,,,,,,1.3239681720733643,,5860.3623046875,9.859621047973633,2.6445815563201904,24.2108154296875,2.980722665786743,-8.078202247619629,24.81233787536621,23.2376651763916,17.238842010498047,,51.84663009643555,
2027,Brazil,5.048879146575928,,,,,,,,,,,16.585206985473633,,7449.6123046875,11.873760223388672,-4.088017463684082,2.5777268409729004,2.2758660316467285,-3.148007392883301,24.8812198638916,25.489551544189453,15.639552116394043,,51.97047805786133,
2028,Brazil,5.812300205230713,,,,,,,,,,,1.8420060873031616,,4576.9921875,9.257162094116211,8.85721492767334,22.596921920776367,2.2009236812591553,-3.4612934589385986,27.961793899536133,24.19394302368164,16.248083114624023,,54.55336380004883,
2029,Brazil,5.721299171447754,,,,,,,,,,,17.054615020751953,,11318.0205078125,11.924820899963379,-5.3478498458862305,2.4751598834991455,1.7878234386444092,-7.196930408477783,25.605192184448242,27.879505157470703,14.28321647644043,,53.04690933227539,
2030,Brazil,5.937922477722168,,,,,,,,,,,1.3184585571289062,,5508.17333984375,8.17468547821045,9.6161470413208,25.48828887939453,2.763780355453491,-1.0095939636230469,32.67806625366211,23.64728546142578,16.57189178466797,,55.75501251220703,
2025,Bulgaria,5.790608882904053,,,,,,,,,,,17.852663040161133,,7824.96142578125,6.297473430633545,2.408400058746338,-1.2657859325408936,3.5139217376708984,-4.195114612579346,25.19646644592285,24.186044692993164,15.139018058776855,,52.97965621948242,
2026,Bulgaria,5.646722316741943,,,,,,,,,,,1.2004084587097168,,4913.4873046875,9.418075561523438,10.811610221862793,15.89738655090332,1.8571546077728271,-5.685492515563965,26.316255569458008,23.237735748291016,16.159711837768555,,45.33517074584961,
2027,Bulgaria,6.152873992919922,,,,,,,,,,,10.89119815826416,,9944.6806640625,8.069313049316406,1.4190211296081543,1.8625714778900146,3.2164993286132812,-6.016781806945801,25.624713897705078,26.582338333129883,15.00498104095459,,57.12504196166992,
2028,Bulgaria,6.061069011688232,,,,,,,,,,,1.9467623233795166,,5870.81494140625,7.343832969665527,9.114279747009277,11.711374282836914,3.1412134170532227,-3.094701051712036,31.40997886657715,23.27936553955078,16.416561126708984,,53.22978210449219,
2029,Bulgaria,5.534484386444092,,,,,,,,,,,8.304366111755371,,9915.8935546875,11.872212409973145,0.5764465928077698,2.0141639709472656,2.4938364028930664,-5.444156169891357,24.018888473510742,29.76710319519043,14.808709144592285,,49.38093566894531,
2030,Bulgaria,5.84160041809082,,,,,,,,,,,1.8381463289260864,,4483.2529296875,6.946036338806152,8.929274559020996,10.407590866088867,3.9305810928344727,-0.9075058698654175,33.71276092529297,23.172100067138672,17.428850173950195,,54.53313446044922,
2025,Burkina Faso,5.711716175079346,,,,,,,,,,,218.5922393798828,,4807.57080078125,6.294021129608154,4.555398941040039,0.2904964089393616,3.311263084411621,-3.96014142036438,25.13383674621582,24.384716033935547,15.157586097717285,,50.076560974121094,
2026,Burkina Faso,4.722003936767578,,,,,,,,,,,1.4541748762130737,,1135.847412109375,9.919403076171875,3.515063524246216,22.75893211364746,2.5591180324554443,-7.37352991104126,25.597604751586914,23.512432098388672,17.320602416992188,,50.127197265625,
2027,Burkina Faso,5.849775314331055,,,,,,,,,,,17.841806411743164,,8945.6552734375,8.497069358825684,0.3300769627094269,3.639711856842041,2.735968828201294,-8.20910358428955,24.99139976501465,24.98211097717285,17.488609313964844,,54.075130462646484,
2028,Burkina Faso,5.825153827667236,,,,,,,,,,,2.8750903606414795,,5869.3974609375,9.166126251220703,8.200867652893066,17.043046951293945,2.370095729827881,-5.411642551422119,27.13339614868164,24.30193328857422,16.368040084838867,,50.62710189819336,
2029,Burkina Faso,5.793177604675293,,,,,,,,,,,11.120316505432129,,8435.15234375,9.066023826599121,-0.25659650564193726,2.5407705307006836,1.9380532503128052,-5.150200843811035,26.242088317871094,26.73438262939453,14.839722633361816,,49.75592041015625,
2030,Burkina Faso,6.028954982757568,,,,,,,,,,,1.7962528467178345,,6541.5986328125,8.686119079589844,8.63715648651123,12.934788703918457,2.9223930835723877,-1.7429908514022827,32.135799407958984,23.678203582763672,16.381650924682617,,49.34554672241211,
2025,Burundi,5.627531051635742,,,,,,,,,,,7.4504170417785645,,4718.85595703125,3.915858268737793,13.13501262664795,5.779684066772461,3.318552017211914,-13.059142112731934,20.840576171875,17.536270141601562,12.991235733032227,,47.88364028930664,
2026,Burundi,4.7600226402282715,,,,,,,,,,,5.6075286865234375,,1613.25146484375,7.68990421295166,5.6584649085998535,5.771541118621826,4.98078727722168,-6.1538519859313965,18.222192764282227,20.17374038696289,13.18998908996582,,50.945743560791016,
2027,Burundi,4.361130714416504,,,,,,,,,,,5.713235855102539,,-1435.102294921875,3.7399885654449463,5.5792365074157715,5.786277770996094,4.487971782684326,-5.836026668548584,20.47730255126953,17.342519760131836,16.858366012573242,,50.97355651855469,
2028,Burundi,6.380294322967529,,,,,,,,,,,10.629575729370117,,33920.59375,1.9664541482925415,23.06038475036621,5.675406455993652,3.692148208618164,-19.668928146362305,15.958266258239746,19.451906204223633,14.938607215881348,,51.45120620727539,
2029,Burundi,3.5556304454803467,,,,,,,,,,,7.953999996185303,,-634.9846801757812,6.259744167327881,2.3894896507263184,-2.790665864944458,2.5604209899902344,3.9059932231903076,21.478336334228516,17.261795043945312,13.190390586853027,,67.1432113647461,
2030,Burundi,6.74541711807251,,,,,,,,,,,4.289656639099121,,40757.125,4.332326889038086,36.13107681274414,10.217913627624512,2.5384292602539062,-14.771451950073242,18.744064331054688,22.16710090637207,12.806124687194824,,49.14926528930664,
2025,Cambodia,5.527360439300537,,,,,,,,,,,14.39886474609375,,7226.248046875,6.411975860595703,1.5952744483947754,-2.089383602142334,5.11356782913208,-1.019811749458313,24.92775535583496,22.941152572631836,15.18258285522461,,48.927642822265625,
2026,Cambodia,5.755828857421875,,,,,,,,,,,1.0861761569976807,,5338.63671875,8.726487159729004,13.02277946472168,15.310321807861328,1.5558501482009888,-5.214522361755371,23.196353912353516,24.49460220336914,12.644258499145508,,47.450382232666016,
2027,Cambodia,6.038986682891846,,,,,,,,,,,10.454537391662598,,12424.908203125,7.27579402923584,4.173935890197754,1.8856180906295776,3.7367618083953857,-3.525933265686035,26.33502960205078,23.060274124145508,15.168822288513184,,58.98781967163086,
2028,Cambodia,5.512628078460693,,,,,,,,,,,1.705873727798462,,3360.363525390625,8.182327270507812,10.104432106018066,8.418992042541504,3.071976900100708,-4.837484359741211,25.99461555480957,23.55081558227539,15.61207103729248,,43.49170684814453,
2029,Cambodia,5.647157669067383,,,,,,,,,,,6.869764804840088,,7940.390625,6.420971870422363,5.355681419372559,2.39931583404541,3.6391260623931885,-7.184203147888184,25.975309371948242,24.138151168823242,17.335548400878906,,53.62684631347656,
2030,Cambodia,4.9730706214904785,,,,,,,,,,,2.3121817111968994,,4256.60986328125,11.262396812438965,8.723669052124023,6.72226095199585,2.998110771179199,-7.63869047164917,24.56423568725586,24.64525604248047,17.220321655273438,,40.7339973449707,
2025,Cameroon,5.649246692657471,,,,,,,,,,,17.852663040161133,,5259.49462890625,6.411975860595703,3.848891258239746,0.34993213415145874,4.963501930236816,-1.6739966869354248,25.153108596801758,23.979467391967773,15.202566146850586,,51.9569206237793,
2026,Cameroon,4.835623741149902,,,,,,,,,,,1.2594282627105713,,1144.489990234375,8.96756362915039,10.787598609924316,15.29157543182373,1.9611775875091553,-6.423913955688477,24.707735061645508,24.07952880859375,16.9342098236084,,54.03664016723633,
2027,Cameroon,5.96300745010376,,,,,,,,,,,11.004287719726562,,11263.6689453125,3.788076639175415,4.432433128356934,2.6768133640289307,4.459202766418457,-9.246832847595215,25.192466735839844,24.797515869140625,16.871871948242188,,58.02611541748047,
2028,Cameroon,5.683126926422119,,,,,,,,,,,2.6052823066711426,,4779.33203125,7.867584705352783,7.920897006988525,8.654341697692871,4.112183094024658,-0.5137717127799988,25.659772872924805,24.728899002075195,16.16679573059082,,43.84807205200195,
2029,Cameroon,5.7836127281188965,,,,,,,,,,,6.806354522705078,,12477.0703125,8.963113784790039,4.495609760284424,2.9495248794555664,3.2595276832580566,-7.198003768920898,25.03440284729004,25.131446838378906,16.96183204650879,,48.73362731933594,
2030,Cameroon,4.330760478973389,,,,,,,,,,,2.0173444747924805,,732.296630859375,8.712852478027344,7.439552307128906,7.428114891052246,3.6199779510498047,-5.5210185050964355,26.401126861572266,23.985374450683594,16.898300170898438,,51.1187858581543,
2025,Canada,5.923456192016602,,,,,,,,,,,117.04563903808594,,7227.36767578125,6.614443302154541,2.2545902729034424,-0.2324199080467224,3.0057947635650635,-4.803847312927246,25.501102447509766,24.052806854248047,15.459745407104492,,51.34498596191406,
2026,Canada,5.433132171630859,,,,,,,,,,,1.209054946899414,,5237.38134765625,10.82532787322998,2.6279890537261963,24.13745880126953,1.7210705280303955,-6.267477512359619,25.408193588256836,23.670677185058594,16.587594985961914,,45.40935134887695,
2027,Canada,5.644880294799805,,,,,,,,,,,16.9207763671875,,10096.0361328125,9.971202850341797,-3.275834560394287,2.918013334274292,2.1714162826538086,-3.4920711517333984,25.41773223876953,26.027416229248047,15.47019100189209,,56.53804397583008,
2028,Canada,6.0516357421875,,,,,,,,,,,1.7830909490585327,,6484.26025390625,8.49860954284668,8.0962495803833,21.274497985839844,2.774534225463867,-2.538753032684326,31.809019088745117,23.568098068237305,15.93353271484375,,53.357208251953125,
2029,Canada,5.703225612640381,,,,,,,,,,,16.684337615966797,,10651.013671875,13.930654525756836,-1.738656997680664,1.9213204383850098,1.8844534158706665,-5.3436479568481445,25.658414840698242,29.884639739990234,13.669652938842773,,54.68925857543945,
2030,Canada,5.821591377258301,,,,,,,,,,,1.484616756439209,,6973.9736328125,7.768744945526123,11.23101806640625,19.941980361938477,1.9105236530303955,0.2096238136291504,33.73976135253906,23.618515014648438,17.863279342651367,,64.5138931274414,
2025,Central African Republic,4.897224426269531,,,,,,,,,,,2.788797378540039,,3195.237060546875,5.571548938751221,7.130739212036133,4.716189861297607,4.833514213562012,-4.390949249267578,11.419721603393555,8.027921676635742,8.283906936645508,,48.58884811401367,
2026,Central African Republic,5.4714741706848145,,,,,,,,,,,6.178210735321045,,9438.484375,4.154041290283203,0.9601529240608215,2.910743236541748,5.221867084503174,-3.6866061687469482,10.118508338928223,11.352107048034668,8.947439193725586,,49.70077896118164,
2027,Central African Republic,5.633087635040283,,,,,,,,,,,2.773413896560669,,8819.0712890625,4.505651473999023,7.032116413116455,8.215463638305664,5.63751745223999,-1.1315017938613892,19.929027557373047,11.447368621826172,9.319704055786133,,46.144371032714844,
2028,Central African Republic,6.097331523895264,,,,,,,,,,,7.478519916534424,,14357.34375,4.2708282470703125,2.24499773979187,2.211656093597412,3.9510602951049805,-4.083785057067871,17.43787384033203,16.56930923461914,10.870621681213379,,42.27714538574219,
2029,Central African Republic,5.360876083374023,,,,,,,,,,,1.9565759897232056,,8272.2958984375,5.633554935455322,6.220737457275391,7.688858509063721,4.189058303833008,-1.771244764328003,17.490619659423828,14.83371639251709,12.07461166381836,,48.22624588012695,
2030,Central African Republic,5.958042621612549,,,,,,,,,,,6.782793998718262,,9464.0419921875,5.233734607696533,2.907397747039795,1.7439041137695312,3.428546905517578,-3.1010184288024902,16.5430965423584,16.476266860961914,12.172062873840332,,43.374908447265625,
2025,Chad,5.666342735290527,,,,,,,,,,,14.39886474609375,,6860.28564453125,6.309672832489014,2.8454177379608154,1.844125747680664,4.147479057312012,-0.21333566308021545,25.122922897338867,23.171772003173828,14.971781730651855,,48.61838150024414,
2026,Chad,5.974466323852539,,,,,,,,,,,1.9734137058258057,,5729.05712890625,8.475984573364258,8.83287239074707,14.13051986694336,2.0392892360687256,-5.065412998199463,24.329463958740234,23.811010360717773,15.597752571105957,,45.52484893798828,
2027,Chad,5.783751964569092,,,,,,,,,,,10.446718215942383,,9298.7900390625,7.764401912689209,1.675140142440796,2.1857054233551025,3.6245229244232178,-4.971977710723877,26.535886764526367,25.095977783203125,15.942625999450684,,56.663516998291016,
2028,Chad,5.846193313598633,,,,,,,,,,,2.0697009563446045,,7125.63623046875,8.469908714294434,9.380122184753418,10.411211967468262,2.7890210151672363,-4.085100173950195,28.45587921142578,24.632890701293945,16.495548248291016,,41.59386444091797,
2029,Chad,5.547961235046387,,,,,,,,,,,8.361285209655762,,9319.6494140625,10.554368019104004,3.5554144382476807,2.157395362854004,2.9054431915283203,-5.634031295776367,26.319961547851562,26.7989444732666,15.410280227661133,,48.4087028503418,
2030,Chad,5.8991827964782715,,,,,,,,,,,2.1504085063934326,,4433.2529296875,8.008681297302246,8.496744155883789,8.141816139221191,3.1455817222595215,-4.0478034019470215,30.467517852783203,23.81352996826172,16.854225158691406,,45.510231018066406,
2025,Chile,5.659893989562988,,,,,,,,,,,117.04563903808594,,3849.500732421875,6.2593865394592285,3.401782989501953,0.8703557252883911,3.0977861881256104,-5.106169700622559,25.730554580688477,23.931917190551758,15.293049812316895,,52.697349548339844,
2026,Chile,5.523711204528809,,,,,,,,,,,1.281226396560669,,5845.6240234375,9.696281433105469,2.881247043609619,23.808197021484375,2.8726418018341064,-8.099339485168457,24.691675186157227,23.199851989746094,17.277423858642578,,51.546260833740234,
2027,Chile,5.0262451171875,,,,,,,,,,,16.585206985473633,,7606.7314453125,11.712575912475586,-4.023383140563965,2.549757480621338,1.906489610671997,-3.041999340057373,25.072011947631836,25.497243881225586,15.667610168457031,,51.861717224121094,
2028,Chile,5.963799953460693,,,,,,,,,,,1.718298077583313,,5263.16259765625,9.19835090637207,9.052752494812012,22.78860092163086,2.1860854625701904,-3.578608512878418,28.0198917388916,24.150156021118164,16.18794822692871,,55.09395980834961,
2029,Chile,5.892829418182373,,,,,,,,,,,17.06678009033203,,10956.166015625,11.450263023376465,-4.89274263381958,2.4711649417877197,1.6899536848068237,-5.575491428375244,25.23316192626953,28.01312255859375,14.349888801574707,,54.88328552246094,
2030,Chile,5.929269313812256,,,,,,,,,,,1.8613154888153076,,7890.20703125,7.288431167602539,10.924274444580078,25.195268630981445,2.9266245365142822,-1.2748546600341797,32.67098617553711,23.560293197631836,16.658794403076172,,54.72554016113281,
2025,China,5.941674709320068,,,,,,,,,,,18.084428787231445,,7418.10498046875,5.882039546966553,2.2917590141296387,-1.05471670627594,2.98772931098938,-3.4527671337127686,25.797386169433594,24.085660934448242,14.900371551513672,,52.86045455932617,
2026,China,5.670857906341553,,,,,,,,,,,1.1695729494094849,,7597.2236328125,10.494098663330078,10.668789863586426,17.80121421813965,1.824295163154602,-4.7727532386779785,25.544815063476562,23.867210388183594,16.523914337158203,,44.377037048339844,
2027,China,6.230545520782471,,,,,,,,,,,18.21965980529785,,8966.470703125,8.082857131958008,0.18022829294204712,1.5831115245819092,1.923994779586792,-5.27182674407959,25.94324493408203,26.128297805786133,14.120718002319336,,51.99216079711914,
2028,China,6.102883338928223,,,,,,,,,,,1.2912437915802002,,6158.47216796875,8.149144172668457,9.789411544799805,17.736360549926758,2.530674695968628,-4.034479141235352,31.04254722595215,23.562660217285156,16.15900993347168,,59.83428192138672,
2029,China,5.810507774353027,,,,,,,,,,,18.03434944152832,,10359.8984375,12.045551300048828,2.9482059478759766,1.5584548711776733,1.4047632217407227,-4.863927364349365,25.887474060058594,29.31502914428711,13.420332908630371,,51.36441421508789,
2030,China,5.982608318328857,,,,,,,,,,,1.6371806859970093,,7916.5,8.643993377685547,11.292591094970703,17.81604766845703,2.831163167953491,-2.884052038192749,33.38252639770508,23.498228073120117,17.169885635375977,,48.41025161743164,
2025,Colombia,5.65805721282959,,,,,,,,,,,117.04563903808594,,3040.892578125,6.061969757080078,4.3332343101501465,3.8841331005096436,3.8093013763427734,-6.223246097564697,25.68161964416504,23.897891998291016,15.247815132141113,,52.456478118896484,
2026,Colombia,5.162685871124268,,,,,,,,,,,3.7705183029174805,,2217.563720703125,8.223886489868164,1.7527607679367065,23.320363998413086,1.4486206769943237,-8.052396774291992,24.74355125427246,22.929672241210938,17.24734115600586,,52.44321060180664,
2027,Colombia,5.467520236968994,,,,,,,,,,,18.174461364746094,,8291.6455078125,10.836380958557129,-0.8356052041053772,5.196719646453857,2.1706080436706543,-5.649964332580566,24.474720001220703,24.918487548828125,16.119043350219727,,56.648162841796875,
2028,Colombia,6.08229923248291,,,,,,,,,,,3.866652011871338,,5874.6728515625,8.329919815063477,8.37855339050293,17.837217330932617,2.748617172241211,-4.915811061859131,28.002042770385742,23.86161994934082,16.19110107421875,,50.69175720214844,
2029,Colombia,4.993874549865723,,,,,,,,,,,18.120878219604492,,4741.4404296875,12.631057739257812,-0.007634744979441166,3.18292236328125,1.5595439672470093,-5.096579551696777,25.88327980041504,27.118873596191406,14.300085067749023,,50.541099548339844,
2030,Colombia,5.749240875244141,,,,,,,,,,,2.147993326187134,,7338.67626953125,10.668377876281738,9.665092468261719,18.652002334594727,2.704669952392578,-5.448000431060791,30.674150466918945,23.996623992919922,17.109766006469727,,56.579959869384766,
2025,Comoros,5.693605899810791,,,,,,,,,,,17.852663040161133,,5251.42431640625,6.411975860595703,4.004934310913086,0.34993213415145874,5.505256652832031,-1.8690576553344727,25.2268123626709,23.979467391967773,15.179274559020996,,52.46385192871094,
2026,Comoros,4.871691703796387,,,,,,,,,,,1.2969489097595215,,1682.2032470703125,8.94399642944336,10.772037506103516,15.171058654785156,2.192403793334961,-6.481754302978516,24.421506881713867,23.98053741455078,16.977846145629883,,52.93699264526367,
2027,Comoros,5.587604522705078,,,,,,,,,,,11.46009635925293,,7600.5478515625,6.026179313659668,2.922914981842041,2.4556069374084473,4.6434712409973145,-6.720545768737793,25.168535232543945,24.81591033935547,15.796086311340332,,57.279640197753906,
2028,Comoros,5.985538959503174,,,,,,,,,,,2.073679208755493,,6788.28466796875,8.057290077209473,9.953063011169434,10.549077033996582,2.7089991569519043,-4.5799689292907715,26.595684051513672,23.897092819213867,16.868160247802734,,43.07353591918945,
2029,Comoros,5.69861364364624,,,,,,,,,,,8.337738037109375,,9607.48828125,8.781729698181152,4.041180610656738,2.0509843826293945,3.2524662017822266,-5.733821868896484,25.862102508544922,25.794998168945312,16.329116821289062,,50.13197326660156,
2030,Comoros,5.15024471282959,,,,,,,,,,,2.239992141723633,,1944.2620849609375,7.4540534019470215,8.29808521270752,8.159902572631836,3.1564698219299316,-4.6443657875061035,28.592424392700195,24.22273063659668,16.85442352294922,,49.193443298339844,
2025,Congo,5.148862361907959,,,,,,,,,,,133.36212158203125,,2481.51318359375,6.411975860595703,-2.4341132640838623,-0.017122920602560043,-1.0702571868896484,-5.675400733947754,24.244047164916992,23.956287384033203,15.073113441467285,,53.94980239868164,
2026,Congo,5.594387054443359,,,,,,,,,,,1.8997842073440552,,8622.7587890625,9.302657127380371,5.381434917449951,26.812335968017578,2.564028739929199,-5.259279727935791,25.20253562927246,22.336912155151367,16.919540405273438,,67.06058502197266,
2027,Congo,6.040287971496582,,,,,,,,,,,15.983572959899902,,9773.560546875,8.930980682373047,-0.6239388585090637,2.468731164932251,0.9743554592132568,-6.9704909324646,25.793331146240234,25.2537784576416,13.771395683288574,,51.353355407714844,
2028,Congo,6.042596340179443,,,,,,,,,,,1.7147694826126099,,7061.2314453125,7.652604579925537,10.187959671020508,16.817707061767578,2.093687057495117,-2.274695873260498,28.59372329711914,23.485801696777344,16.506633758544922,,54.390342712402344,
2029,Congo,5.734190940856934,,,,,,,,,,,10.997913360595703,,11370.541015625,10.970544815063477,-1.9725409746170044,1.9967515468597412,1.5288505554199219,-5.430569648742676,25.043027877807617,27.65113067626953,12.982405662536621,,45.5577278137207,
2030,Congo,6.122445106506348,,,,,,,,,,,1.2510184049606323,,8693.205078125,8.26607894897461,11.134268760681152,16.131397247314453,3.46517276763916,-1.0566740036010742,32.575965881347656,22.588573455810547,16.191082000732422,,62.82032775878906,
2025,Costa Rica,6.010425567626953,,,,,,,,,,,117.04563903808594,,5484.05224609375,6.898482799530029,2.296858549118042,-1.2808687686920166,2.549267292022705,-4.135380268096924,26.286155700683594,23.90207290649414,14.300040245056152,,54.80960464477539,
2026,Costa Rica,5.575303554534912,,,,,,,,,,,1.179702639579773,,8067.48583984375,10.074830055236816,5.141901016235352,24.233232498168945,1.9770753383636475,-5.839447975158691,24.941797256469727,24.210908889770508,17.026020050048828,,49.6817512512207,
2027,Costa Rica,5.5211710929870605,,,,,,,,,,,17.269784927368164,,8778.291015625,12.389402389526367,-4.15839147567749,2.0893149375915527,2.241722583770752,-4.691394329071045,26.229633331298828,25.38654899597168,14.580738067626953,,49.242759704589844,
2028,Costa Rica,6.1524553298950195,,,,,,,,,,,1.7646509408950806,,5650.830078125,8.267354965209961,8.363701820373535,23.293787002563477,2.4607715606689453,-3.7541825771331787,28.712146759033203,24.226806640625,16.034305572509766,,61.84354019165039,
2029,Costa Rica,5.752675533294678,,,,,,,,,,,17.12031364440918,,10975.84375,14.228129386901855,-2.0921859741210938,2.4607930183410645,1.6912537813186646,-5.353874206542969,25.69904899597168,27.269193649291992,13.639470100402832,,51.62375259399414,
2030,Costa Rica,5.990170478820801,,,,,,,,,,,1.6676466464996338,,7086.48046875,8.246527671813965,9.909941673278809,20.016517639160156,1.9603389501571655,-1.046852946281433,31.81009864807129,23.658309936523438,16.337844848632812,,57.06940841674805,
2025,Côte d’Ivoire,5.693902015686035,,,,,,,,,,,16.967844009399414,,8107.9892578125,6.303642749786377,3.410224199295044,-1.0525151491165161,3.4892075061798096,-2.9690444469451904,25.11639404296875,23.146242141723633,15.2178316116333,,48.69707489013672,
2026,Côte d’Ivoire,5.77391242980957,,,,,,,,,,,1.168316125869751,,4392.83837890625,9.517135620117188,10.490575790405273,14.282376289367676,1.6144533157348633,-5.1862101554870605,25.80175018310547,23.332435607910156,16.178096771240234,,45.09572219848633,
2027,Côte d’Ivoire,5.887048244476318,,,,,,,,,,,10.524792671203613,,10295.3525390625,8.435461044311523,1.8074454069137573,1.939310073852539,3.6352062225341797,-6.964532852172852,25.856782913208008,25.904376983642578,15.84919548034668,,58.07503890991211,
2028,Côte d’Ivoire,6.137143135070801,,,,,,,,,,,1.8446499109268188,,6622.16455078125,7.6065263748168945,8.711158752441406,9.907495498657227,3.0834732055664062,-3.888395309448242,30.11644172668457,24.032318115234375,16.27718734741211,,50.84800338745117,
2029,Côte d’Ivoire,5.138474941253662,,,,,,,,,,,8.320517539978027,,9278.9765625,12.68979549407959,3.9814746379852295,2.1274585723876953,2.812232255935669,-5.411249160766602,24.5966854095459,27.67286491394043,15.345481872558594,,42.72282409667969,
2030,Côte d’Ivoire,5.476467132568359,,,,,,,,,,,2.261086940765381,,2110.9521484375,7.233212947845459,8.753024101257324,8.1746826171875,2.9595274925231934,-4.467686176300049,31.90675163269043,23.35749053955078,16.792604446411133,,50.41847229003906,
2025,Croatia,5.868391513824463,,,,,,,,,,,218.5922393798828,,5092.87890625,6.411975860595703,5.1516876220703125,1.5284645557403564,4.130711078643799,-2.436694622039795,25.092266082763672,24.22492218017578,15.206913948059082,,50.601436614990234,
2026,Croatia,4.815923690795898,,,,,,,,,,,1.8582611083984375,,1998.24560546875,9.32522201538086,1.9827580451965332,22.00057601928711,2.6289749145507812,-7.0542473793029785,25.177406311035156,23.509450912475586,17.083690643310547,,51.581947326660156,
2027,Croatia,6.0926384925842285,,,,,,,,,,,18.03190040588379,,10474.9384765625,7.395524978637695,0.07266973704099655,4.108142852783203,2.734910249710083,-5.3702239990234375,25.15947723388672,24.42357063293457,16.286266326904297,,55.63862991333008,
2028,Croatia,5.737524509429932,,,,,,,,,,,2.947166681289673,,6716.06787109375,7.015986919403076,6.857851505279541,18.54112434387207,3.244086980819702,-3.6458518505096436,27.248079299926758,23.82305145263672,15.75456714630127,,45.501338958740234,
2029,Croatia,5.861261367797852,,,,,,,,,,,16.997150421142578,,8962.900390625,9.637345314025879,-1.0806574821472168,2.5612268447875977,1.6228041648864746,-5.076051712036133,24.9388427734375,27.112600326538086,14.664290428161621,,39.70079040527344,
2030,Croatia,6.073257923126221,,,,,,,,,,,1.6807763576507568,,7463.06982421875,6.535830020904541,8.495589256286621,18.512344360351562,2.453411340713501,-3.4238734245300293,31.62326431274414,23.498600006103516,16.19801139831543,,55.396358489990234,
2025,Cuba,5.252870082855225,,,,,,,,,,,3.529280424118042,,2405.5478515625,8.802606582641602,5.5899553298950195,3.012883424758911,5.779503345489502,-0.7336293458938599,25.088430404663086,24.3301944732666,15.021434783935547,,48.77455520629883,
2026,Cuba,6.206081867218018,,,,,,,,,,,3.1446194648742676,,9713.876953125,5.8625969886779785,8.750945091247559,3.7387917041778564,4.102447509765625,-7.34807825088501,24.86031723022461,22.774948120117188,17.234037399291992,,53.46266174316406,
2027,Cuba,6.045130729675293,,,,,,,,,,,3.707359790802002,,10952.5263671875,7.547889232635498,6.155707836151123,2.4618544578552246,3.1365785598754883,-3.8809397220611572,22.59943199157715,24.421899795532227,16.03013801574707,,46.38542556762695,
2028,Cuba,5.162970066070557,,,,,,,,,,,2.637733221054077,,2171.45166015625,6.708013534545898,6.4891133308410645,2.9987542629241943,3.6733272075653076,-3.8756866455078125,25.95953369140625,21.98883628845215,17.093425750732422,,44.996028900146484,
2029,Cuba,5.817921161651611,,,,,,,,,,,3.2110700607299805,,10521.08984375,8.969971656799316,6.986116409301758,3.021418333053589,3.9365158081054688,-8.536559104919434,21.622310638427734,23.73827362060547,17.271265029907227,,51.475711822509766,
2030,Cuba,5.5958757400512695,,,,,,,,,,,2.73569393157959,,3792.213134765625,8.12211799621582,5.87467622756958,2.521205186843872,3.5664913654327393,-3.0800423622131348,25.505531311035156,22.12681770324707,17.389488220214844,,51.82764434814453,
2025,Cyprus,5.9910478591918945,,,,,,,,,,,117.29275512695312,,7206.525390625,5.844825744628906,2.370703935623169,-1.0707579851150513,3.0446715354919434,-3.6753525733947754,25.42258644104004,24.28693199157715,15.08572006225586,,51.26685333251953,
2026,Cyprus,5.466900825500488,,,,,,,,,,,1.1539242267608643,,6360.4599609375,10.368598937988281,3.0782623291015625,23.58794593811035,1.9520844221115112,-4.9860520362854,25.815153121948242,23.649078369140625,16.603618621826172,,43.92790222167969,
2027,Cyprus,6.021084308624268,,,,,,,,,,,16.74689292907715,,10459.736328125,9.419136047363281,-4.091109275817871,2.502593994140625,2.450828790664673,-3.7181780338287354,25.61992645263672,26.065536499023438,14.684968948364258,,51.20623016357422,
2028,Cyprus,5.707559108734131,,,,,,,,,,,1.5872032642364502,,4559.02685546875,7.981468200683594,7.290987968444824,23.659069061279297,2.610722303390503,-1.5429235696792603,31.223377227783203,23.840713500976562,16.07224464416504,,54.42070770263672,
2029,Cyprus,5.505639553070068,,,,,,,,,,,16.175336837768555,,11348.771484375,13.914955139160156,-6.586413860321045,2.175302505493164,1.720267415046692,-6.922523498535156,25.041725158691406,30.46794891357422,14.090042114257812,,47.4608039855957,
2030,Cyprus,5.834323883056641,,,,,,,,,,,1.2380772829055786,,5454.53466796875,7.569268703460693,9.611865997314453,24.45594596862793,1.6865707635879517,1.3540325164794922,33.60006332397461,23.416913986206055,18.118011474609375,,60.283451080322266,
2025,Czechia,6.017737865447998,,,,,,,,,,,17.86744499206543,,9683.9580078125,6.297473430633545,2.5349881649017334,-1.2657859325408936,3.1984505653381348,-2.9281747341156006,25.12794303894043,23.191082000732422,15.214137077331543,,50.04151916503906,
2026,Czechia,5.9034552574157715,,,,,,,,,,,1.168316125869751,,4728.98583984375,8.116890907287598,10.315147399902344,15.798578262329102,2.257108449935913,-4.24585485458374,25.72229766845703,23.567026138305664,15.538126945495605,,46.98826217651367,
2027,Czechia,5.704776763916016,,,,,,,,,,,10.89119815826416,,8527.31640625,8.01887035369873,0.8730170726776123,2.0083343982696533,3.09993052482605,-6.183203220367432,26.421953201293945,25.50730323791504,14.880807876586914,,57.21515655517578,
2028,Czechia,6.016746997833252,,,,,,,,,,,1.7808622121810913,,6435.75048828125,8.050882339477539,9.698739051818848,12.279186248779297,2.981149196624756,-3.7905683517456055,28.674955368041992,23.614194869995117,16.576826095581055,,47.38296127319336,
2029,Czechia,5.694720268249512,,,,,,,,,,,8.82459545135498,,9365.9638671875,11.136938095092773,1.0286635160446167,2.0874650478363037,2.8474676609039307,-5.5670270919799805,25.809078216552734,27.329986572265625,14.68045711517334,,50.62659454345703,
2030,Czechia,6.083221435546875,,,,,,,,,,,1.929795265197754,,5123.40380859375,7.586118221282959,8.780073165893555,10.55930233001709,2.9223666191101074,-1.9220820665359497,30.76536750793457,23.54714012145996,16.613412857055664,,54.712799072265625,
2025,Denmark,5.990987777709961,,,,,,,,,,,117.29275512695312,,6455.3427734375,5.980898857116699,2.266618490219116,-0.9723062515258789,3.238539695739746,-2.318363904953003,25.310630798339844,24.28693199157715,15.13885498046875,,51.35598373413086,
2026,Denmark,5.61862325668335,,,,,,,,,,,1.1119353771209717,,5366.07861328125,9.822551727294922,3.749634027481079,23.960227966308594,1.9274643659591675,-5.005711555480957,25.30046272277832,23.501630783081055,16.512727737426758,,44.592994689941406,
2027,Denmark,5.405168056488037,,,,,,,,,,,16.83411407470703,,8479.4365234375,9.653603553771973,-3.596031665802002,2.651477813720703,2.4836161136627197,-3.5616354942321777,25.480205535888672,25.70452117919922,15.406710624694824,,55.855560302734375,
2028,Denmark,6.089883327484131,,,,,,,,,,,1.6430188417434692,,6507.0634765625,9.052520751953125,8.792854309082031,23.487524032592773,2.433312177658081,-3.9800820350646973,28.492605209350586,23.579797744750977,16.16045570373535,,54.211429595947266,
2029,Denmark,5.702462196350098,,,,,,,,,,,17.11324691772461,,10578.6591796875,12.550310134887695,-5.575314044952393,2.128509759902954,1.8076848983764648,-5.147340774536133,25.677928924560547,27.440380096435547,13.6308012008667,,50.37482833862305,
2030,Denmark,6.0227437019348145,,,,,,,,,,,1.6256752014160156,,6348.01953125,8.327689170837402,10.520858764648438,25.13981056213379,2.633681058883667,-0.7521201968193054,32.14785385131836,23.669464111328125,16.051095962524414,,65.36176300048828,
2025,Djibouti,5.229554176330566,,,,,,,,,,,3.6226999759674072,,13332.4072265625,15.340182304382324,6.298271656036377,2.078646183013916,8.342047691345215,8.065812110900879,24.241512298583984,25.188968658447266,15.733500480651855,,54.14773178100586,
2026,Djibouti,4.236674785614014,,,,,,,,,,,1.88168203830719,,687.0990600585938,7.44229793548584,5.725642681121826,2.8068060874938965,4.769214630126953,-5.921039581298828,25.605634689331055,26.206605911254883,15.98652458190918,,49.859683990478516,
2027,Djibouti,6.093739032745361,,,,,,,,,,,3.5042898654937744,,9730.1845703125,3.7556705474853516,9.30235481262207,2.9383935928344727,4.381937026977539,-18.185453414916992,27.780920028686523,23.074934005737305,19.44577980041504,,50.82963943481445,
2028,Djibouti,5.468272686004639,,,,,,,,,,,3.9060888290405273,,10085.9326171875,11.764106750488281,6.215021133422852,1.774129033088684,2.369985818862915,-1.4864494800567627,24.338768005371094,26.810062408447266,15.199542999267578,,50.92027282714844,
2029,Djibouti,4.718730449676514,,,,,,,,,,,2.2817366123199463,,1260.2200927734375,7.95021915435791,6.804529190063477,3.1530728340148926,3.5942165851593018,-3.8161847591400146,31.05246925354004,22.9632511138916,15.94798469543457,,52.98454284667969,
2030,Djibouti,5.3931474685668945,,,,,,,,,,,3.034402370452881,,7317.72705078125,10.450166702270508,8.215925216674805,3.261192560195923,3.8941450119018555,-8.555885314941406,24.026687622070312,26.93941879272461,16.285888671875,,49.1235466003418,
2025,Dominican Republic,5.639709949493408,,,,,,,,,,,28.6212158203125,,6991.634765625,6.303642749786377,5.039454460144043,-0.6732205748558044,3.1334238052368164,-3.8595547676086426,25.064315795898438,24.669403076171875,15.1732816696167,,50.110633850097656,
2026,Dominican Republic,4.560955047607422,,,,,,,,,,,1.4452043771743774,,1283.190185546875,11.156781196594238,7.473804950714111,15.981517791748047,5.277361869812012,-5.8924336433410645,25.358089447021484,23.335622787475586,16.74553680419922,,43.92143630981445,
2027,Dominican Republic,5.863661289215088,,,,,,,,,,,11.553505897521973,,11652.2919921875,5.092560291290283,3.827669620513916,2.684074640274048,2.8467864990234375,-7.439004421234131,23.838376998901367,24.65280532836914,15.850708961486816,,52.16765594482422,
2028,Dominican Republic,5.33575439453125,,,,,,,,,,,2.153599977493286,,2650.09765625,6.921835422515869,7.62766170501709,9.516128540039062,3.6609976291656494,-2.0036957263946533,26.33794403076172,24.335582733154297,16.55575942993164,,41.573509216308594,
2029,Dominican Republic,5.780001163482666,,,,,,,,,,,8.685298919677734,,10315.904296875,5.949466228485107,4.538072109222412,2.8202295303344727,3.9999325275421143,-7.127101898193359,24.121967315673828,24.5579891204834,17.482704162597656,,45.21318435668945,
2030,Dominican Republic,5.4261393547058105,,,,,,,,,,,2.49682354927063,,3514.23681640625,7.87449312210083,7.801866054534912,8.16567611694336,3.7269952297210693,-2.7778496742248535,24.68814468383789,24.70087432861328,16.805862426757812,,43.1117057800293,
2025,DR Congo,5.697824001312256,,,,,,,,,,,18.084428787231445,,5130.10595703125,6.411975860595703,4.004934310913086,1.4130759239196777,4.9817118644714355,-2.80531644821167,25.805908203125,23.979467391967773,15.179274559020996,,52.05681610107422,
2026,DR Congo,5.523892402648926,,,,,,,,,,,1.6089200973510742,,3731.798095703125,9.631281852722168,8.777081489562988,17.52589225769043,2.6167187690734863,-6.995460033416748,24.61627769470215,24.039548873901367,17.225126266479492,,52.162208557128906,
2027,DR Congo,5.453916549682617,,,,,,,,,,,10.955964088439941,,8581.3505859375,9.385058403015137,0.8862230777740479,2.5278546810150146,2.2398734092712402,-6.271120071411133,25.416362762451172,25.553241729736328,15.788276672363281,,54.45661926269531,
2028,DR Congo,6.077699184417725,,,,,,,,,,,1.9638903141021729,,6104.98193359375,7.906907558441162,9.359308242797852,12.267334938049316,2.996443033218384,-4.366591930389404,29.24985694885254,23.68370246887207,16.323232650756836,,50.620540618896484,
2029,DR Congo,5.114416122436523,,,,,,,,,,,8.904096603393555,,8076.21533203125,12.126786231994629,1.1795660257339478,2.1899056434631348,2.862257480621338,-5.383140563964844,26.215879440307617,27.717729568481445,15.015389442443848,,45.02113723754883,
2030,DR Congo,6.0503973960876465,,,,,,,,,,,2.0097334384918213,,5704.28662109375,8.673286437988281,9.040968894958496,10.387922286987305,2.868860960006714,-3.9654793739318848,31.800216674804688,23.950780868530273,16.773488998413086,,47.6820068359375,
2025,Ecuador,5.707344055175781,,,,,,,,,,,15.223531723022461,,7601.1162109375,5.980898857116699,2.6329262256622314,-1.1284565925598145,3.4146177768707275,-3.7878048419952393,25.135663986206055,24.359556198120117,15.097013473510742,,51.548797607421875,
2026,Ecuador,5.736635684967041,,,,,,,,,,,1.174630045890808,,4770.6630859375,9.347308158874512,10.91711139678955,13.85166072845459,1.5540547370910645,-4.247032642364502,26.230913162231445,23.493192672729492,16.24073600769043,,43.40978240966797,
2027,Ecuador,5.92356538772583,,,,,,,,,,,10.57960033416748,,10930.3330078125,8.675187110900879,2.200007438659668,1.9253779649734497,3.689868211746216,-6.332875728607178,25.84145164489746,26.255067825317383,16.433000564575195,,56.92955017089844,
2028,Ecuador,6.023319244384766,,,,,,,,,,,2.058978319168091,,5911.455078125,7.436310768127441,8.507659912109375,9.593158721923828,3.147423505783081,-3.3258585929870605,30.330406188964844,24.379962921142578,16.495637893676758,,50.69008255004883,
2029,Ecuador,4.880316257476807,,,,,,,,,,,8.3211088180542,,7875.25146484375,12.31983470916748,3.9390835762023926,2.2045743465423584,2.736131191253662,-5.3068528175354,24.960285186767578,27.92658805847168,15.707906723022461,,44.889339447021484,
2030,Ecuador,5.433915138244629,,,,,,,,,,,2.2897794246673584,,2148.6689453125,8.043264389038086,9.40554428100586,8.271062850952148,2.9775853157043457,-5.052454948425293,31.51136016845703,23.886863708496094,16.863719940185547,,49.67071533203125,
2025,Egypt,5.661569118499756,,,,,,,,,,,117.04563903808594,,4112.7158203125,6.411975860595703,3.9053874015808105,2.5490214824676514,3.917239189147949,-3.3236453533172607,25.702625274658203,23.799468994140625,15.260087013244629,,51.011619567871094,
2026,Egypt,5.039574146270752,,,,,,,,,,,2.2628517150878906,,2330.966796875,9.958606719970703,2.074899673461914,22.700061798095703,1.2019093036651611,-8.505179405212402,24.606037139892578,23.24201202392578,17.226587295532227,,52.0592155456543,
2027,Egypt,5.3401970863342285,,,,,,,,,,,18.298038482666016,,9317.1416015625,12.268107414245605,-1.9424396753311157,4.644155979156494,2.5264976024627686,-5.246683597564697,25.246416091918945,25.21847152709961,15.998398780822754,,55.78753662109375,
2028,Egypt,6.018039226531982,,,,,,,,,,,2.886810541152954,,6635.75341796875,7.919591426849365,7.871715068817139,20.059772491455078,2.5181498527526855,-3.4508211612701416,28.353349685668945,24.001211166381836,15.924125671386719,,53.16006088256836,
2029,Egypt,5.469271183013916,,,,,,,,,,,17.462064743041992,,9596.130859375,13.072310447692871,-1.8049302101135254,2.600526809692383,1.1961153745651245,-5.16398286819458,26.402667999267578,26.93354034423828,13.879565238952637,,41.99919509887695,
2030,Egypt,6.030564308166504,,,,,,,,,,,1.7907235622406006,,7014.54052734375,8.60651683807373,9.521166801452637,19.724382400512695,2.372084617614746,-2.2733707427978516,31.367412567138672,24.10250473022461,16.277259826660156,,54.00422286987305,
2025,El Salvador,5.987944602966309,,,,,,,,,,,17.86744499206543,,9447.78125,5.965150833129883,2.1905272006988525,-1.4684077501296997,3.3203673362731934,-2.1371822357177734,25.090354919433594,24.172927856445312,15.227227210998535,,50.938899993896484,
2026,El Salvador,5.826053619384766,,,,,,,,,,,1.1917197704315186,,4591.04296875,7.931473255157471,10.117049217224121,15.892586708068848,1.7804763317108154,-3.6963577270507812,25.7351016998291,23.819759368896484,12.805274963378906,,44.65860366821289,
2027,El Salvador,6.301665782928467,,,,,,,,,,,10.745787620544434,,10889.345703125,8.166361808776855,2.504427909851074,2.080695390701294,3.012375831604004,-5.639338493347168,25.925832748413086,24.361522674560547,14.922088623046875,,54.04881286621094,
2028,El Salvador,6.005887508392334,,,,,,,,,,,2.0320725440979004,,7508.8466796875,7.743246078491211,7.959157943725586,9.23830795288086,3.20412278175354,-4.3446478843688965,28.886594772338867,23.202537536621094,16.233078002929688,,50.691131591796875,
2029,El Salvador,4.933787822723389,,,,,,,,,,,8.34040641784668,,7112.98388671875,12.841384887695312,4.274214744567871,2.1202752590179443,2.851980447769165,-5.690563678741455,25.778451919555664,25.862207412719727,15.26330280303955,,43.66554260253906,
2030,El Salvador,5.490059852600098,,,,,,,,,,,2.2810869216918945,,2983.180908203125,9.219819068908691,8.705180168151855,8.428380012512207,3.1202871799468994,-5.880824565887451,29.294452667236328,23.71712875366211,17.099258422851562,,51.81608581542969,
2025,Estonia,5.710036277770996,,,,,,,,,,,117.04563903808594,,4554.09912109375,6.303642749786377,3.7710137367248535,0.07458678632974625,3.0977861881256104,-4.847091197967529,26.219907760620117,23.964818954467773,15.305815696716309,,50.57056427001953,
2026,Estonia,5.006682872772217,,,,,,,,,,,1.339016079902649,,3265.634765625,10.406094551086426,3.5513288974761963,23.628093719482422,1.8756805658340454,-8.122498512268066,24.9565372467041,24.05895233154297,17.35777473449707,,47.2487678527832,
2027,Estonia,5.683475494384766,,,,,,,,,,,17.186920166015625,,10371.9248046875,9.530909538269043,-3.3289287090301514,2.734261989593506,2.359248399734497,-4.727322101593018,25.217975616455078,25.0277042388916,16.334260940551758,,51.81011199951172,
2028,Estonia,5.775572299957275,,,,,,,,,,,1.673854112625122,,4666.83837890625,7.584095478057861,7.398182392120361,20.968894958496094,3.10357403755188,-2.5710389614105225,27.938879013061523,24.31431770324707,16.003787994384766,,54.30793762207031,
2029,Estonia,5.699201583862305,,,,,,,,,,,16.96769905090332,,11156.89453125,10.792868614196777,-1.291329026222229,2.4073994159698486,2.1199095249176025,-6.721889495849609,24.447355270385742,27.541336059570312,14.658621788024902,,44.0358772277832,
2030,Estonia,5.861754894256592,,,,,,,,,,,1.5776808261871338,,5922.57373046875,6.796085834503174,7.852168560028076,19.46109962463379,3.1141812801361084,-1.5952075719833374,32.72303771972656,23.392410278320312,16.403823852539062,,54.2178955078125,
2025,Eswatini,5.484348773956299,,,,,,,,,,,133.31663513183594,,2481.51318359375,6.411975860595703,-1.5708167552947998,0.5191060304641724,-1.2908034324645996,-4.2936177253723145,25.339448928833008,24.186250686645508,14.203973770141602,,52.33061599731445,
2026,Eswatini,5.6169915199279785,,,,,,,,,,,2.0195016860961914,,6979.41748046875,9.614884376525879,6.130555629730225,25.883167266845703,2.897581100463867,-4.434171676635742,25.693889617919922,22.25228500366211,16.722322463989258,,65.19751739501953,
2027,Eswatini,5.7982563972473145,,,,,,,,,,,16.642513275146484,,9832.560546875,10.321724891662598,-3.116628408432007,2.074713945388794,1.100485920906067,-6.823790073394775,24.829498291015625,25.787094116210938,14.272400856018066,,51.627197265625,
2028,Eswatini,5.934041500091553,,,,,,,,,,,1.2288011312484741,,5034.13427734375,7.970448970794678,9.565791130065918,20.63888931274414,2.9411792755126953,-1.8001235723495483,28.454017639160156,23.48348617553711,16.438735961914062,,62.495540618896484,
2029,Eswatini,5.860530853271484,,,,,,,,,,,16.52163314819336,,10233.470703125,11.213533401489258,1.1116236448287964,2.205579996109009,1.9969909191131592,-5.219037055969238,25.15729331970215,28.412601470947266,13.26805305480957,,48.28982162475586,
2030,Eswatini,5.928234100341797,,,,,,,,,,,1.9824692010879517,,6455.24462890625,6.569310188293457,10.994327545166016,15.82973575592041,2.697949171066284,-2.2746078968048096,32.52826690673828,23.132516860961914,16.964988708496094,,51.4160270690918,
2025,Ethiopia,5.68127965927124,,,,,,,,,,,17.640256881713867,,5408.33251953125,6.411975860595703,3.820220947265625,0.34993213415145874,4.963501930236816,-1.6911276578903198,25.15607452392578,23.979467391967773,15.261281967163086,,51.6638069152832,
2026,Ethiopia,4.8274688720703125,,,,,,,,,,,1.2594282627105713,,1144.489990234375,8.893738746643066,10.787598609924316,15.237066268920898,1.9611775875091553,-6.423913955688477,24.707735061645508,24.07952880859375,16.9342098236084,,52.48129653930664,
2027,Ethiopia,5.778626441955566,,,,,,,,,,,11.004287719726562,,9246.7373046875,3.788076639175415,4.234086990356445,2.6768133640289307,4.459202766418457,-9.138084411621094,25.21588134765625,24.777339935302734,16.871871948242188,,58.02611541748047,
2028,Ethiopia,5.807141304016113,,,,,,,,,,,2.537928819656372,,4779.33203125,8.453425407409668,9.092244148254395,8.654341697692871,3.6586148738861084,-2.89551043510437,25.702465057373047,24.728899002075195,16.140844345092773,,42.383399963378906,
2029,Ethiopia,5.725966453552246,,,,,,,,,,,6.872023105621338,,9675.8525390625,8.711501121520996,4.793748378753662,2.9704318046569824,3.123201370239258,-7.196479320526123,25.122264862060547,25.029701232910156,17.31280517578125,,55.83137893676758,
2030,Ethiopia,5.013567924499512,,,,,,,,,,,2.450770616531372,,1857.45458984375,7.891193866729736,8.42167854309082,7.266713619232178,3.4732797145843506,-5.627267837524414,25.907318115234375,23.87461280822754,16.83474349975586,,49.90536117553711,
2025,Finland,6.039186477661133,,,,,,,,,,,117.04563903808594,,6572.42529296875,5.980898857116699,2.41951584815979,-0.421356737613678,2.949321746826172,-4.4126362800598145,25.595691680908203,24.020933151245117,15.260116577148438,,54.005409240722656,
2026,Finland,5.493797779083252,,,,,,,,,,,1.179702639579773,,8564.3271484375,10.533141136169434,3.6050660610198975,24.28944969177246,1.8831689357757568,-5.7885236740112305,25.258907318115234,23.633779525756836,16.63990020751953,,44.66812515258789,
2027,Finland,6.061731338500977,,,,,,,,,,,16.90277671813965,,9350.228515625,8.460412979125977,-3.9986631870269775,2.1282925605773926,2.2129621505737305,-3.5620102882385254,26.167362213134766,25.545381546020508,14.504838943481445,,50.56402587890625,
2028,Finland,6.124262809753418,,,,,,,,,,,1.458215594291687,,5684.13134765625,8.531941413879395,8.196393966674805,23.71555519104004,2.300679922103882,-2.4790918827056885,28.513269424438477,24.157121658325195,16.114564895629883,,61.36273193359375,
2029,Finland,5.633135795593262,,,,,,,,,,,16.357275009155273,,11284.6455078125,13.968811988830566,-3.800607919692993,2.372103691101074,1.9165396690368652,-4.901309013366699,25.303462982177734,27.39847755432129,13.650818824768066,,50.273536682128906,
2030,Finland,5.97159481048584,,,,,,,,,,,1.8209123611450195,,5562.63232421875,7.745932102203369,10.670254707336426,22.513835906982422,1.6896376609802246,-0.5366483330726624,32.04932403564453,23.55295181274414,16.260122299194336,,56.72654724121094,
2025,France,6.0493903160095215,,,,,,,,,,,117.04563903808594,,6449.7900390625,5.844825744628906,2.3390562534332275,-0.4118782877922058,2.8603098392486572,-4.662888526916504,25.696563720703125,24.020933151245117,15.2510347366333,,51.91280746459961,
2026,France,5.448376178741455,,,,,,,,,,,1.179702639579773,,6868.123046875,10.414753913879395,3.676898717880249,23.931652069091797,1.9529269933700562,-5.412228584289551,25.424896240234375,23.932907104492188,16.65630531311035,,45.37730026245117,
2027,France,5.91560697555542,,,,,,,,,,,16.8411808013916,,10385.484375,9.829630851745605,-4.222794055938721,2.186633586883545,2.278578996658325,-3.161032199859619,25.568777084350586,25.772258758544922,14.722679138183594,,49.02482223510742,
2028,France,5.845021724700928,,,,,,,,,,,1.4711699485778809,,5274.4677734375,8.107285499572754,7.2646026611328125,23.692625045776367,2.8474833965301514,-1.9367064237594604,28.641677856445312,23.90567398071289,16.08072853088379,,62.33810043334961,
2029,France,5.685735702514648,,,,,,,,,,,16.357275009155273,,11229.9462890625,13.386452674865723,-4.063476085662842,2.3386168479919434,1.9016245603561401,-5.390913009643555,25.271928787231445,27.925203323364258,13.75686264038086,,52.25836944580078,
2030,France,5.8569464683532715,,,,,,,,,,,1.7579929828643799,,5547.42138671875,6.809897422790527,10.047052383422852,22.47377586364746,1.967746376991272,-0.5366483330726624,32.56010437011719,23.564350128173828,16.006649017333984,,56.72654724121094,
2025,Gabon,5.765092372894287,,,,,,,,,,,133.29656982421875,,4673.6904296875,5.922647953033447,-2.844078540802002,-1.712923526763916,-0.4062538146972656,-6.672972202301025,24.347789764404297,24.18039894104004,15.076582908630371,,55.00175094604492,
2026,Gabon,6.117249488830566,,,,,,,,,,,0.5331747531890869,,10114.0458984375,12.28041934967041,5.322203636169434,27.397268295288086,2.5515503883361816,-5.406885623931885,26.02674102783203,24.109325408935547,14.926953315734863,,66.50546264648438,
2027,Gabon,6.4465742111206055,,,,,,,,,,,17.308242797851562,,12209.53125,7.9345502853393555,-0.6685418486595154,2.1247196197509766,0.2241823822259903,-4.154828071594238,27.898557662963867,24.790143966674805,13.418126106262207,,47.27098083496094,
2028,Gabon,5.970452785491943,,,,,,,,,,,1.3266509771347046,,7380.49072265625,8.461516380310059,9.466312408447266,17.169095993041992,2.1138927936553955,-1.8595060110092163,28.06513786315918,25.332860946655273,14.85539436340332,,53.85143280029297,
2029,Gabon,6.035799980163574,,,,,,,,,,,10.76175594329834,,10436.4970703125,10.314509391784668,-1.9716441631317139,1.968502163887024,1.875044822692871,-4.524716377258301,26.812931060791016,27.139022827148438,13.421311378479004,,49.974815368652344,
2030,Gabon,5.9601569175720215,,,,,,,,,,,1.5511667728424072,,6650.1884765625,8.46738052368164,9.99360179901123,14.20356559753418,3.3217906951904297,-0.18723362684249878,32.02568817138672,24.0964412689209,16.205120086669922,,61.469696044921875,
2025,Gambia,5.790374279022217,,,,,,,,,,,117.04563903808594,,4527.91552734375,6.411975860595703,3.8908331394195557,2.5490214824676514,4.04682731628418,-3.226060628890991,25.51750373840332,23.84261703491211,15.368396759033203,,50.82918167114258,
2026,Gambia,5.1409125328063965,,,,,,,,,,,2.289855718612671,,2832.92529296875,9.90829086303711,1.7990334033966064,22.700061798095703,0.9969958662986755,-8.574917793273926,24.61515235900879,23.73758888244629,17.207077026367188,,50.470603942871094,
2027,Gambia,5.508505821228027,,,,,,,,,,,17.285791397094727,,9929.8525390625,11.899563789367676,-3.1246578693389893,4.471490859985352,2.5587637424468994,-5.35129976272583,25.512731552124023,25.06629180908203,16.221878051757812,,55.78746795654297,
2028,Gambia,5.860114097595215,,,,,,,,,,,2.5910205841064453,,6748.38916015625,7.389313220977783,7.660475730895996,20.196229934692383,3.184763193130493,-3.0308918952941895,27.98381233215332,24.70302391052246,15.961036682128906,,52.711761474609375,
2029,Gambia,5.438323497772217,,,,,,,,,,,17.017467498779297,,9229.65234375,12.788366317749023,-1.644856333732605,2.5418217182159424,1.1560094356536865,-5.273338317871094,25.11617088317871,27.150239944458008,14.436650276184082,,39.69765853881836,
2030,Gambia,6.044095516204834,,,,,,,,,,,2.031144380569458,,5439.9921875,7.206879138946533,8.434224128723145,19.49156379699707,2.349106550216675,-3.5272116661071777,31.354564666748047,23.646728515625,16.216276168823242,,56.41886901855469,
2025,Georgia,6.048652648925781,,,,,,,,,,,117.29254150390625,,5858.529296875,5.922647953033447,2.2346599102020264,-0.11423181742429733,3.5175774097442627,-5.295848846435547,25.58053207397461,24.002479553222656,15.296874046325684,,52.58293914794922,
2026,Georgia,5.706229209899902,,,,,,,,,,,1.209054946899414,,5597.02783203125,10.01638126373291,3.5361087322235107,24.553483963012695,1.6703355312347412,-5.514443874359131,24.894752502441406,23.7863826751709,17.11805534362793,,48.76112747192383,
2027,Georgia,5.378414154052734,,,,,,,,,,,16.524757385253906,,10918.2236328125,12.79906177520752,-3.7328319549560547,2.635978937149048,1.8122155666351318,-3.147089719772339,25.267833709716797,25.58622169494629,15.466558456420898,,56.15052032470703,
2028,Georgia,5.945379734039307,,,,,,,,,,,1.9028794765472412,,6659.88134765625,7.917436122894287,7.579050540924072,22.712553024291992,2.3397269248962402,-2.4227914810180664,28.896026611328125,23.573524475097656,16.044647216796875,,56.304847717285156,
2029,Georgia,5.550484657287598,,,,,,,,,,,16.350208282470703,,10360.69921875,14.611350059509277,-6.5270466804504395,2.1260218620300293,1.5063462257385254,-5.476807117462158,26.085155487060547,27.309101104736328,13.65162181854248,,43.89238357543945,
2030,Georgia,6.131067276000977,,,,,,,,,,,1.346053123474121,,8613.5537109375,8.22599983215332,10.043030738830566,24.15938377380371,1.7151734828948975,-0.10287702828645706,31.842199325561523,24.141231536865234,16.43686866760254,,63.474037170410156,
2025,Germany,5.877524375915527,,,,,,,,,,,17.640256881713867,,8121.46533203125,5.972952842712402,2.2095108032226562,-1.293248176574707,3.1984505653381348,-3.03037428855896,25.11447525024414,24.2917423248291,15.18705940246582,,52.403778076171875,
2026,Germany,5.928141117095947,,,,,,,,,,,1.1326411962509155,,5186.32861328125,9.20409870147705,10.653847694396973,15.868685722351074,1.639393925666809,-5.3327178955078125,26.554428100585938,23.531047821044922,13.533895492553711,,44.52373123168945,
2027,Germany,6.067296504974365,,,,,,,,,,,10.89119815826416,,11898.03125,8.051199913024902,3.680913209915161,1.9353148937225342,2.9267525672912598,-4.595921039581299,25.903535842895508,25.42786979675293,15.28693675994873,,62.06044006347656,
2028,Germany,6.12767219543457,,,,,,,,,,,1.7967798709869385,,5246.509765625,7.759678840637207,9.79430866241455,9.77265739440918,3.261500835418701,-4.42548942565918,29.508834838867188,23.314722061157227,15.82813835144043,,49.81964874267578,
2029,Germany,5.194559097290039,,,,,,,,,,,8.354218482971191,,9042.732421875,12.331029891967773,4.11971378326416,2.3902931213378906,2.861192226409912,-5.9593915939331055,25.629547119140625,27.618026733398438,15.761672973632812,,48.770904541015625,
2030,Germany,5.06229305267334,,,,,,,,,,,2.5109455585479736,,1625.3558349609375,8.078865051269531,9.050554275512695,8.1746826171875,2.932438850402832,-5.162703514099121,31.802349090576172,24.07489776611328,16.622411727905273,,48.9384880065918,
2025,Ghana,5.556077003479004,,,,,,,,,,,17.86744499206543,,5061.22119140625,6.176222324371338,4.244887351989746,3.8868966102600098,5.3678436279296875,-2.1472694873809814,25.100610733032227,24.10081672668457,15.182720184326172,,49.059669494628906,
2026,Ghana,5.164571285247803,,,,,,,,,,,3.4553897380828857,,2440.03125,8.991601943969727,7.555100917816162,15.171058654785156,2.295870542526245,-6.188151836395264,24.410112380981445,23.896074295043945,16.63865852355957,,50.521461486816406,
2027,Ghana,5.490898132324219,,,,,,,,,,,10.813876152038574,,6023.56396484375,6.3756914138793945,2.5137133598327637,3.655224084854126,4.516634941101074,-6.463620662689209,25.912946701049805,24.485130310058594,16.01812171936035,,55.485191345214844,
2028,Ghana,6.174904823303223,,,,,,,,,,,3.3235485553741455,,8773.1064453125,9.076571464538574,11.389330863952637,9.320585250854492,2.9641222953796387,-5.169347286224365,25.98602867126465,24.425626754760742,17.109895706176758,,46.18787384033203,
2029,Ghana,5.5691142082214355,,,,,,,,,,,8.402000427246094,,8659.3095703125,7.594024181365967,4.8562211990356445,2.3249831199645996,3.203479051589966,-5.964055061340332,26.719833374023438,25.38290023803711,15.376842498779297,,49.58512496948242,
2030,Ghana,5.17395544052124,,,,,,,,,,,2.5672860145568848,,2113.23681640625,8.176665306091309,8.650733947753906,7.8074822425842285,3.2047064304351807,-6.3529052734375,26.504981994628906,24.12961196899414,17.052223205566406,,41.88986587524414,
2025,Greece,5.907489776611328,,,,,,,,,,,117.04563903808594,,6172.18212890625,6.285892486572266,2.4034230709075928,-0.15849518775939941,3.1758153438568115,-5.579751491546631,25.627992630004883,24.033004760742188,15.30212116241455,,52.22395324707031,
2026,Greece,5.697274684906006,,,,,,,,,,,1.209054946899414,,5702.388671875,10.190949440002441,3.287442445755005,24.585325241088867,1.7028043270111084,-5.874946594238281,25.016122817993164,23.702375411987305,17.06915283203125,,46.43072509765625,
2027,Greece,5.380860805511475,,,,,,,,,,,16.508743286132812,,11043.7587890625,12.392304420471191,-4.162349700927734,2.2381393909454346,1.8122155666351318,-3.1107265949249268,25.201953887939453,25.63292694091797,15.312968254089355,,53.17860794067383,
2028,Greece,5.971607208251953,,,,,,,,,,,1.7040278911590576,,6656.9111328125,7.932796001434326,7.652420520782471,22.71115493774414,2.3397269248962402,-2.178251266479492,28.88050651550293,23.553348541259766,16.04800796508789,,58.578670501708984,
2029,Greece,5.589158058166504,,,,,,,,,,,16.350208282470703,,10163.5869140625,14.314529418945312,-4.187965393066406,2.0846524238586426,1.5063462257385254,-5.186766147613525,25.961748123168945,27.334903717041016,12.960482597351074,,43.788116455078125,
2030,Greece,6.2801032066345215,,,,,,,,,,,1.4116700887680054,,8934.81640625,8.068099975585938,9.367959976196289,22.801759719848633,1.8947991132736206,-0.9502298831939697,31.23600959777832,23.4637508392334,16.377077102661133,,64.9439697265625,
2025,Guatemala,5.940581321716309,,,,,,,,,,,14.896306037902832,,9915.7666015625,6.285892486572266,0.5570217370986938,-0.5461630821228027,3.119601249694824,-3.3220794200897217,25.11639404296875,23.121957778930664,15.214137077331543,,49.0455207824707,
2026,Guatemala,6.045638084411621,,,,,,,,,,,0.8449128866195679,,6067.34033203125,7.694581985473633,10.073473930358887,15.920010566711426,1.8677399158477783,-2.722975969314575,26.14064598083496,23.4353084564209,15.636503219604492,,55.987884521484375,
2027,Guatemala,6.297211170196533,,,,,,,,,,,10.580817222595215,,12071.0966796875,7.842496395111084,-0.9473751783370972,1.7148375511169434,1.6978528499603271,-4.97039270401001,25.578510284423828,25.65564727783203,14.5014066696167,,47.68208312988281,
2028,Guatemala,5.982107162475586,,,,,,,,,,,1.097782850265503,,7353.61572265625,8.504517555236816,7.776721477508545,12.355781555175781,3.3137013912200928,-1.15928053855896,29.782516479492188,23.36103057861328,16.1178035736084,,61.257965087890625,
2029,Guatemala,5.671146392822266,,,,,,,,,,,8.622390747070312,,11132.236328125,13.212660789489746,3.9040675163269043,1.8006370067596436,2.830014228820801,-5.26382303237915,24.847734451293945,28.80890464782715,14.138147354125977,,47.45184326171875,
2030,Guatemala,5.225434303283691,,,,,,,,,,,2.209425449371338,,1955.48779296875,6.55900764465332,9.59295654296875,8.431607246398926,2.9236881732940674,-1.150276780128479,32.52218246459961,23.262130737304688,17.494720458984375,,49.02268600463867,
2025,Guinea,5.756374835968018,,,,,,,,,,,218.5922393798828,,4324.3291015625,6.214165687561035,5.706779956817627,4.733264923095703,3.7329344749450684,-3.852505922317505,24.905527114868164,24.430198669433594,15.119636535644531,,49.992034912109375,
2026,Guinea,5.080315113067627,,,,,,,,,,,4.531124114990234,,2017.6031494140625,9.712567329406738,0.9957094788551331,22.155288696289062,1.1942797899246216,-7.816145896911621,25.46038818359375,22.990453720092773,17.009363174438477,,49.50466537475586,
2027,Guinea,5.3846940994262695,,,,,,,,,,,17.667682647705078,,6019.94921875,11.588360786437988,0.2331002652645111,6.625972270965576,2.7507338523864746,-5.7621588706970215,25.102338790893555,24.755861282348633,16.10335350036621,,54.053619384765625,
2028,Guinea,5.919692039489746,,,,,,,,,,,5.173088550567627,,5393.2333984375,8.197399139404297,7.666473388671875,17.430940628051758,2.7856287956237793,-4.9369635581970215,27.156776428222656,24.32864761352539,16.86189842224121,,56.092613220214844,
2029,Guinea,5.360213756561279,,,,,,,,,,,11.07757568359375,,7161.4248046875,9.746441841125488,1.0585134029388428,5.369905948638916,1.82135009765625,-5.623945236206055,26.2371826171875,27.37177276611328,15.57239818572998,,51.33503341674805,
2030,Guinea,5.795968055725098,,,,,,,,,,,3.940051794052124,,5261.38916015625,9.244901657104492,7.8032636642456055,12.284377098083496,3.1581411361694336,-3.9287197589874268,31.785573959350586,24.025983810424805,16.721101760864258,,46.750057220458984,
2025,Guyana,5.041947841644287,,,,,,,,,,,4.271485328674316,,2249.660400390625,11.115925788879395,9.6265869140625,3.4756863117218018,4.244869232177734,-6.284346580505371,25.87470054626465,24.455289840698242,15.389473915100098,,51.52730941772461,
2026,Guyana,5.961666107177734,,,,,,,,,,,3.9828813076019287,,3836.1484375,5.688751220703125,8.972378730773926,4.586016654968262,4.077691078186035,-8.14098072052002,26.31057357788086,22.951078414916992,17.496065139770508,,54.391056060791016,
2027,Guyana,5.388624668121338,,,,,,,,,,,3.7103965282440186,,7112.9609375,9.82877254486084,7.345155239105225,3.4485881328582764,3.3820390701293945,-7.837118148803711,21.78135108947754,25.19061851501465,17.472320556640625,,49.00724411010742,
2028,Guyana,4.117085933685303,,,,,,,,,,,3.1638710498809814,,-166.58978271484375,9.261733055114746,7.837194442749023,3.17873215675354,3.7893476486206055,-3.6389825344085693,25.20536231994629,22.243040084838867,18.057424545288086,,49.75513458251953,
2029,Guyana,6.908295154571533,,,,,,,,,,,5.3930583000183105,,49197.87890625,5.8763508796691895,18.853065490722656,3.730703830718994,3.641829490661621,-22.426366806030273,26.029693603515625,22.095993041992188,18.54360580444336,,56.517059326171875,
2030,Guyana,5.566169738769531,,,,,,,,,,,4.689126014709473,,4639.62451171875,7.265004634857178,4.817978382110596,-2.998347282409668,1.2861086130142212,-1.8390456438064575,21.401042938232422,25.62363052368164,15.923249244689941,,85.45696258544922,
2025,Haiti,4.806502819061279,,,,,,,,,,,23.68255615234375,,1896.71630859375,8.6728515625,2.647340774536133,23.60645294189453,-6.709040641784668,-3.342310905456543,25.915258407592773,23.7640380859375,15.14259147644043,,53.19931411743164,
2026,Haiti,5.675134181976318,,,,,,,,,,,24.358522415161133,,5409.9970703125,8.889368057250977,-0.3782864212989807,22.37900733947754,2.204007387161255,-6.704473495483398,26.69305992126465,23.625362396240234,15.479257583618164,,55.122337341308594,
2027,Haiti,5.48775053024292,,,,,,,,,,,15.756950378417969,,8596.125,10.278162002563477,-1.4838238954544067,19.144081115722656,3.6589722633361816,-4.521064281463623,26.590147018432617,26.243391036987305,16.180824279785156,,55.096778869628906,
2028,Haiti,5.664027690887451,,,,,,,,,,,16.21666717529297,,8020.06787109375,7.699089527130127,0.8951652646064758,17.912752151489258,0.6240312457084656,-2.7450785636901855,29.357023239135742,26.542362213134766,15.182044982910156,,41.10841369628906,
2029,Haiti,5.371581554412842,,,,,,,,,,,16.916118621826172,,7950.8330078125,9.504789352416992,-0.8096560835838318,15.531889915466309,0.42152372002601624,-3.9179883003234863,30.26498794555664,28.092132568359375,14.367483139038086,,38.14776611328125,
2030,Haiti,5.636582374572754,,,,,,,,,,,9.985984802246094,,5481.548828125,8.533952713012695,2.601747751235962,17.012004852294922,1.739852786064148,-2.282001256942749,31.085702896118164,28.75484848022461,14.874958038330078,,44.02699661254883,
2025,Honduras,5.772068500518799,,,,,,,,,,,117.29275512695312,,4357.99462890625,6.554826736450195,3.4959843158721924,0.7695268988609314,3.3152966499328613,-4.533061504364014,25.584585189819336,24.032114028930664,15.142607688903809,,50.21219253540039,
2026,Honduras,5.462515830993652,,,,,,,,,,,1.3839997053146362,,4390.3046875,10.20822525024414,2.493382215499878,23.24063491821289,2.700197458267212,-8.091151237487793,24.540952682495117,23.54160499572754,17.329307556152344,,49.84255599975586,
2027,Honduras,4.95045280456543,,,,,,,,,,,16.627948760986328,,7325.533203125,11.95955753326416,-3.6423256397247314,3.015355110168457,2.1318912506103516,-4.92629337310791,25.15565299987793,25.630821228027344,15.961498260498047,,53.606231689453125,
2028,Honduras,5.907928943634033,,,,,,,,,,,2.027548313140869,,6287.17431640625,9.86136245727539,8.662993431091309,23.31881332397461,2.8886756896972656,-3.6580047607421875,27.563711166381836,24.38534927368164,16.30653953552246,,54.73503494262695,
2029,Honduras,5.970393180847168,,,,,,,,,,,17.096765518188477,,10479.8125,8.749680519104004,-5.030594348907471,2.141249179840088,2.0101401805877686,-5.534686088562012,25.84691619873047,27.603374481201172,13.902082443237305,,48.98371124267578,
2030,Honduras,5.954680919647217,,,,,,,,,,,1.008870244026184,,7186.36669921875,7.98922061920166,9.787375450134277,25.358530044555664,2.704681873321533,-0.7019493579864502,32.18416213989258,23.570119857788086,16.2510986328125,,65.34478759765625,
2025,Hong Kong SAR of China,5.967205047607422,,,,,,,,,,,17.86744499206543,,9537.8779296875,5.844825744628906,2.218441963195801,-1.384917974472046,3.2373273372650146,-2.3354883193969727,25.09798240661621,24.187435150146484,15.17213249206543,,50.704620361328125,
2026,Hong Kong SAR of China,6.035262584686279,,,,,,,,,,,1.1753829717636108,,5366.07861328125,8.103029251098633,10.103394508361816,15.800804138183594,2.0055105686187744,-3.352933406829834,26.13092613220215,23.774662017822266,13.179767608642578,,44.26758575439453,
2027,Hong Kong SAR of China,6.374636650085449,,,,,,,,,,,10.703638076782227,,11219.939453125,7.667420387268066,1.8372914791107178,2.076700448989868,2.820970296859741,-4.47283935546875,25.693511962890625,25.360633850097656,15.024477005004883,,56.95172119140625,
2028,Hong Kong SAR of China,5.967581748962402,,,,,,,,,,,2.0320725440979004,,6766.6279296875,8.13830852508545,8.369499206542969,9.961554527282715,3.2554168701171875,-3.774832010269165,29.00696563720703,23.164493560791016,16.319210052490234,,45.789451599121094,
2029,Hong Kong SAR of China,5.287099838256836,,,,,,,,,,,8.356191635131836,,9207.7109375,13.415909767150879,3.9451956748962402,2.1899056434631348,2.9138290882110596,-5.515212059020996,25.176387786865234,26.18389320373535,15.245992660522461,,49.17295455932617,
2030,Hong Kong SAR of China,4.269657135009766,,,,,,,,,,,2.2897794246673584,,49.152252197265625,7.486408710479736,8.352339744567871,8.251852035522461,2.708622932434082,-5.264158248901367,30.65576171875,23.151098251342773,16.602197647094727,,51.53030014038086,
2025,Hungary,5.615208625793457,,,,,,,,,,,18.566572189331055,,4872.708984375,6.303642749786377,3.9371585845947266,-0.34628456830978394,3.736687660217285,-4.099330425262451,25.184917449951172,24.141204833984375,15.124890327453613,,51.9389762878418,
2026,Hungary,4.761288642883301,,,,,,,,,,,1.3024165630340576,,1284.3662109375,9.78376579284668,11.052749633789062,15.873775482177734,2.062901735305786,-7.266592979431152,25.42676544189453,23.523422241210938,17.368419647216797,,49.10960006713867,
2027,Hungary,5.5015668869018555,,,,,,,,,,,11.371678352355957,,7972.9267578125,6.158091068267822,3.7990055084228516,2.6137051582336426,4.3713202476501465,-7.8973493576049805,25.11092185974121,25.176773071289062,15.833711624145508,,56.813995361328125,
2028,Hungary,5.507961273193359,,,,,,,,,,,2.1204497814178467,,3079.179443359375,7.997004985809326,9.832524299621582,9.307097434997559,2.8999104499816895,-4.759860992431641,26.963390350341797,24.012699127197266,16.991308212280273,,43.2480354309082,
2029,Hungary,5.609215259552002,,,,,,,,,,,8.558428764343262,,8900.3779296875,7.366204261779785,5.0864458084106445,2.7382009029388428,3.9213950634002686,-7.368718147277832,25.76738929748535,25.797733306884766,17.069904327392578,,47.73174285888672,
2030,Hungary,5.127082824707031,,,,,,,,,,,2.4299044609069824,,2179.78759765625,8.152416229248047,8.953442573547363,7.79430627822876,2.925569534301758,-6.004585266113281,27.358747482299805,24.770200729370117,16.97050666809082,,45.5277214050293,
2025,Iceland,5.757880687713623,,,,,,,,,,,17.86744499206543,,5074.2998046875,6.061969757080078,4.716015815734863,2.4979026317596436,4.104194641113281,-3.170652389526367,25.156553268432617,24.091632843017578,15.181306838989258,,49.09120559692383,
2026,Iceland,5.125734806060791,,,,,,,,,,,2.4634692668914795,,2321.773193359375,9.274548530578613,8.79255485534668,15.079644203186035,2.2369298934936523,-6.329353332519531,25.080760955810547,23.69258689880371,17.113540649414062,,50.616722106933594,
2027,Iceland,5.489363193511963,,,,,,,,,,,11.146453857421875,,7982.9697265625,7.169426441192627,2.548631429672241,3.487478256225586,4.066444396972656,-6.509230136871338,25.604951858520508,25.103927612304688,15.527438163757324,,57.01804733276367,
2028,Iceland,5.886318206787109,,,,,,,,,,,2.8163633346557617,,6785.38037109375,8.400782585144043,9.552654266357422,10.412271499633789,2.910088300704956,-5.497215270996094,27.783540725708008,23.32478141784668,16.56439971923828,,44.71133804321289,
2029,Iceland,5.511056900024414,,,,,,,,,,,8.330671310424805,,8546.130859375,9.237759590148926,3.121464252471924,2.51993727684021,2.9030683040618896,-5.393691062927246,25.92547035217285,26.71687889099121,15.214740753173828,,47.84453582763672,
2030,Iceland,6.049197196960449,,,,,,,,,,,2.2414872646331787,,5032.82373046875,8.526091575622559,8.632848739624023,9.147680282592773,3.0686607360839844,-5.200942516326904,30.121089935302734,23.39103126525879,16.794301986694336,,49.38138961791992,
2025,India,5.533897399902344,,,,,,,,,,,17.852663040161133,,4713.3642578125,6.610611438751221,3.957306146621704,0.5451459884643555,3.892595052719116,-4.0337815284729,25.238544464111328,24.108442306518555,15.086281776428223,,51.9389762878418,
2026,India,4.094736099243164,,,,,,,,,,,1.3625998497009277,,253.5631103515625,9.489494323730469,11.106642723083496,15.175052642822266,2.523343801498413,-7.474459648132324,25.31610107421875,23.502748489379883,17.28705406188965,,49.59771728515625,
2027,India,5.653156280517578,,,,,,,,,,,12.993462562561035,,5439.6552734375,4.7506327629089355,9.764669418334961,2.8870999813079834,4.027357578277588,-20.275959014892578,29.14984893798828,23.293703079223633,17.421716690063477,,57.113162994384766,
2028,India,5.189181327819824,,,,,,,,,,,3.494391679763794,,5015.0537109375,15.766949653625488,8.908357620239258,9.42517375946045,2.753511667251587,-4.233005523681641,22.54136848449707,27.121274948120117,16.24435806274414,,60.63007736206055,
2029,India,5.885173320770264,,,,,,,,,,,8.594671249389648,,4949.09228515625,6.837752342224121,8.68604564666748,3.12890625,3.0994019508361816,-4.965816974639893,28.775623321533203,23.196136474609375,17.7280330657959,,55.40208053588867,
2030,India,4.543511390686035,,,,,,,,,,,2.887643337249756,,2593.7470703125,15.179685592651367,8.499183654785156,7.593761920928955,2.7799062728881836,-7.2334370613098145,23.399715423583984,27.186180114746094,15.749228477478027,,49.33300018310547,
2025,Indonesia,5.71205997467041,,,,,,,,,,,17.640256881713867,,5865.05322265625,6.411975860595703,3.9083776473999023,0.34993213415145874,4.963501930236816,-1.7711424827575684,25.15607452392578,23.979467391967773,15.261281967163086,,50.225616455078125,
2026,Indonesia,4.814800262451172,,,,,,,,,,,1.3146209716796875,,1587.6859130859375,8.806131362915039,10.442093849182129,14.812463760375977,2.0956766605377197,-6.009369850158691,24.72796058654785,23.843229293823242,16.60102081298828,,48.77952575683594,
2027,Indonesia,5.562382221221924,,,,,,,,,,,11.057738304138184,,7277.83447265625,5.006555080413818,2.9391815662384033,2.380068778991699,4.169579982757568,-6.503057479858398,25.572599411010742,24.566011428833008,15.648359298706055,,58.13368225097656,
2028,Indonesia,6.1158647537231445,,,,,,,,,,,2.214792490005493,,9847.5029296875,9.315594673156738,10.093443870544434,10.143879890441895,3.0946836471557617,-3.7015044689178467,26.010107040405273,24.82813262939453,16.292102813720703,,41.59355926513672,
2029,Indonesia,5.8728251457214355,,,,,,,,,,,8.372581481933594,,9532.4052734375,6.022741794586182,3.8067665100097656,2.249298572540283,3.42647647857666,-4.958375930786133,26.157672882080078,25.140745162963867,16.093305587768555,,46.982818603515625,
2030,Indonesia,5.601825714111328,,,,,,,,,,,2.1907267570495605,,4542.4189453125,7.497343063354492,8.118134498596191,8.230199813842773,3.305168390274048,-3.880059003829956,25.482501983642578,24.931657791137695,16.76340675354004,,39.22930908203125,
2025,Iran,5.640751361846924,,,,,,,,,,,117.04563903808594,,3990.698486328125,6.411975860595703,4.099827289581299,2.636725664138794,3.917239189147949,-3.567147970199585,25.655303955078125,23.799468994140625,15.260087013244629,,53.222225189208984,
2026,Iran,5.126410007476807,,,,,,,,,,,2.3473291397094727,,2865.5146484375,9.921467781066895,2.1571497917175293,22.700061798095703,1.2114239931106567,-8.57529354095459,24.499845504760742,23.189584732055664,17.231767654418945,,52.0592155456543,
2027,Iran,5.33072566986084,,,,,,,,,,,17.133216857910156,,9401.5751953125,12.903694152832031,-2.9799282550811768,4.636241912841797,2.553327798843384,-5.5117902755737305,25.33692741394043,25.113849639892578,15.946389198303223,,57.1556510925293,
2028,Iran,6.028011798858643,,,,,,,,,,,2.5910205841064453,,6315.7099609375,7.57834529876709,8.02394962310791,20.585718154907227,2.531095027923584,-2.671175241470337,28.841310501098633,24.193660736083984,15.992405891418457,,53.89815902709961,
2029,Iran,5.6377339363098145,,,,,,,,,,,16.991247177124023,,11649.9580078125,13.541781425476074,-1.4956130981445312,2.600526809692383,1.991913080215454,-5.336671829223633,25.463844299316406,27.198728561401367,13.838517189025879,,42.76515197753906,
2030,Iran,6.043336391448975,,,,,,,,,,,1.6242809295654297,,6544.974609375,7.054947853088379,9.019196510314941,20.07558250427246,2.240837335586548,-1.5480324029922485,31.56612777709961,23.574310302734375,16.176280975341797,,56.57334899902344,
2025,Iraq,5.321044445037842,,,,,,,,,,,133.41908264160156,,2481.51318359375,6.411975860595703,-1.6382733583450317,2.894906759262085,2.1779191493988037,-4.971336364746094,25.645246505737305,23.76266860961914,15.17302131652832,,54.07217025756836,
2026,Iraq,5.7441725730896,,,,,,,,,,,2.0592401027679443,,8353.1962890625,8.679591178894043,2.644853353500366,27.081193923950195,1.4454996585845947,-6.7386651039123535,25.132675170898438,22.793439865112305,17.01013946533203,,56.95109939575195,
2027,Iraq,5.754488945007324,,,,,,,,,,,15.685965538024902,,13633.15234375,13.227400779724121,-2.7140145301818848,2.8777945041656494,0.9631962776184082,-4.803451061248779,25.642093658447266,25.307802200317383,14.67137622833252,,54.82064437866211,
2028,Iraq,5.984423637390137,,,,,,,,,,,1.3268556594848633,,6881.17919921875,7.946685791015625,7.435439109802246,19.726865768432617,1.3071765899658203,-1.8360869884490967,29.10127830505371,24.01374053955078,15.968086242675781,,57.33476257324219,
2029,Iraq,5.610872268676758,,,,,,,,,,,16.490371704101562,,12017.083984375,14.37123966217041,-0.6640430688858032,1.8641918897628784,1.4289714097976685,-4.881669521331787,26.232332229614258,28.301973342895508,13.383936882019043,,42.00193405151367,
2030,Iraq,6.219857692718506,,,,,,,,,,,1.2562611103057861,,8520.8994140625,7.722654342651367,9.98112964630127,17.530487060546875,1.557735562324524,-1.327258586883545,32.78654861450195,24.15896987915039,17.42644691467285,,63.37251663208008,
2025,Ireland,5.853311538696289,,,,,,,,,,,17.852663040161133,,7462.583984375,5.922674655914307,2.333956480026245,-1.0298919677734375,3.4992103576660156,-4.144560813903809,25.19646644592285,24.187435150146484,15.087931632995605,,53.296756744384766,
2026,Ireland,5.795385360717773,,,,,,,,,,,1.2004084587097168,,6534.25,9.982775688171387,10.715152740478516,15.892586708068848,1.7289328575134277,-5.417969703674316,25.932052612304688,23.28754234313965,16.58076286315918,,43.814414978027344,
2027,Ireland,6.343884468078613,,,,,,,,,,,10.89119815826416,,10162.9833984375,7.975623607635498,1.0800572633743286,1.4856393337249756,3.2703657150268555,-5.043129920959473,25.698822021484375,26.139923095703125,14.124228477478027,,53.46481704711914,
2028,Ireland,6.0230841636657715,,,,,,,,,,,1.3621119260787964,,5469.77099609375,7.454407691955566,9.139554023742676,11.807757377624512,3.1127710342407227,-1.7801662683486938,30.744470596313477,23.428382873535156,16.35272789001465,,53.44879150390625,
2029,Ireland,5.201009750366211,,,,,,,,,,,8.258102416992188,,8172.0166015625,11.860000610351562,0.39680230617523193,2.0045547485351562,2.719090223312378,-4.759395122528076,23.772499084472656,29.419727325439453,14.857474327087402,,47.9661750793457,
2030,Ireland,5.867824077606201,,,,,,,,,,,1.8619405031204224,,4640.99755859375,8.035387992858887,9.427728652954102,10.549407005310059,3.633054256439209,-1.779847264289856,33.261329650878906,23.091907501220703,17.272132873535156,,53.48650360107422,
2025,Israel,5.843822479248047,,,,,,,,,,,17.86744499206543,,8129.51806640625,6.285892486572266,3.3407914638519287,-1.2657859325408936,3.2336244583129883,-3.0234322547912598,25.10292625427246,24.15875816345215,15.226900100708008,,49.193302154541016,
2026,Israel,5.8192338943481445,,,,,,,,,,,1.1753829717636108,,5115.57421875,9.269089698791504,10.612850189208984,15.274646759033203,1.758634090423584,-5.799575328826904,25.915430068969727,23.505077362060547,16.031902313232422,,43.57529067993164,
2027,Israel,5.958841800689697,,,,,,,,,,,10.483258247375488,,10429.3125,7.935225486755371,1.7336591482162476,1.876503586769104,3.341622829437256,-5.337733745574951,25.69304847717285,26.013187408447266,15.062410354614258,,60.017601013183594,
2028,Israel,6.0137715339660645,,,,,,,,,,,2.0157155990600586,,5924.162109375,7.89074182510376,9.953357696533203,10.08932113647461,3.104492425918579,-3.5461695194244385,31.456317901611328,23.25202178955078,15.787586212158203,,46.40864944458008,
2029,Israel,5.104692459106445,,,,,,,,,,,8.326207160949707,,8576.203125,11.6771821975708,4.019877910614014,1.876805305480957,2.6515514850616455,-5.559109687805176,25.997661590576172,29.11164093017578,15.200111389160156,,50.23537826538086,
2030,Israel,5.039355278015137,,,,,,,,,,,2.2506556510925293,,1788.056396484375,8.167214393615723,9.824172019958496,8.124716758728027,3.157228708267212,-4.329562187194824,33.15308380126953,23.55893898010254,17.541004180908203,,43.3712272644043,
2025,Italy,6.081982612609863,,,,,,,,,,,117.04563903808594,,6059.3427734375,5.965150833129883,2.1509571075439453,-0.39390403032302856,3.127711534500122,-3.969953775405884,25.46693992614746,24.006425857543945,15.472835540771484,,51.748348236083984,
2026,Italy,5.703681945800781,,,,,,,,,,,1.1539242267608643,,6164.2783203125,9.90129280090332,3.790112018585205,24.01767921447754,1.9156376123428345,-5.109437942504883,24.972810745239258,23.499353408813477,17.053380966186523,,48.577632904052734,
2027,Italy,5.0210041999816895,,,,,,,,,,,16.83411407470703,,7652.8466796875,11.944168090820312,-3.993828535079956,2.3017141819000244,2.541124105453491,-3.147089719772339,25.328716278076172,25.561399459838867,15.055243492126465,,51.81552505493164,
2028,Italy,5.952094554901123,,,,,,,,,,,1.8420060873031616,,4463.6015625,8.977243423461914,8.714295387268066,23.389225006103516,2.5118069648742676,-3.788818120956421,28.520069122314453,23.613323211669922,16.144140243530273,,57.62589645385742,
2029,Italy,5.660335063934326,,,,,,,,,,,17.11324691772461,,10290.970703125,12.779706954956055,-4.245332717895508,2.488063097000122,1.8980005979537964,-7.192721843719482,25.550214767456055,27.54488182067871,14.27023696899414,,53.11259460449219,
2030,Italy,5.970816612243652,,,,,,,,,,,1.5568313598632812,,5273.11328125,7.7945427894592285,9.412064552307129,23.67728614807129,2.6826980113983154,-1.3499826192855835,32.773311614990234,23.911563873291016,16.57189178466797,,56.684688568115234,
2025,Jamaica,5.585679531097412,,,,,,,,,,,16.983741760253906,,4338.97021484375,6.061969757080078,4.881834983825684,2.2535016536712646,3.6608798503875732,-4.294735908508301,25.212223052978516,24.353490829467773,15.099299430847168,,50.24073791503906,
2026,Jamaica,4.4383225440979,,,,,,,,,,,2.354383707046509,,997.7110595703125,9.55213451385498,8.971428871154785,14.35107135772705,2.8519084453582764,-7.3458571434021,26.06982421875,23.058088302612305,17.218324661254883,,49.620361328125,
2027,Jamaica,5.622596263885498,,,,,,,,,,,10.937736511230469,,8676.234375,7.346947193145752,4.6335859298706055,3.902891159057617,4.563943386077881,-10.88176155090332,24.773468017578125,25.513774871826172,17.74040412902832,,52.70382308959961,
2028,Jamaica,4.729925632476807,,,,,,,,,,,3.5067574977874756,,1154.6400146484375,9.725046157836914,7.518184661865234,9.08398151397705,3.425607204437256,-5.2749104499816895,25.83327865600586,24.444581985473633,16.53611946105957,,44.7331657409668,
2029,Jamaica,5.760583400726318,,,,,,,,,,,8.873581886291504,,8009.46142578125,5.920233249664307,7.630924701690674,3.6714627742767334,4.5950093269348145,-9.110803604125977,24.941665649414062,23.898300170898438,18.80134391784668,,51.85426330566406,
2030,Jamaica,4.683762550354004,,,,,,,,,,,3.777813673019409,,2751.031005859375,13.568147659301758,10.597612380981445,7.061172962188721,2.9345149993896484,-4.229211807250977,23.51411247253418,24.88190269470215,16.866830825805664,,44.3155632019043,
2025,Japan,5.968299388885498,,,,,,,,,,,17.86744499206543,,9387.0478515625,6.285892486572266,2.2875795364379883,-1.2657859325408936,3.1984505653381348,-2.8899261951446533,25.11639404296875,23.191082000732422,15.214137077331543,,49.668094635009766,
2026,Japan,5.926803112030029,,,,,,,,,,,1.168316125869751,,4999.91943359375,8.55443286895752,10.56865119934082,15.910289764404297,1.728130578994751,-4.111852645874023,25.80175018310547,23.600671768188477,15.538126945495605,,46.98826217651367,
2027,Japan,6.127159118652344,,,,,,,,,,,10.89119815826416,,9794.65625,8.297772407531738,-0.005969948600977659,2.004338502883911,2.0234456062316895,-6.074047565460205,26.36473846435547,25.50730323791504,14.9466552734375,,60.391719818115234,
2028,Japan,6.098988056182861,,,,,,,,,,,1.7808622121810913,,8003.9033203125,7.243701457977295,10.669118881225586,12.528717041015625,3.4080958366394043,-2.624274253845215,30.039323806762695,23.614194869995117,15.726540565490723,,54.99800491333008,
2029,Japan,5.799755573272705,,,,,,,,,,,8.773754119873047,,10654.0654296875,10.97791576385498,0.4288278818130493,1.9457892179489136,2.605025291442871,-6.215250492095947,25.687578201293945,28.151844024658203,14.35818099975586,,45.43400955200195,
2030,Japan,5.961758136749268,,,,,,,,,,,1.9363609552383423,,5512.9150390625,6.516502857208252,9.960904121398926,10.716382026672363,3.363814115524292,-1.050520896911621,31.700841903686523,23.751455307006836,16.94175910949707,,56.122596740722656,
2025,Jordan,5.2583184242248535,,,,,,,,,,,132.85818481445312,,2481.51318359375,6.411975860595703,-2.029825448989868,3.1882174015045166,2.1522669792175293,-4.8880391120910645,25.233924865722656,23.758527755737305,15.191414833068848,,53.920379638671875,
2026,Jordan,5.6877121925354,,,,,,,,,,,2.0592401027679443,,7932.0966796875,8.419421195983887,2.5518293380737305,27.548980712890625,1.4530160427093506,-6.270439147949219,25.169204711914062,22.356184005737305,17.03937530517578,,56.5019645690918,
2027,Jordan,5.8265838623046875,,,,,,,,,,,15.506611824035645,,14041.1796875,13.326674461364746,-2.6054091453552246,2.821204662322998,0.9631962776184082,-5.127434730529785,25.507808685302734,25.307802200317383,14.653512001037598,,55.78501510620117,
2028,Jordan,5.851956367492676,,,,,,,,,,,1.2921327352523804,,6794.22216796875,7.753993511199951,6.9113945960998535,19.85425567626953,1.5597227811813354,-1.3120323419570923,29.11556625366211,23.966278076171875,15.964914321899414,,56.529052734375,
2029,Jordan,5.650527000427246,,,,,,,,,,,16.566303253173828,,13080.5791015625,14.520700454711914,-0.7152389883995056,1.8292981386184692,1.479676365852356,-4.650628089904785,26.332334518432617,28.394718170166016,13.325506210327148,,43.6180305480957,
2030,Jordan,6.1568193435668945,,,,,,,,,,,1.1270571947097778,,8240.9609375,7.8220415115356445,9.666458129882812,17.175811767578125,1.5441665649414062,-0.8164118528366089,33.0399055480957,24.076034545898438,17.390670776367188,,64.81661987304688,
2025,Kazakhstan,5.50020170211792,,,,,,,,,,,16.94922637939453,,4647.56982421875,6.610611438751221,4.0086350440979,0.7755613923072815,3.645716667175293,-4.218289375305176,25.229785919189453,24.280563354492188,15.086281776428223,,50.24073791503906,
2026,Kazakhstan,4.4372076988220215,,,,,,,,,,,1.4170122146606445,,613.9169311523438,9.413192749023438,9.529647827148438,14.701045989990234,2.5989558696746826,-6.966744422912598,26.13149642944336,23.479053497314453,17.244333267211914,,49.74345779418945,
2027,Kazakhstan,5.313587188720703,,,,,,,,,,,11.490398406982422,,7135.849609375,5.547213077545166,4.818543434143066,2.7091004848480225,4.46642541885376,-21.644145965576172,32.81830978393555,24.78432273864746,16.8247127532959,,53.00646209716797,
2028,Kazakhstan,4.837606906890869,,,,,,,,,,,2.7793543338775635,,2944.697265625,15.44372844696045,8.399864196777344,7.405372619628906,3.3392179012298584,-4.094627857208252,25.334518432617188,26.223608016967773,16.82636833190918,,49.974735260009766,
2029,Kazakhstan,5.5763726234436035,,,,,,,,,,,7.066662788391113,,5192.2470703125,6.965043067932129,5.2396159172058105,3.5071492195129395,3.4290196895599365,-7.274344444274902,27.670589447021484,23.690799713134766,17.729780197143555,,54.40196990966797,
2030,Kazakhstan,4.9576616287231445,,,,,,,,,,,2.868858814239502,,2729.64697265625,11.536319732666016,8.288954734802246,7.244459629058838,2.9469690322875977,-7.569799423217773,23.930402755737305,26.861465454101562,17.008337020874023,,50.23439025878906,
2025,Kenya,5.442681312561035,,,,,,,,,,,28.6212158203125,,4376.361328125,6.554826736450195,4.5711259841918945,0.3377476930618286,3.3634777069091797,-3.8595547676086426,25.13383674621582,24.64999771118164,15.116850852966309,,50.076560974121094,
2026,Kenya,3.9755454063415527,,,,,,,,,,,1.4541748762130737,,-187.2904052734375,10.734871864318848,7.803133010864258,16.955196380615234,6.1659836769104,-7.859446048736572,25.267019271850586,23.18739891052246,17.55748748779297,,50.70860290527344,
2027,Kenya,6.913830280303955,,,,,,,,,,,13.88683032989502,,60590.0625,5.5356621742248535,4.717640399932861,3.41434383392334,2.142662525177002,-21.578899383544922,25.639062881469727,23.406208038330078,17.275592803955078,,53.266204833984375,
2028,Kenya,5.475716590881348,,,,,,,,,,,2.0743825435638428,,4185.06689453125,8.344868659973145,5.874002456665039,8.971879959106445,2.1024818420410156,0.3978409171104431,24.663633346557617,24.023883819580078,19.852020263671875,,93.13533782958984,
2029,Kenya,5.617928504943848,,,,,,,,,,,7.200837135314941,,16953.49609375,13.219919204711914,7.0278706550598145,2.590245246887207,4.386979579925537,-10.019134521484375,24.818870544433594,25.315044403076172,16.574539184570312,,54.524349212646484,
2030,Kenya,4.542003631591797,,,,,,,,,,,2.263718605041504,,1045.858642578125,7.590921878814697,6.500515937805176,5.818675518035889,2.9766013622283936,-4.67103385925293,26.716821670532227,24.226959228515625,16.97966766357422,,51.507972717285156,
2025,Kosovo,6.124077796936035,,,,,,,,,,,132.80482482910156,,8416.892578125,5.980898857116699,-0.09327182918787003,-0.6536828875541687,2.7821390628814697,-6.380542278289795,25.029682159423828,24.15729522705078,14.962752342224121,,52.73603439331055,
2026,Kosovo,5.674365997314453,,,,,,,,,,,0.8990966081619263,,7435.4873046875,9.19682502746582,2.7871105670928955,24.618438720703125,1.9007233381271362,-4.348013401031494,25.874881744384766,23.302797317504883,16.24034881591797,,53.57648468017578,
2027,Kosovo,5.874423503875732,,,,,,,,,,,16.427125930786133,,12186.908203125,10.416271209716797,-4.324651718139648,2.481839895248413,1.2550768852233887,-4.101799488067627,25.838233947753906,25.298402786254883,14.426703453063965,,50.834110260009766,
2028,Kosovo,5.970188140869141,,,,,,,,,,,1.1780937910079956,,6131.14501953125,8.592227935791016,7.674707889556885,23.122846603393555,2.7207257747650146,-2.2491886615753174,28.98048973083496,23.99458122253418,16.02800941467285,,54.025638580322266,
2029,Kosovo,5.563290596008301,,,,,,,,,,,16.357275009155273,,10860.109375,13.446747779846191,-6.934709072113037,1.799426794052124,1.931103229522705,-4.6400275230407715,25.225238800048828,27.372848510742188,13.820941925048828,,48.95634460449219,
2030,Kosovo,5.9247589111328125,,,,,,,,,,,0.6830185055732727,,6110.43603515625,7.924280643463135,9.591256141662598,28.2683162689209,1.8561487197875977,0.4486751854419708,32.05343246459961,23.315135955810547,15.9496431350708,,67.33930969238281,
2025,Kuwait,5.907542705535889,,,,,,,,,,,14.896306037902832,,9938.6796875,6.285892486572266,0.5570217370986938,-2.8791253566741943,3.119601249694824,-4.009730339050293,25.13176155090332,23.121957778930664,15.214137077331543,,48.70180130004883,
2026,Kuwait,5.895316123962402,,,,,,,,,,,0.990441620349884,,5999.6630859375,8.449397087097168,11.588316917419434,15.920010566711426,2.147895574569702,-2.7674143314361572,26.315227508544922,24.181331634521484,12.72999382019043,,55.69116973876953,
2027,Kuwait,6.523520469665527,,,,,,,,,,,10.547745704650879,,12358.6953125,7.334253787994385,0.9954131245613098,1.57015860080719,1.7530481815338135,-3.9831466674804688,25.93438720703125,24.416553497314453,14.403960227966309,,55.826988220214844,
2028,Kuwait,6.426239013671875,,,,,,,,,,,0.894485592842102,,8812.115234375,8.556008338928223,8.331252098083496,10.730215072631836,3.121048927307129,-3.185828924179077,28.828289031982422,23.27753257751465,15.992796897888184,,53.875431060791016,
2029,Kuwait,5.639716148376465,,,,,,,,,,,8.276267051696777,,8349.2333984375,10.578681945800781,3.501826286315918,1.819317102432251,2.631965398788452,-5.31402587890625,25.81764793395996,26.03963851928711,14.443284034729004,,48.613441467285156,
2030,Kuwait,5.935230255126953,,,,,,,,,,,2.134051561355591,,4918.2529296875,8.703743934631348,8.775920867919922,8.238197326660156,3.1186184883117676,-5.43194055557251,30.02900505065918,23.5596981048584,16.777666091918945,,49.92073059082031,
2025,Kyrgyzstan,5.71205997467041,,,,,,,,,,,17.640256881713867,,5865.05322265625,6.411975860595703,3.9083776473999023,0.34993213415145874,4.963501930236816,-1.7711424827575684,25.15607452392578,23.979467391967773,15.261281967163086,,50.06504440307617,
2026,Kyrgyzstan,4.814800262451172,,,,,,,,,,,1.3146209716796875,,1587.6859130859375,8.806131362915039,10.442093849182129,14.812463760375977,2.0956766605377197,-6.009369850158691,24.72796058654785,23.843229293823242,16.60102081298828,,48.77952575683594,
2027,Kyrgyzstan,5.562382221221924,,,,,,,,,,,11.057738304138184,,7277.83447265625,5.006555080413818,2.9391815662384033,2.380068778991699,4.169579982757568,-6.503057479858398,25.572599411010742,24.566011428833008,15.648359298706055,,58.13368225097656,
2028,Kyrgyzstan,6.1158647537231445,,,,,,,,,,,2.214792490005493,,9847.5029296875,9.315594673156738,10.093443870544434,10.143879890441895,3.0946836471557617,-3.7015044689178467,26.010107040405273,24.82813262939453,16.292102813720703,,41.59355926513672,
2029,Kyrgyzstan,5.8728251457214355,,,,,,,,,,,8.372581481933594,,9532.4052734375,6.022741794586182,3.8067665100097656,2.249298572540283,3.42647647857666,-4.958375930786133,26.157672882080078,25.140745162963867,16.093305587768555,,46.982818603515625,
2030,Kyrgyzstan,5.601825714111328,,,,,,,,,,,2.1907267570495605,,4542.4189453125,7.497343063354492,8.118134498596191,8.230199813842773,3.305168390274048,-3.880059003829956,25.482501983642578,24.931657791137695,16.76340675354004,,39.22930908203125,
2025,Lao PDR,5.69461727142334,,,,,,,,,,,14.39886474609375,,7122.7724609375,6.176222324371338,2.392756462097168,1.9729076623916626,5.191061973571777,-1.5886578559875488,25.115978240966797,23.124452590942383,14.963234901428223,,48.67137145996094,
2026,Lao PDR,6.005867004394531,,,,,,,,,,,1.9734137058258057,,6206.01220703125,8.631649017333984,8.751779556274414,14.073332786560059,1.9226412773132324,-4.7410478591918945,24.513273239135742,23.89436912536621,15.763389587402344,,45.91153335571289,
2027,Lao PDR,5.838002681732178,,,,,,,,,,,10.453784942626953,,9562.427734375,7.962186336517334,1.7247263193130493,2.1855461597442627,3.2977051734924316,-4.968027591705322,26.542125701904297,25.019615173339844,15.825034141540527,,55.37954330444336,
2028,Lao PDR,5.863725185394287,,,,,,,,,,,2.060765027999878,,7385.7666015625,7.699521541595459,8.73336410522461,10.427738189697266,2.9936842918395996,-4.073652267456055,27.429073333740234,24.668498992919922,16.498722076416016,,41.927818298339844,
2029,Lao PDR,5.718201160430908,,,,,,,,,,,8.33971118927002,,9465.078125,8.320554733276367,3.5550506114959717,2.1414082050323486,2.9320952892303467,-5.732718467712402,26.090858459472656,26.801227569580078,15.527215003967285,,42.74693298339844,
2030,Lao PDR,6.052929401397705,,,,,,,,,,,2.2099897861480713,,5156.283203125,7.080577850341797,8.227604866027832,8.153667449951172,3.1303012371063232,-4.259350299835205,30.38050079345703,23.83281707763672,16.953725814819336,,47.00050735473633,
2025,Latvia,6.0838727951049805,,,,,,,,,,,117.04563903808594,,6246.8349609375,5.922647953033447,2.1509571075439453,-0.4915871024131775,3.1994268894195557,-3.969953775405884,25.426673889160156,24.020933151245117,15.428637504577637,,51.6290397644043,
2026,Latvia,5.691220283508301,,,,,,,,,,,1.1539242267608643,,6164.2783203125,9.89786434173584,3.7779197692871094,23.842782974243164,1.9156376123428345,-5.296450138092041,25.025928497314453,23.527734756469727,16.726776123046875,,45.15507125854492,
2027,Latvia,5.404173851013184,,,,,,,,,,,16.83411407470703,,8428.2783203125,9.209820747375488,-3.993828535079956,2.295919895172119,2.541124105453491,-3.147089719772339,25.37150764465332,25.627574920654297,15.065362930297852,,51.81552505493164,
2028,Latvia,6.082788944244385,,,,,,,,,,,1.566408395767212,,5102.7607421875,8.799576759338379,8.519108772277832,23.60150909423828,2.373448133468628,-3.624042510986328,28.46883773803711,23.480606079101562,16.226673126220703,,56.82136917114258,
2029,Latvia,5.8070759773254395,,,,,,,,,,,17.11324691772461,,10228.6640625,12.855395317077637,-4.419726848602295,2.4460606575012207,1.7643547058105469,-5.5517754554748535,25.399677276611328,27.489803314208984,14.096112251281738,,54.328678131103516,
2030,Latvia,5.989037036895752,,,,,,,,,,,1.8885799646377563,,6786.87109375,7.878012657165527,9.674490928649902,23.383056640625,2.7033021450042725,-1.0337272882461548,31.933786392211914,23.71384620666504,16.183122634887695,,56.595458984375,
2025,Lebanon,5.897242546081543,,,,,,,,,,,132.80482482910156,,5656.87060546875,6.411975860595703,0.6681134104728699,1.4123908281326294,4.4781622886657715,-5.266549587249756,25.05406379699707,23.94932746887207,15.045013427734375,,51.894935607910156,
2026,Lebanon,5.8315749168396,,,,,,,,,,,1.2166821956634521,,5682.369140625,8.977742195129395,2.243976593017578,24.54289436340332,2.6926932334899902,-5.172451972961426,24.708526611328125,23.424442291259766,17.032501220703125,,57.19435501098633,
2027,Lebanon,5.716000556945801,,,,,,,,,,,16.40641975402832,,10852.2451171875,13.04128646850586,-3.7014758586883545,2.90323805809021,1.599694848060608,-2.680264711380005,25.436073303222656,25.434490203857422,14.895522117614746,,54.14173126220703,
2028,Lebanon,5.940992832183838,,,,,,,,,,,1.8446301221847534,,8548.330078125,8.21773910522461,7.38091516494751,22.695831298828125,2.303593873977661,-1.6326854228973389,28.901235580444336,23.741411209106445,15.869240760803223,,55.757476806640625,
2029,Lebanon,5.677618980407715,,,,,,,,,,,16.196043014526367,,10568.44921875,12.294675827026367,-6.895169734954834,2.0359294414520264,1.465598464012146,-5.956616401672363,26.562875747680664,27.725929260253906,12.987371444702148,,49.52822494506836,
2030,Lebanon,6.242827892303467,,,,,,,,,,,0.7669590711593628,,8988.80078125,8.458147048950195,10.762699127197266,28.755695343017578,2.5596275329589844,-0.7973605990409851,32.13987350463867,23.381139755249023,16.21375846862793,,60.59905242919922,
2025,Lesotho,5.206494331359863,,,,,,,,,,,133.41908264160156,,1856.0521240234375,6.061969757080078,-0.9268236756324768,4.116483211517334,2.338646650314331,-7.397830009460449,25.714324951171875,23.836082458496094,15.219231605529785,,51.80659866333008,
2026,Lesotho,5.742407321929932,,,,,,,,,,,3.298041582107544,,8472.0751953125,8.445699691772461,2.205029249191284,26.31831932067871,0.5809714198112488,-6.756294250488281,25.060182571411133,22.634794235229492,17.461830139160156,,56.37867736816406,
2027,Lesotho,5.7330169677734375,,,,,,,,,,,16.096492767333984,,10574.001953125,12.037138938903809,-1.6004997491836548,3.2512073516845703,0.796709418296814,-5.08235502243042,25.44935417175293,25.32379150390625,14.845523834228516,,48.901912689208984,
2028,Lesotho,5.824370384216309,,,,,,,,,,,2.1883327960968018,,5789.65576171875,7.803166389465332,7.3088226318359375,18.1325740814209,2.790344476699829,-1.8403136730194092,28.988039016723633,23.44190788269043,15.826380729675293,,54.13356399536133,
2029,Lesotho,5.645306587219238,,,,,,,,,,,17.109336853027344,,10533.234375,12.778403282165527,-1.7277168035507202,2.1214513778686523,1.2605879306793213,-5.411728858947754,26.0327205657959,27.631643295288086,13.721691131591797,,45.21049880981445,
2030,Lesotho,6.057825088500977,,,,,,,,,,,1.5745229721069336,,6670.2900390625,8.74470329284668,10.684280395507812,20.20098304748535,2.7439565658569336,-1.316590428352356,32.614952087402344,24.019569396972656,16.094478607177734,,63.34772872924805,
2025,Liberia,5.687589168548584,,,,,,,,,,,17.86744499206543,,5865.05322265625,6.411975860595703,3.8432531356811523,0.34993213415145874,4.963501930236816,-1.3932887315750122,25.16954231262207,23.979467391967773,15.254393577575684,,49.916744232177734,
2026,Liberia,4.880499362945557,,,,,,,,,,,1.3021700382232666,,1858.618408203125,8.9641752243042,10.442093849182129,14.93298053741455,2.0158228874206543,-6.009369850158691,24.484420776367188,23.843229293823242,16.60102081298828,,48.7021369934082,
2027,Liberia,5.572134494781494,,,,,,,,,,,11.570332527160645,,7694.86083984375,4.993973255157471,2.886918306350708,2.3682167530059814,4.333951950073242,-6.53761100769043,25.572599411010742,24.618202209472656,15.558906555175781,,58.61140823364258,
2028,Liberia,6.311611175537109,,,,,,,,,,,2.2354981899261475,,10093.240234375,8.809000968933105,10.754899024963379,10.084328651428223,2.813516855239868,-4.024148464202881,26.641483306884766,24.710847854614258,16.12066078186035,,41.93047332763672,
2029,Liberia,5.962181091308594,,,,,,,,,,,8.438490867614746,,9753.005859375,6.313159465789795,3.451420783996582,2.1016476154327393,3.638415575027466,-4.730362892150879,27.397506713867188,25.53120994567871,16.021411895751953,,51.53899383544922,
2030,Liberia,5.742388725280762,,,,,,,,,,,2.041008472442627,,5461.982421875,7.346511363983154,8.103799819946289,8.617880821228027,3.1029112339019775,-4.568643093109131,25.55339241027832,26.17377281188965,15.880186080932617,,39.88628387451172,
2025,Libya,5.762816905975342,,,,,,,,,,,132.85818481445312,,4909.4365234375,5.922674655914307,-2.9916796684265137,-1.6778990030288696,1.8126307725906372,-6.715547561645508,25.199188232421875,24.034215927124023,15.173033714294434,,54.65135955810547,
2026,Libya,6.12580680847168,,,,,,,,,,,0.0715658962726593,,10757.6630859375,10.47913932800293,4.446041584014893,27.406625747680664,2.3531198501586914,-5.746868133544922,25.275447845458984,24.31699562072754,15.029365539550781,,67.31266021728516,
2027,Libya,6.49169921875,,,,,,,,,,,16.341583251953125,,16112.73046875,8.469354629516602,-0.25430408120155334,1.9640158414840698,1.902884840965271,-2.3284215927124023,28.201906204223633,24.122587203979492,11.78532886505127,,49.80501174926758,
2028,Libya,6.753410816192627,,,,,,,,,,,0.9036340117454529,,10074.501953125,8.771588325500488,8.543532371520996,15.59184741973877,1.9885491132736206,-2.284170389175415,28.53784942626953,22.5649356842041,14.501385688781738,,55.85993576049805,
2029,Libya,6.2886962890625,,,,,,,,,,,10.61290454864502,,11238.3984375,7.8103814125061035,-1.2802175283432007,1.819317102432251,2.5226144790649414,-5.449782848358154,26.258562088012695,26.076597213745117,12.223602294921875,,51.85826110839844,
2030,Libya,5.823660850524902,,,,,,,,,,,1.039306879043579,,7227.45654296875,7.364745616912842,9.433608055114746,13.603309631347656,3.1296374797821045,-0.6559415459632874,32.182762145996094,21.221923828125,16.25911521911621,,56.53464126586914,
2025,Lithuania,6.055634021759033,,,,,,,,,,,117.04563903808594,,6444.00732421875,5.965150833129883,2.311140775680542,-0.3751695156097412,2.9981179237365723,-4.067538261413574,25.666452407836914,24.006425857543945,15.315211296081543,,51.899078369140625,
2026,Lithuania,5.616576671600342,,,,,,,,,,,1.1539242267608643,,6868.123046875,10.3337984085083,3.5929768085479736,24.28944969177246,1.6655151844024658,-5.709980010986328,25.41400909423828,23.754682540893555,16.605382919311523,,45.11725997924805,
2027,Lithuania,5.937750816345215,,,,,,,,,,,16.82248878479004,,11540.25390625,10.253022193908691,-4.063065528869629,2.229407787322998,2.2346158027648926,-3.217198371887207,25.568777084350586,25.634498596191406,14.790332794189453,,51.38020706176758,
2028,Lithuania,5.806419849395752,,,,,,,,,,,1.4159187078475952,,4836.431640625,8.159815788269043,7.386777400970459,23.86637306213379,2.822742462158203,-1.9113355875015259,28.67098617553711,23.879215240478516,16.07960319519043,,56.85087585449219,
2029,Lithuania,5.5554938316345215,,,,,,,,,,,16.357275009155273,,10281.12890625,13.509532928466797,-5.7420334815979,2.154982566833496,2.0784316062927246,-6.339726448059082,25.258203506469727,27.925203323364258,14.19346809387207,,51.13420867919922,
2030,Lithuania,5.86564302444458,,,,,,,,,,,1.5778250694274902,,4602.28076171875,7.015583515167236,9.428163528442383,24.57119369506836,1.7830283641815186,-0.40890923142433167,32.67146301269531,23.376630783081055,16.05562400817871,,64.99942779541016,
2025,Luxembourg,6.023000717163086,,,,,,,,,,,117.29275512695312,,7033.83349609375,5.844825744628906,2.40763783454895,-0.4658847451210022,2.989903450012207,-4.128382682800293,25.486595153808594,24.124767303466797,15.076638221740723,,51.45709228515625,
2026,Luxembourg,5.344666481018066,,,,,,,,,,,1.179702639579773,,6669.6533203125,10.8218994140625,3.171593189239502,23.931652069091797,1.9156376123428345,-5.456642150878906,25.265520095825195,23.795879364013672,16.5649471282959,,44.00303268432617,
2027,Luxembourg,5.884100437164307,,,,,,,,,,,16.861194610595703,,9350.228515625,9.188549041748047,-3.822251081466675,2.376782178878784,2.0407164096832275,-3.181922197341919,25.568777084350586,25.579435348510742,14.663296699523926,,49.769691467285156,
2028,Luxembourg,6.087991714477539,,,,,,,,,,,1.6091501712799072,,6104.3759765625,8.580705642700195,8.234713554382324,23.679489135742188,2.2892842292785645,-2.287785530090332,28.529951095581055,23.859004974365234,16.069738388061523,,55.18046569824219,
2029,Luxembourg,5.641748428344727,,,,,,,,,,,16.350208282470703,,10634.197265625,12.985621452331543,-7.185379505157471,2.090503215789795,1.7181963920593262,-5.042352676391602,25.257837295532227,27.37961196899414,13.871212005615234,,50.520477294921875,
2030,Luxembourg,5.98013162612915,,,,,,,,,,,0.8652679324150085,,5976.0947265625,8.074405670166016,9.738791465759277,28.451866149902344,2.449333667755127,0.3189513385295868,32.08478927612305,23.232208251953125,16.014179229736328,,65.55289459228516,
2025,Madagascar,5.722224235534668,,,,,,,,,,,17.86744499206543,,5865.05322265625,6.411975860595703,3.8432531356811523,0.34993213415145874,4.963501930236816,-1.3404936790466309,25.16954231262207,23.979467391967773,15.261281967163086,,49.916744232177734,
2026,Madagascar,4.880499362945557,,,,,,,,,,,1.3021700382232666,,1858.618408203125,8.9641752243042,10.442093849182129,14.93298053741455,2.0158228874206543,-6.009369850158691,24.484420776367188,23.843229293823242,16.60102081298828,,48.7021369934082,
2027,Madagascar,5.572134494781494,,,,,,,,,,,11.570332527160645,,7694.86083984375,4.993973255157471,2.886918306350708,2.3682167530059814,4.333951950073242,-6.53761100769043,25.572599411010742,24.618202209472656,15.558906555175781,,58.61140823364258,
2028,Madagascar,6.311611175537109,,,,,,,,,,,2.2354981899261475,,10093.240234375,8.809000968933105,10.754899024963379,10.084328651428223,2.813516855239868,-4.024148464202881,26.641483306884766,24.710847854614258,16.12066078186035,,41.93047332763672,
2029,Madagascar,5.962181091308594,,,,,,,,,,,8.438490867614746,,9753.005859375,6.313159465789795,3.451420783996582,2.1016476154327393,3.638415575027466,-4.730362892150879,27.397506713867188,25.53120994567871,16.021411895751953,,51.53899383544922,
2030,Madagascar,5.742388725280762,,,,,,,,,,,2.041008472442627,,5461.982421875,7.346511363983154,8.103799819946289,8.617880821228027,3.1029112339019775,-4.568643093109131,25.55339241027832,26.17377281188965,15.880186080932617,,39.88628387451172,
2025,Malawi,5.506518363952637,,,,,,,,,,,16.983741760253906,,4327.23291015625,6.334278583526611,3.7698512077331543,4.9406890869140625,4.568850040435791,-3.18847393989563,24.956270217895508,24.37244987487793,15.100712776184082,,50.04502487182617,
2026,Malawi,5.379634380340576,,,,,,,,,,,4.260595798492432,,2754.886474609375,8.939445495605469,7.768270015716553,14.766246795654297,2.6564741134643555,-7.185460090637207,25.697206497192383,23.03211212158203,16.981857299804688,,48.723052978515625,
2027,Malawi,5.222780704498291,,,,,,,,,,,10.528944969177246,,4209.5634765625,9.210420608520508,2.3207404613494873,4.880385875701904,3.995425224304199,-7.314911842346191,25.260787963867188,25.197114944458008,15.952912330627441,,55.600582122802734,
2028,Malawi,5.953347206115723,,,,,,,,,,,3.914848804473877,,7051.29248046875,8.365833282470703,8.66399097442627,10.187060356140137,3.459918975830078,-6.6657843589782715,26.79030990600586,23.731800079345703,17.832183837890625,,54.24578857421875,
2029,Malawi,5.283784866333008,,,,,,,,,,,8.154497146606445,,5782.521484375,10.485635757446289,4.539602756500244,3.170576810836792,3.3934035301208496,-5.708063125610352,24.8016300201416,26.118797302246094,16.9226016998291,,47.045413970947266,
2030,Malawi,4.925626277923584,,,,,,,,,,,2.593715190887451,,1197.789306640625,9.578385353088379,8.991029739379883,8.2123441696167,3.3444454669952393,-5.162167072296143,27.585399627685547,24.547365188598633,17.555252075195312,,52.834163665771484,
2025,Malaysia,5.814321041107178,,,,,,,,,,,17.852663040161133,,7680.884765625,5.844825744628906,2.333956480026245,-1.384917974472046,3.737226963043213,-3.0864696502685547,25.169132232666016,24.187435150146484,15.087721824645996,,52.622337341308594,
2026,Malaysia,5.786443710327148,,,,,,,,,,,1.1768784523010254,,4770.6630859375,9.296103477478027,10.798497200012207,15.616354942321777,1.639393925666809,-5.073232173919678,26.224411010742188,23.682947158813477,13.699394226074219,,44.134925842285156,
2027,Malaysia,5.880803108215332,,,,,,,,,,,10.89119815826416,,11655.484375,7.891395092010498,4.359871864318848,1.9253779649734497,3.165940046310425,-5.645864009857178,26.23114013671875,25.417383193969727,15.122855186462402,,59.128231048583984,
2028,Malaysia,5.522596836090088,,,,,,,,,,,2.090162515640259,,2772.98779296875,7.1639404296875,9.764104843139648,9.476829528808594,3.294628381729126,-4.197193145751953,28.50389862060547,23.586292266845703,16.135173797607422,,42.302005767822266,
2029,Malaysia,5.589349746704102,,,,,,,,,,,8.699278831481934,,9036.251953125,8.268655776977539,4.607880115509033,2.8338253498077393,3.6954445838928223,-7.283502578735352,23.778303146362305,25.86232566833496,16.13117218017578,,48.35655975341797,
2030,Malaysia,4.768185138702393,,,,,,,,,,,2.5403504371643066,,794.8338012695312,7.063624858856201,8.742895126342773,8.193536758422852,3.295032024383545,-4.891969680786133,28.313167572021484,23.766647338867188,16.897077560424805,,50.860328674316406,
2025,Maldives,3.828510284423828,,,,,,,,,,,-3.5187830924987793,,-932.0734252929688,26.199491500854492,8.788919448852539,5.225376129150391,0.37058430910110474,-14.88213062286377,25.797327041625977,33.1530876159668,14.63377571105957,,55.15572738647461,
2026,Maldives,6.667089462280273,,,,,,,,,,,5.145229816436768,,33966.39453125,2.1608011722564697,9.058813095092773,1.0349470376968384,2.3697712421417236,-11.663431167602539,37.41172790527344,18.347122192382812,22.60529327392578,,59.32611083984375,
2027,Maldives,5.537552356719971,,,,,,,,,,,1.2686760425567627,,9289.0869140625,13.04039192199707,4.7407989501953125,1.46038818359375,1.5339463949203491,-3.113736867904663,21.352500915527344,35.42470169067383,11.707382202148438,,81.42758178710938,
2028,Maldives,5.920559883117676,,,,,,,,,,,1.9320623874664307,,9867.0634765625,7.343338489532471,12.527494430541992,2.4362027645111084,3.1043694019317627,6.440217018127441,34.28822708129883,17.169055938720703,16.043720245361328,,49.9272575378418,
2029,Maldives,5.306486129760742,,,,,,,,,,,2.9534356594085693,,8219.0478515625,8.996747970581055,2.219977617263794,1.4352893829345703,2.766075611114502,-9.083426475524902,17.587444305419922,31.446306228637695,10.40165901184082,,46.028411865234375,
2030,Maldives,5.632966995239258,,,,,,,,,,,1.819519281387329,,11188.2138671875,10.01305103302002,9.176321983337402,3.3009657859802246,3.739511489868164,4.1307597160339355,32.251495361328125,14.487391471862793,17.75223159790039,,45.24203872680664,
2025,Mali,5.809950351715088,,,,,,,,,,,17.86744499206543,,8047.1552734375,6.303642749786377,3.5454635620117188,-1.2657859325408936,3.2778985500335693,-3.0234322547912598,25.11639404296875,24.141204833984375,15.224720001220703,,49.37617111206055,
2026,Mali,5.797962188720703,,,,,,,,,,,1.2509765625,,5115.57421875,9.569743156433105,10.612850189208984,14.691926956176758,1.758634090423584,-5.81480073928833,25.915430068969727,23.505077362060547,16.144804000854492,,43.57529067993164,
2027,Mali,5.894851207733154,,,,,,,,,,,10.483258247375488,,9824.4638671875,7.935225486755371,1.8643065690994263,1.876503586769104,3.351567029953003,-5.337733745574951,25.640483856201172,26.03653335571289,15.391473770141602,,59.11402130126953,
2028,Mali,5.98505163192749,,,,,,,,,,,2.0157155990600586,,5799.888671875,7.9105753898620605,10.404590606689453,9.975266456604004,3.1394078731536865,-3.7545382976531982,31.418947219848633,23.204559326171875,15.875821113586426,,45.95951461791992,
2029,Mali,5.128052711486816,,,,,,,,,,,8.461779594421387,,8576.203125,11.670679092407227,4.088871955871582,1.822687029838562,2.7669119834899902,-5.559109687805176,25.43964958190918,29.209638595581055,15.190102577209473,,52.80731964111328,
2030,Mali,4.608865261077881,,,,,,,,,,,2.207913637161255,,1031.5235595703125,8.384478569030762,10.054537773132324,8.208089828491211,3.0399320125579834,-3.8154118061065674,33.05402755737305,23.134733200073242,17.645353317260742,,46.5604248046875,
2025,Malta,5.67881441116333,,,,,,,,,,,17.86744499206543,,6632.78466796875,6.411975860595703,3.8432531356811523,0.34993213415145874,4.963501930236816,-1.3932887315750122,25.16954231262207,23.837839126586914,15.254393577575684,,49.89090347290039,
2026,Malta,4.6327223777771,,,,,,,,,,,1.2951031923294067,,1471.3172607421875,9.268510818481445,10.484553337097168,14.894410133361816,2.0158228874206543,-6.113766193389893,24.752849578857422,23.80528450012207,16.096452713012695,,46.55852127075195,
2027,Malta,5.681554794311523,,,,,,,,,,,11.057738304138184,,8346.6298828125,5.1589202880859375,2.83967924118042,2.281170606613159,4.278192520141602,-6.537875175476074,25.630578994750977,24.440277099609375,15.65223503112793,,57.644920349121094,
2028,Malta,6.280601978302002,,,,,,,,,,,2.2354981899261475,,10496.0576171875,8.38919448852539,9.653705596923828,10.084328651428223,2.9403960704803467,-3.883662462234497,26.914533615112305,24.812597274780273,16.370912551879883,,42.11408996582031,
2029,Malta,5.955977916717529,,,,,,,,,,,8.372581481933594,,9557.9326171875,6.095623970031738,3.451420783996582,2.130216598510742,3.4156415462493896,-4.690094470977783,27.365062713623047,25.80763053894043,15.441786766052246,,49.19916534423828,
2030,Malta,5.811562538146973,,,,,,,,,,,2.074814558029175,,5715.9462890625,7.621511936187744,8.074870109558105,8.426728248596191,2.8153905868530273,-3.7525081634521484,28.712627410888672,25.257856369018555,15.989416122436523,,40.67534637451172,
2025,Mauritania,5.610870838165283,,,,,,,,,,,117.04563903808594,,3666.353759765625,6.411975860595703,4.099827289581299,2.5401506423950195,3.9162561893463135,-3.8107800483703613,25.63109588623047,23.82281494140625,15.260087013244629,,51.9904670715332,
2026,Mauritania,4.604586124420166,,,,,,,,,,,2.291513442993164,,1224.585205078125,9.728856086730957,2.315153121948242,22.700061798095703,1.4043337106704712,-8.244256973266602,24.617116928100586,23.094131469726562,17.264114379882812,,51.30971145629883,
2027,Mauritania,5.930647850036621,,,,,,,,,,,17.59536361694336,,11774.6669921875,11.114678382873535,0.1243954747915268,4.6493120193481445,2.728881597518921,-7.083105564117432,25.223764419555664,24.64399528503418,16.125242233276367,,57.47868347167969,
2028,Mauritania,5.93343448638916,,,,,,,,,,,2.6408467292785645,,6197.52783203125,7.282322883605957,7.559101104736328,17.63901710510254,3.29587721824646,-3.8222789764404297,28.326879501342773,23.921142578125,16.28670310974121,,49.06565856933594,
2029,Mauritania,5.694921970367432,,,,,,,,,,,11.064362525939941,,10334.1748046875,12.15204906463623,-0.9377481937408447,2.565722942352295,1.801448106765747,-5.304910182952881,24.276187896728516,27.06863021850586,14.475223541259766,,41.94820022583008,
2030,Mauritania,5.925572872161865,,,,,,,,,,,1.9736353158950806,,6323.12353515625,7.038506984710693,8.218745231628418,13.632990837097168,3.604753017425537,-1.059202790260315,32.726200103759766,23.40047836303711,16.212608337402344,,56.06401062011719,
2025,Mauritius,5.4513258934021,,,,,,,,,,,28.6212158203125,,4462.32421875,6.294021129608154,4.5711259841918945,-0.29422223567962646,3.2755613327026367,-3.8595547676086426,25.10190773010254,24.64999771118164,15.160515785217285,,50.076560974121094,
2026,Mauritius,4.313727378845215,,,,,,,,,,,1.4337478876113892,,881.8706665039062,10.945170402526855,7.935569763183594,16.955196380615234,5.392893314361572,-7.6515793800354,25.49458122253418,23.431968688964844,17.44359016418457,,50.40500259399414,
2027,Mauritius,5.7626495361328125,,,,,,,,,,,11.805261611938477,,10759.3916015625,6.878306865692139,4.0184326171875,2.9188790321350098,2.661526918411255,-9.867321968078613,23.251733779907227,24.9300594329834,16.933208465576172,,52.37437057495117,
2028,Mauritius,4.39686393737793,,,,,,,,,,,2.392543315887451,,950.1416015625,9.66865348815918,6.99825382232666,9.137908935546875,3.422604560852051,-3.491023302078247,26.893856048583984,23.99643325805664,16.61751937866211,,44.04513168334961,
2029,Mauritius,5.727082252502441,,,,,,,,,,,8.880512237548828,,9377.77734375,5.829527378082275,7.4127726554870605,3.54178524017334,4.536082744598389,-8.965850830078125,24.646846771240234,25.06727409362793,18.623046875,,49.22407531738281,
2030,Mauritius,5.131789684295654,,,,,,,,,,,3.735459804534912,,3078.273681640625,10.492172241210938,7.7076287269592285,7.0237507820129395,3.0105905532836914,-2.0889289379119873,24.59478759765625,24.924787521362305,16.859210968017578,,42.67250442504883,
2025,Mexico,5.774387836456299,,,,,,,,,,,17.86744499206543,,6224.0126953125,6.610611438751221,3.5159056186676025,-0.054378803819417953,3.5771238803863525,-2.6873042583465576,25.170021057128906,23.966814041137695,15.16140079498291,,49.065364837646484,
2026,Mexico,5.520878791809082,,,,,,,,,,,1.2596230506896973,,4077.0556640625,9.526826858520508,10.567594528198242,14.958314895629883,1.682187795639038,-5.933913707733154,25.236074447631836,23.431564331054688,16.640037536621094,,45.65825271606445,
2027,Mexico,5.789285659790039,,,,,,,,,,,10.483258247375488,,9948.654296875,7.613144874572754,1.814221739768982,1.910369873046875,3.8849408626556396,-6.243459224700928,25.745237350463867,25.487438201904297,15.142117500305176,,58.366703033447266,
2028,Mexico,5.991042137145996,,,,,,,,,,,2.058978319168091,,6646.5576171875,7.257455348968506,9.426726341247559,9.87108325958252,3.260159730911255,-4.101345062255859,27.813875198364258,23.264318466186523,15.91758918762207,,46.294986724853516,
2029,Mexico,5.579178333282471,,,,,,,,,,,8.330671310424805,,9301.9638671875,9.223033905029297,4.150030136108398,2.171889066696167,2.8456411361694336,-5.446817874908447,24.5240421295166,26.345932006835938,15.121536254882812,,44.4239616394043,
2030,Mexico,5.157924175262451,,,,,,,,,,,2.215190887451172,,1780.1195068359375,7.349427223205566,8.59216022491455,8.148051261901855,3.1311306953430176,-3.8402483463287354,30.248334884643555,23.15553855895996,16.71815299987793,,50.20252227783203,
2025,Mongolia,5.406759262084961,,,,,,,,,,,28.72217559814453,,3977.3759765625,6.203042507171631,5.62437629699707,3.8607161045074463,3.8899054527282715,-5.04925012588501,25.074430465698242,24.6832332611084,15.122566223144531,,49.9606819152832,
2026,Mongolia,4.684434413909912,,,,,,,,,,,3.7108960151672363,,1423.7615966796875,10.511305809020996,5.21420955657959,16.272233963012695,4.537317752838135,-7.767188549041748,25.34294891357422,22.889022827148438,17.254697799682617,,50.5341911315918,
2027,Mongolia,5.292013168334961,,,,,,,,,,,11.219807624816895,,3767.0068359375,8.455513954162598,2.4950754642486572,4.653609752655029,2.658613443374634,-7.689145565032959,23.12677001953125,24.380712509155273,16.2623291015625,,51.527034759521484,
2028,Mongolia,5.872329235076904,,,,,,,,,,,3.1095101833343506,,5136.02490234375,7.905267238616943,8.663265228271484,11.258005142211914,3.928393602371216,-6.33129358291626,27.66066551208496,23.10940170288086,17.967485427856445,,55.11512756347656,
2029,Mongolia,5.585807800292969,,,,,,,,,,,8.349614143371582,,9676.8115234375,9.939162254333496,2.359470844268799,3.0704541206359863,2.959484338760376,-6.069185256958008,24.662853240966797,27.395004272460938,15.643927574157715,,50.26632308959961,
2030,Mongolia,5.846403121948242,,,,,,,,,,,2.409230947494507,,3978.907958984375,7.058750629425049,8.387044906616211,9.412022590637207,3.6489405632019043,-3.6744296550750732,30.731443405151367,23.620553970336914,16.515962600708008,,48.82386779785156,
2025,Montenegro,5.768936634063721,,,,,,,,,,,133.50198364257812,,4992.9775390625,6.303642749786377,-1.308920979499817,0.8864976763725281,1.7962851524353027,-6.136032581329346,25.663469314575195,23.92801856994629,15.274981498718262,,51.28245544433594,
2026,Montenegro,5.5399088859558105,,,,,,,,,,,0.7458193898200989,,8591.9541015625,10.495494842529297,2.580939531326294,27.027732849121094,2.602518320083618,-5.9822258949279785,25.751625061035156,24.091236114501953,17.222688674926758,,67.60665130615234,
2027,Montenegro,5.991084575653076,,,,,,,,,,,16.0827693939209,,13545.5751953125,10.775007247924805,0.6482434868812561,2.38899302482605,1.2756375074386597,-4.445350646972656,26.41624641418457,25.83344841003418,13.667810440063477,,48.27133560180664,
2028,Montenegro,6.054506778717041,,,,,,,,,,,1.4019888639450073,,6791.29931640625,8.841056823730469,10.359326362609863,16.210472106933594,2.5100743770599365,-2.815479278564453,31.515308380126953,23.835956573486328,16.17657470703125,,49.452125549316406,
2029,Montenegro,4.919399738311768,,,,,,,,,,,10.740528106689453,,7194.365234375,12.78729248046875,-1.5002975463867188,1.4554150104522705,1.6199641227722168,-5.127678394317627,25.8759765625,30.254985809326172,13.3167724609375,,53.68963623046875,
2030,Montenegro,6.003802299499512,,,,,,,,,,,1.1207619905471802,,9435.9677734375,10.130967140197754,12.030828475952148,13.774011611938477,2.865180492401123,-0.33750301599502563,33.24903106689453,23.44412612915039,17.41698455810547,,62.16352462768555,
2025,Morocco,6.092940330505371,,,,,,,,,,,117.04563903808594,,5995.3818359375,5.922647953033447,2.3453972339630127,-0.2904890775680542,2.9981179237365723,-4.326614856719971,25.61357307434082,24.006425857543945,15.315211296081543,,54.0960807800293,
2026,Morocco,5.74095344543457,,,,,,,,,,,1.209054946899414,,8337.0361328125,10.165853500366211,3.432060718536377,24.114553451538086,1.6330463886260986,-5.684127330780029,25.33747673034668,23.733652114868164,17.087345123291016,,47.70502471923828,
2027,Morocco,5.705825328826904,,,,,,,,,,,16.76759910583496,,10404.58203125,11.34972858428955,-3.9986631870269775,2.1796395778656006,2.2129621505737305,-3.6524646282196045,26.061262130737305,25.462106704711914,14.453990936279297,,51.09421157836914,
2028,Morocco,6.015116214752197,,,,,,,,,,,1.6688660383224487,,5403.0634765625,7.925102710723877,8.196648597717285,23.62718963623047,2.874295473098755,-2.508715867996216,28.72628402709961,24.308185577392578,16.157615661621094,,59.450355529785156,
2029,Morocco,5.631199359893799,,,,,,,,,,,16.357275009155273,,11187.6611328125,14.514483451843262,-3.535597324371338,2.459115743637085,1.7181963920593262,-5.453126430511475,26.015880584716797,27.62337875366211,13.944182395935059,,47.576332092285156,
2030,Morocco,5.886474132537842,,,,,,,,,,,1.8209123611450195,,6635.39990234375,7.647078037261963,9.43375015258789,20.442731857299805,1.8122409582138062,-0.600615382194519,32.57057189941406,24.35854721069336,16.382638931274414,,54.64459228515625,
2025,Mozambique,5.649246692657471,,,,,,,,,,,17.852663040161133,,5259.49462890625,6.411975860595703,3.848891258239746,0.34993213415145874,4.963501930236816,-1.6739966869354248,25.153108596801758,23.979467391967773,15.202566146850586,,51.9569206237793,
2026,Mozambique,4.835623741149902,,,,,,,,,,,1.2594282627105713,,1144.489990234375,8.96756362915039,10.787598609924316,15.29157543182373,1.9611775875091553,-6.423913955688477,24.707735061645508,24.07952880859375,16.9342098236084,,54.03664016723633,
2027,Mozambique,5.96300745010376,,,,,,,,,,,11.004287719726562,,11263.6689453125,3.788076639175415,4.432433128356934,2.6768133640289307,4.459202766418457,-9.246832847595215,25.192466735839844,24.797515869140625,16.871871948242188,,58.02611541748047,
2028,Mozambique,5.683126926422119,,,,,,,,,,,2.6052823066711426,,4779.33203125,7.867584705352783,7.920897006988525,8.654341697692871,4.112183094024658,-0.5137717127799988,25.659772872924805,24.728899002075195,16.16679573059082,,43.84807205200195,
2029,Mozambique,5.7836127281188965,,,,,,,,,,,6.806354522705078,,12477.0703125,8.963113784790039,4.495609760284424,2.9495248794555664,3.2595276832580566,-7.198003768920898,25.03440284729004,25.131446838378906,16.96183204650879,,48.73362731933594,
2030,Mozambique,4.330760478973389,,,,,,,,,,,2.0173444747924805,,732.296630859375,8.712852478027344,7.439552307128906,7.428114891052246,3.6199779510498047,-5.5210185050964355,26.401126861572266,23.985374450683594,16.898300170898438,,51.1187858581543,
2025,Myanmar,5.701906681060791,,,,,,,,,,,17.86744499206543,,5865.05322265625,6.411975860595703,3.8432531356811523,0.34993213415145874,4.963501930236816,-1.6692767143249512,25.16954231262207,23.979467391967773,15.261281967163086,,49.916744232177734,
2026,Myanmar,4.894901752471924,,,,,,,,,,,1.3021700382232666,,1858.618408203125,8.905440330505371,10.442093849182129,14.93298053741455,2.0956766605377197,-6.009369850158691,24.72796058654785,23.843229293823242,16.60102081298828,,48.77952575683594,
2027,Myanmar,5.582825183868408,,,,,,,,,,,11.570332527160645,,7277.83447265625,5.006555080413818,2.886918306350708,2.3682167530059814,4.2467427253723145,-6.503057479858398,25.572599411010742,24.579631805419922,15.565150260925293,,58.13368225097656,
2028,Myanmar,6.168834686279297,,,,,,,,,,,2.214792490005493,,10093.4736328125,9.337730407714844,10.05018138885498,10.143879890441895,2.967804431915283,-3.9220027923583984,26.010107040405273,24.733299255371094,16.292102813720703,,41.97318649291992,
2029,Myanmar,5.91688871383667,,,,,,,,,,,8.372581481933594,,9858.1572265625,6.2646660804748535,3.451420783996582,2.1451029777526855,3.4671170711517334,-4.891178131103516,27.263914108276367,25.140745162963867,15.9846773147583,,46.982818603515625,
2030,Myanmar,5.7587361335754395,,,,,,,,,,,2.074814558029175,,6198.4892578125,7.243523597717285,8.103799819946289,8.424278259277344,3.203032970428467,-4.0693840980529785,25.52495002746582,26.3394832611084,15.98705768585205,,39.816165924072266,
2025,Namibia,5.188290119171143,,,,,,,,,,,133.36212158203125,,2340.31591796875,6.294021129608154,-2.3492062091827393,-0.6408035755157471,8.970610618591309,-6.89975118637085,25.257160186767578,23.9140625,15.186840057373047,,52.25767517089844,
2026,Namibia,5.888922214508057,,,,,,,,,,,0.945972740650177,,10218.35546875,7.646473407745361,5.229041576385498,25.27754020690918,2.5360238552093506,-7.248287200927734,23.995635986328125,22.338268280029297,17.585729598999023,,67.57029724121094,
2027,Namibia,6.165862560272217,,,,,,,,,,,16.49102210998535,,9162.11328125,8.378694534301758,-0.8411125540733337,2.152794599533081,1.6892496347427368,-4.748899459838867,24.143831253051758,25.25420570373535,13.568387031555176,,47.13561248779297,
2028,Namibia,6.14492654800415,,,,,,,,,,,1.6669420003890991,,8032.39453125,7.9336256980896,10.920498847961426,16.720216751098633,2.5223946571350098,-2.8719639778137207,28.127819061279297,23.06075668334961,16.134685516357422,,63.31986618041992,
2029,Namibia,5.73525333404541,,,,,,,,,,,11.0186185836792,,10063.5166015625,10.470044136047363,1.71958589553833,2.01119327545166,1.5550334453582764,-6.018990993499756,26.49129867553711,27.591657638549805,12.217698097229004,,46.13520812988281,
2030,Namibia,6.148554801940918,,,,,,,,,,,2.141242265701294,,9941.9501953125,8.074675559997559,11.190435409545898,11.8798246383667,3.3007497787475586,-1.443464756011963,32.2456169128418,21.56698226928711,16.451396942138672,,46.705963134765625,
2025,Nepal,5.618114948272705,,,,,,,,,,,117.06620025634766,,3666.353759765625,6.411975860595703,4.256810188293457,2.5348381996154785,3.9162561893463135,-3.8107800483703613,25.63109588623047,23.781015396118164,15.260087013244629,,51.802223205566406,
2026,Nepal,4.20174503326416,,,,,,,,,,,2.326293468475342,,739.39501953125,9.72446346282959,2.315153121948242,22.700061798095703,1.4043337106704712,-8.244256973266602,24.570526123046875,23.094131469726562,17.264114379882812,,51.39862823486328,
2027,Nepal,6.0005011558532715,,,,,,,,,,,17.863161087036133,,11774.6669921875,9.709003448486328,0.3415006995201111,4.133139133453369,2.749577760696411,-13.710705757141113,24.647727966308594,24.59156036376953,17.143997192382812,,57.62489700317383,
2028,Nepal,5.453594207763672,,,,,,,,,,,2.5013210773468018,,5603.06689453125,10.622892379760742,7.3181304931640625,17.126052856445312,3.3802804946899414,-4.069558620452881,28.125288009643555,23.33514404296875,16.5660343170166,,50.925743103027344,
2029,Nepal,5.515321254730225,,,,,,,,,,,11.014554977416992,,9462.6484375,12.02206039428711,-0.5572797060012817,3.1327126026153564,1.878522515296936,-5.630023956298828,25.013601303100586,27.611309051513672,14.741870880126953,,51.43943786621094,
2030,Nepal,5.92970085144043,,,,,,,,,,,2.041055917739868,,5403.89013671875,7.033054351806641,8.735713005065918,13.439729690551758,2.7714338302612305,-0.6316046714782715,33.89400100708008,23.136180877685547,16.004100799560547,,54.37929153442383,
2025,Netherlands,5.755599498748779,,,,,,,,,,,17.852663040161133,,7261.791015625,6.303642749786377,3.890517473220825,-1.0699355602264404,3.2778985500335693,-2.9680118560791016,25.099960327148438,24.141204833984375,15.166004180908203,,51.46611785888672,
2026,Netherlands,4.851762771606445,,,,,,,,,,,1.2116056680679321,,1871.7393798828125,10.243462562561035,10.731109619140625,14.608440399169922,1.6931288242340088,-5.503382682800293,25.214637756347656,23.385955810546875,16.55516242980957,,43.4821662902832,
2027,Netherlands,5.842670440673828,,,,,,,,,,,11.510750770568848,,10123.4765625,5.237995147705078,3.1463675498962402,2.4969639778137207,4.332198619842529,-6.514528751373291,25.498144149780273,24.874248504638672,15.049880027770996,,56.493831634521484,
2028,Netherlands,6.247673511505127,,,,,,,,,,,2.2354981899261475,,9582.1865234375,6.749128818511963,8.689640998840332,10.122758865356445,3.217580556869507,-2.4967381954193115,26.671916961669922,24.22995376586914,16.351943969726562,,42.11396026611328,
2029,Netherlands,5.949519634246826,,,,,,,,,,,8.281332015991211,,9840.1865234375,6.456483364105225,3.141073703765869,2.1194233894348145,3.116684913635254,-4.445745468139648,25.39794158935547,25.963211059570312,16.123014450073242,,42.425254821777344,
2030,Netherlands,5.982259750366211,,,,,,,,,,,2.074814558029175,,5771.0986328125,7.318806171417236,8.169015884399414,9.26103687286377,3.482445478439331,-4.293940544128418,28.085369110107422,24.22026824951172,16.708181381225586,,43.35663986206055,
2025,New Zealand,5.607964992523193,,,,,,,,,,,16.983741760253906,,7222.0771484375,6.285892486572266,2.875335216522217,-0.799662172794342,3.1454856395721436,-4.054839611053467,25.176158905029297,24.33087921142578,15.139018058776855,,50.22113800048828,
2026,New Zealand,5.670637607574463,,,,,,,,,,,1.1966660022735596,,4784.7666015625,10.099861145019531,10.843171119689941,15.129215240478516,1.9298707246780396,-4.696467876434326,26.127046585083008,23.243677139282227,16.50476837158203,,44.23502731323242,
2027,New Zealand,6.219841957092285,,,,,,,,,,,10.423676490783691,,9695.2236328125,7.686062812805176,1.6399914026260376,1.8955066204071045,3.7251906394958496,-6.353249549865723,25.552433013916016,26.841360092163086,14.756401062011719,,55.69696807861328,
2028,New Zealand,5.964907646179199,,,,,,,,,,,2.058978319168091,,5681.77880859375,7.470873832702637,8.792499542236328,10.362237930297852,3.0575337409973145,-2.1648592948913574,30.673885345458984,23.24016761779785,16.44365692138672,,46.18110275268555,
2029,New Zealand,5.539321422576904,,,,,,,,,,,8.277107238769531,,8789.685546875,11.624813079833984,3.32361102104187,2.3041982650756836,2.756819486618042,-5.3068528175354,24.275676727294922,28.7889404296875,14.959321975708008,,46.125492095947266,
2030,New Zealand,5.755446910858154,,,,,,,,,,,2.3280889987945557,,4119.48046875,7.128737449645996,9.990341186523438,8.824433326721191,3.5918009281158447,-3.7442431449890137,32.71089172363281,23.24028205871582,17.50928497314453,,47.08916473388672,
2025,Nicaragua,5.569578647613525,,,,,,,,,,,18.084428787231445,,4721.3330078125,6.554826736450195,3.501291036605835,0.1482032984495163,3.824604034423828,-4.099330425262451,25.867691040039062,24.108442306518555,15.086281776428223,,51.53194046020508,
2026,Nicaragua,5.777744770050049,,,,,,,,,,,1.3076921701431274,,5294.048828125,9.985932350158691,10.783902168273926,17.67189598083496,2.0971972942352295,-8.172396659851074,25.436843872070312,23.92869758605957,17.358226776123047,,50.10725021362305,
2027,Nicaragua,5.509599208831787,,,,,,,,,,,18.08707618713379,,8915.1943359375,10.847949028015137,0.38790199160575867,1.9417409896850586,1.883523941040039,-5.053807735443115,25.166980743408203,26.138011932373047,15.738560676574707,,57.036537170410156,
2028,Nicaragua,6.0596137046813965,,,,,,,,,,,1.7293576002120972,,6436.12890625,7.979495048522949,9.596869468688965,18.647682189941406,2.5158658027648926,-4.992037773132324,31.790578842163086,23.719253540039062,16.125232696533203,,57.300838470458984,
2029,Nicaragua,5.798403739929199,,,,,,,,,,,17.069622039794922,,10544.0712890625,12.186734199523926,1.0715168714523315,1.8684232234954834,1.4198228120803833,-5.235574245452881,26.106351852416992,29.992673873901367,13.376955032348633,,50.53058624267578,
2030,Nicaragua,6.106712341308594,,,,,,,,,,,1.8611000776290894,,8179.49365234375,8.190201759338379,11.071256637573242,16.728670120239258,2.6921072006225586,-2.089750289916992,33.533756256103516,23.785696029663086,17.679828643798828,,53.489219665527344,
2025,Niger,5.649722099304199,,,,,,,,,,,14.39886474609375,,6060.12109375,6.262927532196045,2.4507150650024414,1.5529009103775024,4.543760299682617,-1.32243013381958,24.858566284179688,23.171772003173828,15.095305442810059,,48.017578125,
2026,Niger,6.051928997039795,,,,,,,,,,,1.60927414894104,,5856.50146484375,8.196934700012207,8.968457221984863,14.394861221313477,1.9912011623382568,-4.512285232543945,24.302202224731445,23.85499382019043,16.24114227294922,,49.18532180786133,
2027,Niger,5.832841396331787,,,,,,,,,,,10.446718215942383,,9070.78125,7.864884853363037,1.1170772314071655,2.1505191326141357,3.658766746520996,-4.658478260040283,25.94647789001465,25.16649627685547,15.838461875915527,,54.77519226074219,
2028,Niger,5.891921043395996,,,,,,,,,,,1.8213212490081787,,6304.4326171875,8.196257591247559,9.044920921325684,10.500358581542969,2.936002731323242,-5.460907459259033,28.423137664794922,24.06792640686035,16.349950790405273,,45.29930877685547,
2029,Niger,5.696637153625488,,,,,,,,,,,8.361285209655762,,10273.3017578125,10.657384872436523,3.6008646488189697,2.0310776233673096,2.9138290882110596,-5.324055194854736,26.194482803344727,26.449459075927734,15.241904258728027,,49.2922477722168,
2030,Niger,5.799468994140625,,,,,,,,,,,2.1709630489349365,,4209.443359375,7.478507041931152,7.751393795013428,8.232885360717773,3.5049829483032227,-3.8872456550598145,30.610687255859375,23.73797607421875,16.811893463134766,,46.005462646484375,
2025,Nigeria,5.722224235534668,,,,,,,,,,,17.86744499206543,,5865.05322265625,6.411975860595703,3.8432531356811523,0.34993213415145874,4.963501930236816,-1.3404936790466309,25.16954231262207,23.979467391967773,15.261281967163086,,49.916744232177734,
2026,Nigeria,4.880499362945557,,,,,,,,,,,1.3021700382232666,,1858.618408203125,8.9641752243042,10.442093849182129,14.93298053741455,2.0158228874206543,-6.009369850158691,24.484420776367188,23.843229293823242,16.60102081298828,,48.7021369934082,
2027,Nigeria,5.572134494781494,,,,,,,,,,,11.570332527160645,,7694.86083984375,4.993973255157471,2.886918306350708,2.3682167530059814,4.333951950073242,-6.53761100769043,25.572599411010742,24.618202209472656,15.558906555175781,,58.61140823364258,
2028,Nigeria,6.311611175537109,,,,,,,,,,,2.2354981899261475,,10093.240234375,8.809000968933105,10.754899024963379,10.084328651428223,2.813516855239868,-4.024148464202881,26.641483306884766,24.710847854614258,16.12066078186035,,41.93047332763672,
2029,Nigeria,5.962181091308594,,,,,,,,,,,8.438490867614746,,9753.005859375,6.313159465789795,3.451420783996582,2.1016476154327393,3.638415575027466,-4.730362892150879,27.397506713867188,25.53120994567871,16.021411895751953,,51.53899383544922,
2030,Nigeria,5.742388725280762,,,,,,,,,,,2.041008472442627,,5461.982421875,7.346511363983154,8.103799819946289,8.617880821228027,3.1029112339019775,-4.568643093109131,25.55339241027832,26.17377281188965,15.880186080932617,,39.88628387451172,
2025,North Macedonia,5.510483264923096,,,,,,,,,,,133.97271728515625,,3249.766357421875,6.303642749786377,-1.9718928337097168,0.6835103631019592,2.050351858139038,-5.234368324279785,25.663469314575195,23.92801856994629,15.28747844696045,,51.34832763671875,
2026,North Macedonia,5.610631465911865,,,,,,,,,,,0.8478203415870667,,8591.9541015625,8.883052825927734,3.0131494998931885,27.269283294677734,3.062324285507202,-6.333991527557373,25.395397186279297,22.863401412963867,17.164194107055664,,67.52999877929688,
2027,North Macedonia,5.994112014770508,,,,,,,,,,,15.969374656677246,,11118.1875,10.699615478515625,-0.5499099493026733,2.423954725265503,1.082258939743042,-4.196599006652832,25.513635635375977,25.23927116394043,13.630887031555176,,50.95526885986328,
2028,North Macedonia,6.061374187469482,,,,,,,,,,,1.9812936782836914,,6322.2724609375,8.641382217407227,10.687249183654785,16.596479415893555,2.08658766746521,-2.086810827255249,28.726511001586914,23.501733779907227,16.05746078491211,,52.490753173828125,
2029,North Macedonia,5.723416328430176,,,,,,,,,,,10.997913360595703,,8870.6904296875,11.435933113098145,-1.9326832294464111,1.9942431449890137,1.6499955654144287,-5.552447319030762,25.82844352722168,27.821544647216797,13.070298194885254,,55.28767776489258,
2030,North Macedonia,6.284883499145508,,,,,,,,,,,1.2742058038711548,,10051.7919921875,8.457229614257812,13.869124412536621,15.957640647888184,2.9940667152404785,-1.267909049987793,32.704620361328125,22.835948944091797,16.258380889892578,,63.69717788696289,
2025,Norway,5.786472797393799,,,,,,,,,,,17.852663040161133,,7515.88916015625,6.303642749786377,3.496349334716797,-1.2657859325408936,3.7335240840911865,-3.710332155227661,25.160606384277344,24.152402877807617,15.142712593078613,,52.223941802978516,
2026,Norway,5.6261796951293945,,,,,,,,,,,1.2732672691345215,,4550.224609375,9.767855644226074,11.028663635253906,14.675400733947754,1.7865161895751953,-5.640233039855957,25.23773956298828,23.458410263061523,16.2884521484375,,43.68177032470703,
2027,Norway,5.711997985839844,,,,,,,,,,,10.423676490783691,,8255.1220703125,7.487849235534668,1.867922067642212,1.8665664196014404,3.5613772869110107,-5.901310920715332,25.667062759399414,25.713430404663086,15.026719093322754,,56.90766906738281,
2028,Norway,5.95448637008667,,,,,,,,,,,2.0752968788146973,,6177.4443359375,8.861746788024902,9.78327751159668,9.82612419128418,2.8592257499694824,-5.074756145477295,27.676715850830078,23.27050018310547,16.603551864624023,,46.409400939941406,
2029,Norway,5.822383880615234,,,,,,,,,,,8.330671310424805,,8709.4140625,7.762845993041992,4.552178382873535,2.087510347366333,2.887176990509033,-5.7116007804870605,25.680810928344727,26.658733367919922,15.670159339904785,,51.877464294433594,
2030,Norway,5.054324150085449,,,,,,,,,,,2.239802360534668,,1257.5814208984375,8.179372787475586,8.784311294555664,8.159902572631836,2.963196039199829,-5.02908992767334,30.368520736694336,23.915441513061523,16.86711883544922,,47.433589935302734,
2025,Oman,5.701906681060791,,,,,,,,,,,17.86744499206543,,5865.05322265625,6.411975860595703,3.9083776473999023,0.34993213415145874,4.963501930236816,-1.6692767143249512,25.15607452392578,23.979467391967773,15.261281967163086,,49.916744232177734,
2026,Oman,4.904733657836914,,,,,,,,,,,1.3146209716796875,,1858.618408203125,8.905440330505371,10.442093849182129,14.812463760375977,2.0956766605377197,-6.009369850158691,24.72796058654785,23.843229293823242,16.60102081298828,,48.77952575683594,
2027,Oman,5.58829402923584,,,,,,,,,,,11.570332527160645,,7277.83447265625,5.006555080413818,3.0175650119781494,2.3682167530059814,4.138130187988281,-6.503057479858398,25.572599411010742,24.579631805419922,15.565150260925293,,58.13368225097656,
2028,Oman,6.114616394042969,,,,,,,,,,,2.214792490005493,,9847.5029296875,9.285893440246582,10.05018138885498,10.143879890441895,2.978963613510132,-3.9220027923583984,26.010107040405273,24.733299255371094,16.2204532623291,,41.90562438964844,
2029,Oman,5.8841872215271,,,,,,,,,,,8.372581481933594,,9858.1572265625,6.3627095222473145,3.8067665100097656,2.1451029777526855,3.4698071479797363,-4.958375930786133,27.166481018066406,25.140745162963867,16.08956527709961,,47.03194046020508,
2030,Oman,5.489466667175293,,,,,,,,,,,2.162034273147583,,3832.61572265625,7.215847492218018,8.103799819946289,8.22165584564209,3.5052895545959473,-4.568643093109131,25.482501983642578,25.878881454467773,16.111026763916016,,39.933406829833984,
2025,Pakistan,5.657826900482178,,,,,,,,,,,28.6212158203125,,3981.30078125,6.021069526672363,5.909081935882568,4.941035270690918,3.3807919025421143,-2.878206253051758,24.921377182006836,24.666641235351562,15.131281852722168,,50.04502487182617,
2026,Pakistan,4.3719635009765625,,,,,,,,,,,4.514847278594971,,930.2320556640625,10.620169639587402,4.779285907745361,16.08436393737793,4.634729385375977,-7.643304824829102,25.1949462890625,22.98480224609375,17.20531463623047,,49.642921447753906,
2027,Pakistan,5.094306945800781,,,,,,,,,,,11.383646965026855,,2981.311767578125,7.59083890914917,3.93144154548645,5.945149898529053,2.9749748706817627,-9.403858184814453,22.897043228149414,24.38559913635254,17.0719051361084,,51.42837142944336,
2028,Pakistan,4.524614334106445,,,,,,,,,,,5.0619215965271,,440.730712890625,9.234773635864258,7.3436665534973145,10.183161735534668,4.580459117889404,-6.085203170776367,26.698551177978516,21.75423240661621,18.228315353393555,,49.57177734375,
2029,Pakistan,5.3768086433410645,,,,,,,,,,,10.786158561706543,,5039.37060546875,6.477651119232178,18.047494888305664,6.027965068817139,4.016568183898926,-23.038400650024414,25.925811767578125,24.365154266357422,18.063709259033203,,50.8157844543457,
2030,Pakistan,4.982306003570557,,,,,,,,,,,6.569011688232422,,3512.785400390625,11.09019660949707,6.822556018829346,4.37460994720459,3.7865676879882812,-5.812656879425049,24.1661376953125,25.695730209350586,16.851497650146484,,64.74341583251953,
2025,Panama,6.059233665466309,,,,,,,,,,,117.04563903808594,,6859.20751953125,5.965150833129883,2.2125744819641113,-0.42766356468200684,3.127711534500122,-3.969953775405884,25.454660415649414,24.04957389831543,15.472835540771484,,51.63282012939453,
2026,Panama,5.531097412109375,,,,,,,,,,,1.1539242267608643,,6291.93896484375,10.411774635314941,3.316551923751831,24.21552848815918,1.9156376123428345,-5.213834285736084,24.98053550720215,23.46140480041504,16.58636474609375,,44.56867599487305,
2027,Panama,5.89008903503418,,,,,,,,,,,16.74689292907715,,9350.228515625,9.19885540008545,-3.993828535079956,2.311601161956787,2.42885422706604,-3.0202722549438477,25.64650535583496,25.61703872680664,14.573589324951172,,50.75709533691406,
2028,Panama,6.060038089752197,,,,,,,,,,,1.464248538017273,,5301.23046875,8.62677001953125,8.183605194091797,23.679489135742188,2.2892842292785645,-2.1248276233673096,28.500591278076172,23.914020538330078,16.027639389038086,,57.71233367919922,
2029,Panama,5.686670303344727,,,,,,,,,,,16.357275009155273,,11214.9375,13.844123840332031,-5.7877278327941895,2.3943276405334473,1.9687869548797607,-5.315855026245117,25.164878845214844,27.885160446166992,13.937114715576172,,54.284969329833984,
2030,Panama,5.899453163146973,,,,,,,,,,,1.6391962766647339,,7285.69482421875,7.553160190582275,10.10673999786377,24.175609588623047,1.6158063411712646,-0.19975115358829498,32.53668975830078,23.253366470336914,16.273456573486328,,56.72654724121094,
2025,Paraguay,5.7318525314331055,,,,,,,,,,,117.29275512695312,,4443.95751953125,6.303642749786377,3.6338489055633545,0.21923533082008362,3.22737979888916,-4.533061504364014,25.489553451538086,24.057037353515625,15.197129249572754,,50.30430603027344,
2026,Paraguay,5.364923477172852,,,,,,,,,,,1.347817301750183,,5080.546875,10.542640686035156,3.3730452060699463,23.24063491821289,1.9851974248886108,-7.896618843078613,25.07227325439453,23.700857162475586,17.346683502197266,,50.02475357055664,
2027,Paraguay,4.99027681350708,,,,,,,,,,,16.604206085205078,,8368.666015625,12.27743911743164,-3.6747264862060547,2.758852005004883,2.059288263320923,-3.464348554611206,25.147733688354492,25.848506927490234,16.140134811401367,,55.930419921875,
2028,Paraguay,5.928343772888184,,,,,,,,,,,1.9186174869537354,,7087.11962890625,9.209813117980957,8.93374252319336,22.646604537963867,1.7942492961883545,-3.5010528564453125,30.46148681640625,24.349411010742188,16.08994483947754,,55.27132034301758,
2029,Paraguay,5.654079437255859,,,,,,,,,,,17.078163146972656,,12760.333984375,13.315813064575195,-4.929971218109131,1.9772405624389648,1.4582432508468628,-5.673827171325684,25.88273811340332,29.053205490112305,13.690763473510742,,50.06084442138672,
2030,Paraguay,5.925160884857178,,,,,,,,,,,0.9255899786949158,,7853.7138671875,8.539321899414062,10.439173698425293,24.84885025024414,2.106276273727417,0.11062038689851761,34.06377029418945,23.732179641723633,17.204769134521484,,64.04947662353516,
2025,Peru,5.700455665588379,,,,,,,,,,,16.983741760253906,,7396.79052734375,5.844825744628906,3.046358823776245,-1.031614899635315,3.09442138671875,-4.13260555267334,25.173200607299805,24.359556198120117,15.087931632995605,,51.58298110961914,
2026,Peru,5.689144134521484,,,,,,,,,,,1.179702639579773,,4589.80859375,10.01460075378418,10.76623821258545,14.94151782989502,1.8902021646499634,-4.304419040679932,26.05140495300293,23.410987854003906,16.503087997436523,,43.04602813720703,
2027,Peru,6.168585300445557,,,,,,,,,,,10.423676490783691,,9695.2236328125,7.644254684448242,1.4242290258407593,1.8955066204071045,3.703653335571289,-6.729394435882568,25.552433013916016,26.834671020507812,14.86133098602295,,55.44994354248047,
2028,Peru,6.073941230773926,,,,,,,,,,,1.7495945692062378,,5689.07568359375,7.470873832702637,8.771232604980469,10.462825775146484,3.1412134170532227,-2.1648592948913574,30.59770393371582,23.24016761779785,16.655391693115234,,48.298622131347656,
2029,Peru,5.449033260345459,,,,,,,,,,,8.277107238769531,,8676.490234375,11.933586120605469,2.949734926223755,1.9085767269134521,2.756819486618042,-5.139418125152588,23.673032760620117,28.404399871826172,14.871526718139648,,45.45847702026367,
2030,Peru,5.7832865715026855,,,,,,,,,,,2.168853282928467,,4051.166259765625,6.7995924949646,9.346893310546875,9.189741134643555,3.5588326454162598,-4.225778579711914,32.110801696777344,23.115827560424805,17.162458419799805,,50.13755416870117,
2025,Philippines,5.990865230560303,,,,,,,,,,,14.896306037902832,,10193.955078125,6.303642749786377,2.1340315341949463,-2.7451579570770264,3.1638753414154053,-4.102407455444336,25.11639404296875,23.146242141723633,15.2178316116333,,48.98787307739258,
2026,Philippines,5.859255313873291,,,,,,,,,,,1.3765546083450317,,4959.86962890625,8.542774200439453,11.096482276916504,14.250198364257812,2.0985753536224365,-3.230710744857788,26.04683494567871,24.093015670776367,12.998845100402832,,47.314537048339844,
2027,Philippines,6.021146774291992,,,,,,,,,,,10.351322174072266,,10819.201171875,8.08578109741211,2.5303664207458496,1.9328981637954712,3.3973422050476074,-5.318041801452637,25.657737731933594,24.642290115356445,15.863664627075195,,57.81231689453125,
2028,Philippines,6.088258743286133,,,,,,,,,,,2.0157155990600586,,5826.552734375,8.269758224487305,8.410013198852539,9.334691047668457,3.219416618347168,-3.884371757507324,27.64223861694336,23.9902286529541,15.87240219116211,,50.811832427978516,
2029,Philippines,5.525331020355225,,,,,,,,,,,8.317358016967773,,7569.77734375,9.567442893981934,4.51211404800415,2.1642584800720215,2.9138290882110596,-5.3873677253723145,25.148672103881836,25.943506240844727,15.989523887634277,,52.162601470947266,
2030,Philippines,4.200000286102295,,,,,,,,,,,2.239802360534668,,287.4383850097656,8.941075325012207,9.17153549194336,8.148051261901855,3.110633134841919,-5.474788188934326,28.944005966186523,23.901565551757812,17.120023727416992,,50.96249008178711,
2025,Poland,5.747716426849365,,,,,,,,,,,17.700212478637695,,6248.0048828125,6.303642749786377,3.83689546585083,-0.8727931976318359,3.4892075061798096,-2.6444013118743896,25.11639404296875,23.138402938842773,15.215922355651855,,49.732643127441406,
2026,Poland,4.710360527038574,,,,,,,,,,,1.2348296642303467,,1256.3316650390625,9.737125396728516,11.038589477539062,14.987744331359863,1.7256908416748047,-5.417852401733398,25.202972412109375,23.464054107666016,16.477067947387695,,45.72026443481445,
2027,Poland,5.595121383666992,,,,,,,,,,,11.027470588684082,,8239.8994140625,5.097108840942383,3.9314687252044678,2.4884443283081055,4.722579002380371,-6.841472148895264,25.595788955688477,24.830646514892578,15.368817329406738,,56.89822006225586,
2028,Poland,5.983886241912842,,,,,,,,,,,2.196521759033203,,5716.42578125,8.211138725280762,9.569500923156738,9.256555557250977,2.9309511184692383,-4.004485130310059,26.652494430541992,24.293582916259766,16.835193634033203,,42.090091705322266,
2029,Poland,5.778848171234131,,,,,,,,,,,8.329523086547852,,9897.5615234375,8.335406303405762,4.750776290893555,2.136678695678711,3.268357515335083,-5.671716213226318,25.954681396484375,25.991870880126953,17.12151336669922,,50.50954055786133,
2030,Poland,5.020132064819336,,,,,,,,,,,2.3233530521392822,,1322.4132080078125,8.080609321594238,8.253783226013184,8.061819076538086,3.408066511154175,-4.703629016876221,28.382057189941406,24.706974029541016,16.85442352294922,,50.55311584472656,
2025,Portugal,5.944774150848389,,,,,,,,,,,117.04563903808594,,7227.36767578125,6.297473430633545,2.2545902729034424,-0.2324199080467224,3.0057947635650635,-4.803847312927246,25.501102447509766,24.06269073486328,15.45114803314209,,51.34498596191406,
2026,Portugal,5.448766231536865,,,,,,,,,,,1.209054946899414,,5976.18408203125,10.82532787322998,2.6279890537261963,24.13745880126953,1.7210705280303955,-5.999586582183838,25.408193588256836,23.67649269104004,16.528621673583984,,45.239444732666016,
2027,Portugal,5.687950134277344,,,,,,,,,,,16.9207763671875,,10096.0361328125,9.741795539855957,-3.8337841033935547,2.4047510623931885,2.1714162826538086,-3.0775253772735596,25.4545955657959,25.792781829833984,15.205794334411621,,52.347679138183594,
2028,Portugal,5.855090141296387,,,,,,,,,,,1.4427003860473633,,4864.76318359375,8.360115051269531,7.61798095703125,23.6950740814209,2.680009603500366,-2.287655830383301,31.08673095703125,23.577913284301758,16.08230209350586,,54.62782669067383,
2029,Portugal,5.531203746795654,,,,,,,,,,,16.350208282470703,,10751.1513671875,13.658199310302734,-6.643599987030029,1.9488434791564941,1.983267068862915,-6.3556904792785645,25.23880958557129,30.034957885742188,14.276479721069336,,52.299259185791016,
2030,Portugal,5.946706771850586,,,,,,,,,,,1.5809266567230225,,4698.6328125,7.498582363128662,9.507848739624023,24.032926559448242,1.6158778667449951,0.6939223408699036,34.36126708984375,23.30013656616211,17.321269989013672,,62.33759689331055,
2025,Puerto Rico,4.404429912567139,,,,,,,,,,,3.1922831535339355,,1507.909912109375,11.471385955810547,5.5358171463012695,5.595342636108398,2.386687755584717,-1.333695650100708,26.8115177154541,23.898889541625977,14.880271911621094,,53.72978973388672,
2026,Puerto Rico,5.68888521194458,,,,,,,,,,,5.36036491394043,,6930.94189453125,7.154643535614014,6.949182033538818,3.7879676818847656,4.101653575897217,-7.592071533203125,26.147294998168945,23.61757469177246,17.334035873413086,,53.785179138183594,
2027,Puerto Rico,5.120296478271484,,,,,,,,,,,3.6286826133728027,,4505.1103515625,11.373815536499023,7.504134178161621,5.146145343780518,2.9603118896484375,-6.103338718414307,23.963645935058594,24.662052154541016,17.251001358032227,,42.629112243652344,
2028,Puerto Rico,5.1121416091918945,,,,,,,,,,,4.869776725769043,,2933.50439453125,10.807336807250977,7.71555233001709,3.2364161014556885,3.874866008758545,-7.348817825317383,25.736936569213867,24.056547164916992,17.954776763916016,,53.579227447509766,
2029,Puerto Rico,5.642103672027588,,,,,,,,,,,2.967653751373291,,3675.2451171875,7.48723840713501,8.575333595275879,5.27631950378418,4.128974437713623,-8.338626861572266,24.75642967224121,24.028766632080078,18.22508430480957,,54.37334442138672,
2030,Puerto Rico,5.831976890563965,,,,,,,,,,,4.663677215576172,,10935.1298828125,9.942191123962402,5.779150009155273,3.0954337120056152,3.5557665824890137,-7.2016215324401855,23.372121810913086,23.784154891967773,17.871740341186523,,51.639488220214844,
2025,Qatar,6.055967807769775,,,,,,,,,,,1.9905439615249634,,17677.169921875,1.7046306133270264,-6.6853485107421875,9.805188179016113,3.1028249263763428,11.542478561401367,24.95761489868164,24.387155532836914,15.07152271270752,,48.25313949584961,
2026,Qatar,5.871949672698975,,,,,,,,,,,1.4264888763427734,,18655.416015625,5.147637844085693,-0.7657887935638428,13.677214622497559,3.1074423789978027,8.864100456237793,24.041921615600586,29.116737365722656,14.518858909606934,,39.10940170288086,
2027,Qatar,5.78231954574585,,,,,,,,,,,4.320962905883789,,10895.9755859375,3.623063087463379,-1.9243850708007812,4.504296779632568,3.722731113433838,3.2286744117736816,27.13868522644043,29.70433235168457,15.01263427734375,,36.668495178222656,
2028,Qatar,6.123514652252197,,,,,,,,,,,2.5896966457366943,,12328.037109375,4.02944278717041,3.7271718978881836,8.642237663269043,3.7215828895568848,3.4567248821258545,28.906740188598633,26.21425437927246,17.192169189453125,,41.553287506103516,
2029,Qatar,5.898386001586914,,,,,,,,,,,6.003478050231934,,11078.7255859375,8.0372314453125,1.7394249439239502,2.714949369430542,3.7469675540924072,-1.1101107597351074,26.606542587280273,28.22555923461914,14.491806030273438,,35.05607223510742,
2030,Qatar,6.054190635681152,,,,,,,,,,,2.2106218338012695,,4657.37744140625,5.046060562133789,8.04162883758545,8.176986694335938,3.410184383392334,-3.2374448776245117,30.257381439208984,24.371356964111328,16.815805435180664,,46.61859130859375,
2025,Republic of Korea,6.064332485198975,,,,,,,,,,,17.86744499206543,,9748.79296875,5.972952842712402,2.2873973846435547,-1.293248176574707,3.1984505653381348,-2.7325356006622314,25.12794303894043,23.2329044342041,15.180171012878418,,50.26568603515625,
2026,Republic of Korea,5.893235206604004,,,,,,,,,,,1.168316125869751,,4586.16162109375,8.147531509399414,10.203564643859863,15.996606826782227,2.257108449935913,-3.773407459259033,25.43325424194336,23.62984848022461,13.064395904541016,,45.735443115234375,
2027,Republic of Korea,6.240698337554932,,,,,,,,,,,10.811697006225586,,8879.6884765625,7.6368913650512695,1.6292062997817993,2.0083343982696533,2.057260513305664,-5.256178379058838,25.557355880737305,23.99188232421875,14.843888282775879,,57.10262680053711,
2028,Republic of Korea,6.171163082122803,,,,,,,,,,,1.8033180236816406,,8110.90283203125,8.868005752563477,9.546172142028809,10.369043350219727,2.7198541164398193,-4.56150484085083,28.60175323486328,23.16156005859375,16.04566192626953,,47.916419982910156,
2029,Republic of Korea,5.628287315368652,,,,,,,,,,,8.374923706054688,,8506.0673828125,9.764975547790527,4.064750671386719,2.06177020072937,2.7886810302734375,-6.215003967285156,26.82318878173828,26.18366241455078,14.745044708251953,,49.228336334228516,
2030,Republic of Korea,5.017340183258057,,,,,,,,,,,2.239992141723633,,1607.12158203125,8.128389358520508,8.858623504638672,8.193012237548828,3.0158331394195557,-4.702198028564453,30.062679290771484,24.142776489257812,17.01527214050293,,46.04405975341797,
2025,Republic of Moldova,5.861791133880615,,,,,,,,,,,14.39886474609375,,9126.6923828125,6.554826736450195,1.5347504615783691,-2.3596198558807373,3.400341510772705,-1.9951746463775635,25.21343231201172,23.084253311157227,15.16140079498291,,48.70290756225586,
2026,Republic of Moldova,5.783720970153809,,,,,,,,,,,1.0749905109405518,,4184.26318359375,7.979033470153809,11.712890625,15.366625785827637,1.3641597032546997,-5.158715724945068,25.922698974609375,24.180160522460938,12.355008125305176,,49.92487335205078,
2027,Republic of Moldova,6.376931667327881,,,,,,,,,,,10.329743385314941,,12264.814453125,8.263643264770508,4.37973690032959,1.9484076499938965,3.693464994430542,-5.6754469871521,26.539932250976562,23.332223892211914,14.600728988647461,,53.60368728637695,
2028,Republic of Moldova,5.416745662689209,,,,,,,,,,,1.77042555809021,,2493.708251953125,7.855578899383545,7.712923526763916,8.300087928771973,3.115159034729004,-3.7423064708709717,27.486480712890625,23.63968849182129,16.230831146240234,,49.344017028808594,
2029,Republic of Moldova,5.373819351196289,,,,,,,,,,,7.244932651519775,,6755.4658203125,6.905066013336182,5.795269966125488,2.751406192779541,3.58064866065979,-7.205370903015137,25.31329917907715,25.14330291748047,16.62813377380371,,47.0479621887207,
2030,Republic of Moldova,4.910743236541748,,,,,,,,,,,2.4782519340515137,,1740.8609619140625,8.943236351013184,9.11612319946289,6.321210861206055,3.1764087677001953,-6.134466648101807,25.342479705810547,24.150163650512695,17.373126983642578,,44.53807067871094,
2025,Romania,5.672632694244385,,,,,,,,,,,28.72217559814453,,4679.880859375,4.521786212921143,3.543184280395508,-1.975129246711731,1.3589599132537842,-3.41340708732605,25.113338470458984,24.636476516723633,14.958738327026367,,53.15542221069336,
2026,Romania,6.032228469848633,,,,,,,,,,,1.1911529302597046,,9700.9453125,12.476666450500488,8.803606033325195,16.401081085205078,5.811500072479248,-7.2430219650268555,25.268199920654297,23.930408477783203,14.716565132141113,,51.319175720214844,
2027,Romania,6.375398635864258,,,,,,,,,,,10.924924850463867,,11744.8828125,6.131467342376709,-0.3385378122329712,1.7439112663269043,1.4350939989089966,-3.3666062355041504,26.017597198486328,24.640113830566406,14.288540840148926,,50.9632568359375,
2028,Romania,6.460839748382568,,,,,,,,,,,1.0074150562286377,,11522.6181640625,9.063310623168945,8.679889678955078,13.12415599822998,3.0419859886169434,-1.2693569660186768,28.2594051361084,23.999492645263672,16.019216537475586,,52.127010345458984,
2029,Romania,5.882990837097168,,,,,,,,,,,8.277481079101562,,8215.9697265625,8.058965682983398,0.2812899053096771,1.7874327898025513,3.15734601020813,-3.7880125045776367,26.541412353515625,27.59524917602539,13.751145362854004,,48.7464714050293,
2030,Romania,5.938786029815674,,,,,,,,,,,1.5640507936477661,,5857.2724609375,8.929825782775879,11.875936508178711,10.675483703613281,3.0502407550811768,-2.4399027824401855,30.04489517211914,23.935884475708008,16.74739646911621,,55.757606506347656,
2025,Russian Federation,5.623223304748535,,,,,,,,,,,17.86744499206543,,6570.81396484375,6.411975860595703,4.030501842498779,0.34993213415145874,4.963501930236816,-1.350386142730713,25.16954231262207,22.98450469970703,15.254393577575684,,49.678077697753906,
2026,Russian Federation,4.640530586242676,,,,,,,,,,,1.3134796619415283,,1355.347900390625,9.094982147216797,10.596136093139648,14.773893356323242,2.0158228874206543,-6.343326091766357,23.006946563720703,23.80528450012207,15.931859016418457,,47.06330490112305,
2027,Russian Federation,5.672035217285156,,,,,,,,,,,11.08153247833252,,7613.1025390625,4.521171569824219,3.048006296157837,2.6255698204040527,4.626781940460205,-6.489838600158691,25.785072326660156,23.46463394165039,16.372432708740234,,57.78666687011719,
2028,Russian Federation,6.332022190093994,,,,,,,,,,,2.2305872440338135,,10788.9814453125,8.765172004699707,9.602446556091309,10.130995750427246,3.210418701171875,-4.311262607574463,24.88222885131836,24.79764747619629,16.102861404418945,,45.0350227355957,
2029,Russian Federation,5.873945236206055,,,,,,,,,,,8.358443260192871,,7919.71435546875,6.090284824371338,3.478875160217285,2.130216598510742,3.4579527378082275,-4.235713005065918,26.366241455078125,24.36398696899414,15.917564392089844,,52.67266082763672,
2030,Russian Federation,5.470029830932617,,,,,,,,,,,2.107666492462158,,6987.20947265625,9.302753448486328,8.75364875793457,8.131580352783203,3.00797963142395,-5.521650314331055,25.563289642333984,24.722150802612305,16.80878448486328,,39.910186767578125,
2025,Rwanda,3.9318912029266357,,,,,,,,,,,3.75233793258667,,227.00535583496094,8.637320518493652,9.563352584838867,0.5902480483055115,4.908138751983643,-11.351247787475586,22.04408836364746,19.277856826782227,17.415021896362305,,57.467857360839844,
2026,Rwanda,4.019773483276367,,,,,,,,,,,2.7268331050872803,,-352.3946838378906,3.1477746963500977,13.146427154541016,4.319022178649902,3.7236931324005127,-20.73446273803711,24.199901580810547,21.619998931884766,16.7030029296875,,54.87590789794922,
2027,Rwanda,6.863615036010742,,,,,,,,,,,9.398944854736328,,44420.03125,2.64058518409729,11.35790729522705,1.907507061958313,3.9914610385894775,-19.988204956054688,19.707672119140625,22.723989486694336,17.917320251464844,,61.80628967285156,
2028,Rwanda,5.510695457458496,,,,,,,,,,,2.9810914993286133,,3961.863037109375,6.36173152923584,7.381657600402832,2.66412615776062,2.797616481781006,3.0896987915039062,21.222091674804688,21.59879493713379,16.63036346435547,,92.27775573730469,
2029,Rwanda,6.189314365386963,,,,,,,,,,,2.8180506229400635,,10267.455078125,5.030833721160889,9.154909133911133,3.062368154525757,3.9396913051605225,-10.807267189025879,20.888343811035156,21.27144432067871,16.728944778442383,,49.97871398925781,
2030,Rwanda,5.684324264526367,,,,,,,,,,,3.0643112659454346,,5160.56298828125,7.370710849761963,3.8739802837371826,2.2973477840423584,4.0308732986450195,-2.394897699356079,21.955625534057617,21.636720657348633,15.941459655761719,,45.983924865722656,
2025,Saudi Arabia,5.822455406188965,,,,,,,,,,,17.852663040161133,,7588.00927734375,5.916761875152588,2.333956480026245,-1.384917974472046,3.771470785140991,-2.732590913772583,25.160127639770508,24.187435150146484,15.097013473510742,,53.27585220336914,
2026,Saudi Arabia,5.83844518661499,,,,,,,,,,,1.1556848287582397,,6363.7978515625,9.587743759155273,10.86947250366211,15.7992525100708,1.6600823402404785,-5.494670391082764,25.90817642211914,23.62775421142578,13.594552040100098,,44.02143859863281,
2027,Saudi Arabia,6.399884223937988,,,,,,,,,,,10.89119815826416,,12417.9697265625,7.7155442237854,3.958461284637451,1.5155106782913208,3.1771841049194336,-4.15209436416626,26.16437339782715,24.99744987487793,14.334938049316406,,54.54145431518555,
2028,Saudi Arabia,5.657881259918213,,,,,,,,,,,1.2842003107070923,,3789.24462890625,7.400638580322266,9.311196327209473,9.638456344604492,3.194505453109741,-3.533416509628296,27.47749900817871,23.557645797729492,16.44408416748047,,42.11988830566406,
2029,Saudi Arabia,5.493198871612549,,,,,,,,,,,8.30265998840332,,8356.5498046875,7.468628883361816,4.720954895019531,2.2275915145874023,3.497184991836548,-6.311151027679443,23.872270584106445,26.606420516967773,16.292945861816406,,47.25395202636719,
2030,Saudi Arabia,5.014390468597412,,,,,,,,,,,2.4354207515716553,,1269.7572021484375,8.08093547821045,8.915532112121582,8.08053207397461,3.5199942588806152,-5.150319576263428,28.089143753051758,23.761220932006836,17.027297973632812,,46.34787368774414,
2025,Senegal,5.722224235534668,,,,,,,,,,,17.86744499206543,,5865.05322265625,6.411975860595703,3.8432531356811523,0.34993213415145874,4.963501930236816,-1.3404936790466309,25.16954231262207,23.979467391967773,15.261281967163086,,49.916744232177734,
2026,Senegal,4.880499362945557,,,,,,,,,,,1.3021700382232666,,1858.618408203125,8.9641752243042,10.442093849182129,14.93298053741455,2.0158228874206543,-6.009369850158691,24.484420776367188,23.843229293823242,16.60102081298828,,48.7021369934082,
2027,Senegal,5.572134494781494,,,,,,,,,,,11.570332527160645,,7694.86083984375,4.993973255157471,2.886918306350708,2.3682167530059814,4.333951950073242,-6.53761100769043,25.572599411010742,24.618202209472656,15.558906555175781,,58.61140823364258,
2028,Senegal,6.311611175537109,,,,,,,,,,,2.2354981899261475,,10093.240234375,8.809000968933105,10.754899024963379,10.084328651428223,2.813516855239868,-4.024148464202881,26.641483306884766,24.710847854614258,16.12066078186035,,41.93047332763672,
2029,Senegal,5.962181091308594,,,,,,,,,,,8.438490867614746,,9753.005859375,6.313159465789795,3.451420783996582,2.1016476154327393,3.638415575027466,-4.730362892150879,27.397506713867188,25.53120994567871,16.021411895751953,,51.53899383544922,
2030,Senegal,5.742388725280762,,,,,,,,,,,2.041008472442627,,5461.982421875,7.346511363983154,8.103799819946289,8.617880821228027,3.1029112339019775,-4.568643093109131,25.55339241027832,26.17377281188965,15.880186080932617,,39.88628387451172,
2025,Serbia,5.599693298339844,,,,,,,,,,,117.04563903808594,,3886.241943359375,6.554826736450195,3.3666305541992188,0.8096063137054443,3.1857030391693115,-4.847091197967529,25.781192779541016,23.918560028076172,15.249384880065918,,50.57056427001953,
2026,Serbia,5.450226783752441,,,,,,,,,,,1.3239681720733643,,5048.587890625,9.859621047973633,2.8756887912750244,24.2108154296875,2.980722665786743,-8.307207107543945,24.81233787536621,23.214584350585938,17.297813415527344,,51.9094123840332,
2027,Serbia,4.833731651306152,,,,,,,,,,,16.585206985473633,,7606.7314453125,12.762176513671875,-3.7034976482391357,2.9498448371887207,2.1189184188842773,-3.5641701221466064,24.848005294799805,25.722145080566406,15.88759708404541,,55.29951095581055,
2028,Serbia,6.028196334838867,,,,,,,,,,,2.00527024269104,,6440.1357421875,9.03895092010498,8.592702865600586,22.5074520111084,1.8209389448165894,-3.3908042907714844,27.71954345703125,24.28936195373535,16.162620544433594,,55.26445388793945,
2029,Serbia,6.127290725708008,,,,,,,,,,,16.763771057128906,,11986.5634765625,8.55282211303711,-3.7890260219573975,2.141249179840088,1.9038854837417603,-5.4428277015686035,25.903398513793945,27.727432250976562,13.773621559143066,,51.80632019042969,
2030,Serbia,5.999070167541504,,,,,,,,,,,1.1019755601882935,,6854.580078125,7.751128196716309,10.233635902404785,23.92691421508789,2.7331573963165283,-0.7573727369308472,32.1444206237793,23.826248168945312,16.216812133789062,,64.33291625976562,
2025,Sierra Leone,5.556053161621094,,,,,,,,,,,17.86744499206543,,5061.22119140625,6.334278583526611,2.489467144012451,3.532900333404541,6.2327561378479,-2.476052761077881,25.087142944335938,24.10081672668457,15.182720184326172,,49.059669494628906,
2026,Sierra Leone,5.752363204956055,,,,,,,,,,,3.278355360031128,,7040.36962890625,9.231584548950195,8.22751522064209,15.551750183105469,2.2539753913879395,-6.835628509521484,24.65822982788086,23.68138885498047,16.89693832397461,,50.22793960571289,
2027,Sierra Leone,5.4102277755737305,,,,,,,,,,,10.710886001586914,,6725.58935546875,9.79857063293457,1.0562609434127808,2.673305034637451,2.933161735534668,-5.0174689292907715,25.77366828918457,25.194812774658203,15.001128196716309,,51.4815673828125,
2028,Sierra Leone,5.944475173950195,,,,,,,,,,,1.9811344146728516,,5183.91064453125,9.952807426452637,9.136713981628418,10.637970924377441,3.390597105026245,-5.061824321746826,29.01677703857422,23.366273880004883,16.697206497192383,,49.75856018066406,
2029,Sierra Leone,5.085567474365234,,,,,,,,,,,8.354218482971191,,8022.83203125,12.464106559753418,3.6610567569732666,2.533612012863159,3.209554672241211,-6.151864528656006,24.771926879882812,26.9427547454834,15.762024879455566,,54.32920837402344,
2030,Sierra Leone,5.723706245422363,,,,,,,,,,,2.381159782409668,,3628.968505859375,8.314873695373535,9.08408260345459,8.213404655456543,2.869504451751709,-5.063602447509766,29.228534698486328,23.671890258789062,17.00889015197754,,49.65781021118164,
2025,Singapore,6.008136749267578,,,,,,,,,,,17.86744499206543,,8978.19921875,6.614443302154541,2.3580100536346436,-1.2657859325408936,3.1984505653381348,-3.2926371097564697,25.11447525024414,24.186044692993164,15.221025466918945,,50.28018569946289,
2026,Singapore,5.798534870147705,,,,,,,,,,,1.2123147249221802,,4657.0498046875,8.544234275817871,10.575514793395996,15.89738655090332,1.7023279666900635,-5.900559425354004,26.49286460876465,23.40058708190918,15.858717918395996,,45.71365737915039,
2027,Singapore,5.938264846801758,,,,,,,,,,,10.950779914855957,,11980.5029296875,8.225367546081543,1.4190211296081543,2.0092668533325195,3.1356306076049805,-6.272130489349365,25.78226089477539,26.418861389160156,15.053815841674805,,59.20498275756836,
2028,Singapore,6.0476603507995605,,,,,,,,,,,1.563067078590393,,6525.669921875,6.927462577819824,9.921151161193848,12.020273208618164,3.0727553367614746,-3.227073907852173,31.638423919677734,23.333738327026367,15.954699516296387,,51.798561096191406,
2029,Singapore,5.087029457092285,,,,,,,,,,,8.304366111755371,,8592.7958984375,12.357771873474121,0.6498656272888184,1.7600034475326538,2.654686450958252,-5.2079997062683105,24.307912826538086,29.803136825561523,14.31393814086914,,48.04499435424805,
2030,Singapore,5.890605449676514,,,,,,,,,,,1.7298510074615479,,4825.66650390625,8.227021217346191,11.0929536819458,10.46267318725586,3.3645455837249756,-2.197580575942993,33.34374237060547,23.263532638549805,17.362722396850586,,55.88896942138672,
2025,Slovakia,5.925710678100586,,,,,,,,,,,218.5922393798828,,7528.69873046875,6.285892486572266,3.494990110397339,-0.7383541464805603,3.089679479598999,-4.205664157867432,25.064315795898438,24.431499481201172,15.166657447814941,,50.74381637573242,
2026,Slovakia,5.309683799743652,,,,,,,,,,,1.3187438249588013,,4633.591796875,10.384784698486328,2.7782227993011475,22.603044509887695,1.8833602666854858,-5.805573463439941,25.50770378112793,23.206174850463867,16.517969131469727,,43.650421142578125,
2027,Slovakia,5.509610176086426,,,,,,,,,,,16.806474685668945,,9490.4521484375,9.805256843566895,-3.5858683586120605,2.889735698699951,2.520512580871582,-5.021767616271973,25.4281063079834,26.251110076904297,15.486069679260254,,54.17845916748047,
2028,Slovakia,6.037814617156982,,,,,,,,,,,1.7605067491531372,,6220.63525390625,7.5099616050720215,8.160459518432617,23.473995208740234,2.810035467147827,-2.3537306785583496,31.422618865966797,23.58285903930664,15.95054817199707,,54.03933334350586,
2029,Slovakia,5.596402168273926,,,,,,,,,,,16.350208282470703,,11330.298828125,14.304143905639648,-6.976664066314697,1.9213204383850098,1.5508482456207275,-5.146927356719971,24.6907901763916,30.086822509765625,13.424698829650879,,49.73587417602539,
2030,Slovakia,5.9167704582214355,,,,,,,,,,,1.1731476783752441,,7018.2861328125,8.203743934631348,10.586915969848633,27.871917724609375,1.748725175857544,1.7186741828918457,33.573883056640625,23.288673400878906,17.670228958129883,,63.53821563720703,
2025,Slovenia,5.862744331359863,,,,,,,,,,,17.640256881713867,,8615.8232421875,5.844825744628906,2.283566474914551,-1.404625415802002,3.1825592517852783,-3.110388994216919,25.117992401123047,24.187435150146484,15.145999908447266,,52.48117446899414,
2026,Slovenia,6.025870323181152,,,,,,,,,,,1.1538348197937012,,5238.2880859375,9.062444686889648,10.640192985534668,15.709689140319824,1.639393925666809,-4.903928756713867,26.249038696289062,23.66474723815918,13.552301406860352,,44.028446197509766,
2027,Slovenia,6.022920608520508,,,,,,,,,,,10.89119815826416,,11898.03125,7.978738307952881,3.743359327316284,2.02235746383667,2.9929606914520264,-4.593684673309326,25.894309997558594,25.296552658081055,15.197246551513672,,62.250343322753906,
2028,Slovenia,5.545735836029053,,,,,,,,,,,1.7967798709869385,,3121.132568359375,7.759678840637207,9.791559219360352,9.77265739440918,3.261500835418701,-4.346315383911133,29.194948196411133,23.314722061157227,15.841915130615234,,45.18627166748047,
2029,Slovenia,5.67884635925293,,,,,,,,,,,8.597261428833008,,10027.283203125,9.429207801818848,4.43185567855835,2.6872222423553467,3.6075823307037354,-7.2233099937438965,25.782896041870117,26.449800491333008,15.872130393981934,,47.58510971069336,
2030,Slovenia,4.972738265991211,,,,,,,,,,,2.374987840652466,,1498.8001708984375,7.348809242248535,8.351553916931152,8.293819427490234,3.310121774673462,-3.8677239418029785,28.78388214111328,24.17122459411621,17.094104766845703,,51.31726837158203,
2025,Somalia,5.196167469024658,,,,,,,,,,,133.36212158203125,,2481.51318359375,6.411975860595703,-2.4692397117614746,-0.014018114656209946,3.342834234237671,-4.993255615234375,25.17218780517578,23.758527755737305,15.091817855834961,,53.887542724609375,
2026,Somalia,5.560669422149658,,,,,,,,,,,0.8796223402023315,,7828.3251953125,8.131131172180176,4.566986560821533,27.548980712890625,2.2740368843078613,-6.017807960510254,24.40553855895996,22.384811401367188,17.23494529724121,,68.14689636230469,
2027,Somalia,5.82647705078125,,,,,,,,,,,15.86643123626709,,9572.15625,11.286340713500977,0.12798947095870972,2.3463799953460693,1.2088466882705688,-4.852081775665283,25.46791648864746,25.23927116394043,13.722148895263672,,52.4243278503418,
2028,Somalia,5.922421932220459,,,,,,,,,,,1.9951428174972534,,5997.09619140625,8.571857452392578,12.876456260681152,16.01544952392578,1.8441543579101562,-2.3936679363250732,28.779212951660156,23.23695945739746,16.09657859802246,,50.31760787963867,
2029,Somalia,5.750182628631592,,,,,,,,,,,10.740528106689453,,9372.6728515625,12.041792869567871,-1.6770273447036743,1.8963849544525146,1.6402480602264404,-5.1651530265808105,25.706298828125,27.62321662902832,12.988007545471191,,56.57807922363281,
2030,Somalia,6.30256462097168,,,,,,,,,,,1.3014702796936035,,10696.8798828125,8.904583930969238,13.0018310546875,13.58845329284668,2.7758584022521973,-1.2006558179855347,33.445037841796875,22.67436981201172,16.08934783935547,,66.5491943359375,
2025,South Africa,5.274126052856445,,,,,,,,,,,133.31663513183594,,2340.31591796875,6.2593865394592285,-1.4125499725341797,-0.19796811044216156,-0.7538278102874756,-6.283853530883789,25.44941520690918,24.35858154296875,14.250471115112305,,49.96887969970703,
2026,South Africa,5.681784629821777,,,,,,,,,,,1.6397804021835327,,8086.23388671875,10.093942642211914,6.415011882781982,27.079729080200195,2.2806396484375,-4.1426801681518555,25.98064613342285,22.4863338470459,16.818614959716797,,66.55953216552734,
2027,South Africa,5.844372272491455,,,,,,,,,,,16.374841690063477,,10597.7587890625,10.484396934509277,-1.594480276107788,2.0384154319763184,0.995017409324646,-7.82321834564209,25.683130264282227,25.93230628967285,13.91142749786377,,46.837791442871094,
2028,South Africa,6.08703088760376,,,,,,,,,,,1.4126532077789307,,6771.98291015625,7.728164196014404,9.277304649353027,18.158950805664062,2.729194402694702,-1.740540862083435,31.132081985473633,23.67023468017578,16.479883193969727,,62.78095245361328,
2029,South Africa,5.504850387573242,,,,,,,,,,,17.0964298248291,,9980.630859375,12.202704429626465,1.470242977142334,1.6489989757537842,1.3363665342330933,-4.801753044128418,25.116552352905273,30.47798728942871,12.493565559387207,,44.49759292602539,
2030,South Africa,5.783947467803955,,,,,,,,,,,1.776786208152771,,7566.89794921875,8.20173454284668,11.96434497833252,17.106754302978516,2.7697346210479736,-0.930633008480072,32.89200973510742,22.023883819580078,17.262218475341797,,50.031341552734375,
2025,South Sudan,5.043517112731934,,,,,,,,,,,224.73106384277344,,5392.5361328125,11.666875839233398,-32.14925765991211,2.442016839981079,2.8634161949157715,-3.9991581439971924,26.124753952026367,23.756017684936523,15.561421394348145,,53.634315490722656,
2026,South Sudan,5.547459602355957,,,,,,,,,,,36.2531852722168,,8181.68505859375,10.049836158752441,2.2746336460113525,63.94436264038086,1.7277053594589233,-5.784448623657227,26.967792510986328,24.830411911010742,17.004783630371094,,58.59538269042969,
2027,South Sudan,5.482985019683838,,,,,,,,,,,12.92342758178711,,9170.630859375,12.019383430480957,-11.999154090881348,20.842498779296875,-1.6029136180877686,-6.715226650238037,26.331350326538086,27.450183868408203,14.347078323364258,,43.428707122802734,
2028,South Sudan,5.844768524169922,,,,,,,,,,,17.235530853271484,,8313.1396484375,7.1534743309021,2.3654844760894775,30.5941219329834,1.6620053052902222,0.3298766314983368,31.139331817626953,25.989683151245117,14.758930206298828,,44.44499588012695,
2029,South Sudan,5.497868537902832,,,,,,,,,,,19.39429473876953,,9763.23046875,11.61184310913086,-6.695864200592041,15.053570747375488,1.0741291046142578,-4.648772239685059,28.69044303894043,30.22735023498535,13.86476993560791,,41.23434829711914,
2030,South Sudan,5.478848934173584,,,,,,,,,,,10.408356666564941,,7469.7373046875,7.7370452880859375,5.989372253417969,24.646867752075195,2.375781536102295,-0.1517626941204071,33.036773681640625,27.04970932006836,15.789456367492676,,40.77995681762695,
2025,Spain,5.8729248046875,,,,,,,,,,,117.29254150390625,,6033.66357421875,6.285892486572266,1.9346842765808105,-0.06919261068105698,3.1758153438568115,-6.320930004119873,25.627992630004883,23.972700119018555,15.30212116241455,,51.52781677246094,
2026,Spain,5.677652359008789,,,,,,,,,,,1.2292739152908325,,6036.8291015625,9.758687019348145,3.3610317707061768,24.3220272064209,1.7028043270111084,-5.827475070953369,24.961631774902344,23.744464874267578,17.110855102539062,,49.81246566772461,
2027,Spain,5.346074104309082,,,,,,,,,,,16.806474685668945,,10751.2705078125,12.328364372253418,-4.036285877227783,2.2508838176727295,2.3867383003234863,-3.014988422393799,25.306509017944336,25.4858455657959,15.531225204467773,,53.37277603149414,
2028,Spain,6.006829738616943,,,,,,,,,,,1.559126377105713,,6113.0517578125,7.7140212059021,7.453670024871826,23.50345802307129,2.6872575283050537,-2.733771562576294,28.87334442138672,23.56285285949707,15.978201866149902,,57.899593353271484,
2029,Spain,5.5553388595581055,,,,,,,,,,,16.65004539489746,,10415.396484375,14.191424369812012,-6.491091251373291,2.0347936153411865,1.7196261882781982,-5.01504373550415,24.78897476196289,27.373001098632812,13.727168083190918,,43.957359313964844,
2030,Spain,6.002847194671631,,,,,,,,,,,1.3156476020812988,,6380.9365234375,7.835265159606934,10.641332626342773,25.064786911010742,1.9863818883895874,-0.3706676661968231,31.89580726623535,23.436336517333984,16.38829803466797,,65.63092041015625,
2025,Sri Lanka,5.745037078857422,,,,,,,,,,,16.983741760253906,,6524.69775390625,6.898482799530029,3.2053987979888916,-1.8392977714538574,2.705362558364868,-3.6050965785980225,25.155410766601562,24.29494857788086,14.136937141418457,,54.274375915527344,
2026,Sri Lanka,5.780191421508789,,,,,,,,,,,1.2130028009414673,,5931.71435546875,9.682600975036621,12.866962432861328,15.343070983886719,1.7926441431045532,-4.462597846984863,26.360300064086914,23.467761993408203,13.467103958129883,,45.855262756347656,
2027,Sri Lanka,6.333348751068115,,,,,,,,,,,10.423676490783691,,10450.1962890625,8.081655502319336,3.5021111965179443,1.4841636419296265,3.458061456680298,-4.047802925109863,25.76772117614746,25.191133499145508,14.19888973236084,,55.27796173095703,
2028,Sri Lanka,6.067648887634277,,,,,,,,,,,1.6697052717208862,,5507.95458984375,7.849637985229492,9.235082626342773,8.390113830566406,3.227632999420166,-3.7746896743774414,27.580217361450195,23.242462158203125,16.41807746887207,,50.1044807434082,
2029,Sri Lanka,5.69529914855957,,,,,,,,,,,6.883902549743652,,6644.10693359375,8.053744316101074,5.182621002197266,2.495920181274414,2.7411952018737793,-5.218978404998779,25.340940475463867,26.779659271240234,15.91586685180664,,49.55246353149414,
2030,Sri Lanka,4.872596740722656,,,,,,,,,,,2.486999034881592,,1638.190185546875,9.56842041015625,9.205461502075195,6.938788414001465,3.2625346183776855,-6.014313697814941,29.594968795776367,23.577713012695312,17.049633026123047,,50.736328125,
2025,State of Palestine,5.897242546081543,,,,,,,,,,,132.80482482910156,,5656.87060546875,6.411975860595703,0.6681134104728699,1.4123908281326294,4.4781622886657715,-5.266549587249756,25.05406379699707,23.94932746887207,15.045013427734375,,51.894935607910156,
2026,State of Palestine,5.8315749168396,,,,,,,,,,,1.2166821956634521,,5682.369140625,8.977742195129395,2.243976593017578,24.54289436340332,2.6926932334899902,-5.172451972961426,24.708526611328125,23.424442291259766,17.032501220703125,,57.19435501098633,
2027,State of Palestine,5.716000556945801,,,,,,,,,,,16.40641975402832,,10852.2451171875,13.04128646850586,-3.7014758586883545,2.90323805809021,1.599694848060608,-2.680264711380005,25.436073303222656,25.434490203857422,14.895522117614746,,54.14173126220703,
2028,State of Palestine,5.940992832183838,,,,,,,,,,,1.8446301221847534,,8548.330078125,8.21773910522461,7.38091516494751,22.695831298828125,2.303593873977661,-1.6326854228973389,28.901235580444336,23.741411209106445,15.869240760803223,,55.757476806640625,
2029,State of Palestine,5.677618980407715,,,,,,,,,,,16.196043014526367,,10568.44921875,12.294675827026367,-6.895169734954834,2.0359294414520264,1.465598464012146,-5.956616401672363,26.562875747680664,27.725929260253906,12.987371444702148,,49.52822494506836,
2030,State of Palestine,6.242827892303467,,,,,,,,,,,0.7669590711593628,,8988.80078125,8.458147048950195,10.762699127197266,28.755695343017578,2.5596275329589844,-0.7973605990409851,32.13987350463867,23.381139755249023,16.21375846862793,,60.59905242919922,
2025,Sudan,4.537425994873047,,,,,,,,,,,31.23141098022461,,2286.1220703125,13.536384582519531,3.1355690956115723,24.504776000976562,-0.1367175430059433,-6.090340614318848,25.46484375,23.788637161254883,15.084404945373535,,51.70356750488281,
2026,Sudan,5.465274333953857,,,,,,,,,,,19.234272003173828,,5156.07275390625,10.200465202331543,-3.50419282913208,22.465999603271484,-2.7180211544036865,-6.7068586349487305,26.107284545898438,24.242786407470703,15.667603492736816,,55.176692962646484,
2027,Sudan,6.00554084777832,,,,,,,,,,,20.892839431762695,,10458.9794921875,9.116891860961914,-0.44359028339385986,25.66927719116211,2.9418094158172607,-3.1012473106384277,27.348979949951172,26.557435989379883,15.490506172180176,,51.471649169921875,
2028,Sudan,5.624789714813232,,,,,,,,,,,15.501681327819824,,6335.05615234375,7.744054317474365,-4.830915451049805,18.736936569213867,1.5058082342147827,-1.807355523109436,30.510915756225586,27.074251174926758,14.286075592041016,,42.82754135131836,
2029,Sudan,5.392893314361572,,,,,,,,,,,15.344783782958984,,9234.1826171875,12.344087600708008,0.16488179564476013,24.280826568603516,0.09613406658172607,-0.4914948642253876,30.46107292175293,29.412628173828125,14.231111526489258,,41.423885345458984,
2030,Sudan,5.35536527633667,,,,,,,,,,,16.44271469116211,,8091.07958984375,8.292648315429688,-3.325052499771118,15.699655532836914,-1.5117850303649902,-1.997802972793579,32.24699401855469,29.563602447509766,15.051813125610352,,41.173973083496094,
2025,Suriname,4.67998743057251,,,,,,,,,,,7.3612494468688965,,2107.71435546875,12.81528091430664,7.7752203941345215,6.676535129547119,1.9297059774398804,-7.066023349761963,25.953510284423828,23.590055465698242,15.24669075012207,,50.94321060180664,
2026,Suriname,5.320934772491455,,,,,,,,,,,6.235281944274902,,3283.7890625,7.325280666351318,7.357746124267578,7.602425575256348,3.7264883518218994,-8.277584075927734,27.031841278076172,22.75189781188965,17.78093147277832,,62.03633499145508,
2027,Suriname,5.100654602050781,,,,,,,,,,,6.704514026641846,,2703.816650390625,9.293990135192871,9.734439849853516,6.215404033660889,3.847261428833008,-8.637171745300293,22.491497039794922,24.978614807128906,16.796987533569336,,47.73434829711914,
2028,Suriname,4.254087924957275,,,,,,,,,,,5.770737648010254,,-21.30624008178711,4.924995422363281,7.436339378356934,7.184418678283691,4.465627670288086,-7.863491535186768,25.218538284301758,22.348451614379883,18.324501037597656,,56.413063049316406,
2029,Suriname,6.816117763519287,,,,,,,,,,,11.574837684631348,,39540.87890625,6.072900772094727,16.886669158935547,6.222890853881836,3.286341428756714,-21.606782913208008,20.060880661010742,22.5376033782959,18.740358352661133,,49.811248779296875,
2030,Suriname,4.038938999176025,,,,,,,,,,,5.8727192878723145,,-1019.397216796875,6.45804500579834,4.627868175506592,1.2917500734329224,2.433889150619507,-0.765824556350708,22.706907272338867,21.80821990966797,17.066041946411133,,90.95868682861328,
2025,Swaziland,4.128467559814453,,,,,,,,,,,4.248218059539795,,3445.855712890625,13.580598831176758,5.0529866218566895,20.42824935913086,3.189617872238159,-5.302393913269043,28.046470642089844,28.13913917541504,19.065242767333984,,28.656890869140625,
2026,Swaziland,4.872210502624512,,,,,,,,,,,17.524456024169922,,3750.121826171875,11.322972297668457,0.21490640938282013,5.581451892852783,0.3588106036186218,-6.1268310546875,27.92230796813965,28.35968780517578,16.02729606628418,,46.97551727294922,
2027,Swaziland,5.736586093902588,,,,,,,,,,,4.923028469085693,,5815.23486328125,9.257386207580566,7.870603561401367,17.415573120117188,2.743594169616699,-6.615708351135254,31.73661994934082,25.97878646850586,16.810129165649414,,49.68341827392578,
2028,Swaziland,4.853960990905762,,,,,,,,,,,11.203445434570312,,5407.0400390625,13.882675170898438,-0.029936784878373146,4.457622051239014,1.7051868438720703,-4.9603753089904785,28.600955963134766,30.121910095214844,15.275212287902832,,53.74002456665039,
2029,Swaziland,5.339865684509277,,,,,,,,,,,3.1102073192596436,,7013.21044921875,11.492517471313477,7.897005081176758,13.108658790588379,2.4778976440429688,-2.686217784881592,33.90772247314453,25.30038070678711,18.313859939575195,,52.22877502441406,
2030,Swaziland,4.715267181396484,,,,,,,,,,,8.845114707946777,,7684.5673828125,17.856399536132812,0.34717074036598206,2.574047088623047,3.036445379257202,-6.060575008392334,25.790109634399414,32.02725601196289,15.227527618408203,,50.9884147644043,
2025,Sweden,5.9809699058532715,,,,,,,,,,,117.04563903808594,,6127.5791015625,6.285892486572266,2.0771050453186035,-0.1466432809829712,2.8762011528015137,-5.202250003814697,25.661033630371094,23.991153717041016,15.30212116241455,,52.892723083496094,
2026,Sweden,5.698631763458252,,,,,,,,,,,1.209054946899414,,6046.9921875,10.080074310302734,3.3720316886901855,24.483858108520508,1.6703355312347412,-5.977017879486084,25.359392166137695,23.713327407836914,17.011133193969727,,49.05690383911133,
2027,Sweden,5.323919296264648,,,,,,,,,,,16.508743286132812,,11291.0546875,13.800848007202148,-4.079713821411133,2.2508838176727295,1.8122155666351318,-3.131864547729492,25.343000411987305,25.561399459838867,15.20216178894043,,52.8148193359375,
2028,Sweden,5.744182586669922,,,,,,,,,,,1.5276890993118286,,4949.32373046875,7.839941024780273,7.304315567016602,22.713001251220703,1.6054364442825317,-2.1588473320007324,28.825246810913086,23.609813690185547,16.2324275970459,,59.24862289428711,
2029,Sweden,5.667873859405518,,,,,,,,,,,16.350208282470703,,13212.060546875,14.857317924499512,-3.9411561489105225,2.4202208518981934,1.8278417587280273,-6.539494037628174,25.717071533203125,27.71564292907715,13.596949577331543,,48.55349349975586,
2030,Sweden,5.919424533843994,,,,,,,,,,,1.4538251161575317,,6320.1162109375,7.334537029266357,10.193355560302734,22.426982879638672,1.7755317687988281,-0.4928320646286011,32.679012298583984,24.03049087524414,16.36082649230957,,59.022789001464844,
2025,Switzerland,5.81381893157959,,,,,,,,,,,17.852663040161133,,7262.498046875,5.922647953033447,2.2298707962036133,-1.417527198791504,3.635838508605957,-3.3612215518951416,25.17681121826172,24.187435150146484,15.152108192443848,,53.104618072509766,
2026,Switzerland,5.7480597496032715,,,,,,,,,,,1.157802939414978,,4718.70361328125,10.033370018005371,11.104369163513184,15.913090705871582,1.7936816215515137,-5.089962959289551,25.830242156982422,23.477275848388672,13.789955139160156,,43.811073303222656,
2027,Switzerland,6.22148323059082,,,,,,,,,,,10.89119815826416,,10089.7822265625,7.870537757873535,2.656545400619507,1.8508985042572021,2.3475868701934814,-5.65578556060791,26.095067977905273,25.277469635009766,14.368212699890137,,57.324825286865234,
2028,Switzerland,5.995739936828613,,,,,,,,,,,2.0157155990600586,,6511.45068359375,7.226184844970703,8.750932693481445,10.444499015808105,3.2164738178253174,-3.6809182167053223,29.488100051879883,23.543502807617188,16.445064544677734,,43.38078689575195,
2029,Switzerland,5.281196594238281,,,,,,,,,,,8.356191635131836,,8857.173828125,11.532774925231934,3.219858407974243,2.172506332397461,2.8029778003692627,-5.448108196258545,24.179033279418945,28.02817153930664,15.077159881591797,,44.136680603027344,
2030,Switzerland,5.977168083190918,,,,,,,,,,,2.1614162921905518,,4209.48828125,6.586040496826172,10.036853790283203,8.960199356079102,3.6137752532958984,-5.171950817108154,31.681589126586914,23.3166446685791,17.013587951660156,,49.87454605102539,
2025,Syria,5.796541213989258,,,,,,,,,,,7.926316261291504,,7606.93603515625,8.415473937988281,4.052352428436279,8.336359977722168,2.423358917236328,-5.103680610656738,25.082101821899414,23.96341896057129,15.136444091796875,,54.45980453491211,
2026,Syria,5.450881481170654,,,,,,,,,,,6.538596153259277,,3714.770263671875,8.570865631103516,6.94345760345459,8.156594276428223,3.025655746459961,-5.14777135848999,27.63831329345703,23.225887298583984,16.408432006835938,,48.22113800048828,
2027,Syria,4.964818477630615,,,,,,,,,,,6.619144439697266,,2349.83740234375,9.146706581115723,6.756953239440918,6.1847734451293945,3.4707517623901367,-7.6462178230285645,26.381418228149414,25.945268630981445,16.40361785888672,,51.81415557861328,
2028,Syria,4.998376369476318,,,,,,,,,,,5.611112594604492,,1361.0343017578125,5.961820602416992,8.035087585449219,6.958963871002197,3.934678077697754,-7.876646995544434,27.859479904174805,23.78144645690918,18.44274139404297,,50.62345504760742,
2029,Syria,4.71015739440918,,,,,,,,,,,6.7306036949157715,,1831.5830078125,10.000335693359375,6.62886381149292,6.212212562561035,3.6508803367614746,-8.001870155334473,23.00133514404297,26.350494384765625,16.828481674194336,,47.25028610229492,
2030,Syria,4.307855129241943,,,,,,,,,,,5.664669036865234,,246.44012451171875,5.314695358276367,7.9087018966674805,7.203826904296875,4.482762336730957,-7.8950514793396,27.400165557861328,22.35158348083496,18.85930824279785,,53.13358688354492,
2025,Tajikistan,5.5855560302734375,,,,,,,,,,,117.36493682861328,,3666.353759765625,6.411975860595703,4.435598373413086,2.7164077758789062,3.9162561893463135,-4.551956653594971,25.61254119873047,23.781015396118164,15.24174976348877,,51.739501953125,
2026,Tajikistan,4.275130748748779,,,,,,,,,,,2.4802982807159424,,769.1693725585938,9.805418968200684,2.315153121948242,22.700061798095703,1.441623568534851,-8.373699188232422,24.570526123046875,23.05953025817871,17.213363647460938,,51.76186752319336,
2027,Tajikistan,5.763629913330078,,,,,,,,,,,17.750450134277344,,12322.234375,10.37606430053711,0.5184749960899353,4.253267288208008,2.922985553741455,-13.305028915405273,24.07370376586914,24.582077026367188,17.171096801757812,,56.90396499633789,
2028,Tajikistan,5.438323497772217,,,,,,,,,,,2.425537347793579,,5348.27783203125,10.565035820007324,7.3181304931640625,17.135534286499023,3.9241011142730713,-4.349062919616699,28.200531005859375,23.71503448486328,16.613277435302734,,49.575687408447266,
2029,Tajikistan,5.522185325622559,,,,,,,,,,,11.15984058380127,,8845.251953125,12.16124439239502,0.1488867998123169,2.905805826187134,1.9541345834732056,-6.091756820678711,24.853200912475586,27.60628890991211,14.894858360290527,,52.08613204956055,
2030,Tajikistan,5.994782447814941,,,,,,,,,,,2.251436471939087,,5222.55322265625,7.604730606079102,9.110710144042969,12.342147827148438,2.7722105979919434,-2.547802686691284,33.75178909301758,23.147579193115234,15.951455116271973,,51.67570495605469,
2025,Tanzania,5.984739780426025,,,,,,,,,,,17.86744499206543,,8975.361328125,6.285892486572266,3.25364089012146,-1.2657859325408936,3.2336244583129883,-2.626476526260376,25.11639404296875,23.163795471191406,15.220011711120605,,48.83293914794922,
2026,Tanzania,5.8443989753723145,,,,,,,,,,,1.168316125869751,,4754.99755859375,8.702950477600098,10.54018497467041,15.380037307739258,1.734175682067871,-5.6492204666137695,25.686655044555664,23.587757110595703,15.600977897644043,,45.334861755371094,
2027,Tanzania,5.7046380043029785,,,,,,,,,,,10.423676490783691,,9380.1123046875,8.222824096679688,1.7372746467590332,1.9793951511383057,3.470564365386963,-6.375720500946045,26.346908569335938,25.737499237060547,15.062994003295898,,60.02001953125,
2028,Tanzania,5.9903244972229,,,,,,,,,,,2.0359344482421875,,6280.37646484375,8.007682800292969,10.991140365600586,10.035447120666504,2.65297532081604,-3.826934337615967,28.571624755859375,23.513410568237305,15.903162956237793,,47.0376091003418,
2029,Tanzania,5.315882682800293,,,,,,,,,,,8.461779594421387,,8361.0361328125,10.941715240478516,4.0664520263671875,1.9942431449890137,3.0298590660095215,-5.334467887878418,26.212738037109375,26.48451042175293,15.0867919921875,,47.80202865600586,
2030,Tanzania,4.914002895355225,,,,,,,,,,,2.22339129447937,,1558.382568359375,8.725911140441895,8.821349143981934,8.322498321533203,3.161104202270508,-5.28671932220459,29.815540313720703,23.81352996826172,17.003978729248047,,45.8935661315918,
2025,Thailand,5.487733364105225,,,,,,,,,,,14.39886474609375,,7226.248046875,6.411975860595703,2.1666204929351807,-1.9179792404174805,5.11356782913208,-0.07612639665603638,24.842538833618164,22.941152572631836,15.18258285522461,,48.927642822265625,
2026,Thailand,5.662473678588867,,,,,,,,,,,1.2171831130981445,,4907.8154296875,8.752910614013672,10.813652038574219,14.193894386291504,1.617207407951355,-4.806769371032715,22.351194381713867,24.650039672851562,12.52181339263916,,47.80699157714844,
2027,Thailand,5.871005535125732,,,,,,,,,,,10.55565357208252,,9624.091796875,6.515003204345703,4.310168743133545,1.9834725856781006,3.9583053588867188,-4.651144981384277,26.41375732421875,22.010150909423828,16.83856201171875,,59.43571472167969,
2028,Thailand,5.577620029449463,,,,,,,,,,,2.1720690727233887,,5113.87060546875,7.795229434967041,11.028023719787598,7.98122501373291,2.9963748455047607,-5.562783241271973,24.20165252685547,25.173118591308594,15.31732177734375,,41.254146575927734,
2029,Thailand,5.7909111976623535,,,,,,,,,,,6.666467189788818,,6756.294921875,5.622922897338867,5.2965593338012695,2.3967833518981934,3.7426602840423584,-5.8425140380859375,27.138418197631836,24.204872131347656,17.430522918701172,,52.823814392089844,
2030,Thailand,4.6529364585876465,,,,,,,,,,,2.5268821716308594,,2581.22802734375,11.5582914352417,8.963557243347168,6.260098457336426,3.219895839691162,-5.3480753898620605,24.721691131591797,25.97934913635254,16.716657638549805,,38.88585662841797,
2025,Togo,5.595414161682129,,,,,,,,,,,14.896306037902832,,8658.580078125,6.411975860595703,2.2602334022521973,-1.5266529321670532,4.849478721618652,-0.7490600347518921,25.18490982055664,22.98450469970703,15.254393577575684,,49.528446197509766,
2026,Togo,5.8274407386779785,,,,,,,,,,,1.2378889322280884,,5399.703125,8.161357879638672,10.775354385375977,14.03630256652832,1.5741575956344604,-5.118187427520752,23.296405792236328,24.52597999572754,12.6500825881958,,47.143550872802734,
2027,Togo,5.93331241607666,,,,,,,,,,,10.55565357208252,,10690.4052734375,7.212259769439697,3.928762197494507,1.9834725856781006,3.8815736770629883,-3.821197748184204,26.42094612121582,23.15186882019043,16.376239776611328,,60.774269104003906,
2028,Togo,5.451097011566162,,,,,,,,,,,2.1055848598480225,,2901.5634765625,8.122138977050781,10.191070556640625,8.151336669921875,3.2152819633483887,-4.565917491912842,26.369327545166016,24.53021240234375,15.474798202514648,,41.939517974853516,
2029,Togo,5.659122943878174,,,,,,,,,,,6.909510135650635,,7952.4794921875,5.4453959465026855,5.722829341888428,2.744189739227295,3.87967848777771,-7.550122261047363,26.474061965942383,23.714130401611328,17.717365264892578,,53.65446090698242,
2030,Togo,5.154972076416016,,,,,,,,,,,2.4721927642822266,,5838.36962890625,11.000701904296875,8.635958671569824,6.1016364097595215,3.1130545139312744,-5.714250564575195,23.727903366088867,26.054903030395508,17.046483993530273,,40.06364822387695,
2025,Trinidad and Tobago,5.86325216293335,,,,,,,,,,,18.084428787231445,,7541.8134765625,5.965150833129883,2.2917590141296387,-1.0489864349365234,3.0062460899353027,-3.4527671337127686,25.762285232543945,24.172927856445312,15.149557113647461,,53.22541427612305,
2026,Trinidad and Tobago,6.05462646484375,,,,,,,,,,,1.1695729494094849,,9128.9501953125,10.186322212219238,10.633391380310059,18.159013748168945,1.824295163154602,-5.965577602386475,25.59459686279297,23.733510971069336,16.523914337158203,,44.534828186035156,
2027,Trinidad and Tobago,6.161753177642822,,,,,,,,,,,18.27924156188965,,8966.470703125,6.607553482055664,0.0172414630651474,1.4781397581100464,1.7779216766357422,-5.472529411315918,26.469331741333008,25.869707107543945,13.868786811828613,,52.339908599853516,
2028,Trinidad and Tobago,6.04573917388916,,,,,,,,,,,1.2398511171340942,,7443.4912109375,8.43921184539795,9.745667457580566,17.463462829589844,2.849717140197754,-3.984323263168335,29.63641357421875,23.905277252197266,16.392316818237305,,52.377132415771484,
2029,Trinidad and Tobago,5.542653560638428,,,,,,,,,,,11.054491996765137,,9189.5673828125,11.866668701171875,-1.0511325597763062,1.720741629600525,1.7319037914276123,-5.000810623168945,25.926616668701172,28.83367347717285,13.796942710876465,,49.13995361328125,
2030,Trinidad and Tobago,5.936677932739258,,,,,,,,,,,1.5294734239578247,,6894.0068359375,8.087614059448242,12.054391860961914,14.322440147399902,2.9958174228668213,-0.9805940389633179,34.655757904052734,23.574974060058594,17.138803482055664,,63.89116668701172,
2025,Tunisia,5.149735927581787,,,,,,,,,,,133.41908264160156,,1856.0521240234375,6.301621437072754,-1.1799148321151733,5.0272393226623535,2.328396797180176,-8.020054817199707,25.670812606811523,23.947439193725586,15.211929321289062,,51.784584045410156,
2026,Tunisia,5.7199201583862305,,,,,,,,,,,3.9564013481140137,,6861.3828125,8.220758438110352,2.082139492034912,26.776445388793945,0.6221739053726196,-6.756294250488281,25.539201736450195,22.445899963378906,17.56771469116211,,53.71001052856445,
2027,Tunisia,4.953774452209473,,,,,,,,,,,16.075786590576172,,7874.2490234375,13.166175842285156,-2.7607414722442627,3.9915316104888916,1.0209838151931763,-5.330753326416016,24.723556518554688,25.84164047241211,15.394575119018555,,49.22006607055664,
2028,Tunisia,5.9229350090026855,,,,,,,,,,,2.80436372756958,,4553.2216796875,8.795632362365723,7.782154083251953,19.71993637084961,1.6667917966842651,-3.163405179977417,31.07750129699707,23.5557861328125,16.130823135375977,,54.99664306640625,
2029,Tunisia,5.761831283569336,,,,,,,,,,,17.22173309326172,,13150.4462890625,14.459280967712402,-1.3715598583221436,2.735697031021118,1.2305357456207275,-7.00080680847168,25.59612274169922,29.69828224182129,14.700560569763184,,53.329647064208984,
2030,Tunisia,5.777613639831543,,,,,,,,,,,0.9454664587974548,,6183.99755859375,8.199331283569336,7.542764663696289,19.5843448638916,1.9168373346328735,-0.34924542903900146,34.63206100463867,23.632930755615234,18.021894454956055,,55.714542388916016,
2025,Türkiye,5.591022491455078,,,,,,,,,,,117.04563903808594,,3369.162109375,6.697883129119873,-0.7738608121871948,5.382657051086426,3.5614936351776123,-4.349485397338867,25.519550323486328,23.91093635559082,15.181525230407715,,52.66581344604492,
2026,Türkiye,5.6331071853637695,,,,,,,,,,,3.6717982292175293,,4426.71630859375,8.656416893005371,0.8168165683746338,25.387388229370117,1.4556549787521362,-6.537313938140869,24.6553897857666,22.4593563079834,17.087005615234375,,51.70399856567383,
2027,Türkiye,5.0547990798950195,,,,,,,,,,,16.05687141418457,,7948.4755859375,13.030619621276855,-2.362124443054199,5.438893795013428,1.6184524297714233,-5.97135066986084,25.005876541137695,25.603776931762695,15.560911178588867,,56.446598052978516,
2028,Türkiye,6.036674499511719,,,,,,,,,,,3.8815932273864746,,7739.328125,8.45920467376709,7.922236919403076,19.183452606201172,2.2635297775268555,-3.1905665397644043,29.16444206237793,23.462434768676758,16.330345153808594,,53.241111755371094,
2029,Türkiye,4.915422439575195,,,,,,,,,,,16.723247528076172,,5860.81591796875,13.214694023132324,-1.6926512718200684,3.061819314956665,1.4058308601379395,-5.626835823059082,26.601558685302734,27.752086639404297,13.585356712341309,,47.66900634765625,
2030,Türkiye,5.997278690338135,,,,,,,,,,,1.7374271154403687,,8418.49609375,10.159217834472656,11.042198181152344,19.495840072631836,2.003573417663574,-2.0822184085845947,30.77049446105957,24.203227996826172,16.987930297851562,,56.54682159423828,
2025,Turkmenistan,5.788868427276611,,,,,,,,,,,2.796111583709717,,7642.998046875,7.7152323722839355,6.4196696281433105,2.464975118637085,5.730238437652588,-1.4811053276062012,25.37447166442871,24.50499725341797,14.945446014404297,,48.86996841430664,
2026,Turkmenistan,5.947754859924316,,,,,,,,,,,2.5634658336639404,,12114.177734375,8.308490753173828,5.929762840270996,2.4851157665252686,2.9013006687164307,-5.420421600341797,26.06253433227539,23.027517318725586,16.393762588500977,,46.056114196777344,
2027,Turkmenistan,5.758817195892334,,,,,,,,,,,2.1794638633728027,,9875.2509765625,7.203546047210693,5.184468746185303,2.529492139816284,3.266573429107666,-5.669734477996826,25.798683166503906,24.480371475219727,16.38410186767578,,50.393775939941406,
2028,Turkmenistan,5.985623359680176,,,,,,,,,,,2.507704734802246,,8756.1201171875,6.891666412353516,5.460681438446045,2.3885486125946045,3.4373631477355957,-5.0795416831970215,25.853960037231445,24.079608917236328,16.623994827270508,,48.68059158325195,
2029,Turkmenistan,5.910722732543945,,,,,,,,,,,2.5819249153137207,,10118.4228515625,7.700619220733643,6.014174461364746,2.984151840209961,3.019510507583618,-6.567965030670166,25.09272575378418,24.082735061645508,16.610435485839844,,47.64488983154297,
2030,Turkmenistan,5.817937850952148,,,,,,,,,,,2.7878777980804443,,7635.06005859375,6.95037317276001,4.965312480926514,2.5055413246154785,3.3149948120117188,-4.220160484313965,25.800174713134766,23.59821319580078,16.334308624267578,,47.10921859741211,
2025,Uganda,5.754624843597412,,,,,,,,,,,17.86744499206543,,7867.349609375,6.303642749786377,3.854105234146118,-1.225867748260498,3.2778985500335693,-2.201598882675171,25.11639404296875,24.141204833984375,15.2178316116333,,49.12527847290039,
2026,Uganda,5.116425514221191,,,,,,,,,,,1.2750532627105713,,2214.266357421875,9.366366386413574,10.670303344726562,14.571410179138184,1.7793225049972534,-5.704552173614502,25.695959091186523,23.68756675720215,15.696996688842773,,43.58826446533203,
2027,Uganda,5.698859691619873,,,,,,,,,,,11.245424270629883,,9092.751953125,6.022214412689209,2.553419351577759,2.3079135417938232,4.310997486114502,-6.591872692108154,26.36720848083496,25.097000122070312,16.437850952148438,,58.148094177246094,
2028,Uganda,5.940821170806885,,,,,,,,,,,2.2354981899261475,,8929.4892578125,7.048855781555176,9.596056938171387,10.412271499633789,2.8547844886779785,-5.118163585662842,26.945180892944336,25.222484588623047,16.10544204711914,,38.993377685546875,
2029,Uganda,5.649361610412598,,,,,,,,,,,8.358443260192871,,7727.3408203125,4.719607830047607,3.497432231903076,2.124058723449707,3.069084405899048,-6.095456123352051,26.06534194946289,26.01363754272461,15.415327072143555,,43.00389862060547,
2030,Uganda,6.003023624420166,,,,,,,,,,,2.1835713386535645,,8797.3623046875,8.384929656982422,8.46738052368164,7.923462867736816,3.272036075592041,-4.9200029373168945,27.986711502075195,24.574071884155273,16.997718811035156,,39.33975601196289,
2025,Ukraine,5.889750003814697,,,,,,,,,,,132.80482482910156,,4838.90185546875,6.061969757080078,1.0124766826629639,3.3298609256744385,3.610872507095337,-7.867733478546143,25.116228103637695,24.070236206054688,14.974329948425293,,50.44944381713867,
2026,Ukraine,5.317062854766846,,,,,,,,,,,2.0236449241638184,,3928.051025390625,9.3623685836792,1.8631168603897095,24.664997100830078,1.110015630722046,-7.30822229385376,24.906084060668945,23.810287475585938,17.506542205810547,,49.67351150512695,
2027,Ukraine,5.396585941314697,,,,,,,,,,,16.40541648864746,,10142.728515625,12.419997215270996,-3.5582053661346436,3.472841262817383,1.31986665725708,-5.41215181350708,25.368406295776367,25.454038619995117,16.041805267333984,,56.74161148071289,
2028,Ukraine,6.040397644042969,,,,,,,,,,,2.402362585067749,,6597.67138671875,8.269109725952148,8.402692794799805,20.155061721801758,2.7170495986938477,-2.420728921890259,28.74820327758789,24.388486862182617,15.944169044494629,,54.0711555480957,
2029,Ukraine,5.850559234619141,,,,,,,,,,,16.741172790527344,,11089.1943359375,14.105395317077637,-1.600178599357605,2.5975325107574463,1.216803789138794,-5.43596076965332,26.23452377319336,27.058256149291992,13.623072624206543,,48.88988494873047,
2030,Ukraine,6.0122809410095215,,,,,,,,,,,1.8109015226364136,,6229.63427734375,8.556055068969727,9.791902542114258,19.18211555480957,2.003872871398926,-1.1924182176589966,31.59495735168457,23.94792366027832,16.364595413208008,,54.09756851196289,
2025,United Arab Emirates,5.561491012573242,,,,,,,,,,,14.896306037902832,,8003.3779296875,6.411975860595703,2.4449284076690674,-1.3708852529525757,4.849478721618652,-2.7482516765594482,25.18490982055664,22.98450469970703,15.254393577575684,,49.528446197509766,
2026,United Arab Emirates,6.00266695022583,,,,,,,,,,,1.2038800716400146,,5451.66259765625,8.773116111755371,10.868136405944824,14.03630256652832,1.4262573719024658,-5.133462429046631,23.623130798339844,23.842653274536133,13.338489532470703,,46.63689041137695,
2027,United Arab Emirates,5.923409461975098,,,,,,,,,,,10.447587013244629,,10190.7509765625,7.290521144866943,4.069340705871582,2.0551717281341553,3.892409324645996,-3.8438875675201416,25.74925994873047,24.53314971923828,16.075624465942383,,60.924625396728516,
2028,United Arab Emirates,5.539811134338379,,,,,,,,,,,2.134934186935425,,2837.078857421875,8.344635963439941,10.16979694366455,8.131932258605957,3.2152819633483887,-4.5433502197265625,27.08554458618164,24.093690872192383,15.775310516357422,,44.360965728759766,
2029,United Arab Emirates,5.589580059051514,,,,,,,,,,,7.011531352996826,,7700.23046875,5.645467281341553,5.816159725189209,2.759547233581543,3.828202962875366,-7.44268274307251,25.707843780517578,25.37360382080078,16.83193588256836,,53.91399383544922,
2030,United Arab Emirates,5.771227836608887,,,,,,,,,,,2.479259490966797,,4527.0263671875,9.098331451416016,9.132278442382812,6.116298675537109,2.8832037448883057,-5.310257434844971,25.404132843017578,24.929134368896484,17.206083297729492,,43.27320098876953,
2025,United Kingdom,5.743969917297363,,,,,,,,,,,17.852663040161133,,7402.0185546875,6.303642749786377,3.9696195125579834,-1.2657859325408936,3.593369722366333,-3.9113433361053467,25.184917449951172,24.141204833984375,15.142712593078613,,52.223941802978516,
2026,United Kingdom,4.639369010925293,,,,,,,,,,,1.2535945177078247,,1300.927490234375,10.141650199890137,11.0547456741333,14.591914176940918,2.0550711154937744,-5.640233039855957,25.29131507873535,23.393037796020508,16.309223175048828,,43.588645935058594,
2027,United Kingdom,5.634541034698486,,,,,,,,,,,11.128586769104004,,8255.1220703125,4.86534309387207,3.602604866027832,2.4760420322418213,4.75519323348999,-6.884702682495117,25.647287368774414,24.75859832763672,16.10959815979004,,55.70597839355469,
2028,United Kingdom,6.28618049621582,,,,,,,,,,,2.1727330684661865,,9883.6689453125,7.952798366546631,8.92160701751709,9.390483856201172,2.9440431594848633,-3.9938416481018066,25.5455265045166,25.08367347717285,16.795780181884766,,41.71491241455078,
2029,United Kingdom,5.776607036590576,,,,,,,,,,,8.33806324005127,,8331.2373046875,6.008983612060547,4.053117275238037,2.234063148498535,3.597160816192627,-4.5073161125183105,27.196626663208008,25.096410751342773,16.036113739013672,,45.9809684753418,
2030,United Kingdom,5.499063491821289,,,,,,,,,,,2.2091033458709717,,3764.86865234375,8.501612663269043,8.513093948364258,8.233885765075684,2.8636271953582764,-5.163815498352051,25.44866371154785,26.456104278564453,16.30621910095215,,38.839176177978516,
2025,United States,5.770076274871826,,,,,,,,,,,17.852663040161133,,7287.87060546875,6.285892486572266,2.1701853275299072,-1.2657859325408936,3.549095630645752,-3.8934171199798584,25.184917449951172,24.15875816345215,15.144892692565918,,51.919376373291016,
2026,United States,5.655402660369873,,,,,,,,,,,1.1539242267608643,,4733.8671875,10.066614151000977,11.0547456741333,15.916247367858887,2.043911933898926,-5.4832682609558105,25.312599182128906,23.42903709411621,16.246370315551758,,45.672664642333984,
2027,United States,5.7702250480651855,,,,,,,,,,,10.89119815826416,,8418.8193359375,7.744623184204102,0.7104480266571045,1.821958303451538,2.3919029235839844,-5.84811544418335,25.665433883666992,25.787858963012695,14.461213111877441,,56.200035095214844,
2028,United States,6.083215236663818,,,,,,,,,,,1.820224404335022,,6604.8798828125,8.501493453979492,9.497090339660645,12.234227180480957,2.7810473442077637,-3.4753835201263428,29.69140625,23.360363006591797,16.38128662109375,,55.187660217285156,
2029,United States,5.726945400238037,,,,,,,,,,,8.739705085754395,,10330.47265625,11.86958122253418,0.9220935106277466,2.1223456859588623,2.603224277496338,-5.795112133026123,25.93659782409668,28.74471092224121,14.66786003112793,,49.10462951660156,
2030,United States,5.917365550994873,,,,,,,,,,,2.043250799179077,,5540.671875,6.479131698608398,8.35820484161377,10.566438674926758,3.317896842956543,-0.791646420955658,33.21831512451172,23.604351043701172,17.40867805480957,,53.5067024230957,
2025,Uruguay,5.549900054931641,,,,,,,,,,,117.04563903808594,,3731.170166015625,6.610611438751221,3.4770569801330566,1.4826611280441284,3.1857030391693115,-5.072556018829346,25.71466064453125,23.918560028076172,15.249384880065918,,52.697349548339844,
2026,Uruguay,5.4521965980529785,,,,,,,,,,,1.6550737619400024,,4975.53271484375,9.915470123291016,2.39971923828125,23.628093719482422,3.106550455093384,-8.231568336486816,24.675342559814453,23.001174926757812,17.3635311126709,,51.77007293701172,
2027,Uruguay,5.07543420791626,,,,,,,,,,,16.585206985473633,,9151.892578125,12.887344360351562,-3.7493069171905518,3.318552017211914,1.9226019382476807,-5.008880138397217,23.170217514038086,25.748098373413086,15.853377342224121,,55.43819808959961,
2028,Uruguay,6.0622053146362305,,,,,,,,,,,2.059899091720581,,6479.505859375,7.36767578125,8.355254173278809,22.36667823791504,2.5390212535858154,-3.2732486724853516,28.339094161987305,23.836462020874023,16.38445472717285,,55.44370651245117,
2029,Uruguay,5.561662197113037,,,,,,,,,,,16.546987533569336,,10293.9765625,13.2828369140625,-4.794856548309326,2.1899056434631348,1.8623497486114502,-5.350727558135986,24.387495040893555,27.660676956176758,13.497514724731445,,44.86866760253906,
2030,Uruguay,5.973532199859619,,,,,,,,,,,1.6627551317214966,,6287.703125,7.26632833480835,10.390423774719238,23.79543113708496,2.379431962966919,-0.5273951888084412,32.2331428527832,23.7075252532959,16.09624481201172,,64.49823760986328,
2025,Uzbekistan,5.913687705993652,,,,,,,,,,,18.566572189331055,,4391.68310546875,6.124812126159668,4.686220169067383,4.605758190155029,4.497636318206787,-3.161952257156372,25.232784271240234,24.108911514282227,15.100712776184082,,51.812374114990234,
2026,Uzbekistan,4.883945941925049,,,,,,,,,,,3.542003631591797,,1942.47509765625,9.027386665344238,7.838174819946289,16.036426544189453,2.4110734462738037,-7.8590898513793945,24.751388549804688,23.475370407104492,17.023435592651367,,49.33892059326172,
2027,Uzbekistan,5.54372501373291,,,,,,,,,,,11.79752254486084,,5534.38134765625,8.177725791931152,2.1836769580841064,3.7275614738464355,2.3944342136383057,-6.750794887542725,25.548521041870117,24.299144744873047,16.068151473999023,,55.78624725341797,
2028,Uzbekistan,5.8113813400268555,,,,,,,,,,,3.1261653900146484,,6371.42626953125,9.717498779296875,8.57153034210205,11.505630493164062,2.839884042739868,-4.967681884765625,27.533714294433594,24.491147994995117,17.412416458129883,,57.10655212402344,
2029,Uzbekistan,5.865371227264404,,,,,,,,,,,8.274055480957031,,9394.994140625,10.126643180847168,3.3456013202667236,2.591474771499634,2.835402488708496,-5.54495906829834,26.132524490356445,26.857961654663086,14.988368034362793,,46.99372863769531,
2030,Uzbekistan,5.924134254455566,,,,,,,,,,,2.2414872646331787,,4811.57421875,7.906426429748535,8.404133796691895,8.724536895751953,3.1455817222595215,-3.8906826972961426,30.241954803466797,23.675769805908203,16.783161163330078,,45.16309356689453,
2025,Venezuela,5.517401695251465,,,,,,,,,,,28.6212158203125,,4715.12353515625,6.411975860595703,5.167414665222168,1.5536794662475586,4.09500789642334,-2.3361079692840576,25.092266082763672,24.507665634155273,15.209843635559082,,50.601436614990234,
2026,Venezuela,4.968438148498535,,,,,,,,,,,1.8774291276931763,,2080.9404296875,10.108951568603516,5.8955230712890625,15.731241226196289,6.628704071044922,-8.11789608001709,25.294628143310547,23.509450912475586,17.11070442199707,,49.67658233642578,
2027,Venezuela,5.348217964172363,,,,,,,,,,,11.446099281311035,,7556.4453125,7.479739189147949,2.8080244064331055,3.040132999420166,3.670177698135376,-6.515247821807861,23.886672973632812,24.486087799072266,16.490257263183594,,51.74063491821289,
2028,Venezuela,5.689666271209717,,,,,,,,,,,2.394296646118164,,3936.3193359375,8.610867500305176,8.939148902893066,10.265986442565918,3.2015020847320557,-5.277964115142822,26.442312240600586,23.88041114807129,16.421165466308594,,44.43259811401367,
2029,Venezuela,5.779823303222656,,,,,,,,,,,8.325572967529297,,10060.306640625,8.056089401245117,4.684002876281738,2.989530324935913,3.7153873443603516,-6.957973480224609,25.22360610961914,25.32152557373047,17.438560485839844,,53.16264343261719,
2030,Venezuela,4.995151996612549,,,,,,,,,,,2.4948902130126953,,1480.536376953125,7.726108074188232,8.07422161102295,8.1464204788208,3.4307210445404053,-4.493391036987305,25.444978713989258,24.2059383392334,16.944656372070312,,50.48198318481445,
2025,Viet Nam,5.853245258331299,,,,,,,,,,,14.39886474609375,,9212.6552734375,6.303642749786377,1.8953442573547363,-3.0326154232025146,3.312424659729004,-1.9951746463775635,25.13176155090332,23.117015838623047,15.2178316116333,,48.70290756225586,
2026,Viet Nam,5.464457035064697,,,,,,,,,,,1.34613835811615,,5653.6796875,9.276471138000488,12.409281730651855,14.442546844482422,1.3862252235412598,-7.099257469177246,25.85887336730957,24.69588279724121,12.467184066772461,,47.210269927978516,
2027,Viet Nam,6.1385979652404785,,,,,,,,,,,10.256749153137207,,11318.9296875,8.212420463562012,4.826381683349609,1.8653464317321777,3.4202938079833984,-4.246011734008789,26.1461124420166,23.353103637695312,16.2316951751709,,55.350013732910156,
2028,Viet Nam,5.5164666175842285,,,,,,,,,,,2.191257953643799,,2730.030029296875,8.26707935333252,8.078536987304688,8.009039878845215,3.2152819633483887,-4.7934136390686035,27.046039581298828,24.506343841552734,16.0609073638916,,48.06138610839844,
2029,Viet Nam,5.463207244873047,,,,,,,,,,,6.971275329589844,,7114.54931640625,6.681583881378174,5.828371524810791,2.8922908306121826,3.870746612548828,-7.2391815185546875,25.292072296142578,25.247365951538086,17.208364486694336,,52.36565399169922,
2030,Viet Nam,3.9446465969085693,,,,,,,,,,,2.54520583152771,,-74.6942367553711,11.502881050109863,8.965287208557129,6.315311908721924,3.070570945739746,-6.33697509765625,24.98745346069336,24.155855178833008,17.405065536499023,,44.506717681884766,
2025,Yemen,5.377249240875244,,,,,,,,,,,133.45333862304688,,2481.51318359375,6.411975860595703,-1.5994102954864502,2.733295440673828,2.1639015674591064,-4.971336364746094,25.569772720336914,23.75686264038086,15.213354110717773,,54.08316421508789,
2026,Yemen,5.740701198577881,,,,,,,,,,,1.9725874662399292,,8594.169921875,8.679591178894043,2.7951345443725586,27.081193923950195,1.4454996585845947,-6.634796619415283,25.169204711914062,22.72207260131836,17.090024948120117,,57.24591827392578,
2027,Yemen,5.837826728820801,,,,,,,,,,,15.685965538024902,,13549.17578125,12.225927352905273,-2.7140145301818848,2.8777945041656494,0.9631962776184082,-5.414335250854492,25.555152893066406,25.32097625732422,14.64743709564209,,54.430702209472656,
2028,Yemen,5.950858116149902,,,,,,,,,,,1.4574435949325562,,7031.8994140625,7.515488624572754,7.7709221839904785,19.277690887451172,2.0949747562408447,-1.9056282043457031,29.116069793701172,23.916723251342773,15.968086242675781,,55.97931671142578,
2029,Yemen,5.711495876312256,,,,,,,,,,,16.22197151184082,,12732.630859375,13.810760498046875,-1.659162998199463,1.9830604791641235,1.7095292806625366,-5.112869739532471,24.871007919311523,28.20215606689453,13.259523391723633,,43.519142150878906,
2030,Yemen,5.93195104598999,,,,,,,,,,,1.053821325302124,,6154.5400390625,6.235995292663574,10.100810050964355,18.61037254333496,1.8154785633087158,-0.6659116148948669,32.408409118652344,23.371139526367188,17.03052520751953,,67.12611389160156,
2025,Zambia,5.766366481781006,,,,,,,,,,,117.29275512695312,,4696.755859375,6.411975860595703,4.064595699310303,2.207782506942749,4.04682731628418,-2.7891390323638916,25.51750373840332,23.903139114379883,15.167981147766113,,50.73706817626953,
2026,Zambia,5.104081630706787,,,,,,,,,,,2.14367413520813,,3020.64013671875,9.994307518005371,1.8916442394256592,22.38660430908203,1.0176843404769897,-8.050244331359863,24.296369552612305,23.91687774658203,17.253618240356445,,49.82643127441406,
2027,Zambia,5.814248085021973,,,,,,,,,,,16.6861572265625,,10273.8955078125,9.516929626464844,-1.5565569400787354,3.755624771118164,2.9246959686279297,-5.35129976272583,25.454631805419922,25.059648513793945,16.234033584594727,,53.88029861450195,
2028,Zambia,5.792407035827637,,,,,,,,,,,2.74678897857666,,6000.69189453125,7.101086616516113,6.881933212280273,19.169239044189453,3.060619831085205,-2.7718095779418945,27.874996185302734,24.103816986083984,16.03021812438965,,52.81867599487305,
2029,Zambia,5.472665309906006,,,,,,,,,,,16.498273849487305,,9109.0390625,10.869051933288574,-1.7746834754943848,2.548323631286621,1.4685652256011963,-4.9677886962890625,24.52446937561035,27.247926712036133,14.440951347351074,,41.13983154296875,
2030,Zambia,6.273487091064453,,,,,,,,,,,1.6751482486724854,,8158.78173828125,7.689415454864502,8.804940223693848,19.149768829345703,2.421748638153076,-2.9656856060028076,30.912452697753906,23.65016746520996,16.14603042602539,,54.321929931640625,
2025,Zimbabwe,5.624384880065918,,,,,,,,,,,117.04563903808594,,3990.698486328125,6.411975860595703,4.099827289581299,2.7939162254333496,3.917239189147949,-3.5744690895080566,25.66413688659668,23.799468994140625,15.260087013244629,,53.222225189208984,
2026,Zimbabwe,5.125221252441406,,,,,,,,,,,2.3473291397094727,,2955.361328125,9.921467781066895,2.1571497917175293,22.700061798095703,1.2114239931106567,-8.57529354095459,24.499845504760742,23.21349334716797,17.119230270385742,,52.0592155456543,
2027,Zimbabwe,5.197994709014893,,,,,,,,,,,17.031192779541016,,9401.5751953125,12.80955982208252,-3.0514745712280273,4.31365966796875,2.553327798843384,-5.5117902755737305,25.488338470458984,25.113849639892578,15.946389198303223,,57.1556510925293,
2028,Zimbabwe,5.933288097381592,,,,,,,,,,,2.5910205841064453,,6078.044921875,7.842422008514404,8.018511772155762,20.585718154907227,2.531095027923584,-3.0289194583892822,28.841310501098633,24.583457946777344,16.029321670532227,,53.89815902709961,
2029,Zimbabwe,5.603115081787109,,,,,,,,,,,16.991247177124023,,11146.0703125,13.879241943359375,-1.3829582929611206,2.5766255855560303,1.9712247848510742,-5.314939498901367,26.093809127807617,27.21819496154785,14.606011390686035,,44.23553466796875,
2030,Zimbabwe,5.765254974365234,,,,,,,,,,,1.710388422012329,,6477.54736328125,7.123659133911133,6.66393518447876,19.45482635498047,2.0734446048736572,-1.588499903678894,31.672067642211914,24.129819869995117,16.290679931640625,,53.657047271728516,
