year,country_name,life_evaluation_3_year_average,lower_whisker,upper_whisker,explained_by_log_gdp_per_capita,explained_by_social_support,explained_by_healthy_life_expectancy,explained_by_freedom_to_make_life_choices,explained_by_generosity,explained_by_perceptions_of_corruption,dystopia_residual,key_iso3_year,inflation_cpi,gdp_current_usd,gdp_per_capita_current_usd,unemployment_rate_,interest_rate_real,inflation_gdp_deflator,gdp_growth_annual,current_account_balance_gdp,government_expense_of_gdp,government_revenue_of_gdp,tax_revenue_of_gdp,gross_national_income_usd,public_debt_of_gdp,country_code,predicted_life_evaluation,pred_2024,real_2024,offset
2024,Afghanistan,1.364,1.301,1.427,0.649,0.0,0.155,0.0,0.075,0.135,0.348,AFG2024,-6.601,,,13.295,,,,,,,,,,AFG,,,,
2023,Afghanistan,1.721,1.667,1.775,0.628,0.0,0.242,0.0,0.091,0.088,0.672,AFG2023,-4.645,17233051620.112,415.707,13.991,,2.962,2.711,,,,,17315384702.895,,AFG,,,,
2022,Afghanistan,1.859,1.795,1.923,0.645,0.0,0.087,0.0,0.093,0.059,0.976,AFG2022,13.712,14497243872.134,357.261,14.1,,9.406,-6.24,,,,,14540297385.724,,AFG,,,,
2021,Afghanistan,2.404,2.339,2.469,0.758,0.0,0.289,0.0,0.089,0.005,1.263,AFG2021,5.133,14259995441.076,356.496,11.994,,2.839,-20.739,,,,,14346089107.591,,AFG,,,,
2020,Afghanistan,2.523,2.449,2.596,0.37,0.0,0.126,0.0,0.122,0.01,1.895,AFG2020,5.602,19955929052.15,510.787,11.71,,6.963,-2.351,-15.718,,,,20105156769.191,,AFG,,,,
2019,Afghanistan,2.567,2.506,2.628,0.301,0.356,0.266,0.0,0.135,0.001,1.507,AFG2019,2.302,18799444490.113,496.603,11.185,,6.521,3.912,-20.17,,,,19080662010.748,,AFG,,,,
2018,Afghanistan,3.203,,,,,,,,,,AFG2018,0.626,18053222687.413,491.337,11.196,,2.071,1.189,-21.585,,,,18294513957.552,,AFG,,,,
2017,Afghanistan,3.632,,,,,,,,,,AFG2017,4.976,18753456497.816,525.47,11.184,12.141,2.404,2.647,-18.956,39.22,13.039,9.898,18961769787.455,,AFG,,,,
2016,Afghanistan,3.794,,,,,,,,,,AFG2016,4.384,18116572395.077,522.082,10.133,17.584,-2.198,2.26,-14.95,43.923,12.678,9.503,18350475875.3,,AFG,,,,
2015,Afghanistan,3.36,,,,,,,,,,AFG2015,-0.662,19134221644.732,565.57,9.052,12.253,2.448,1.451,-21.913,37.023,10.131,7.585,19249499438.746,,AFG,,,,
2014,Afghanistan,3.575,,,,,,,,,,AFG2014,4.674,20497128555.697,625.055,7.915,14.352,0.567,2.725,-15.772,44.589,8.614,6.882,20559672324.909,,AFG,,,,
2012,Afghanistan,4.04,,,,,,,,,,AFG2012,6.441,19907329777.587,651.417,7.856,7.174,7.302,12.752,-25.871,42.329,10.201,7.708,19961261595.025,,AFG,,,,
2011,Afghanistan,4.258,,,,,,,,,,AFG2011,11.804,17805098206.314,606.695,7.784,-1.242,16.593,0.426,-12.62,59.485,11.51,8.917,17781511431.23,,AFG,,,,
2024,Albania,5.411,5.284,5.539,1.371,1.122,0.696,0.841,0.103,0.057,1.22,ALB2024,2.214,,,10.25,,,,,,,,,,ALB,,,,
2023,Albania,5.304,5.168,5.44,1.438,0.924,0.638,0.69,0.138,0.049,1.428,ALB2023,4.76,23547179830.441,8575.171,10.108,0.269,6.066,3.937,-1.196,25.376,24.697,17.76,23246482646.279,,ALB,,,,
2022,Albania,5.277,5.148,5.406,1.449,0.951,0.48,0.549,0.133,0.037,1.678,ALB2022,6.725,19017242585.78,6846.426,10.137,-3.054,9.862,4.827,-5.872,27.003,24.732,18.061,18686023829.072,,ALB,,,,
2021,Albania,5.199,5.076,5.321,1.439,0.646,0.719,0.511,0.138,0.028,1.718,ALB2021,2.041,18032010563.756,6413.283,11.474,2.491,3.444,8.97,-7.596,24.398,25.047,18.096,17780838454.984,81.92,ALB,,,,
2020,Albania,5.117,5.001,5.234,1.008,0.529,0.646,0.491,0.168,0.024,2.25,ALB2020,1.621,15241458744.869,5370.779,11.69,6.077,0.041,-3.314,-8.625,24.605,23.701,16.896,14991229141.556,83.454,ALB,,,,
2019,Albania,4.883,4.773,4.993,0.907,0.83,0.846,0.462,0.171,0.025,1.641,ALB2019,1.411,15585105131.064,5460.428,11.466,5.223,1.001,2.063,-7.821,22.878,24.846,17.931,15383523591.851,74.808,ALB,,,,
2018,Albania,4.719,,,,,,,,,,ALB2018,2.028,15379509891.72,5365.489,12.304,2.881,2.967,4.019,-6.608,22.929,25.108,18.277,15361070727.354,63.634,ALB,,,,
2017,Albania,4.586,,,,,,,,,,ALB2017,2.061,13019726211.737,4531.032,13.616,4.701,1.451,3.803,-7.544,23.868,25.733,18.887,13051517643.621,75.889,ALB,,,,
2016,Albania,4.644,,,,,,,,,,ALB2016,-0.367,11861199830.84,4124.055,15.418,7.414,-0.633,3.315,-7.591,23.957,24.279,17.59,12053832974.203,80.736,ALB,,,,
2015,Albania,4.655,,,,,,,,,,ALB2015,3.501,11386853113.019,3952.804,17.193,7.272,0.564,2.219,-8.605,24.446,24.738,18.516,11521811393.62,79.864,ALB,,,,
2014,Albania,4.959,,,,,,,,,,ALB2014,1.626,13228147516.117,4578.633,18.055,6.325,1.55,1.774,-10.775,24.383,24.525,18.302,13349419700.417,73.32,ALB,,,,
2012,Albania,5.55,,,,,,,,,,ALB2012,2.032,12319834195.331,4247.631,13.376,9.736,1.043,1.417,-10.2,23.008,23.051,17.483,12228069196.114,63.669,ALB,,,,
2011,Albania,5.134,,,,,,,,,,ALB2011,3.428,12890760315.146,4437.141,13.481,9.888,2.315,2.545,-12.933,23.011,23.9,18.022,12894099798.948,69.638,ALB,,,,
2024,Algeria,5.571,5.469,5.674,1.315,1.363,0.782,0.522,0.057,0.219,1.313,DZA2024,4.046,,,11.427,,,,,,,,,,DZA,,,,
2023,Algeria,5.364,5.251,5.476,1.324,1.191,0.568,0.247,0.091,0.2,1.743,DZA2023,9.322,247626161016.414,5364.028,11.701,7.085,0.855,4.1,2.568,,,,244041138304.928,,DZA,,,,
2022,Algeria,5.329,5.207,5.451,1.353,1.298,0.409,0.252,0.073,0.152,1.791,DZA2022,9.266,225638456572.143,4961.553,12.346,-12.16,22.951,3.6,8.612,,,,220378411278.286,,DZA,,,,
2021,Algeria,5.122,5.03,5.215,1.363,0.97,0.643,0.146,0.106,0.15,1.744,DZA2021,7.226,186231205262.082,4160.559,13.63,-6.842,15.933,3.8,-2.423,,,,182588498523.667,,DZA,,,,
2020,Algeria,4.887,4.783,4.991,0.946,0.765,0.552,0.119,0.144,0.12,2.242,DZA2020,2.415,164873415325.201,3743.542,14.057,13.34,-4.711,-5.0,-11.031,,,,162137110259.921,,DZA,,,,
2019,Algeria,5.005,4.918,5.092,0.944,1.143,0.745,0.084,0.119,0.129,1.841,DZA2019,1.952,193459662090.677,4468.453,12.259,7.055,0.883,0.9,-8.764,,,,189548593096.822,,DZA,,,,
2018,Algeria,5.211,,,,,,,,,,DZA2018,4.27,194554483655.528,4577.21,12.137,1.729,6.165,1.4,-8.689,,,,190390454064.656,,DZA,,,,
2017,Algeria,5.295,,,,,,,,,,DZA2017,5.591,189880896903.073,4554.668,12.0,2.918,4.938,1.5,-11.622,,,,187682164214.748,,DZA,,,,
2016,Algeria,5.872,,,,,,,,,,DZA2016,6.398,180763839522.151,4424.985,10.202,7.083,0.857,3.9,-14.496,,,,179594281655.137,,DZA,,,,
2015,Algeria,6.355,,,,,,,,,,DZA2015,4.784,187493855609.345,4685.059,11.206,13.668,-4.987,3.2,-14.421,,,,183649437186.975,,DZA,,,,
2014,Algeria,5.605,,,,,,,,,,DZA2014,2.917,238942664192.59,6094.694,10.207,6.456,1.45,4.1,-3.877,,,,234461348665.993,,DZA,,,,
2012,Algeria,5.422,,,,,,,,,,DZA2012,8.891,227143746075.934,6033.649,10.97,-0.002,8.002,2.4,5.324,,,,224964112461.511,,DZA,,,,
2011,Algeria,5.368,,,,,,,,,,DZA2011,4.524,218331946925.304,5916.314,9.96,-7.62,16.909,3.0,8.095,,,,216589368243.66,,DZA,,,,
2017,Angola,3.795,,,,,,,,,,AGO2017,29.844,73690154990.731,2437.26,16.61,-5.553,22.615,-0.147,-0.859,16.671,16.361,9.224,69161228469.893,,AGO,,,,
2016,Angola,3.795,,,,,,,,,,AGO2016,30.694,52761617225.925,1807.953,16.575,-4.922,21.774,-2.58,-5.847,17.512,15.721,9.733,50010057163.215,,AGO,,,,
2015,Angola,3.866,,,,,,,,,,AGO2015,9.356,90496420506.596,3213.903,16.49,21.144,-3.518,0.944,-11.352,20.819,18.777,11.002,85895384573.189,,AGO,,,,
2014,Angola,4.033,,,,,,,,,,AGO2014,7.28,135966802586.713,5006.0,16.406,12.381,3.561,4.823,-2.756,27.967,30.885,13.543,127708790750.385,,AGO,,,,
2012,Angola,5.589,,,,,,,,,,AGO2012,10.278,128052915766.343,5086.027,16.562,8.765,7.256,8.542,10.809,23.45,36.225,14.823,117631162045.945,,AGO,,,,
2011,Angola,4.178,,,,,,,,,,AGO2011,13.482,111789747670.59,4615.911,16.77,-9.876,31.771,3.472,11.705,26.671,44.592,16.103,102092420981.586,,AGO,,,,
2024,Argentina,6.397,6.302,6.492,1.504,1.622,0.579,0.824,0.048,0.083,1.736,ARG2024,,,,7.876,,,,,,,,,,ARG,,,,
2023,Argentina,6.188,6.07,6.306,1.562,1.381,0.585,0.681,0.087,0.08,1.812,ARG2023,,646075277525.125,14187.483,6.139,-16.771,135.369,-1.611,-3.244,,,,632729881149.353,,ARG,,,,
2022,Argentina,6.024,5.9,6.147,1.59,1.388,0.427,0.587,0.088,0.082,1.861,ARG2022,,632790070063.124,13935.681,6.805,-10.288,69.876,5.27,-0.641,21.907,17.927,11.123,621165221747.635,,ARG,,,,
2021,Argentina,5.967,5.844,6.09,1.592,1.102,0.662,0.555,0.081,0.085,1.891,ARG2021,,486564085480.036,10738.018,8.736,-11.862,53.802,10.442,1.362,22.897,18.076,11.5,476802271007.631,,ARG,,,,
2020,Argentina,5.929,5.819,6.04,1.162,0.98,0.646,0.544,0.069,0.067,2.461,ARG2020,,385740508436.965,8535.599,11.461,-7.635,40.083,-9.9,0.697,25.841,17.479,10.866,375344057341.93,,ARG,,,,
2019,Argentina,5.975,5.87,6.079,1.028,1.373,0.85,0.521,0.07,0.06,2.073,ARG2019,,447754683615.225,9955.975,9.843,12.104,49.196,-2.001,-0.78,22.036,18.736,10.594,430166792070.565,,ARG,,,,
2018,Argentina,6.086,,,,,,,,,,ARG2018,,524819892360.176,11752.8,9.22,4.564,42.034,-2.617,-5.161,22.688,17.702,9.992,506094045059.703,,ARG,,,,
2017,Argentina,6.388,,,,,,,,,,ARG2017,,643628393281.364,14532.501,8.347,0.456,26.006,2.819,-4.84,24.283,19.337,10.94,627200463933.824,,ARG,,,,
2016,Argentina,6.599,,,,,,,,,,ARG2016,,557532320662.955,12699.962,8.085,-7.006,41.119,-2.08,-2.709,26.18,21.257,12.097,545251641127.714,,ARG,,,,
2015,Argentina,6.65,,,,,,,,,,ARG2015,,594749285413.212,13679.626,7.579,-1.315,26.58,2.731,-2.963,25.008,22.149,12.337,583615452086.538,,ARG,,,,
2014,Argentina,6.574,,,,,,,,,,ARG2014,,526319673731.638,12233.144,7.268,-11.601,40.283,-2.513,-1.744,24.57,22.332,12.611,515532241212.846,,ARG,,,,
2012,Argentina,6.562,,,,,,,,,,ARG2012,,545982375701.128,12949.717,7.217,-6.748,22.315,-1.026,-0.392,,21.182,12.953,533073608485.977,,ARG,,,,
2011,Argentina,6.242,,,,,,,,,,ARG2011,,530158122010.442,12704.283,7.18,-7.773,23.703,6.004,-1.007,,20.196,12.664,515004538945.145,,ARG,,,,
2024,Armenia,5.494,5.391,5.596,1.391,1.349,0.828,0.786,0.032,0.158,0.95,ARM2024,0.27,,,13.329,,,,,,,,,,ARM,,,,
2023,Armenia,5.455,5.35,5.56,1.444,1.154,0.603,0.65,0.051,0.173,1.379,ARM2023,1.98,24085749592.336,8053.011,13.245,9.459,2.673,8.3,-2.31,21.034,23.975,22.482,23434106610.783,48.256,ARM,,,,
2022,Armenia,5.342,5.213,5.47,1.466,1.134,0.443,0.551,0.053,0.16,1.534,ARM2022,8.641,19513506553.125,6571.974,13.379,3.457,7.986,12.6,0.332,21.163,23.456,21.827,18991671827.76,46.552,ARM,,,,
2021,Armenia,5.399,5.278,5.519,1.434,0.82,0.668,0.558,0.054,0.21,1.654,ARM2021,7.185,13878908628.938,4685.18,15.469,4.548,6.901,5.8,-3.48,24.969,23.388,22.001,13479935696.449,60.08,ARM,,,,
2020,Armenia,5.283,5.168,5.397,0.996,0.758,0.585,0.54,0.079,0.198,2.127,ARM2020,1.211,12641698583.215,4268.681,18.175,9.639,1.807,-7.2,-3.998,26.581,24.145,21.86,12439008672.029,63.401,ARM,,,,
2019,Armenia,4.677,4.562,4.792,0.808,1.035,0.776,0.378,0.107,0.105,1.468,ARM2019,1.443,13619290539.212,4597.229,18.304,10.96,1.066,7.6,-7.057,21.758,23.941,22.285,13807148386.554,50.028,ARM,,,,
2018,Armenia,4.559,,,,,,,,,,ARM2018,2.52,12457940694.74,4196.006,18.966,9.734,2.788,5.2,-7.228,22.077,22.454,20.87,12658281183.774,,ARM,,,,
2017,Armenia,4.321,,,,,,,,,,ARM2017,0.97,11527458709.016,3869.054,17.704,11.997,2.151,7.5,-1.261,22.63,22.525,20.781,11933013892.625,,ARM,,,,
2016,Armenia,4.376,,,,,,,,,,ARM2016,-1.404,10546136235.522,3524.425,17.617,17.042,0.269,0.2,-0.957,25.712,22.835,21.277,10791195836.794,,ARM,,,,
2015,Armenia,4.36,,,,,,,,,,ARM2015,3.732,10553337518.414,3512.394,18.261,16.18,1.214,3.2,-2.662,25.078,23.092,20.931,10981745035.978,,ARM,,,,
2014,Armenia,4.35,,,,,,,,,,ARM2014,2.981,11609513246.796,3852.118,17.498,13.781,2.309,3.6,-7.768,23.988,24.515,21.599,12131729269.799,,ARM,,,,
2012,Armenia,4.316,,,,,,,,,,ARM2012,2.558,10619320682.947,3511.564,17.511,11.281,5.346,7.2,-9.962,21.374,22.598,17.492,11042356845.104,,ARM,,,,
2011,Armenia,4.474,,,,,,,,,,ARM2011,7.65,10142111824.584,3349.553,18.884,12.92,4.282,4.7,-10.44,22.568,22.726,17.219,10502185416.57,,ARM,,,,
2024,Australia,6.974,6.89,7.057,1.767,1.647,0.841,0.857,0.164,0.285,1.413,AUS2024,3.162,,,4.072,,,,,,,,,,AUS,,,,
2023,Australia,7.057,6.973,7.141,1.854,1.461,0.692,0.756,0.225,0.323,1.745,AUS2023,5.597,1728057316695.61,64820.912,3.668,,6.512,3.442,-0.3,,,,1653703105439.57,,AUS,,,,
2022,Australia,7.095,7.009,7.18,1.899,1.497,0.532,0.677,0.242,0.31,1.938,AUS2022,6.594,1690858246994.43,64997.014,3.728,,7.176,4.242,0.338,27.661,26.205,23.628,1626539969365.68,58.047,AUS,,,,
2021,Australia,7.162,7.081,7.244,1.9,1.203,0.772,0.676,0.258,0.341,2.011,AUS2021,2.864,1556735770437.26,60607.779,5.116,,3.08,2.111,2.611,32.633,25.693,23.061,1539273615554.95,70.011,AUS,,,,
2020,Australia,7.183,7.102,7.265,1.453,1.076,0.801,0.647,0.291,0.317,2.598,AUS2020,0.847,1328414058378.38,51791.54,6.456,,1.886,-0.12,1.874,30.255,25.282,22.591,1298368829650.52,69.322,AUS,,,,
2019,Australia,7.223,7.141,7.305,1.31,1.477,1.023,0.622,0.325,0.336,2.13,AUS2019,1.611,1392723834562.64,54972.702,5.159,1.578,3.468,2.172,-0.021,26.177,26.076,23.408,1345853874492.3,60.226,AUS,,,,
2018,Australia,7.228,,,,,,,,,,AUS2018,1.911,1427809041019.44,57196.422,5.3,3.33,1.869,2.878,-2.561,26.229,25.843,23.208,1382739590115.65,54.503,AUS,,,,
2017,Australia,7.272,,,,,,,,,,AUS2017,1.949,1325582658156.54,53901.715,5.592,1.536,3.653,2.28,-3.002,26.634,24.842,22.11,1289235106327.62,53.316,AUS,,,,
2016,Australia,7.284,,,,,,,,,,AUS2016,1.277,1206836962281.84,49888.041,5.711,6.125,-0.663,2.759,-3.616,26.984,24.863,22.276,1178195299351.86,54.678,AUS,,,,
2015,Australia,7.313,,,,,,,,,,AUS2015,1.508,1351296372254.31,56739.027,6.055,6.238,-0.624,2.19,-4.313,26.764,24.509,21.874,1323697450186.41,46.482,AUS,,,,
2014,Australia,7.284,,,,,,,,,,AUS2014,2.488,1468265356427.76,62544.087,6.078,4.482,1.405,2.595,-3.093,26.258,24.363,21.898,1429834007640.0,41.722,AUS,,,,
2012,Australia,7.35,,,,,,,,,,AUS2012,1.763,1547532281116.4,68072.873,5.225,5.078,1.806,3.917,-4.444,26.119,23.435,21.099,1500404222891.8,39.442,AUS,,,,
2011,Australia,7.345,,,,,,,,,,AUS2011,3.304,1398610616772.97,62605.6,5.083,1.446,6.202,2.407,-3.264,25.997,22.708,20.323,1342423020459.19,30.095,AUS,,,,
2024,Austria,6.81,6.728,6.891,1.791,1.592,0.814,0.856,0.179,0.28,1.297,AUT2024,2.938,,,5.439,,,,,,,,,,AUT,,,,
2023,Austria,6.905,6.824,6.986,1.885,1.336,0.696,0.703,0.214,0.305,1.766,AUT2023,7.814,511685203845.001,56033.574,5.264,,6.648,-0.955,1.326,46.479,44.62,25.89,510079146471.293,78.336,AUT,,,,
2022,Austria,7.097,7.018,7.176,1.927,1.382,0.535,0.63,0.191,0.31,2.124,AUT2022,8.547,471773629830.381,52176.665,4.992,,4.755,5.278,-0.829,47.51,44.401,26.207,470636395218.873,76.221,AUT,,,,
2021,Austria,7.163,7.089,7.237,1.931,1.165,0.774,0.623,0.193,0.329,2.148,AUT2021,2.767,480467037338.783,53648.719,6.459,,1.926,4.795,1.716,50.022,44.909,26.015,486755828420.147,96.028,AUT,,,,
2020,Austria,7.268,7.198,7.337,1.492,1.062,0.782,0.64,0.215,0.292,2.784,AUT2020,1.382,434397601557.696,48716.41,5.201,,2.593,-6.318,3.351,51.159,43.762,24.666,439547216701.013,101.667,AUT,,,,
2019,Austria,7.294,7.229,7.36,1.317,1.437,1.001,0.603,0.256,0.281,2.398,AUT2019,1.531,442983642371.842,49885.995,4.56,,1.474,1.755,2.384,43.907,44.283,25.81,443323100627.45,85.055,AUT,,,,
2018,Austria,7.246,,,,,,,,,,AUT2018,1.998,452582294972.775,51194.075,4.933,,1.81,2.484,0.908,44.136,44.036,25.722,450535680731.058,86.052,AUT,,,,
2017,Austria,7.139,,,,,,,,,,AUT2017,2.081,414926138132.691,47163.743,5.561,,0.975,2.272,1.244,44.865,43.989,25.762,413348647948.824,91.235,AUT,,,,
2016,Austria,7.006,,,,,,,,,,AUT2016,0.892,393687359770.273,45061.499,6.064,,1.815,2.117,2.571,45.553,44.086,25.822,395807521992.608,96.928,AUT,,,,
2015,Austria,7.119,,,,,,,,,,AUT2015,0.897,379546097300.633,43915.228,5.802,,2.293,1.304,1.588,46.332,45.578,27.216,378210199399.805,97.328,AUT,,,,
2014,Austria,7.2,,,,,,,,,,AUT2014,1.606,438556021078.034,51314.972,5.674,,2.007,0.756,2.314,47.382,45.298,26.842,443168199835.449,97.891,AUT,,,,
2012,Austria,7.369,,,,,,,,,,AUT2012,2.486,406750487603.59,48250.406,4.909,,2.092,0.628,1.51,46.583,44.474,26.183,409815209653.594,92.49,AUT,,,,
2011,Austria,7.227,,,,,,,,,,AUT2011,3.287,428954737064.057,51116.895,4.637,,1.82,2.927,1.585,45.786,43.848,25.647,433140701458.172,87.867,AUT,,,,
2024,Azerbaijan,4.875,4.78,4.969,1.428,1.03,0.707,0.785,0.076,0.179,0.67,AZE2024,2.212,,,5.594,,,,,,,,,,AZE,,,,
2023,Azerbaijan,4.893,4.768,5.018,1.433,0.876,0.496,0.668,0.112,0.199,1.11,AZE2023,8.785,72356176470.588,7125.909,5.636,25.521,-9.207,1.124,11.512,,,,69275529411.765,,AZE,,,,
2021,Azerbaijan,5.173,5.082,5.265,1.458,1.093,0.56,0.601,0.023,0.341,1.098,AZE2021,6.65,54825411764.706,5408.045,6.04,-4.246,21.589,5.616,14.962,27.144,36.519,13.421,53687352941.176,16.822,AZE,,,,
2020,Azerbaijan,5.171,5.091,5.25,1.025,0.841,0.541,0.526,0.043,0.276,1.919,AZE2020,2.76,42693000000.0,4229.911,7.24,26.537,-7.396,-4.3,-0.741,33.931,35.04,15.186,42422882352.941,22.19,AZE,,,,
2019,Azerbaijan,5.165,5.098,5.232,0.99,1.181,0.731,0.468,0.04,0.247,1.508,AZE2019,2.611,48174235294.118,4805.754,5.0,17.565,-0.241,2.5,8.705,24.284,42.814,14.219,46318529411.765,,AZE,,,,
2018,Azerbaijan,5.208,,,,,,,,,,AZE2018,2.269,47112470051.77,4739.794,4.9,4.692,12.185,1.5,12.682,21.402,39.417,12.971,44853080880.956,,AZE,,,,
2017,Azerbaijan,5.201,,,,,,,,,,AZE2017,12.936,40866627351.982,4147.198,5.0,0.319,16.172,0.2,4.122,27.959,35.076,13.164,39321618331.876,,AZE,,,,
2016,Azerbaijan,5.234,,,,,,,,,,AZE2016,12.443,37866996882.916,3880.685,5.0,1.486,14.671,-3.1,-3.601,27.196,34.92,14.556,35591412539.277,,AZE,,,,
2015,Azerbaijan,5.291,,,,,,,,,,AZE2015,4.028,53076235354.746,5500.504,4.96,28.945,-8.85,1.094,-0.419,24.789,34.184,15.603,51379123217.29,,AZE,,,,
2014,Azerbaijan,5.212,,,,,,,,,,AZE2014,1.373,75239785452.102,7890.84,4.91,19.392,-1.285,2.751,13.568,22.101,39.896,14.213,73082959455.445,,AZE,,,,
2012,Azerbaijan,4.604,,,,,,,,,,AZE2012,1.066,69679944504.197,7495.865,5.19,15.03,2.883,2.165,21.493,22.185,41.274,12.779,65735414850.219,,AZE,,,,
2011,Azerbaijan,4.582,,,,,,,,,,AZE2011,7.858,65952796427.947,7189.819,5.42,-2.886,22.524,0.1,25.996,18.478,45.481,12.225,61441003132.891,,AZE,,,,
2024,Bahrain,6.03,5.891,6.17,1.752,1.391,0.609,0.907,0.148,0.167,1.057,BHR2024,0.92,,,1.102,,,,,,,,,,BHR,,,,
2023,Bahrain,5.959,5.766,6.153,,,,,,,,BHR2023,0.075,46079867021.277,29218.861,1.154,,-4.144,2.981,5.858,,,,43472420212.766,,BHR,,,,
2022,Bahrain,6.173,5.977,6.369,1.883,1.269,0.389,0.748,0.199,0.138,1.546,BHR2022,3.626,46680398936.17,30616.261,1.326,,7.849,5.981,14.65,,,,44717632978.723,,BHR,,,,
2021,Bahrain,6.647,6.514,6.779,1.854,1.029,0.625,0.693,0.199,0.155,2.092,BHR2021,-0.606,40840212765.957,27147.808,1.541,,9.208,4.35,6.372,,,,38312287234.043,,BHR,,,,
2020,Bahrain,6.647,6.514,6.779,1.409,0.899,0.662,0.661,0.246,0.139,2.631,BHR2020,-2.318,35837632978.723,24342.844,1.781,,-5.829,-5.911,-9.054,26.109,15.454,2.823,33378590425.532,111.598,BHR,,,,
2019,Bahrain,6.227,6.067,6.388,1.297,1.315,0.839,0.61,0.287,0.127,1.752,BHR2019,1.006,40446808510.638,27259.744,1.223,,0.165,2.053,-1.964,21.754,19.084,2.878,38186170212.766,91.36,BHR,,,,
2018,Bahrain,6.199,,,,,,,,,,BHR2018,2.088,39567978723.404,26324.407,1.2,,4.213,2.053,-6.153,22.47,18.655,1.093,37491914893.617,84.301,BHR,,,,
2017,Bahrain,6.105,,,,,,,,,,BHR2017,1.387,37204813829.787,24784.769,1.194,,4.616,4.954,-4.301,22.522,15.533,0.936,35215186170.213,77.525,BHR,,,,
2016,Bahrain,6.087,,,,,,,,,,BHR2016,2.787,33884680851.064,23800.001,1.192,,0.357,3.815,-4.406,24.5,14.673,0.809,32089202127.66,70.569,BHR,,,,
2015,Bahrain,6.218,,,,,,,,,,BHR2015,1.849,32523297872.34,23734.055,1.16,15.253,-8.757,2.508,-2.313,25.329,16.469,0.99,30787393617.021,60.758,BHR,,,,
2014,Bahrain,5.96,,,,,,,,,,BHR2014,2.648,34772526595.745,26451.797,1.141,7.416,-1.44,4.309,4.381,23.512,23.414,0.792,33139813829.787,43.528,BHR,,,,
2012,Bahrain,5.312,,,,,,,,,,BHR2012,2.757,31963404255.319,26438.673,1.2,3.013,2.934,3.803,8.065,20.899,24.755,1.137,30955957446.808,35.607,BHR,,,,
2011,Bahrain,5.568,,,,,,,,,,BHR2011,-0.4,29914680851.064,25032.787,1.21,-2.462,9.486,1.928,10.855,21.647,24.175,1.072,26150319148.936,34.569,BHR,,,,
2024,Bangladesh,3.851,3.753,3.949,1.116,0.286,0.592,0.92,0.11,0.132,0.695,BGD2024,10.466,,,4.68,,,,,,,,,,BGD,,,,
2023,Bangladesh,3.886,3.778,3.994,1.122,0.249,0.513,0.775,0.14,0.167,0.919,BGD2023,9.884,437415331040.994,2551.018,4.454,0.629,6.897,5.775,-1.646,,,,454873454272.724,,BGD,,,,
2022,Bangladesh,4.282,4.148,4.416,1.133,0.513,0.355,0.617,0.139,0.165,1.361,BGD2022,7.697,460131688909.301,2716.486,4.593,1.972,5.049,7.1,-3.81,,,,478360553569.206,,BGD,,,,
2021,Bangladesh,5.155,5.049,5.262,1.06,0.614,0.581,0.622,0.125,0.187,1.967,BGD2021,5.546,416271647911.014,2482.849,5.327,3.076,4.121,6.939,-3.79,8.324,9.539,7.642,438182167775.955,,BGD,,,,
2020,Bangladesh,5.025,4.934,5.115,0.635,0.52,0.514,0.603,0.161,0.164,2.427,BGD2020,5.691,373979442362.193,2248.851,5.436,4.289,3.841,3.448,0.319,8.148,8.641,7.002,389459167662.235,,BGD,,,,
2019,Bangladesh,4.833,4.754,4.911,0.556,0.869,0.695,0.604,0.177,0.177,1.755,BGD2019,5.592,351231654603.692,2129.799,4.441,5.69,3.658,7.882,-0.839,8.272,8.856,7.639,365618637342.157,,BGD,,,,
2018,Bangladesh,4.456,,,,,,,,,,BGD2018,5.544,321362752441.78,1965.244,4.407,3.634,5.806,7.319,-2.208,7.494,8.705,7.732,334213984192.582,,BGD,,,,
2017,Bangladesh,4.5,,,,,,,,,,BGD2017,5.702,293732446624.596,1811.082,4.372,4.277,5.048,6.59,-2.038,7.64,8.071,6.997,303873962973.372,,BGD,,,,
2016,Bangladesh,4.608,,,,,,,,,,BGD2016,5.514,265224515675.034,1649.284,4.35,-13.642,27.851,7.113,0.351,7.863,8.523,7.317,277650511849.492,,BGD,,,,
2015,Bangladesh,4.643,,,,,,,,,,BGD2015,6.194,195146608978.131,1224.386,4.396,5.513,5.873,6.553,1.322,9.006,9.844,8.498,207815026631.717,,BGD,,,,
2014,Bangladesh,4.694,,,,,,,,,,BGD2014,6.992,172886611653.786,1094.462,4.416,6.886,5.669,6.061,0.437,9.504,10.867,8.635,184408668144.279,,BGD,,,,
2012,Bangladesh,4.804,,,,,,,,,,BGD2012,6.218,133310747603.483,859.681,4.071,5.343,8.165,6.521,1.932,9.639,11.145,9.025,144592846556.493,,BGD,,,,
2011,Bangladesh,4.807,,,,,,,,,,BGD2011,11.395,128607482310.357,837.337,3.736,5.064,7.859,6.464,-0.126,9.844,10.463,8.686,138790366566.139,,BGD,,,,
2021,Belarus,5.821,5.693,5.95,1.562,1.157,0.629,0.342,0.04,0.282,1.811,BLR2021,9.46,69673747131.87,7489.719,3.9,-4.517,15.326,2.439,3.067,27.875,27.247,12.825,67115938432.45,,BLR,,,,
2020,Belarus,5.534,5.442,5.625,1.124,1.007,0.56,0.326,0.07,0.199,2.247,BLR2020,5.548,61371755326.235,6542.865,4.049,-2.543,11.878,-0.673,-0.291,29.928,28.103,12.023,58875118002.111,,BLR,,,,
2019,Belarus,5.54,5.467,5.613,1.019,1.387,0.753,0.291,0.09,0.194,1.807,BLR2019,5.598,64410122847.351,6837.768,4.165,0.411,8.577,1.446,-1.934,28.588,29.601,13.302,62499831005.415,33.244,BLR,,,,
2018,Belarus,5.323,,,,,,,,,,BLR2018,4.872,60031173807.72,6360.053,4.763,-3.071,12.14,3.149,0.038,28.164,30.847,14.673,57861187726.0,37.096,BLR,,,,
2017,Belarus,5.483,,,,,,,,,,BLR2017,6.032,54725302249.809,5785.534,5.648,0.954,8.623,2.532,-1.74,29.322,29.467,13.019,52669765496.998,39.88,BLR,,,,
2016,Belarus,5.569,,,,,,,,,,BLR2016,11.837,47723545321.259,5039.776,5.844,5.592,8.342,-2.526,-3.377,29.417,28.943,13.788,45473302428.724,38.924,BLR,,,,
2015,Belarus,5.802,,,,,,,,,,BLR2015,13.534,56454889146.609,5967.069,5.881,1.776,16.023,-3.83,-3.243,28.11,29.677,14.173,54061945285.662,37.598,BLR,,,,
2014,Belarus,5.813,,,,,,,,,,BLR2014,18.12,78812805039.074,8341.29,5.902,0.465,18.192,1.651,-6.633,27.41,27.922,12.698,76448782777.946,24.549,BLR,,,,
2012,Belarus,5.504,,,,,,,,,,BLR2012,59.22,65685890438.892,6953.216,5.946,-31.813,75.242,1.708,-2.835,27.622,29.04,14.663,64215516438.964,24.429,BLR,,,,
2011,Belarus,5.566,,,,,,,,,,BLR2011,53.229,61762382327.932,6527.659,6.022,-33.489,70.761,5.55,-8.181,25.449,28.063,14.509,61079871266.808,39.417,BLR,,,,
2024,Belgium,6.91,6.845,6.974,1.783,1.646,0.852,0.895,0.119,0.306,1.309,BEL2024,3.143,,,5.488,,,,,,,,,,BEL,,,,
2023,Belgium,6.894,6.827,6.961,1.868,1.44,0.69,0.729,0.17,0.311,1.686,BEL2023,4.049,644782756682.756,54700.909,5.528,,4.508,1.252,-0.698,,,,648332611927.33,,BEL,,,,
2022,Belgium,6.859,6.793,6.926,1.907,1.449,0.528,0.59,0.137,0.273,1.976,BEL2022,9.598,593438820508.173,50807.205,5.57,,6.844,4.233,-1.185,39.58,37.137,22.708,592448849483.465,92.483,BEL,,,,
2021,Belgium,6.805,6.72,6.89,1.907,1.106,0.764,0.492,0.049,0.204,2.283,BEL2021,2.44,598494036474.409,51655.788,6.248,,2.743,6.203,1.866,41.414,37.855,23.226,607143534636.037,108.445,BEL,,,,
2020,Belgium,6.834,6.767,6.901,1.463,0.998,0.747,0.489,0.088,0.187,2.862,BEL2020,0.741,529694473501.791,45906.288,5.545,,1.596,-4.793,0.875,43.657,37.027,21.862,531671614966.383,118.442,BEL,,,,
2019,Belgium,6.864,6.796,6.931,1.296,1.399,0.965,0.5,0.147,0.209,2.349,BEL2019,1.437,536726344405.489,46716.623,5.364,,1.854,2.443,0.123,39.403,37.681,22.598,541049419119.999,103.201,BEL,,,,
2018,Belgium,6.923,,,,,,,,,,BEL2018,2.053,542638913427.921,47487.21,5.941,,1.717,1.878,-0.874,39.942,39.252,24.038,548107677571.921,101.506,BEL,,,,
2017,Belgium,6.927,,,,,,,,,,BEL2017,2.126,500908767351.53,44035.324,7.09,,1.983,1.474,0.702,40.104,38.959,23.535,507373706788.236,104.25,BEL,,,,
2016,Belgium,6.891,,,,,,,,,,BEL2016,1.974,474271566739.729,41854.55,7.83,,1.895,1.194,0.558,41.162,38.506,22.929,480629064768.328,110.598,BEL,,,,
2015,Belgium,6.929,,,,,,,,,,BEL2015,0.561,461044767544.531,40893.805,8.482,,1.122,1.474,1.38,41.711,40.533,24.423,468878816162.656,108.886,BEL,,,,
2014,Belgium,6.937,,,,,,,,,,BEL2014,0.34,537987419164.351,47995.779,8.523,,0.84,1.766,0.751,44.954,42.391,26.008,546624135613.253,111.762,BEL,,,,
2012,Belgium,6.967,,,,,,,,,,BEL2012,2.84,498414364944.961,44874.171,7.542,,2.206,0.216,-0.083,45.705,42.114,25.707,507665999692.266,103.556,BEL,,,,
2011,Belgium,7.113,,,,,,,,,,BEL2011,3.532,527196649048.639,47760.83,7.14,,2.293,1.931,-1.929,44.512,40.901,24.754,524167615222.764,94.87,BEL,,,,
2024,Belize,6.711,6.432,6.989,1.256,1.54,0.525,1.018,0.072,0.082,2.218,BLZ2024,3.29,,,7.0,,,,,,,,,,BLZ,,,,
2017,Belize,5.956,,,,,,,,,,BLZ2017,1.148,2266300000.0,6072.583,6.596,6.24,3.033,-1.813,-6.973,22.341,23.804,21.344,2141050850.0,,BLZ,,,,
2016,Belize,5.956,,,,,,,,,,BLZ2016,0.663,2240200000.0,6142.499,7.0,7.588,2.094,0.055,-7.297,21.266,22.397,20.638,2129392150.0,,BLZ,,,,
2015,Belize,5.956,,,,,,,,,,BLZ2015,-0.862,2193050000.0,6154.496,7.578,10.657,-0.305,2.876,-7.968,20.617,22.199,19.706,2097584100.0,,BLZ,,,,
2011,Belize,6.451,,,,,,,,,,BLZ2011,1.602,1827050000.0,5582.222,8.43,8.051,4.917,-0.245,-1.092,19.953,21.472,18.366,1729864700.0,62.567,BLZ,,,,
2024,Benin,4.357,4.222,4.492,0.855,0.228,0.357,0.679,0.092,0.238,1.909,BEN2024,,,,1.722,,,,,,,,,,BEN,,,,
2023,Benin,4.377,4.245,4.51,0.914,0.128,0.284,0.567,0.112,0.252,2.121,BEN2023,2.731,19676049075.701,1394.373,1.657,,3.385,6.353,,,,,19472109623.122,,BEN,,,,
2022,Benin,4.374,4.244,4.504,0.924,0.242,0.124,0.481,0.114,0.253,2.235,BEN2022,1.351,17401746309.266,1264.708,1.685,,4.139,6.253,-6.009,,,,17221911302.554,,BEN,,,,
2021,Benin,4.623,4.492,4.754,0.932,0.064,0.335,0.479,0.127,0.23,2.458,BEN2021,1.734,17690083519.932,1318.835,1.779,4.558,1.619,7.155,-4.153,,,,17500751811.648,,BEN,,,,
2020,Benin,5.045,4.901,5.189,0.507,0.058,0.196,0.457,0.166,0.178,3.482,BEN2020,3.023,15651545208.878,1197.501,1.502,3.557,2.878,3.849,-1.75,,,,15530454408.453,,BEN,,,,
2019,Benin,5.216,5.064,5.368,0.366,0.352,0.328,0.406,0.197,0.126,3.441,BEN2019,0.733,14391686309.033,1130.821,1.214,7.114,-0.398,6.866,-3.999,,,,14320887673.973,,BEN,,,,
2018,Benin,4.883,,,,,,,,,,BEN2018,0.919,14262408079.701,1151.741,1.41,6.052,0.67,6.697,-4.549,,,,14207330367.822,,BEN,,,,
2017,Benin,4.141,,,,,,,,,,BEN2017,0.043,12701655845.961,1054.974,1.659,7.329,-0.368,5.672,-4.181,,,,12669871043.644,,BEN,,,,
2016,Benin,3.657,,,,,,,,,,BEN2016,-0.793,11821065852.127,1010.534,1.784,4.58,0.684,3.34,-2.997,,,,11783269382.72,,BEN,,,,
2015,Benin,3.484,,,,,,,,,,BEN2015,0.219,11388160997.109,1002.419,1.82,4.266,0.852,1.778,-5.964,,,,11322499745.594,,BEN,,,,
2014,Benin,3.34,,,,,,,,,,BEN2014,-0.549,13284527850.263,1204.399,1.872,5.6,-0.248,6.358,-6.668,,,,13223585565.097,,BEN,,,,
2012,Benin,3.528,,,,,,,,,,BEN2012,6.745,11141358105.985,1071.526,2.406,-2.47,7.699,4.811,-5.178,,,,11074623453.149,,BEN,,,,
2011,Benin,3.493,,,,,,,,,,BEN2011,2.704,10693321370.036,1059.414,2.647,1.468,3.733,2.964,-4.833,,,,10677821370.036,,BEN,,,,
2018,Bhutan,5.082,,,,,,,,,,BTN2018,2.724,2583335721.206,3400.204,3.35,12.703,1.151,3.502,-18.509,19.388,21.748,15.804,2363147137.612,95.848,BTN,,,,
2017,Bhutan,5.082,,,,,,,,,,BTN2017,4.955,2591358009.798,3435.288,3.016,9.488,4.35,2.087,-20.855,17.62,17.652,11.859,2378534601.609,95.779,BTN,,,,
2016,Bhutan,5.011,,,,,,,,,,BTN2016,3.22,2357504760.598,3152.309,2.705,9.708,4.049,8.476,-26.413,17.614,17.219,11.886,2172018216.539,92.291,BTN,,,,
2015,Bhutan,5.196,,,,,,,,,,BTN2015,4.548,2187815803.829,2954.041,2.45,11.323,3.21,6.661,-25.063,17.911,17.973,12.145,2045040204.147,81.051,BTN,,,,
2014,Bhutan,5.253,,,,,,,,,,BTN2014,8.271,2089079570.675,2849.5,2.63,7.853,5.722,5.881,-23.469,17.032,18.188,12.505,1954089382.708,84.999,BTN,,,,
2024,Bolivia,5.868,5.758,5.977,1.173,1.356,0.346,0.817,0.067,0.052,2.057,BOL2024,5.1,,,3.091,,,,,,,,,,BOL,,,,
2023,Bolivia,5.784,5.674,5.895,1.217,1.179,0.488,0.719,0.1,0.061,2.02,BOL2023,2.577,45135398008.817,3686.28,3.024,9.196,-0.505,3.082,-2.547,,,,43866498008.817,,BOL,,,,
2022,Bolivia,5.684,5.572,5.797,1.24,1.187,0.329,0.648,0.103,0.06,2.118,BOL2022,1.746,44008282877.961,3643.928,3.552,2.512,5.124,3.606,2.134,,,,42744582877.961,,BOL,,,,
2021,Bolivia,5.6,5.491,5.709,1.256,0.88,0.555,0.627,0.112,0.064,2.107,BOL2021,0.737,40406111695.179,3384.845,5.089,3.906,3.956,6.111,3.912,,,,39377011695.179,,BOL,,,,
2020,Bolivia,5.716,5.613,5.819,0.842,0.782,0.486,0.6,0.138,0.064,2.805,BOL2020,0.941,36629843805.022,3099.942,7.903,9.625,-1.854,-8.738,-0.043,,,,36212943805.022,,BOL,,,,
2019,Bolivia,5.747,5.648,5.847,0.731,1.142,0.662,0.574,0.138,0.073,2.426,BOL2019,1.84,40895322843.785,3503.896,3.682,9.156,-0.693,2.217,-3.34,,,,40059428632.497,,BOL,,,,
2018,Bolivia,5.779,,,,,,,,,,BOL2018,2.272,40287647930.476,3500.726,3.519,4.833,3.056,4.224,-4.282,,,,39311992850.881,,BOL,,,,
2017,Bolivia,5.752,,,,,,,,,,BOL2017,2.823,37508642165.337,3306.303,3.655,1.931,6.061,4.195,-5.061,,,,36398995783.282,,BOL,,,,
2016,Bolivia,5.823,,,,,,,,,,BOL2016,3.623,33941126200.061,3035.873,3.498,9.435,-1.355,4.264,-5.619,,,,33320230252.159,,BOL,,,,
2015,Bolivia,5.822,,,,,,,,,,BOL2015,4.06,33000198248.129,2996.013,3.111,13.309,-4.621,4.857,-5.867,,,,31873100505.727,,BOL,,,,
2014,Bolivia,5.89,,,,,,,,,,BOL2014,5.767,32996188012.56,3041.435,2.021,7.491,2.049,5.461,1.716,,,,31298228316.467,,BOL,,,,
2012,Bolivia,5.857,,,,,,,,,,BOL2012,4.516,27084497481.91,2575.599,2.066,3.767,7.1,5.122,7.274,,,,25455219536.903,,BOL,,,,
2011,Bolivia,5.633,,,,,,,,,,BOL2011,9.884,23963164696.592,2315.521,2.255,-3.217,14.602,5.204,2.242,,,,22977403393.589,,BOL,,,,
2024,Bosnia and Herzegovina,6.136,6.039,6.234,1.405,1.545,0.616,0.749,0.178,0.009,1.635,BIH2024,1.692,,,10.723,,,,,,,,,,BIH,,,,
2023,Bosnia and Herzegovina,5.877,5.775,5.979,1.465,1.318,0.587,0.621,0.246,0.0,1.64,BIH2023,6.106,27514782476.041,8638.666,10.668,-2.483,6.763,2.211,-2.322,35.395,36.678,19.112,27355539704.5,40.424,BIH,,,,
2022,Bosnia and Herzegovina,5.633,5.49,5.775,1.467,1.361,0.429,0.485,0.247,0.008,1.635,BIH2022,14.021,24534663636.178,7655.594,12.657,-7.556,11.809,4.227,-4.392,33.424,35.874,19.091,24213156434.106,41.744,BIH,,,,
2021,Bosnia and Herzegovina,5.768,5.659,5.877,1.468,1.068,0.665,0.448,0.244,0.006,1.869,BIH2021,1.982,23672712242.215,7295.344,14.897,-1.68,4.965,7.39,-1.475,34.859,36.771,19.098,23371644756.974,46.975,BIH,,,,
2020,Bosnia and Herzegovina,5.813,5.715,5.911,1.032,0.919,0.618,0.395,0.261,0.005,2.583,BIH2020,-1.051,20226036564.413,6130.311,15.868,3.008,0.062,-3.015,-2.84,38.361,37.45,18.751,20112988928.17,45.422,BIH,,,,
2019,Bosnia and Herzegovina,5.674,5.583,5.765,0.918,1.204,0.814,0.305,0.264,0.001,2.167,BIH2019,0.563,20482608755.379,6122.375,15.692,0.796,2.472,2.887,-2.597,34.052,37.558,19.827,20448097002.666,44.024,BIH,,,,
2018,Bosnia and Herzegovina,5.386,,,,,,,,,,BIH2018,1.417,20484053868.925,6047.846,18.4,0.972,2.792,3.827,-3.231,34.499,38.328,20.141,20366478392.985,44.893,BIH,,,,
2017,Bosnia and Herzegovina,5.129,,,,,,,,,,BIH2017,0.81,18326373366.11,5345.02,20.527,2.555,1.779,3.244,-4.779,33.89,38.186,19.988,18174627640.601,47.372,BIH,,,,
2016,Bosnia and Herzegovina,5.182,,,,,,,,,,BIH2016,-1.584,17116926327.625,4928.567,25.408,3.853,1.333,3.242,-4.699,34.901,37.687,19.714,17139875880.799,52.238,BIH,,,,
2015,Bosnia and Herzegovina,5.163,,,,,,,,,,BIH2015,-1.036,16404348871.444,4662.259,27.695,4.364,1.366,4.315,-5.035,36.478,38.135,19.7,16514883084.244,,BIH,,,,
2014,Bosnia and Herzegovina,4.949,,,,,,,,,,BIH2014,-0.897,18558733564.469,5206.066,27.517,5.585,1.0,1.154,-7.351,39.946,39.417,19.778,18710534545.225,53.501,BIH,,,,
2012,Bosnia and Herzegovina,4.813,,,,,,,,,,BIH2012,2.053,17226735995.69,4693.789,28.01,6.482,0.796,-0.822,-8.626,39.033,39.481,20.478,17361422536.969,49.09,BIH,,,,
2011,Bosnia and Herzegovina,4.857,,,,,,,,,,BIH2011,3.671,18644233537.109,4982.694,27.582,4.88,2.433,0.96,-9.479,38.119,38.836,20.306,18794204715.634,45.835,BIH,,,,
2024,Botswana,3.438,3.301,3.576,1.388,1.146,0.094,0.697,0.018,0.083,0.012,BWA2024,2.818,,,23.138,,,,,,,,,,BWA,,,,
2023,Botswana,3.383,3.209,3.558,1.445,0.969,0.241,0.567,0.014,0.082,0.066,BWA2023,5.068,19396084498.008,7820.232,23.381,4.518,2.125,2.734,-0.602,,,,19439625488.689,,BWA,,,,
2022,Botswana,3.435,3.168,3.702,1.471,1.041,0.087,0.48,0.021,0.071,0.264,BWA2022,11.666,20321958850.036,8329.04,23.615,-7.403,14.618,5.486,-1.142,25.091,29.456,19.649,20355187597.706,,BWA,,,,
2021,Botswana,3.471,3.275,3.667,1.503,0.815,0.28,0.571,0.012,0.102,0.187,BWA2021,7.241,18750946600.142,7808.206,23.106,-2.889,8.381,11.921,-1.678,28.388,32.864,22.23,18787565212.246,,BWA,,,,
2020,Botswana,3.467,3.322,3.611,1.099,0.724,0.34,0.539,0.027,0.088,0.648,BWA2020,1.89,14960291105.932,6323.314,21.017,1.313,4.379,-8.729,-10.167,33.859,28.766,22.275,14982287847.97,19.616,BWA,,,,
2019,Botswana,3.479,3.36,3.598,0.998,1.086,0.494,0.509,0.033,0.102,0.257,BWA2019,2.773,16725908148.548,7172.09,20.094,5.859,0.508,3.032,-6.905,28.801,30.129,21.099,16776578168.919,16.194,BWA,,,,
2018,Botswana,3.488,,,,,,,,,,BWA2018,3.238,17031943186.135,7407.959,19.681,6.439,0.057,4.188,0.393,29.064,30.708,21.74,15447818705.438,15.231,BWA,,,,
2017,Botswana,3.59,,,,,,,,,,BWA2017,3.308,16105155856.771,7104.964,19.664,9.784,-2.65,4.114,5.586,28.155,33.581,23.933,14738582295.466,14.681,BWA,,,,
2016,Botswana,3.766,,,,,,,,,,BWA2016,2.815,15082637184.05,6749.06,19.329,-4.115,11.905,7.204,7.973,26.781,34.774,21.63,13792127267.58,15.805,BWA,,,,
2015,Botswana,3.974,,,,,,,,,,BWA2015,3.062,13530748844.505,6141.204,18.93,4.068,3.73,-4.851,2.226,31.243,35.32,26.311,13076842710.509,19.087,BWA,,,,
2014,Botswana,4.332,,,,,,,,,,BWA2014,4.402,15470088500.741,7122.364,18.514,-0.551,9.604,5.695,11.075,29.132,39.942,27.093,14998439776.014,18.326,BWA,,,,
2012,Botswana,3.97,,,,,,,,,,BWA2012,7.537,13907464500.149,6595.538,17.952,7.755,3.012,-0.171,-5.902,31.52,38.664,28.037,14164563194.283,20.623,BWA,,,,
2011,Botswana,4.581,,,,,,,,,,BWA2011,8.46,15110643612.173,7287.383,18.054,-1.468,12.653,6.839,-0.873,29.787,36.627,24.045,15016050301.299,21.074,BWA,,,,
2024,Brazil,6.494,6.394,6.593,1.391,1.519,0.48,0.83,0.089,0.127,2.057,BRA2024,4.367,,,7.634,,,,,,,,,,BRA,,,,
2023,Brazil,6.272,6.154,6.39,1.43,1.269,0.548,0.685,0.13,0.142,2.068,BRA2023,4.594,2173665655937.27,10294.867,7.947,37.208,4.659,2.908,-1.285,32.692,25.575,14.155,2107810132248.65,83.699,BRA,,,,
2022,Brazil,6.125,5.997,6.252,1.454,1.25,0.387,0.558,0.131,0.137,2.205,BRA2022,9.28,1951923942083.32,9281.333,9.231,28.396,8.57,3.017,-2.16,34.134,29.616,14.726,1897850563345.64,79.102,BRA,,,,
2021,Brazil,6.293,6.202,6.384,1.462,1.044,0.615,0.546,0.131,0.134,2.361,BRA2021,8.302,1670647399034.67,7972.537,13.158,15.011,13.047,4.763,-2.419,31.794,27.327,14.137,1618525227638.81,85.012,BRA,,,,
2020,Brazil,6.33,6.245,6.415,1.028,0.944,0.571,0.514,0.142,0.117,3.015,BRA2020,3.212,1476107231194.11,7074.194,13.697,21.197,6.472,-3.277,-1.688,38.481,25.699,12.719,1445311140486.1,98.71,BRA,,,,
2019,Brazil,6.376,6.296,6.456,0.953,1.363,0.766,0.483,0.132,0.107,2.572,BRA2019,3.733,1873288205186.45,9029.833,11.936,31.903,4.224,1.221,-3.47,34.787,29.152,13.738,1822994396029.28,92.565,BRA,,,,
2018,Brazil,6.3,,,,,,,,,,BRA2018,3.665,1916933898038.36,9300.662,12.329,33.102,4.494,1.784,-2.808,35.454,28.583,13.94,1863630987992.04,86.608,BRA,,,,
2017,Brazil,6.419,,,,,,,,,,BRA2017,3.446,2063514977334.32,10080.509,12.792,41.714,3.671,1.323,-1.224,36.248,27.825,13.605,2024937440938.73,83.669,BRA,,,,
2016,Brazil,6.635,,,,,,,,,,BRA2016,8.739,1795693482652.52,8836.287,11.58,40.698,8.104,-3.276,-1.7,36.492,29.67,13.71,1757597118247.49,73.419,BRA,,,,
2015,Brazil,6.952,,,,,,,,,,BRA2015,9.03,1802212206904.68,8936.197,8.538,33.832,7.566,-3.546,-3.518,36.924,29.251,13.63,1768300112266.54,67.538,BRA,,,,
2014,Brazil,6.983,,,,,,,,,,BRA2014,6.329,2456043727198.85,12274.994,6.755,22.404,7.847,0.504,-4.499,32.069,27.372,13.49,2410276964680.96,58.457,BRA,,,,
2012,Brazil,6.849,,,,,,,,,,BRA2012,5.403,2465227803011.57,12521.721,7.251,26.582,7.943,1.921,-3.759,30.794,29.666,14.332,2403719409196.5,59.849,BRA,,,,
2011,Brazil,6.697,,,,,,,,,,BRA2011,6.636,2616156223977.47,13396.624,7.578,32.833,8.319,3.974,-3.195,31.306,29.101,14.851,2548928943603.92,59.342,BRA,,,,
2024,Bulgaria,5.554,5.46,5.647,1.573,1.725,0.463,0.708,0.055,0.0,1.029,BGR2024,2.447,,,4.104,,,,,,,,,,BGR,,,,
2023,Bulgaria,5.463,5.357,5.569,1.629,1.469,0.567,0.62,0.083,0.006,1.088,BGR2023,9.443,102407653020.606,15885.539,4.319,-3.284,7.984,1.887,0.906,35.687,34.782,20.475,97396787109.073,30.148,BGR,,,,
2022,Bulgaria,5.466,5.35,5.582,1.635,1.457,0.408,0.557,0.106,0.013,1.289,BGR2022,15.325,90642851835.9,13644.202,4.268,-10.501,15.918,4.039,-2.602,39.321,36.539,21.726,85735292882.524,30.15,BGR,,,,
2021,Bulgaria,5.371,5.257,5.485,1.625,1.163,0.64,0.563,0.123,0.021,1.235,BGR2021,3.298,84417951260.809,12274.078,5.267,-2.665,6.967,7.781,-1.034,37.681,33.864,20.582,81048510007.861,32.721,BGR,,,,
2020,Bulgaria,5.266,5.16,5.371,1.181,1.055,0.583,0.494,0.125,0.005,1.823,BGR2020,1.672,70716821234.597,10198.539,5.125,-0.004,4.341,-3.216,0.362,36.463,33.252,20.178,68161899199.907,32.103,BGR,,,,
2019,Bulgaria,5.102,5.015,5.188,1.047,1.461,0.778,0.418,0.104,0.0,1.295,BGR2019,3.104,68631726289.279,9838.601,4.23,-0.652,5.235,3.789,1.655,33.132,35.901,20.557,66479976532.54,27.034,BGR,,,,
2018,Bulgaria,5.011,,,,,,,,,,BGR2018,2.815,66289266348.65,9436.145,5.211,0.679,4.255,2.549,0.573,33.081,34.823,19.937,63875378298.412,28.734,BGR,,,,
2017,Bulgaria,4.933,,,,,,,,,,BGR2017,2.062,59309748166.118,8381.881,6.164,0.598,4.813,2.746,3.239,31.992,32.991,20.523,57855803153.7,32.235,BGR,,,,
2016,Bulgaria,4.714,,,,,,,,,,BGR2016,-0.799,53964253211.84,7570.932,7.575,2.971,3.324,3.027,3.1,32.027,32.169,20.333,52164956703.832,35.544,BGR,,,,
2015,Bulgaria,4.217,,,,,,,,,,BGR2015,-0.105,50811995688.677,7078.86,9.143,4.372,2.948,3.398,0.018,34.286,33.54,20.078,49160388019.061,30.852,BGR,,,,
2014,Bulgaria,4.218,,,,,,,,,,BGR2014,-1.418,57157782909.931,7912.275,11.424,6.83,1.341,0.949,2.19,37.943,33.362,19.567,56529038853.417,32.502,BGR,,,,
2012,Bulgaria,3.981,,,,,,,,,,BGR2012,2.955,54288135058.793,7430.737,12.27,8.507,1.112,0.749,-0.974,30.913,30.577,18.385,53568146883.006,21.796,BGR,,,,
2011,Bulgaria,3.889,,,,,,,,,,BGR2011,4.22,57737040780.016,7857.167,11.26,4.256,6.113,2.09,0.472,29.85,29.124,17.883,55929518183.759,19.482,BGR,,,,
2024,Burkina Faso,4.383,4.26,4.506,0.724,0.828,0.296,0.671,0.142,0.218,1.504,BFA2024,4.191,,,5.166,,,,,,,,,,BFA,,,,
2023,Burkina Faso,4.548,4.41,4.686,0.756,0.685,0.274,0.483,0.173,0.179,1.999,BFA2023,0.743,20324617844.526,882.69,5.348,,1.998,2.96,-5.005,,,,19484760476.598,,BFA,,,,
2022,Burkina Faso,4.638,4.456,4.819,0.768,0.814,0.107,0.419,0.188,0.113,2.23,BFA2022,14.29,18820218690.595,836.118,5.389,,5.889,1.497,-7.46,20.816,19.688,17.673,18029664976.706,62.526,BFA,,,,
2021,Burkina Faso,4.67,4.527,4.814,0.779,0.565,0.32,0.382,0.186,0.126,2.313,BFA2021,3.654,19697516284.379,895.535,5.2,6.13,0.113,6.943,0.392,18.18,18.059,15.939,18774177401.458,55.582,BFA,,,,
2020,Burkina Faso,4.834,4.675,4.993,0.364,0.472,0.179,0.381,0.182,0.122,3.133,BFA2020,1.884,17725010532.527,825.237,5.04,0.068,6.466,2.011,4.193,17.179,16.036,13.432,17105876297.322,73.385,BFA,,,,
2019,Burkina Faso,4.769,4.647,4.89,0.302,0.929,0.313,0.322,0.186,0.126,2.589,BFA2019,-3.233,16032813503.371,764.853,4.71,6.144,0.513,5.889,-3.267,18.217,18.607,15.641,15326465624.909,47.062,BFA,,,,
2018,Burkina Faso,4.587,,,,,,,,,,BFA2018,1.956,15890066221.288,777.466,4.695,5.629,1.074,6.605,-4.184,17.371,16.823,15.292,15387936815.325,45.574,BFA,,,,
2017,Burkina Faso,4.424,,,,,,,,,,BFA2017,1.483,14106955615.344,709.092,4.656,5.024,1.416,6.203,-6.353,18.49,16.798,15.261,13577334630.141,,BFA,,,,
2016,Burkina Faso,4.032,,,,,,,,,,BFA2016,0.441,12833363045.337,663.742,4.587,2.622,2.604,5.958,-6.08,14.71,16.177,14.139,12261728232.19,,BFA,,,,
2015,Burkina Faso,3.739,,,,,,,,,,BFA2015,0.725,11832159315.63,630.125,4.461,7.546,-2.224,3.921,-7.568,13.197,14.976,13.28,11293125664.777,,BFA,,,,
2014,Burkina Faso,3.587,,,,,,,,,,BFA2014,-0.258,13943016076.744,764.862,4.251,5.996,-0.62,4.327,-7.165,12.879,15.465,13.664,13337500892.797,,BFA,,,,
2012,Burkina Faso,4.259,,,,,,,,,,BFA2012,3.818,12561015156.568,731.47,3.856,-0.742,5.824,6.453,-1.292,12.921,15.574,13.89,12243495087.51,,BFA,,,,
2011,Burkina Faso,3.926,,,,,,,,,,BFA2011,2.76,12080295977.563,725.025,3.827,-1.389,6.738,6.623,-1.328,11.036,13.941,12.219,11592644774.947,,BFA,,,,
2020,Burundi,3.775,3.565,3.985,0.0,0.062,0.155,0.298,0.172,0.212,2.876,BDI2020,7.321,2649680261.443,210.008,1.03,5.878,5.967,0.327,-13.009,17.674,17.678,15.788,2664225062.413,,BDI,,,,
2019,Burundi,3.775,3.565,3.985,0.0,0.404,0.295,0.275,0.187,0.212,2.402,BDI2019,-0.687,2576518879.824,210.236,1.043,13.566,0.852,1.813,-15.243,16.619,16.565,15.059,2583934017.974,,BDI,,,,
2018,Burundi,3.775,,,,,,,,,,BDI2018,-2.815,2667182199.513,224.899,1.146,18.158,-2.851,1.61,-14.591,,,,2672837528.123,,BDI,,,,
2017,Burundi,2.905,,,,,,,,,,BDI2017,16.053,2723586962.84,236.694,1.247,3.004,11.449,0.5,-13.716,17.695,17.708,14.368,2725061087.871,,BDI,,,,
2016,Burundi,2.905,,,,,,,,,,BDI2016,5.558,2644487776.501,235.286,1.347,13.137,0.973,-0.6,-12.379,17.604,14.867,13.863,2643216720.513,,BDI,,,,
2015,Burundi,2.905,,,,,,,,,,BDI2015,5.545,3104003546.265,280.967,1.442,-4.937,21.319,-3.9,-11.53,18.603,13.958,13.128,3104359892.466,,BDI,,,,
2014,Burundi,2.906,,,,,,,,,,BDI2014,4.405,2705783329.805,250.54,1.572,9.841,5.306,4.241,-15.847,16.937,15.723,13.69,2698322225.855,,BDI,,,,
2012,Burundi,3.706,,,,,,,,,,BDI2012,18.161,2333341334.458,231.688,1.593,0.023,14.294,4.447,-11.192,17.938,15.973,14.496,2326835709.913,,BDI,,,,
2011,Burundi,3.678,,,,,,,,,,BDI2011,9.592,2235820809.32,230.071,1.602,4.492,8.364,4.033,-12.684,19.999,16.72,15.532,2218331580.563,,BDI,,,,
2024,Cambodia,4.341,4.237,4.446,1.049,1.215,0.481,0.988,0.138,0.078,0.393,KHM2024,,,,0.27,,,,,,,,,,KHM,,,,
2023,Cambodia,4.341,4.236,4.446,1.011,1.019,0.442,0.863,0.17,0.071,0.765,KHM2023,2.127,42335646895.798,2429.749,0.225,,1.063,4.96,1.305,,,,41383539142.858,,KHM,,,,
2022,Cambodia,4.393,4.279,4.508,1.025,1.024,0.283,0.768,0.176,0.051,1.068,KHM2022,5.344,39994532959.607,2325.031,0.231,,3.515,5.103,-18.958,,,,38444130462.442,,KHM,,,,
2021,Cambodia,4.64,4.516,4.765,1.019,0.732,0.505,0.74,0.166,0.068,1.41,KHM2021,2.921,36790163687.442,2167.403,0.396,,2.646,3.09,-29.608,13.519,13.299,11.993,35300301362.123,,KHM,,,,
2020,Cambodia,4.83,4.698,4.963,0.603,0.68,0.426,0.702,0.21,0.061,2.148,KHM2020,2.94,34818073901.485,2081.739,0.172,,-0.824,-3.556,-1.0,12.938,14.822,13.29,33712316726.763,,KHM,,,,
2019,Cambodia,4.848,4.735,4.962,0.545,1.071,0.588,0.675,0.233,0.073,1.663,KHM2019,1.943,36685356407.721,2225.877,0.119,,2.793,7.937,-8.0,11.65,16.831,14.571,35040667434.095,,KHM,,,,
2018,Cambodia,4.7,,,,,,,,,,KHM2018,2.459,33145892168.896,2036.674,0.13,,3.817,8.776,-8.736,10.764,14.767,12.641,31820166406.615,,KHM,,,,
2017,Cambodia,4.433,,,,,,,,,,KHM2017,2.913,29355665909.79,1826.354,0.141,,2.077,8.075,-6.157,10.799,14.02,11.928,28215504535.812,,KHM,,,,
2016,Cambodia,4.168,,,,,,,,,,KHM2016,3.019,26556545153.357,1675.196,0.716,,1.58,7.906,-6.528,9.791,13.09,11.175,25507606313.362,,KHM,,,,
2015,Cambodia,3.907,,,,,,,,,,KHM2015,1.224,24174170369.074,1547.32,0.393,,3.069,7.207,-6.612,8.994,12.379,10.888,23177973370.888,,KHM,,,,
2014,Cambodia,3.819,,,,,,,,,,KHM2014,3.856,22041463967.901,1431.564,0.692,,3.299,8.0,-6.552,9.436,12.563,11.084,21110279792.703,,KHM,,,,
2012,Cambodia,4.067,,,,,,,,,,KHM2012,2.934,17826536699.802,1192.803,0.496,,2.638,7.65,-6.803,8.336,9.964,8.737,17147398897.533,,KHM,,,,
2011,Cambodia,4.101,,,,,,,,,,KHM2011,5.478,16032622023.826,1088.982,0.577,,4.951,7.287,-6.399,8.844,9.244,8.126,15499707260.598,,KHM,,,,
2024,Cameroon,4.887,4.767,5.007,0.944,0.986,0.302,0.662,0.099,0.06,1.834,CMR2024,,,,3.518,,,,,,,,,,CMR,,,,
2023,Cameroon,4.874,4.753,4.996,0.943,0.856,0.288,0.521,0.126,0.06,2.08,CMR2023,7.383,49279410982.826,1736.861,3.613,,4.66,3.248,-4.097,,,,48343641930.71,,CMR,,,,
2022,Cameroon,4.973,4.834,5.112,0.965,0.871,0.118,0.405,0.144,0.059,2.411,CMR2022,6.248,44347206072.551,1604.877,3.653,,6.831,3.737,-3.394,,,,43241972760.917,,CMR,,,,
2021,Cameroon,5.048,4.907,5.188,0.968,0.672,0.317,0.397,0.152,0.074,2.469,CMR2021,2.272,45011937346.838,1672.327,3.973,,2.921,3.339,-3.987,12.423,13.743,11.342,44281229347.682,,CMR,,,,
2020,Cameroon,5.142,4.996,5.288,0.543,0.556,0.159,0.425,0.205,0.058,3.195,CMR2020,2.438,40773241177.05,1555.604,3.87,,0.706,0.26,-3.709,12.06,13.122,10.871,39933227702.435,,CMR,,,,
2019,Cameroon,5.085,4.953,5.217,0.504,0.9,0.27,0.439,0.198,0.054,2.719,CMR2019,2.453,39667757527.658,1555.227,3.622,,1.17,3.475,-4.273,12.323,14.848,12.028,38825035814.222,,CMR,,,,
2018,Cameroon,5.044,,,,,,,,,,CMR2018,1.069,39955552189.795,1610.696,3.601,,1.897,3.956,-3.527,11.367,15.151,12.347,39216305348.046,,CMR,,,,
2017,Cameroon,4.975,,,,,,,,,,CMR2017,0.64,36098547033.166,1496.09,3.568,,1.025,3.541,-2.631,10.527,14.692,11.876,35436388520.412,,CMR,,,,
2016,Cameroon,4.695,,,,,,,,,,CMR2016,0.874,33814337044.376,1441.72,3.528,,0.662,4.536,-3.068,11.9,14.518,11.652,33256524239.987,,CMR,,,,
2015,Cameroon,4.513,,,,,,,,,,CMR2015,2.676,32210233020.457,1415.0,3.518,,0.31,5.667,-3.644,12.421,15.485,12.111,31773333681.567,,CMR,,,,
2014,Cameroon,4.252,,,,,,,,,,CMR2014,1.855,36386544706.081,1649.443,3.534,,2.014,5.72,-3.853,12.86,16.333,12.285,35703010549.737,,CMR,,,,
2012,Cameroon,4.42,,,,,,,,,,CMR2012,2.735,30155062329.282,1449.099,3.835,,1.942,4.626,-3.17,12.753,15.869,11.344,29710253435.342,,CMR,,,,
2011,Cameroon,4.376,,,,,,,,,,CMR2011,2.94,30630910495.217,1513.961,3.987,,2.589,3.379,-2.446,,,,30327885739.024,,CMR,,,,
2024,Canada,6.803,6.718,6.888,1.749,1.647,0.832,0.813,0.168,0.323,1.271,CAN2024,2.382,,,6.45,,,,,,,,,,CAN,,,,
2023,Canada,6.9,6.815,6.984,1.84,1.459,0.701,0.73,0.23,0.368,1.572,CAN2023,3.879,2142470914401.36,53431.186,5.415,,1.535,1.249,-0.642,19.538,19.943,14.008,2112732605610.04,62.229,CAN,,,,
2022,Canada,6.961,6.879,7.042,1.881,1.484,0.541,0.656,0.218,0.364,1.815,CAN2022,6.803,2161483369422.01,55509.393,5.279,,7.654,3.82,-0.292,18.497,18.163,12.826,2133340105142.4,61.418,CAN,,,,
2021,Canada,7.025,6.943,7.107,1.886,1.188,0.783,0.659,0.217,0.368,1.924,CAN2021,3.395,2007472181464.15,52496.844,7.527,,7.665,5.287,-0.022,22.666,19.076,13.22,1990214506517.52,71.074,CAN,,,,
2020,Canada,7.103,7.021,7.185,1.447,1.044,0.798,0.648,0.246,0.335,2.585,CAN2020,0.717,1655684730000.19,43537.839,9.657,,1.071,-5.038,-2.01,28.571,19.037,13.503,1643688332920.87,74.554,CAN,,,,
2019,Canada,7.232,7.153,7.311,1.302,1.435,1.023,0.644,0.282,0.352,2.195,CAN2019,1.949,1743725183672.52,46352.869,5.69,,1.546,1.908,-1.952,18.106,18.278,12.742,1722945761061.66,53.362,CAN,,,,
2018,Canada,7.278,,,,,,,,,,CAN2018,2.268,1725329192783.02,46539.176,5.837,,1.651,2.743,-2.385,17.541,18.529,13.058,1695996608536.1,53.152,CAN,,,,
2017,Canada,7.328,,,,,,,,,,CAN2017,1.597,1649265644244.09,45129.628,6.426,0.126,2.571,3.034,-2.803,17.607,18.01,12.612,1628291572163.23,54.463,CAN,,,,
2016,Canada,7.316,,,,,,,,,,CAN2016,1.429,1527994741907.43,42314.062,7.038,1.969,0.717,1.039,-3.093,17.499,17.865,12.497,1509327936731.45,56.024,CAN,,,,
2015,Canada,7.404,,,,,,,,,,CAN2015,1.125,1556508816217.14,43594.194,6.945,3.675,-0.868,0.65,-3.514,17.06,17.851,12.39,1532663548013.94,55.992,CAN,,,,
2014,Canada,7.427,,,,,,,,,,CAN2014,1.907,1805749878439.94,50960.843,7.023,1.039,1.941,2.873,-2.319,16.402,16.979,11.808,1776572160702.32,51.483,CAN,,,,
2012,Canada,7.477,,,,,,,,,,CAN2012,1.516,1828366481521.6,52670.345,7.392,1.76,1.218,1.756,-3.532,17.518,16.92,11.664,1795919869603.49,55.725,CAN,,,,
2011,Canada,7.499,,,,,,,,,,CAN2011,2.912,1793326630174.52,52223.859,7.637,-0.237,3.244,3.137,-2.774,17.85,16.925,11.804,1759453773319.65,54.119,CAN,,,,
2019,Central African Republic,3.476,3.25,3.702,0.041,0.0,0.0,0.293,0.254,0.028,2.86,CAF2019,2.685,2221301351.439,449.228,5.607,,2.328,3.1,,9.939,8.792,8.318,2386023468.721,,CAF,,,,
2018,Central African Republic,3.083,,,,,,,,,,CAF2018,1.612,2220979146.112,455.244,5.517,,-1.224,3.789,,10.123,8.818,8.64,2386745438.207,,CAF,,,,
2017,Central African Republic,3.083,,,,,,,,,,CAF2017,4.181,2072349972.682,432.324,5.534,,6.444,4.527,,8.677,7.198,7.081,2177935587.591,,CAF,,,,
2016,Central African Republic,2.693,,,,,,,,,,CAF2016,4.945,1825018144.656,387.176,5.491,,2.98,4.75,,9.021,7.3,6.808,1847781766.462,,CAF,,,,
2014,Central African Republic,3.678,,,,,,,,,,CAF2014,14.899,1894813389.403,409.85,5.326,,11.894,0.081,,8.272,4.581,4.099,1914516900.438,,CAF,,,,
2012,Central African Republic,3.623,,,,,,,,,,CAF2012,5.478,2510126512.228,544.396,5.243,,6.181,5.054,,8.184,9.554,8.172,2521348066.783,,CAF,,,,
2011,Central African Republic,3.568,,,,,,,,,,CAF2011,1.194,2437982705.121,534.057,5.281,,4.009,4.195,,13.464,8.625,7.54,2447711016.35,,CAF,,,,
2024,Chad,4.384,4.253,4.515,0.592,0.902,0.242,0.477,0.175,0.111,1.884,TCD2024,8.9,,,1.088,,,,,,,,,,TCD,,,,
2023,Chad,4.471,4.313,4.63,0.603,0.805,0.199,0.411,0.218,0.113,2.122,TCD2023,10.836,13149325362.335,680.64,1.074,,-0.937,4.122,,,,,12956602270.39,,TCD,,,,
2022,Chad,4.397,4.16,4.633,0.622,0.962,0.043,0.393,0.255,0.088,2.034,TCD2022,5.788,12396807588.408,671.72,1.096,,15.145,2.804,,,,,12212890617.632,,TCD,,,,
2021,Chad,4.251,3.999,4.503,0.662,0.506,0.225,0.18,0.182,0.077,2.419,TCD2021,-0.773,11779981332.863,660.747,1.548,,7.167,-1.169,,,,,11605895381.712,,TCD,,,,
2020,Chad,4.355,4.171,4.54,0.255,0.353,0.0,0.24,0.215,0.084,3.209,TCD2020,4.464,10715396042.334,622.096,1.707,,-5.455,-1.6,,,,,10561570203.57,,TCD,,,,
2019,Chad,4.423,4.275,4.57,0.302,0.739,0.109,0.229,0.211,0.086,2.747,TCD2019,-0.972,11314951091.728,678.142,1.084,,2.856,3.247,,,,,11140998348.157,,TCD,,,,
2018,Chad,4.35,,,,,,,,,,TCD2018,4.275,11239167898.34,695.642,1.135,,5.015,2.374,,,,,11075018517.446,,TCD,,,,
2017,Chad,4.301,,,,,,,,,,TCD2017,-1.537,10000394381.018,640.117,1.116,,0.028,-2.989,,,,,9869508104.401,,TCD,,,,
2016,Chad,3.936,,,,,,,,,,TCD2016,-0.792,10097778098.171,668.079,1.047,,-1.401,-6.256,,,,,9911697343.603,,TCD,,,,
2015,Chad,3.763,,,,,,,,,,TCD2015,4.377,10950392256.954,747.588,0.974,,-8.48,2.768,,,,,10618477308.952,,TCD,,,,
2014,Chad,3.667,,,,,,,,,,TCD2014,1.682,13940767218.585,982.528,0.933,,0.646,6.9,,,,,13336601200.432,,TCD,,,,
2012,Chad,4.056,,,,,,,,,,TCD2012,7.517,12367362757.134,936.141,0.9,,1.097,8.883,,,,,12067689658.178,,TCD,,,,
2011,Chad,3.919,,,,,,,,,,TCD2011,2.029,12172308851.04,954.317,0.905,,8.58,0.083,,,,,11856127557.813,,TCD,,,,
2024,Chile,6.361,6.273,6.449,1.537,1.577,0.711,0.779,0.093,0.085,1.579,CHL2024,4.298,,,9.056,,,,,,,,,,CHL,,,,
2023,Chile,6.36,6.273,6.448,1.616,1.369,0.673,0.651,0.117,0.075,1.858,CHL2023,7.582,335533331669.219,17067.814,9.013,,6.6,0.219,-3.546,24.578,22.945,17.719,318450116063.725,,CHL,,,,
2022,Chile,6.334,6.243,6.424,1.645,1.384,0.511,0.546,0.131,0.076,2.04,CHL2022,11.644,302116539409.03,15451.132,8.249,,7.914,2.059,-8.66,24.055,26.004,21.274,287702182743.647,,CHL,,,,
2021,Chile,6.172,6.082,6.262,1.651,1.08,0.748,0.46,0.124,0.069,2.04,CHL2021,4.525,315515014838.539,16216.571,9.281,,6.915,11.334,-7.278,30.799,24.153,19.664,297670042257.932,,CHL,,,,
2020,Chile,6.172,6.081,6.262,1.2,0.946,0.678,0.438,0.159,0.07,2.682,CHL2020,3.045,254042159309.311,13114.815,10.934,,9.666,-6.143,-1.949,26.242,19.938,16.196,238186960905.052,,CHL,,,,
2019,Chile,6.228,6.139,6.318,1.097,1.323,0.889,0.417,0.156,0.063,2.283,CHL2019,2.558,278285058719.466,14495.717,7.493,,2.568,0.634,-5.212,23.315,21.74,17.719,267848366678.638,,CHL,,,,
2018,Chile,6.444,,,,,,,,,,CHL2018,2.435,295857562991.709,15659.481,7.623,2.547,1.59,3.99,-4.484,22.618,22.174,18.396,283731132095.716,,CHL,,,,
2017,Chile,6.476,,,,,,,,,,CHL2017,2.183,276154259987.103,14879.909,7.257,-0.263,4.828,1.358,-2.758,22.347,21.168,17.506,265419010571.047,,CHL,,,,
2016,Chile,6.652,,,,,,,,,,CHL2016,3.786,249344863933.461,13649.852,6.673,0.983,4.561,1.753,-2.621,22.127,20.857,17.469,242408025811.754,,CHL,,,,
2015,Chile,6.705,,,,,,,,,,CHL2015,4.349,242450355827.827,13433.92,6.313,0.534,4.954,2.152,-2.735,21.635,21.142,17.546,236499159249.766,,CHL,,,,
2014,Chile,6.67,,,,,,,,,,CHL2014,4.719,259560978231.552,14529.677,6.483,2.121,5.853,1.793,-3.46,20.675,20.656,17.045,248044111574.676,,CHL,,,,
2012,Chile,6.587,,,,,,,,,,CHL2012,3.007,267024782480.28,15241.907,6.562,9.223,0.763,6.155,-5.328,19.925,22.105,18.991,252400856602.666,,CHL,,,,
2011,Chile,6.128,,,,,,,,,,CHL2011,3.341,251382573885.594,14487.393,7.277,5.587,3.261,6.224,-4.917,19.495,22.661,18.936,229490673704.388,,CHL,,,,
2024,China,5.921,5.819,6.023,1.445,1.307,0.789,0.764,0.079,0.154,1.382,CHN2024,0.218,,,4.571,,,,,,,,,,CHN,,,,
2023,China,5.973,5.885,6.061,1.497,1.239,0.629,0.704,0.132,0.164,1.608,CHN2023,0.235,17794783039552.0,12614.062,4.67,4.961,-0.582,5.25,1.422,,15.469,7.842,17645270585286.7,,CHN,,,,
2022,China,5.818,5.731,5.905,1.51,1.249,0.468,0.666,0.115,0.145,1.666,CHN2022,1.974,17881782683707.3,12662.583,4.98,2.481,1.824,2.951,2.479,,15.012,7.701,17728564563900.7,,CHN,,,,
2021,China,5.585,5.52,5.65,1.508,0.958,0.705,0.656,0.099,0.142,1.516,CHN2021,0.981,17820459508852.2,12617.505,4.55,-0.194,4.552,8.448,1.98,,14.937,7.965,17696312719649.2,,CHN,,,,
2020,China,5.339,5.281,5.397,1.061,0.785,0.665,0.636,0.093,0.117,1.982,CHN2020,2.419,14687744162801.0,10408.72,5.0,3.839,0.492,2.239,1.694,,14.086,8.091,14570138553468.0,,CHN,,,,
2019,China,5.124,5.073,5.175,0.991,1.132,0.867,0.602,0.079,0.117,1.336,CHN2019,2.899,14279968506271.7,10143.86,4.56,3.024,1.287,5.951,0.721,,16.101,8.493,14239959159195.7,,CHN,,,,
2018,China,5.191,,,,,,,,,,CHN2018,2.075,13894907857880.6,9905.406,4.31,0.822,3.5,6.75,0.174,,16.536,9.053,13833878513962.5,,CHN,,,,
2017,China,5.246,,,,,,,,,,CHN2017,1.593,12310491333980.9,8817.046,4.47,0.113,4.233,6.947,1.533,,15.883,9.419,12294360421956.4,,CHN,,,,
2016,China,5.273,,,,,,,,,,CHN2016,2.0,11233313730348.7,8094.39,4.56,2.902,1.407,6.849,1.703,,15.63,9.123,11177613255021.7,,CHN,,,,
2015,China,5.245,,,,,,,,,,CHN2015,1.437,11061572618578.7,8016.446,4.65,4.353,-0.003,7.041,2.649,,16.043,9.377,11008790517157.1,,CHN,,,,
2014,China,5.14,,,,,,,,,,CHN2014,1.922,10475624944355.2,7636.074,4.63,4.522,1.031,7.426,2.253,,15.818,9.679,10488924466576.8,,CHN,,,,
2012,China,4.978,,,,,,,,,,CHN2012,2.62,8532185381680.59,6300.582,4.58,3.585,2.331,7.864,2.524,,11.139,10.257,8512367896275.43,,CHN,,,,
2011,China,4.68,,,,,,,,,,CHN2011,5.554,7551545703440.75,5614.386,4.55,-1.402,8.076,9.551,1.802,,11.239,10.313,7481168651253.95,,CHN,,,,
2024,Colombia,6.004,5.897,6.112,1.38,1.513,0.587,0.777,0.039,0.051,1.658,COL2024,6.609,,,9.608,,,,,,,,,,COL,,,,
2023,Colombia,5.695,5.584,5.806,1.437,1.241,0.648,0.644,0.072,0.059,1.596,COL2023,11.736,363493841244.303,6947.359,9.594,13.819,6.336,0.61,-2.372,33.592,28.632,17.703,359767496425.645,71.879,COL,,,,
2022,Colombia,5.63,5.514,5.747,1.455,1.213,0.486,0.562,0.08,0.068,1.765,COL2022,10.177,345329875078.512,6674.596,10.547,0.819,14.867,7.289,-6.146,32.419,25.43,15.277,337877677468.28,70.331,COL,,,,
2021,Colombia,5.781,5.659,5.903,1.452,0.929,0.72,0.545,0.087,0.077,1.971,COL2021,3.495,318524633225.395,6222.622,13.898,1.425,7.802,10.801,-5.635,35.664,23.547,14.446,313509201762.482,80.367,COL,,,,
2020,Colombia,6.012,5.892,6.132,1.021,0.866,0.615,0.554,0.1,0.063,2.794,COL2020,2.527,270348342541.465,5339.687,15.983,8.247,1.482,-7.186,-3.428,36.554,23.687,14.045,267833501944.668,91.157,COL,,,,
2019,Colombia,6.163,6.053,6.274,0.932,1.334,0.81,0.527,0.092,0.046,2.422,COL2019,3.523,323031701192.84,6472.545,10.28,7.468,4.003,3.187,-4.584,31.305,25.575,14.901,315981529469.142,72.704,COL,,,,
2018,Colombia,6.125,,,,,,,,,,COL2018,3.241,334198218098.276,6816.968,9.36,7.153,4.631,2.564,-4.201,29.972,23.475,14.61,325924723780.778,71.651,COL,,,,
2017,Colombia,6.26,,,,,,,,,,COL2017,4.314,311866875156.879,6479.532,9.086,8.134,5.134,1.359,-3.182,27.505,22.584,14.851,306527532488.183,66.727,COL,,,,
2016,Colombia,6.357,,,,,,,,,,COL2016,7.513,282720100286.228,5959.843,8.922,9.032,5.148,2.087,-4.452,28.631,24.223,14.385,279593356364.69,66.907,COL,,,,
2015,Colombia,6.481,,,,,,,,,,COL2015,4.99,293492370193.166,6248.515,8.572,8.785,2.449,2.956,-6.372,26.816,24.102,15.797,289667485036.838,53.279,COL,,,,
2014,Colombia,6.477,,,,,,,,,,COL2014,2.899,381240864422.407,8187.208,8.799,8.443,2.236,4.499,-5.198,30.163,23.447,15.7,370407849663.061,47.976,COL,,,,
2012,Colombia,6.416,,,,,,,,,,COL2012,3.169,370691143018.039,8108.598,9.959,8.655,3.617,3.913,-3.14,25.033,26.335,13.227,356514927997.962,65.228,COL,,,,
2011,Colombia,6.202,,,,,,,,,,COL2011,3.415,334966134804.887,7400.994,10.288,4.543,6.387,6.948,-2.906,24.225,23.492,14.576,320761717459.121,62.86,COL,,,,
2024,Comoros,3.754,3.59,3.919,0.835,0.501,0.428,0.26,0.117,0.164,1.45,COM2024,,,,3.875,,,,,,,,,,COM,,,,
2023,Comoros,3.566,3.378,3.754,0.896,0.328,0.37,0.172,0.128,0.16,1.512,COM2023,,1352380971.241,1590.312,3.776,,2.918,2.996,-1.821,,,,1355203003.613,,COM,,,,
2022,Comoros,3.545,3.317,3.774,0.914,0.327,0.215,0.117,0.129,0.145,1.699,COM2022,,1242519407.776,1489.496,3.816,2.946,4.942,2.603,-0.422,,,,1248694701.425,,COM,,,,
2021,Comoros,4.609,4.368,4.849,0.899,0.476,0.424,0.185,0.195,0.125,2.304,COM2021,,1296089479.92,1584.125,4.394,7.692,0.169,2.0,-0.314,,,,1302397963.155,,COM,,,,
2020,Comoros,4.289,4.123,4.454,0.488,0.367,0.279,0.202,0.241,0.101,2.61,COM2020,,1225039196.611,1527.17,4.471,7.375,0.67,-0.196,-1.8,,,,1229785123.83,,COM,,,,
2019,Comoros,4.289,4.123,4.454,0.416,0.723,0.437,0.181,0.259,0.1,2.173,COM2019,,1195019531.901,1519.264,3.934,6.037,4.209,1.761,-3.332,,,,1200664052.325,,COM,,,,
2018,Comoros,3.973,,,,,,,,,,COM2018,,1188797449.386,1540.711,3.942,8.508,1.836,3.642,-2.832,,,,1195077463.02,,COM,,,,
2015,Comoros,3.956,,,,,,,,,,COM2015,,966029600.862,1329.37,4.121,11.081,-0.523,1.147,-0.256,,,,971041229.263,,COM,,,,
2014,Comoros,3.956,,,,,,,,,,COM2014,,1149587661.007,1615.717,4.119,9.585,0.835,2.107,-3.78,,,,1154095453.265,,COM,,,,
2012,Comoros,3.851,,,,,,,,,,COM2012,6.315,1015843490.824,1490.315,4.17,5.974,4.27,3.168,-4.05,,,,1014150823.3,,COM,,,,
2011,Comoros,3.7,,,,,,,,,,COM2011,1.843,1023086273.533,1531.438,4.207,7.234,3.046,4.144,-5.425,,,,1022301422.438,,COM,,,,
2024,Congo,5.03,4.855,5.205,1.023,0.796,0.336,0.626,0.082,0.126,2.04,COG2024,,,,19.694,,,,,,,,,,COG,,,,
2023,Congo,5.221,5.047,5.396,0.892,0.622,0.306,0.523,0.124,0.138,2.617,COG2023,4.302,15321055822.517,2477.978,19.898,,-7.568,1.907,,,,,14546557191.485,,COG,,,,
2022,Congo,5.267,5.094,5.44,0.921,0.665,0.145,0.464,0.134,0.136,2.802,COG2022,3.043,15817030154.694,2620.838,20.108,,18.261,1.475,,,,,14100325791.967,,COG,,,,
2021,Congo,5.075,4.915,5.235,0.95,0.405,0.355,0.431,0.13,0.146,2.658,COG2021,1.716,14825690210.916,2516.163,21.96,,23.291,1.015,11.574,16.132,20.051,6.509,13175025890.137,,COG,,,,
2020,Congo,5.342,5.151,5.533,0.518,0.392,0.307,0.381,0.144,0.124,3.476,COG2020,1.795,11468687464.005,1993.587,22.198,,-14.0,-6.268,12.561,17.795,18.745,8.324,11405928815.104,,COG,,,,
2019,Congo,5.194,5.043,5.345,0.634,0.758,0.458,0.387,0.117,0.119,2.723,COG2019,2.206,13976637779.976,2488.425,20.392,,-1.317,1.124,11.679,16.227,23.638,7.102,12568374440.164,,COG,,,,
2018,Congo,4.812,,,,,,,,,,COG2018,1.153,14773900288.514,2694.434,20.701,,22.234,-2.304,,16.422,23.031,6.828,13950568006.142,,COG,,,,
2017,Congo,4.559,,,,,,,,,,COG2017,0.45,11834473039.364,2211.633,20.611,,12.366,-5.595,,16.04,16.308,10.135,10275915423.355,,COG,,,,
2016,Congo,4.291,,,,,,,,,,COG2016,3.191,10931328150.848,2093.107,20.223,,-3.502,-8.685,-32.896,17.151,19.485,13.089,10540521863.938,,COG,,,,
2015,Congo,4.236,,,,,,,,,,COG2015,3.169,12434793867.357,2439.352,19.978,,-17.254,0.415,-37.239,14.896,19.946,12.195,12368954507.054,,COG,,,,
2014,Congo,3.989,,,,,,,,,,COG2014,0.912,17919321078.028,3601.237,19.691,,-6.465,6.646,3.794,12.765,31.655,9.581,18182185023.765,,COG,,,,
2012,Congo,4.297,,,,,,,,,,COG2012,5.01,17692911296.304,3732.327,19.512,,11.364,9.947,13.685,11.655,32.829,7.278,16736472283.3,,COG,,,,
2011,Congo,3.82,,,,,,,,,,COG2011,1.76,15655383576.652,3396.165,19.464,,10.953,2.206,13.242,10.177,38.747,8.114,14089660178.659,,COG,,,,
2024,Costa Rica,7.274,7.187,7.361,1.492,1.6,0.68,0.948,0.067,0.118,2.369,CRI2024,-0.413,,,7.848,,,,,,,,,,CRI,,,,
2023,Costa Rica,6.955,6.86,7.051,1.561,1.373,0.661,0.797,0.109,0.123,2.333,CRI2023,0.525,86497941439.017,16942.027,8.325,9.193,-0.088,5.112,-1.433,28.909,29.339,13.912,80477795958.881,,CRI,,,,
2022,Costa Rica,6.609,6.507,6.71,1.587,1.34,0.503,0.683,0.099,0.116,2.281,CRI2022,8.275,69243626028.594,13625.901,11.325,1.017,6.28,4.551,-3.281,28.762,28.891,14.354,64292147817.544,,CRI,,,,
2021,Costa Rica,6.582,6.481,6.683,1.584,1.054,0.744,0.661,0.089,0.102,2.346,CRI2021,1.726,64960725734.196,12838.119,15.139,3.065,2.374,7.936,-3.176,30.825,28.206,14.041,60786873652.202,,CRI,,,,
2020,Costa Rica,7.069,6.96,7.179,1.134,0.966,0.722,0.673,0.105,0.083,3.387,CRI2020,0.725,62395610760.049,12394.049,16.432,5.821,0.773,-4.273,-1.045,31.89,27.184,12.238,58780239945.365,,CRI,,,,
2019,Costa Rica,7.121,7.034,7.209,0.981,1.375,0.94,0.645,0.131,0.096,2.953,CRI2019,2.096,64417670521.354,12884.686,10.807,6.025,2.567,2.418,-1.19,29.457,27.535,13.32,60575320937.032,,CRI,,,,
2018,Costa Rica,7.167,,,,,,,,,,CRI2018,2.221,62420164991.537,12590.249,9.01,8.739,2.192,2.616,-2.992,28.919,24.317,13.182,59042419843.984,,CRI,,,,
2017,Costa Rica,7.072,,,,,,,,,,CRI2017,1.626,60516044656.521,12317.09,7.729,8.27,2.859,4.158,-3.617,25.397,23.319,13.244,57350348728.764,,CRI,,,,
2016,Costa Rica,7.079,,,,,,,,,,CRI2016,-0.017,58847019609.655,12091.03,8.085,9.494,1.959,4.204,-2.137,27.147,24.008,13.511,56365195550.623,,CRI,,,,
2015,Costa Rica,7.087,,,,,,,,,,CRI2015,0.802,56441920820.519,11714.711,8.415,9.887,3.955,3.652,-3.404,28.555,23.457,13.254,54026905533.744,,CRI,,,,
2014,Costa Rica,7.226,,,,,,,,,,CRI2014,4.519,52016408854.266,10911.498,8.499,8.188,6.207,3.542,-4.716,26.736,23.071,13.046,49869412874.334,,CRI,,,,
2012,Costa Rica,7.257,,,,,,,,,,CRI2012,4.495,47231655431.736,10126.999,9.11,12.87,4.734,4.883,-5.105,25.945,23.362,13.105,45751076217.868,,CRI,,,,
2011,Costa Rica,7.251,,,,,,,,,,CRI2011,4.878,42762613698.964,9276.391,9.518,11.045,4.593,4.403,-5.297,25.379,23.298,13.209,41322445055.458,,CRI,,,,
2024,Côte d’Ivoire,5.102,4.967,5.238,1.038,0.76,0.206,0.661,0.1,0.162,2.176,CIV2024,3.466,,,2.288,,,,,,,,,,CIV,,,,
2023,Côte d’Ivoire,5.08,4.936,5.224,1.08,0.578,0.288,0.547,0.12,0.164,2.303,CIV2023,4.387,78875489245.054,2530.847,2.27,,2.922,6.2,,18.313,13.691,13.352,75699486555.338,,CIV,,,,
2022,Côte d’Ivoire,5.053,4.907,5.198,1.094,0.584,0.12,0.467,0.138,0.131,2.519,CIV2022,5.276,70173140101.432,2308.707,2.306,,2.086,6.218,-7.686,18.61,12.174,11.945,67874161725.943,,CIV,,,,
2021,Côte d’Ivoire,5.235,5.085,5.384,1.094,0.442,0.322,0.451,0.149,0.124,2.652,CIV2021,4.092,72794636653.779,2455.981,2.63,,3.93,7.063,-3.948,16.377,12.664,12.389,70557249154.882,,CIV,,,,
2020,Côte d’Ivoire,5.306,5.152,5.46,0.669,0.409,0.052,0.438,0.177,0.092,3.469,CIV2020,2.425,63027852805.42,2179.729,2.584,,1.828,0.7,-3.132,16.032,12.112,11.787,61181445318.324,,CIV,,,,
2019,Côte d’Ivoire,5.233,5.09,5.377,0.537,0.8,0.155,0.397,0.17,0.093,3.081,CIV2019,-1.107,60382894697.356,2141.768,2.401,,1.983,6.721,-2.234,13.627,11.963,11.665,58700458323.694,,CIV,,,,
2018,Côte d’Ivoire,4.944,,,,,,,,,,CIV2018,0.359,58522477786.689,2130.866,2.85,,1.682,4.843,-3.904,14.737,11.967,11.666,56893409586.384,,CIV,,,,
2017,Côte d’Ivoire,4.671,,,,,,,,,,CIV2017,0.686,52512343996.69,1964.299,3.272,6.247,-1.042,7.411,-1.998,14.947,11.955,11.756,50973205770.879,,CIV,,,,
2016,Côte d’Ivoire,4.18,,,,,,,,,,CIV2016,0.723,48407761036.824,1862.596,1.896,6.552,-1.18,7.173,-0.856,13.4,11.731,11.46,47331529982.55,,CIV,,,,
2015,Côte d’Ivoire,3.916,,,,,,,,,,CIV2015,1.251,45815005169.265,1814.719,2.579,0.361,4.776,7.195,-0.44,13.455,12.164,11.176,44807751702.504,,CIV,,,,
2014,Côte d’Ivoire,3.655,,,,,,,,,,CIV2014,0.449,48843005613.709,1991.365,3.285,0.892,4.407,9.372,1.046,9.216,10.644,10.117,47933652024.974,,CIV,,,,
2011,Côte d’Ivoire,4.197,,,,,,,,,,CIV2011,4.912,36693710801.398,1596.628,7.135,-0.429,5.709,-5.37,7.266,9.61,8.66,7.571,24425274888.759,,CIV,,,,
2024,Croatia,5.87,5.777,5.963,1.644,1.673,0.669,0.478,0.022,0.065,1.319,HRV2024,,,,5.236,,,,,,,,,,HRV,,,,
2023,Croatia,5.942,5.837,6.047,1.71,1.445,0.637,0.469,0.064,0.043,1.574,HRV2023,7.941,84393795502.442,21865.456,6.086,,11.74,3.303,0.754,38.681,35.592,21.492,84099779090.476,75.56,HRV,,,,
2022,Croatia,6.125,6.013,6.237,1.727,1.455,0.475,0.5,0.087,0.003,1.88,HRV2022,10.781,71198635101.951,18466.096,6.96,,8.013,7.288,-3.681,37.837,38.256,21.675,70919879052.469,83.077,HRV,,,,
2021,Croatia,6.125,6.022,6.229,1.705,1.183,0.709,0.535,0.109,0.0,1.884,HRV2021,2.555,69006802298.696,17789.93,7.608,,2.081,12.632,0.808,40.658,38.962,21.071,68667460258.325,91.171,HRV,,,,
2020,Croatia,5.882,5.788,5.975,1.251,1.039,0.703,0.453,0.111,0.0,2.325,HRV2020,0.155,57963370885.08,14808.462,7.507,,0.803,-8.312,-0.795,44.894,39.204,20.874,58907901172.24,98.505,HRV,,,,
2019,Croatia,5.505,5.431,5.579,1.109,1.311,0.901,0.381,0.114,0.012,1.676,HRV2019,0.772,61467582193.682,15563.817,6.617,,1.988,3.1,2.639,38.468,39.077,21.973,61266599944.473,81.504,HRV,,,,
2018,Croatia,5.432,,,,,,,,,,HRV2018,1.5,61668130122.588,15460.418,8.432,,2.026,2.905,1.219,38.294,37.878,21.787,61012800387.368,83.67,HRV,,,,
2017,Croatia,5.321,,,,,,,,,,HRV2017,1.129,56186190437.996,13902.631,11.208,,1.232,3.281,4.05,39.046,38.664,22.017,56015572345.403,86.858,HRV,,,,
2016,Croatia,5.293,,,,,,,,,,HRV2016,-1.125,52654855638.106,12821.174,13.103,,0.015,3.461,2.463,40.086,38.606,21.902,51687937114.799,93.221,HRV,,,,
2015,Croatia,5.488,,,,,,,,,,HRV2015,-0.464,51005200669.694,12285.303,16.175,,0.124,2.323,2.816,41.534,37.796,21.414,50921927822.595,95.574,HRV,,,,
2014,Croatia,5.759,,,,,,,,,,HRV2014,-0.215,59612144078.413,14187.969,17.29,8.443,0.127,-0.557,0.394,42.128,36.532,20.381,58743509682.768,93.129,HRV,,,,
2012,Croatia,5.661,,,,,,,,,,HRV2012,3.412,57551963753.21,13508.684,15.935,7.957,1.411,-2.254,-0.361,40.228,34.718,20.128,55633820700.961,76.326,HRV,,,,
2011,Croatia,5.623,,,,,,,,,,HRV2011,2.273,62903737379.783,14694.999,13.678,7.883,1.669,-0.098,-1.662,42.018,34.472,19.644,60863146670.824,71.917,HRV,,,,
2011,Cuba,5.418,,,,,,,,,,CUB2011,,68990000000.0,6104.461,3.18,,4.324,2.802,,,,,67926000000.0,,CUB,,,,
2024,Cyprus,5.942,5.827,6.058,1.72,1.348,0.84,0.612,0.108,0.041,1.273,CYP2024,1.8,,,5.602,,,,,,,,,,CYP,,,,
2023,Cyprus,6.068,5.954,6.182,1.794,1.217,0.744,0.529,0.124,0.049,1.611,CYP2023,3.541,33886930712.339,36551.418,6.098,,3.83,2.612,-9.426,39.808,41.259,24.082,30644231434.626,,CYP,,,,
2022,Cyprus,6.13,6.024,6.236,1.824,1.224,0.58,0.455,0.104,0.05,1.893,CYP2022,8.395,30976176886.852,33938.945,6.806,,6.689,7.366,-5.518,36.483,38.375,23.133,28521267364.768,,CYP,,,,
2021,Cyprus,6.221,6.122,6.32,1.815,0.909,0.819,0.448,0.123,0.062,2.044,CYP2021,2.446,30372874319.628,33734.293,7.513,,3.044,11.388,-5.449,40.678,38.256,22.552,27682692012.007,,CYP,,,,
2020,Cyprus,6.223,6.128,6.319,1.377,0.765,0.801,0.464,0.178,0.061,2.578,CYP2020,-0.638,25555093854.297,28649.016,7.755,,-1.208,-3.221,-9.705,43.695,38.373,21.94,23839852610.947,,CYP,,,,
2019,Cyprus,6.159,6.06,6.258,1.213,1.149,1.026,0.459,0.228,0.051,2.032,CYP2019,0.25,26196667099.53,29703.053,7.155,,1.35,5.876,-5.524,38.506,39.321,23.075,24793491597.222,,CYP,,,,
2018,Cyprus,6.046,,,,,,,,,,CYP2018,1.435,25754001367.545,29599.986,8.504,,1.026,6.272,-3.741,40.341,38.318,23.833,24823400132.031,,CYP,,,,
2017,Cyprus,5.762,,,,,,,,,,CYP2017,0.532,22946570628.758,26696.99,11.155,,1.02,5.751,-4.912,36.846,38.412,23.82,22248590723.515,,CYP,,,,
2016,Cyprus,5.621,,,,,,,,,,CYP2016,-1.429,21046462280.598,24715.154,13.006,,-0.575,6.574,-3.87,38.138,38.324,23.516,20211956551.818,,CYP,,,,
2015,Cyprus,5.546,,,,,,,,,,CYP2015,-2.097,19909278416.858,23487.229,15.026,,-0.754,3.419,-0.244,41.727,40.425,24.047,19774901919.014,,CYP,,,,
2014,Cyprus,5.689,,,,,,,,,,CYP2014,-1.355,23225918259.982,27244.352,16.277,,-1.338,-1.776,-4.076,50.883,41.524,24.716,22592071770.945,,CYP,,,,
2012,Cyprus,6.466,,,,,,,,,,CYP2012,2.389,25047436974.682,28991.936,12.097,,1.679,-3.447,-3.869,52.643,37.796,23.335,24872764788.562,,CYP,,,,
2011,Cyprus,6.416,,,,,,,,,,CYP2011,3.289,27641547909.701,32485.797,7.942,,1.616,0.417,-2.093,41.871,37.425,23.15,28366739790.706,,CYP,,,,
2024,Czechia,6.775,6.696,6.854,1.692,1.716,0.658,0.916,0.118,0.084,1.591,CZE2024,2.435,,,2.506,,,,,,,,,,CZE,,,,
2023,Czechia,6.822,6.741,6.903,1.783,1.511,0.638,0.787,0.177,0.068,1.858,CZE2023,10.661,343207874553.734,31591.177,2.579,-3.214,8.159,-0.085,0.302,,,,317869839762.542,,CZE,,,,
2022,Czechia,6.845,6.759,6.931,1.823,1.544,0.477,0.693,0.158,0.05,2.099,CZE2022,15.1,301831228325.556,28282.224,2.224,-4.091,8.671,2.847,-4.52,34.443,30.221,12.642,277349488376.076,,CZE,,,,
2021,Czechia,6.92,6.811,7.029,1.815,1.26,0.715,0.66,0.158,0.048,2.263,CZE2021,3.84,290972714482.313,27696.462,2.803,-0.8,4.034,4.029,-2.046,36.846,30.781,12.936,270290707240.003,,CZE,,,,
2020,Czechia,6.965,6.868,7.062,1.37,1.09,0.703,0.58,0.052,0.046,3.124,CZE2020,3.161,251109660602.536,23472.892,2.55,-1.121,4.516,-5.305,1.785,37.642,31.409,14.073,233709848019.733,,CZE,,,,
2019,Czechia,6.911,6.827,6.995,1.212,1.405,0.895,0.506,0.046,0.05,2.797,CZE2019,2.848,256794209028.77,24062.719,2.015,-0.15,3.841,3.566,0.356,32.04,31.472,14.525,237284304854.517,,CZE,,,,
2018,Czechia,6.852,,,,,,,,,,CZE2018,2.149,251992360762.236,23705.933,2.246,0.708,2.813,2.83,0.452,31.828,31.749,14.657,235330815043.776,,CZE,,,,
2017,Czechia,6.711,,,,,,,,,,CZE2017,2.451,221563575696.217,20913.198,2.893,1.875,1.684,5.174,1.353,31.386,31.325,14.807,206250524034.28,,CZE,,,,
2016,Czechia,6.609,,,,,,,,,,CZE2016,0.684,198160659303.939,18753.969,3.952,2.381,1.491,2.581,1.747,32.523,31.491,14.771,183030984148.2,,CZE,,,,
2015,Czechia,6.596,,,,,,,,,,CZE2015,0.309,189107698561.919,17931.599,5.048,3.011,1.235,4.959,0.447,33.069,31.128,14.686,175136907363.179,,CZE,,,,
2014,Czechia,6.505,,,,,,,,,,CZE2014,0.344,210911285077.683,20038.416,6.108,1.887,2.707,2.245,0.217,34.217,30.827,14.323,194987353968.445,,CZE,,,,
2012,Czechia,6.29,,,,,,,,,,CZE2012,3.288,210363223087.728,20014.035,6.979,4.009,1.343,-0.771,-1.501,36.347,31.712,14.822,195428016856.085,,CZE,,,,
2011,Czechia,6.36,,,,,,,,,,CZE2011,1.917,231429378717.312,22049.108,6.712,5.952,-0.221,1.772,-2.169,34.652,31.208,14.403,211036199499.884,,CZE,,,,
2024,Denmark,7.521,7.431,7.611,1.825,1.748,0.82,0.955,0.15,0.488,1.535,DNK2024,1.372,,,5.587,,,,,,,,,,DNK,,,,
2023,Denmark,7.583,7.5,7.665,1.908,1.52,0.699,0.823,0.204,0.548,1.881,DNK2023,3.305,407091920305.404,68453.877,5.094,,-3.789,2.495,9.841,33.139,36.699,31.404,418673805445.712,,DNK,,,,
2022,Denmark,7.586,7.506,7.667,1.949,1.548,0.537,0.734,0.208,0.525,2.084,DNK2022,7.697,401945576107.963,68091.319,4.434,,9.097,1.54,11.566,32.018,35.787,30.669,414709867315.259,,DNK,,,,
2021,Denmark,7.636,7.563,7.71,1.953,1.243,0.777,0.719,0.188,0.532,2.226,DNK2021,1.853,408378204639.999,69727.987,5.043,,2.769,7.382,8.659,36.216,40.374,35.004,424501033300.764,,DNK,,,,
2020,Denmark,7.62,7.552,7.687,1.502,1.108,0.763,0.686,0.208,0.485,2.868,DNK2020,0.421,355631021931.621,60985.489,5.637,,2.827,-1.78,7.231,38.759,39.212,34.471,367136215276.414,,DNK,,,,
2019,Denmark,7.646,7.58,7.711,1.327,1.503,0.979,0.665,0.243,0.495,2.433,DNK2019,0.758,345401473012.615,59404.266,5.018,,0.951,1.711,7.425,35.294,39.777,34.977,355443582780.668,,DNK,,,,
2018,Denmark,7.6,,,,,,,,,,DNK2018,0.814,355293374912.393,61324.767,5.131,,0.593,1.86,6.245,36.177,37.429,32.384,365236933204.871,,DNK,,,,
2017,Denmark,7.555,,,,,,,,,,DNK2017,1.147,331610593961.988,57521.551,5.833,,1.101,3.056,7.36,36.281,38.088,33.28,338899001120.246,,DNK,,,,
2016,Denmark,7.522,,,,,,,,,,DNK2016,0.25,312181849372.233,54500.926,5.989,,0.427,3.073,7.079,37.375,38.036,33.49,320020671940.78,,DNK,,,,
2015,Denmark,7.526,,,,,,,,,,DNK2015,0.452,301758922337.637,53094.013,6.278,,0.409,2.104,7.954,39.468,38.904,34.156,311066436036.952,,DNK,,,,
2014,Denmark,7.527,,,,,,,,,,DNK2014,0.564,352832602064.452,62520.451,6.925,,1.019,1.278,8.337,39.853,41.875,36.585,365645289652.797,,DNK,,,,
2012,Denmark,7.693,,,,,,,,,,DNK2012,2.398,326792574244.963,58443.775,7.798,,2.408,-0.005,6.041,42.574,39.932,33.515,334180090640.392,,DNK,,,,
2011,Denmark,7.856,,,,,,,,,,DNK2011,2.759,344315595263.175,61809.738,7.769,,0.646,1.311,6.339,41.355,39.728,32.809,351569643417.089,,DNK,,,,
2014,Djibouti,4.369,,,,,,,,,,DJI2014,1.342,2214679081.257,2208.678,26.173,,1.262,7.062,23.958,,,,2263292357.122,,DJI,,,,
2012,Djibouti,4.69,,,,,,,,,,DJI2012,3.731,1353632941.521,1400.194,26.187,,,,-10.931,,,,1417840322.753,,DJI,,,,
2011,Djibouti,4.957,,,,,,,,,,DJI2011,5.069,1239144501.775,1306.346,26.314,,,,-13.868,,,,1247888544.404,,DJI,,,,
2024,Dominican Republic,5.846,5.705,5.988,1.457,1.5,0.615,0.866,0.063,0.186,1.16,DOM2024,3.302,,,5.473,,,,,,,,,,DOM,,,,
2023,Dominican Republic,5.823,5.679,5.967,1.517,1.272,0.511,0.73,0.086,0.196,1.512,DOM2023,4.786,121444279313.931,10717.628,5.555,7.527,6.424,2.361,-3.604,,,,116006679313.854,,DOM,,,,
2022,Dominican Republic,5.569,5.426,5.712,1.536,1.227,0.351,0.623,0.083,0.195,1.553,DOM2022,8.811,113537368176.13,10109.523,5.504,1.026,10.714,4.858,-5.768,17.679,16.084,13.82,109226368176.13,,DOM,,,,
2021,Dominican Republic,5.737,5.601,5.873,1.538,1.003,0.577,0.606,0.084,0.179,1.751,DOM2021,8.243,94243425938.365,8472.48,7.702,1.699,7.777,12.272,-2.849,17.806,16.368,14.377,89532925938.863,,DOM,,,,
2020,Dominican Republic,5.545,5.405,5.685,1.106,0.879,0.555,0.581,0.101,0.144,2.178,DOM2020,3.781,78844656298.178,7162.292,6.126,5.974,4.724,-6.72,-1.686,21.398,14.661,12.39,75019656298.62,,DOM,,,,
2019,Dominican Republic,5.689,5.552,5.826,0.983,1.329,0.742,0.563,0.112,0.116,1.844,DOM2019,1.811,88941372558.24,8164.221,6.356,9.716,2.526,5.052,-1.336,15.864,15.458,13.303,84872472558.556,,DOM,,,,
2018,Dominican Republic,5.425,,,,,,,,,,DOM2018,3.564,85555390139.118,7934.981,5.861,8.079,4.121,6.983,-1.545,15.705,15.209,13.025,81863690138.272,,DOM,,,,
2017,Dominican Republic,5.302,,,,,,,,,,DOM2017,3.28,79998046305.79,7499.693,5.832,9.338,4.181,4.667,-0.166,16.019,15.162,13.031,76204246305.378,,DOM,,,,
2016,Dominican Republic,5.23,,,,,,,,,,DOM2016,1.614,75704647877.656,7174.823,7.284,12.835,1.994,6.659,-1.076,16.149,14.903,12.911,72451547877.144,,DOM,,,,
2015,Dominican Republic,5.155,,,,,,,,,,DOM2015,0.837,71164826836.528,6819.932,7.605,12.106,2.472,6.927,-1.799,15.205,17.578,12.812,68228426835.72,,DOM,,,,
2014,Dominican Republic,4.885,,,,,,,,,,DOM2014,2.999,67179955677.279,6512.508,6.719,9.184,4.321,7.05,-3.23,15.642,15.041,13.386,63932555677.284,,DOM,,,,
2012,Dominican Republic,4.963,,,,,,,,,,DOM2012,3.694,60681535652.537,6025.726,6.722,9.881,5.098,2.717,-6.543,15.835,14.543,13.026,58281935652.018,,DOM,,,,
2011,Dominican Republic,5.036,,,,,,,,,,DOM2011,5.797,58029773599.455,5834.706,6.087,6.931,8.061,3.133,-7.511,14.016,13.734,12.298,55775273598.996,,DOM,,,,
2024,DR Congo,3.469,3.331,3.608,0.544,0.929,0.278,0.6,0.151,0.061,0.906,COD2024,,,,4.556,,,,,,,,,,COD,,,,
2023,DR Congo,3.295,3.128,3.462,0.534,0.665,0.262,0.473,0.189,0.072,1.102,COD2023,,66383287002.987,627.502,4.484,,13.172,8.561,-5.849,,,,64288287002.987,,COD,,,,
2022,DR Congo,3.207,3.02,3.394,0.531,0.784,0.105,0.375,0.183,0.068,1.162,COD2022,,65801547619.582,642.612,4.522,,10.106,8.924,-4.784,13.323,14.165,11.411,62284414213.453,15.99,COD,,,,
2019,DR Congo,4.311,4.097,4.525,0.062,0.833,0.277,0.365,0.254,0.081,2.438,COD2019,,51775829877.209,557.044,4.591,19.68,5.895,4.385,-3.27,7.982,7.706,6.377,48961721320.982,,COD,,,,
2018,DR Congo,4.418,,,,,,,,,,COD2018,,47568210009.817,528.256,4.618,-4.771,30.999,5.821,-3.516,9.884,8.719,7.295,45864379355.536,,COD,,,,
2017,DR Congo,4.245,,,,,,,,,,COD2017,,38019264794.826,436.585,4.601,-15.69,43.069,3.727,-3.265,7.737,7.977,6.591,36945658210.5,,COD,,,,
2016,DR Congo,4.28,,,,,,,,,,COD2016,2.886,37134801555.332,442.31,4.521,14.084,4.349,2.399,-4.051,12.35,9.262,7.952,36345366908.664,,COD,,,,
2015,DR Congo,4.272,,,,,,,,,,COD2015,0.744,37917706497.179,467.915,4.439,20.767,-1.156,6.916,-3.913,12.548,10.756,9.103,35126777862.432,,COD,,,,
2014,DR Congo,4.517,,,,,,,,,,COD2014,1.243,35909040925.938,458.005,4.436,17.525,0.994,9.47,-4.797,12.267,11.057,8.637,32869069802.463,,COD,,,,
2012,DR Congo,4.578,,,,,,,,,,COD2012,9.722,29306235285.26,400.06,4.485,21.245,5.94,7.087,-4.301,14.22,12.548,8.857,27710051425.574,,COD,,,,
2011,DR Congo,3.984,,,,,,,,,,COD2011,15.317,25839749199.367,364.714,4.315,26.33,13.792,6.875,-4.956,,,,24543304631.594,,COD,,,,
2024,Ecuador,5.965,5.848,6.083,1.299,1.32,0.702,0.712,0.058,0.066,1.808,ECU2024,1.547,,,4.773,,,,,,,,,,ECU,,,,
2023,Ecuador,5.725,5.599,5.85,1.315,1.151,0.64,0.606,0.087,0.078,1.846,ECU2023,2.216,118844826000.0,6609.804,3.51,,-0.408,2.355,1.974,,,,116197121700.0,,ECU,,,,
2022,Ecuador,5.559,5.436,5.682,1.343,1.173,0.476,0.56,0.079,0.069,1.86,ECU2022,3.466,116586079000.0,6540.998,3.761,,2.196,6.186,1.833,30.318,30.842,13.038,114677350000.0,,ECU,,,,
2021,Ecuador,5.533,5.414,5.653,1.352,0.879,0.708,0.565,0.08,0.083,1.866,ECU2021,0.133,107435101000.0,6075.803,4.552,,2.049,9.818,2.735,31.85,29.601,12.706,105704005400.0,,ECU,,,,
2020,Ecuador,5.764,5.653,5.875,0.935,0.806,0.64,0.56,0.107,0.062,2.653,ECU2020,-0.339,95865472000.0,5463.645,6.127,,-1.826,-9.245,2.091,34.04,27.121,12.941,92538070200.0,,ECU,,,,
2019,Ecuador,5.925,5.822,6.029,0.853,1.221,0.839,0.555,0.115,0.087,2.255,ECU2019,0.266,107595829000.0,6205.058,3.812,,-0.057,0.165,-0.507,33.147,29.66,13.401,104536017000.0,,ECU,,,,
2018,Ecuador,6.028,,,,,,,,,,ECU2018,-0.224,107478962000.0,6303.919,3.53,,1.819,1.044,-1.534,33.725,31.206,14.293,104610030900.0,,ECU,,,,
2017,Ecuador,5.973,,,,,,,,,,ECU2017,0.417,104467486000.0,6233.322,3.836,,0.932,5.97,-0.388,31.519,27.986,13.689,102098707100.0,,ECU,,,,
2016,Ecuador,6.008,,,,,,,,,,ECU2016,1.728,97671433000.0,5917.638,4.597,,1.171,-0.688,0.922,35.055,28.641,14.542,95796699000.0,,ECU,,,,
2015,Ecuador,5.976,,,,,,,,,,ECU2015,3.967,97209558000.0,5976.16,3.616,,-5.476,0.12,-2.285,34.076,30.846,16.389,95498179000.0,,ECU,,,,
2014,Ecuador,5.975,,,,,,,,,,ECU2014,3.589,102717794000.0,6405.8,3.48,,2.053,4.226,-0.651,33.327,28.89,14.021,101189491000.0,,ECU,,,,
2012,Ecuador,5.865,,,,,,,,,,ECU2012,5.102,87735048000.0,5634.084,3.235,,5.003,5.783,-0.167,,,,86468104000.0,,ECU,,,,
2011,Ecuador,5.425,,,,,,,,,,ECU2011,4.475,78986648000.0,5153.692,3.458,,6.838,8.481,-0.507,,,,77743317000.0,,ECU,,,,
2024,Egypt,3.817,3.725,3.909,1.347,1.075,0.473,0.593,0.018,0.103,0.21,EGY2024,,,,7.198,,,,,,,,,,EGY,,,,
2023,Egypt,3.977,3.887,4.066,1.37,0.996,0.488,0.49,0.025,0.259,0.349,EGY2023,33.885,396002496996.96,3457.457,7.334,-5.661,24.825,3.759,-3.173,,,,378684096996.935,,EGY,,,,
2022,Egypt,4.17,4.054,4.287,1.377,0.972,0.326,0.467,0.038,0.25,0.74,EGY2022,13.896,476747720364.742,4233.308,7.344,0.143,10.426,6.588,-2.21,,,,460984520364.742,,EGY,,,,
2021,Egypt,4.288,4.198,4.377,1.388,0.732,0.548,0.469,0.041,0.254,0.856,EGY2021,5.214,424671765455.704,3827.354,7.441,4.366,4.847,3.291,-4.382,,,,412272565455.704,,EGY,,,,
2020,Egypt,4.283,4.195,4.371,0.954,0.647,0.426,0.446,0.069,0.092,1.648,EGY2020,5.045,383817841547.099,3511.114,7.974,4.888,6.177,3.55,-3.709,,,,372463841547.099,,EGY,,,,
2019,Egypt,4.151,4.081,4.222,0.875,0.983,0.597,0.374,0.069,0.095,1.159,EGY2019,9.153,318678815489.749,2962.989,7.851,2.199,13.618,5.552,-3.208,,,,307669215489.749,,EGY,,,,
2018,Egypt,4.166,,,,,,,,,,EGY2018,14.401,262588632526.73,2484.703,9.855,-2.359,21.175,5.331,-2.932,,,,256309032526.73,,EGY,,,,
2017,Egypt,4.419,,,,,,,,,,EGY2017,29.507,248362771739.13,2395.103,11.767,-8.758,29.518,4.181,-3.197,,,,243794271739.13,,EGY,,,,
2016,Egypt,4.735,,,,,,,,,,EGY2016,13.814,332441717791.411,3270.629,12.45,6.922,6.246,4.347,-6.165,,,,327970017791.411,,EGY,,,,
2015,Egypt,4.362,,,,,,,,,,EGY2015,10.37,329366576819.407,3306.982,13.052,1.541,9.931,4.372,-5.235,30.23,20.989,12.519,323665676819.407,,EGY,,,,
2014,Egypt,4.194,,,,,,,,,,EGY2014,10.07,305595408895.265,3133.391,13.105,0.414,11.248,2.916,-1.948,32.921,19.877,12.22,298332708895.265,,EGY,,,,
2012,Egypt,4.273,,,,,,,,,,EGY2012,7.112,279116666666.667,2996.068,12.597,-6.263,19.483,2.226,-2.498,28.689,20.228,12.385,272637266666.667,,EGY,,,,
2011,Egypt,4.853,,,,,,,,,,EGY2011,10.065,235989672977.625,2590.644,11.849,-0.564,11.663,1.765,-2.324,29.19,21.931,14.009,229940172977.625,,EGY,,,,
2024,El Salvador,6.492,6.365,6.619,1.222,1.228,0.559,0.955,0.054,0.264,2.211,SLV2024,0.854,,,2.839,,,,,,,,,,SLV,,,,
2023,El Salvador,6.469,6.338,6.599,1.265,1.08,0.549,0.816,0.083,0.253,2.424,SLV2023,4.046,34015620000.0,5391.069,2.992,,2.729,3.511,-1.369,27.549,25.927,20.607,31873990000.0,101.704,SLV,,,,
2022,El Salvador,6.122,5.986,6.257,1.278,1.044,0.383,0.713,0.079,0.222,2.403,SLV2022,7.199,31988920000.0,5093.518,2.999,,7.143,2.8,-6.822,27.293,28.087,21.084,30006450000.0,73.761,SLV,,,,
2021,El Salvador,6.12,5.99,6.25,1.265,0.768,0.607,0.666,0.089,0.212,2.514,SLV2021,3.467,29043140000.0,4642.607,4.327,,4.142,11.905,-4.306,29.507,28.575,19.69,27355140000.0,66.469,SLV,,,,
2020,El Salvador,6.061,5.933,6.188,0.845,0.675,0.565,0.615,0.116,0.16,3.085,SLV2020,-0.372,24921190000.0,3997.193,5.008,,0.654,-7.893,1.11,33.945,23.559,18.391,23543800000.0,70.384,SLV,,,,
2019,El Salvador,6.348,6.234,6.462,0.749,1.149,0.753,0.524,0.119,0.117,2.937,SLV2019,0.075,26881140000.0,4320.117,4.17,,0.848,2.437,-0.422,24.759,24.102,18.081,25540040000.0,53.879,SLV,,,,
2018,El Salvador,6.253,,,,,,,,,,SLV2018,1.09,26020850000.0,4183.546,4.006,,1.716,2.412,-3.302,24.727,24.949,18.129,24550760000.0,52.214,SLV,,,,
2017,El Salvador,6.167,,,,,,,,,,SLV2017,1.012,24979190000.0,4020.127,4.385,,0.987,2.248,-1.86,24.844,25.097,17.754,23591570000.0,55.249,SLV,,,,
2016,El Salvador,6.003,,,,,,,,,,SLV2016,0.604,24191430000.0,3901.34,4.418,,0.658,2.539,-2.274,23.208,23.689,17.355,22945050000.0,52.066,SLV,,,,
2015,El Salvador,6.068,,,,,,,,,,SLV2015,-0.731,23438240000.0,3790.341,3.998,,1.308,2.4,-3.216,22.763,20.815,16.753,22346390000.0,51.278,SLV,,,,
2014,El Salvador,6.13,,,,,,,,,,SLV2014,1.141,22593470000.0,3666.012,4.154,,0.993,1.729,-5.371,22.77,20.592,16.709,21558030000.0,50.838,SLV,,,,
2012,El Salvador,5.809,,,,,,,,,,SLV2012,1.73,21386150000.0,3497.913,3.843,,2.476,2.888,-5.797,22.902,22.656,16.182,20515590000.0,54.852,SLV,,,,
2011,El Salvador,5.956,,,,,,,,,,SLV2011,5.129,20283780000.0,3330.6,4.297,,5.953,3.774,-5.481,24.89,23.228,15.344,19665540000.0,54.563,SLV,,,,
2024,Estonia,6.417,6.337,6.497,1.65,1.716,0.642,0.902,0.128,0.378,1.001,EST2024,3.521,,,7.828,,,,,,,,,,EST,,,,
2023,Estonia,6.448,6.371,6.524,1.752,1.527,0.657,0.805,0.166,0.401,1.138,EST2023,9.159,41291245222.195,30133.304,6.378,,8.055,-3.023,-1.75,37.852,36.296,21.421,40050178864.918,28.253,EST,,,,
2022,Estonia,6.455,6.377,6.534,1.798,1.526,0.494,0.728,0.153,0.372,1.383,EST2022,19.398,38376046174.971,28451.148,5.571,,15.782,0.06,-3.898,35.279,34.968,21.017,36987912194.942,25.983,EST,,,,
2021,Estonia,6.341,6.266,6.415,1.793,1.232,0.728,0.689,0.123,0.333,1.442,EST2021,4.653,37204563051.472,27953.767,6.178,,5.372,7.154,-3.728,38.232,35.641,21.74,36275709776.356,24.594,EST,,,,
2020,Estonia,6.189,6.115,6.263,1.344,1.079,0.64,0.641,0.119,0.263,2.103,EST2020,-0.445,31820771493.897,23933.994,6.956,,0.753,-2.884,-2.731,40.908,35.203,20.722,30896975845.136,24.385,EST,,,,
2019,Estonia,6.022,5.951,6.092,1.192,1.453,0.843,0.577,0.125,0.202,1.63,EST2019,2.277,31873748770.031,24021.25,4.514,,3.823,3.727,2.009,35.651,35.203,21.063,30681549837.647,13.808,EST,,,,
2018,Estonia,5.893,,,,,,,,,,EST2018,3.436,31222632740.725,23618.136,5.412,,4.849,3.7,0.564,35.217,34.427,20.833,29976050226.902,13.174,EST,,,,
2017,Estonia,5.739,,,,,,,,,,EST2017,3.417,27469461919.119,20851.522,5.807,,3.741,5.635,1.7,34.698,34.679,20.868,26262150181.882,13.135,EST,,,,
2016,Estonia,5.611,,,,,,,,,,EST2016,0.149,24561027787.79,18666.374,6.882,,2.439,3.093,0.996,35.821,35.441,21.677,23537298481.751,13.705,EST,,,,
2015,Estonia,5.517,,,,,,,,,,EST2015,-0.492,23311847750.939,17722.156,6.412,,1.306,1.838,1.463,35.821,35.534,21.566,22387751107.031,13.314,EST,,,,
2014,Estonia,5.429,,,,,,,,,,EST2014,-0.106,27055689003.004,20581.79,7.352,,2.857,3.323,0.518,33.615,34.633,20.705,25876006876.549,14.448,EST,,,,
2012,Estonia,5.426,,,,,,,,,,EST2012,3.933,23237406116.399,17568.214,10.021,,4.206,3.672,-1.858,34.196,34.204,20.162,22063932819.844,14.504,EST,,,,
2011,Estonia,5.33,,,,,,,,,,EST2011,4.982,23303915794.757,17555.546,12.328,,5.539,7.607,1.305,34.853,33.517,19.446,22028387855.058,7.169,EST,,,,
2024,Eswatini,3.774,3.654,3.893,1.183,1.152,0.038,0.428,0.054,0.13,0.79,SWZ2024,,,,34.4,,,,,,,,,,SWZ,,,,
2023,Eswatini,3.502,3.331,3.673,1.255,0.925,0.176,0.284,0.059,0.116,0.686,SWZ2023,,4442875788.085,3610.609,35.086,9.066,1.62,5.015,2.42,,,,4134403562.19,,SWZ,,,,
2021,Eswatini,4.396,4.185,4.607,1.274,0.786,0.197,0.259,0.038,0.154,1.688,SWZ2021,,4737671576.329,3926.487,34.153,7.07,0.168,3.399,2.645,24.976,25.456,24.704,4375150957.812,36.247,SWZ,,,,
2024,Ethiopia,3.898,3.786,4.011,0.757,1.051,0.416,0.54,0.182,0.1,0.852,ETH2024,,,,3.398,,,,,,,,,,ETH,,,,
2023,Ethiopia,3.861,3.725,3.997,0.792,0.915,0.42,0.441,0.27,0.101,0.923,ETH2023,30.219,163697927593.982,1272.016,3.402,,33.021,6.498,-2.925,6.122,4.505,3.931,163284493254.474,,ETH,,,,
2022,Ethiopia,4.091,3.908,4.273,0.793,1.114,0.25,0.451,0.283,0.101,1.099,ETH2022,33.89,126772703047.701,1011.073,3.409,,34.667,5.321,-4.071,7.302,5.056,4.497,126199025534.765,,ETH,,,,
2021,Ethiopia,4.241,4.118,4.365,0.788,0.809,0.457,0.472,0.205,0.136,1.375,ETH2021,26.84,111261882958.426,910.948,3.935,,21.763,5.642,-4.051,8.417,6.555,5.325,110688250515.368,,ETH,,,,
2020,Ethiopia,4.275,4.175,4.374,0.37,0.679,0.331,0.451,0.241,0.114,2.089,ETH2020,20.356,107657734392.446,905.313,3.994,,18.255,6.06,-2.525,8.412,7.105,6.196,107045139885.794,,ETH,,,,
2019,Ethiopia,4.186,4.11,4.262,0.315,1.001,0.484,0.413,0.228,0.117,1.628,ETH2019,15.81,95912607722.303,828.709,2.917,,12.86,8.364,-5.239,9.705,7.788,6.662,95323016753.822,31.449,ETH,,,,
2018,Ethiopia,4.286,,,,,,,,,,ETH2018,13.833,84269196625.878,747.968,2.802,,12.382,6.816,-5.472,10.817,8.973,7.52,83891882898.151,32.533,ETH,,,,
2017,Ethiopia,4.35,,,,,,,,,,ETH2017,10.687,81770886825.605,745.632,2.662,,6.677,9.564,-7.25,11.233,9.445,7.604,81285285937.504,30.095,ETH,,,,
2016,Ethiopia,4.46,,,,,,,,,,ETH2016,6.628,74296745207.872,696.196,2.554,,10.398,9.433,-10.64,10.089,9.358,8.087,74054063837.424,29.006,ETH,,,,
2015,Ethiopia,4.508,,,,,,,,,,ETH2015,9.569,64589328550.595,621.846,2.443,,10.837,10.392,-11.715,10.378,9.943,8.351,64326828327.91,27.943,ETH,,,,
2014,Ethiopia,4.512,,,,,,,,,,ETH2014,6.89,55612228233.518,549.987,2.359,,10.982,10.257,-10.378,9.552,9.737,8.812,55459432981.044,26.937,ETH,,,,
2012,Ethiopia,4.561,,,,,,,,,,ETH2012,23.6,43310721414.083,452.101,2.255,,33.541,8.648,-7.107,8.466,11.07,9.378,43214529006.085,,ETH,,,,
2011,Ethiopia,4.064,,,,,,,,,,ETH2011,33.25,31952763089.33,343.025,2.275,,20.062,11.178,-3.304,10.584,10.876,9.209,31883271774.194,,ETH,,,,
2024,Finland,7.736,7.662,7.81,1.749,1.783,0.824,0.986,0.11,0.502,1.782,FIN2024,1.566,,,8.26,,,,,,,,,,FIN,,,,
2023,Finland,7.741,7.667,7.815,1.844,1.572,0.695,0.859,0.142,0.546,2.082,FIN2023,6.251,295532341254.907,52925.69,7.151,,3.914,-1.164,-0.534,44.854,42.066,25.332,297129375017.652,,FIN,,,,
2022,Finland,7.804,7.733,7.875,1.888,1.585,0.535,0.772,0.126,0.535,2.363,FIN2022,7.124,280241515774.32,50438.475,6.719,,5.449,1.45,-2.507,37.936,37.183,21.2,284510574953.308,,FIN,,,,
2021,Finland,7.821,7.756,7.886,1.892,1.258,0.775,0.736,0.109,0.534,2.518,FIN2021,2.195,294223210496.119,53099.135,7.617,,2.435,2.735,0.327,40.103,37.023,20.83,301103210879.84,,FIN,,,,
2020,Finland,7.842,7.78,7.904,1.446,1.106,0.741,0.691,0.124,0.481,3.253,FIN2020,0.291,270000311606.226,48828.685,7.759,,1.638,-2.491,0.53,41.482,35.47,20.006,276322367069.261,,FIN,,,,
2019,Finland,7.809,7.748,7.87,1.285,1.5,0.961,0.662,0.16,0.478,2.763,FIN2019,1.024,267014821129.411,48358.181,6.695,,1.482,1.35,-0.155,37.31,36.881,20.785,269899706941.176,,FIN,,,,
2018,Finland,7.769,,,,,,,,,,FIN2018,1.084,273869255596.078,49654.25,7.361,,1.987,1.193,-1.638,37.678,37.015,20.964,276815737098.039,,FIN,,,,
2017,Finland,7.632,,,,,,,,,,FIN2017,0.754,253846138440.0,46085.017,8.64,,0.836,3.303,-0.614,38.173,36.995,20.881,255775633889.412,,FIN,,,,
2016,Finland,7.469,,,,,,,,,,FIN2016,0.357,238777818792.608,43451.256,8.818,,0.055,2.572,-1.982,39.939,37.972,20.987,241867185380.545,,FIN,,,,
2015,Finland,7.413,,,,,,,,,,FIN2015,-0.208,233210733506.25,42560.346,9.376,,1.633,0.467,-0.912,40.683,37.619,20.587,236841059684.375,,FIN,,,,
2014,Finland,7.406,,,,,,,,,,FIN2014,1.041,273478528954.901,50073.776,8.663,,1.645,-0.478,-1.403,40.793,37.761,20.736,277614151896.47,,FIN,,,,
2012,Finland,7.389,,,,,,,,,,FIN2012,2.808,257443384492.969,47551.674,7.689,,2.945,-1.523,-2.254,39.073,37.367,20.202,259497761579.297,,FIN,,,,
2011,Finland,7.579,,,,,,,,,,FIN2011,3.417,275126915515.565,51060.324,7.781,,2.601,2.39,-1.56,37.995,36.845,20.053,276659458249.028,,FIN,,,,
2024,France,6.593,6.517,6.668,1.733,1.535,0.832,0.743,0.099,0.264,1.386,FRA2024,1.999,,,7.37,,,,,,,,,,FRA,,,,
2023,France,6.609,6.533,6.685,1.818,1.348,0.727,0.65,0.112,0.281,1.672,FRA2023,4.878,3051831611384.76,44690.935,7.335,,5.304,0.936,-0.994,47.326,42.275,23.11,3091101307415.06,98.473,FRA,,,,
2022,France,6.661,6.588,6.735,1.856,1.433,0.566,0.582,0.083,0.27,1.872,FRA2022,5.222,2796302210398.84,41082.812,7.308,,3.221,2.571,-1.183,48.834,44.255,24.534,2828314888998.07,96.776,FRA,,,,
2021,France,6.687,6.615,6.758,1.863,1.219,0.808,0.567,0.07,0.266,1.895,FRA2021,1.642,2966433692008.09,43725.1,7.874,,1.222,6.882,0.244,49.994,43.505,23.979,3024516531073.59,115.589,FRA,,,,
2020,France,6.69,6.618,6.762,1.421,1.081,0.804,0.536,0.092,0.235,2.521,FRA2020,0.476,2647926055110.05,39169.861,8.009,,2.978,-7.441,-2.003,51.964,43.322,24.789,2667982790343.98,122.182,FRA,,,,
2019,France,6.664,6.59,6.737,1.268,1.459,1.03,0.514,0.113,0.227,2.053,FRA2019,1.108,2722793515171.76,40408.285,8.415,,1.211,2.027,0.587,45.89,43.655,24.661,2787416524619.6,104.542,FRA,,,,
2018,France,6.592,,,,,,,,,,FRA2018,1.851,2781576320884.39,41418.177,9.018,,1.115,1.646,-0.736,47.1,44.726,24.31,2855661376338.82,103.381,FRA,,,,
2017,France,6.489,,,,,,,,,,FRA2017,1.032,2588868323334.71,38687.163,9.409,,0.586,2.084,-0.475,48.466,45.085,23.786,2653805221561.18,104.035,FRA,,,,
2016,France,6.442,,,,,,,,,,FRA2016,0.183,2470407619777.13,37024.216,10.057,,0.517,0.86,-0.539,48.15,44.451,23.146,2525276585700.01,103.318,FRA,,,,
2015,France,6.478,,,,,,,,,,FRA2015,0.038,2442483452642.5,36702.432,10.354,,1.134,1.067,-0.335,48.449,44.653,23.297,2491864986670.7,100.313,FRA,,,,
2014,France,6.575,,,,,,,,,,FRA2014,0.508,2861236112552.42,43148.046,10.273,,0.571,0.998,-0.963,49.121,44.932,23.156,2917864654134.5,99.729,FRA,,,,
2012,France,6.764,,,,,,,,,,FRA2012,1.954,2683007095787.23,40863.581,9.841,,1.082,0.184,-1.225,48.537,43.879,22.609,2742349300400.39,91.028,FRA,,,,
2011,France,6.746,,,,,,,,,,FRA2011,2.112,2870408553990.28,43929.784,9.228,,0.851,2.438,-1.028,47.928,42.969,21.826,2941328117344.36,83.338,FRA,,,,
2024,Gabon,5.12,4.985,5.256,1.386,1.224,0.387,0.651,0.042,0.086,1.343,GAB2024,1.173,,,20.061,,,,,,,,,,GAB,,,,
2023,Gabon,5.106,4.969,5.243,1.403,1.038,0.344,0.516,0.045,0.1,1.66,GAB2023,3.629,19388402541.67,7802.837,20.278,,-9.964,2.446,,,,,18421276707.584,,GAB,,,,
2022,Gabon,5.035,4.894,5.175,1.438,1.021,0.183,0.346,0.036,0.102,1.908,GAB2022,4.231,20440655695.18,8409.207,20.399,,14.758,3.038,,,,,19032454429.114,,GAB,,,,
2021,Gabon,4.958,4.826,5.091,1.459,0.738,0.396,0.343,0.032,0.099,1.892,GAB2021,1.087,19444935097.24,8181.409,21.218,,20.338,1.468,,14.052,15.115,9.49,17052331403.488,,GAB,,,,
2020,Gabon,4.852,4.706,4.998,1.037,0.707,0.362,0.424,0.058,0.064,2.201,GAB2020,1.353,15342236163.986,6605.803,21.27,,-9.01,-1.838,,16.445,17.42,12.427,14503352825.439,,GAB,,,,
2019,Gabon,4.829,4.711,4.947,0.988,1.106,0.523,0.369,0.052,0.056,1.735,GAB2019,2.465,16874405465.391,7441.179,20.358,,1.547,3.921,,13.542,19.407,11.48,15511133840.558,,GAB,,,,
2018,Gabon,4.799,,,,,,,,,,GAB2018,4.749,16867326401.963,7624.278,20.439,,7.177,0.838,,13.698,16.782,10.215,15754973543.463,,GAB,,,,
2017,Gabon,4.758,,,,,,,,,,GAB2017,2.652,14929487485.162,6921.734,20.303,,3.82,0.473,,15.667,17.655,11.085,13985728543.24,,GAB,,,,
2016,Gabon,4.465,,,,,,,,,,GAB2016,2.107,14023890265.366,6677.07,20.134,,-4.27,2.091,,17.085,17.392,11.468,12934874984.943,,GAB,,,,
2015,Gabon,4.121,,,,,,,,,,GAB2015,-0.339,14383107762.695,7047.127,19.978,,-8.927,3.879,0.98,17.185,20.075,12.83,13188718895.917,,GAB,,,,
2014,Gabon,3.896,,,,,,,,,,GAB2014,4.69,18203966895.843,9201.363,19.916,,-0.851,4.315,6.109,15.253,25.665,15.105,17256249272.897,,GAB,,,,
2012,Gabon,4.114,,,,,,,,,,GAB2012,2.652,17170464016.059,9296.966,19.728,,-2.942,5.251,11.518,16.28,29.792,14.061,15456970450.536,,GAB,,,,
2024,Gambia,4.423,4.315,4.53,0.778,0.958,0.348,0.611,0.255,0.045,1.428,GMB2024,,,,6.496,,,,,,,,,,GMB,,,,
2023,Gambia,4.485,4.344,4.625,0.75,0.684,0.33,0.459,0.324,0.048,1.89,GMB2023,16.974,2396111021.641,888.157,6.479,4.453,15.602,4.798,-8.519,,,,2365211021.641,,GMB,,,,
2022,Gambia,4.279,4.075,4.484,0.761,0.614,0.174,0.286,0.332,0.033,2.081,GMB2022,11.513,2204734527.881,836.245,6.076,9.358,8.817,5.493,-4.094,,,,2173634527.766,,GMB,,,,
2021,Gambia,5.164,4.918,5.409,0.785,0.621,0.369,0.367,0.388,0.103,2.531,GMB2021,7.37,2014158842.146,781.891,6.269,11.285,7.382,5.256,-4.313,,,,1963778533.684,,GMB,,,,
2020,Gambia,5.051,4.877,5.225,0.367,0.511,0.21,0.384,0.465,0.123,2.99,GMB2020,5.931,1812170891.191,720.335,5.892,25.258,2.189,0.591,-4.776,,,,1785259979.97,,GMB,,,,
2019,Gambia,4.751,4.619,4.882,0.257,0.883,0.353,0.403,0.426,0.158,2.27,GMB2019,7.116,1813609692.5,738.187,4.538,20.468,6.252,6.222,-2.044,,,,1783609669.129,,GMB,,,,
2018,Gambia,4.516,,,,,,,,,,GMB2018,6.521,1670671327.817,696.22,4.127,19.68,6.952,7.235,-8.083,,,,1641472104.635,,GMB,,,,
2024,Georgia,5.4,5.304,5.496,1.444,1.275,0.482,0.844,0.0,0.172,1.182,GEO2024,1.11,,,11.48,,,,,,,,,,GEO,,,,
2023,Georgia,5.185,5.087,5.283,1.467,0.99,0.524,0.68,0.0,0.174,1.349,GEO2023,2.488,30777833585.444,8283.67,11.537,10.26,2.948,7.832,-5.551,25.242,27.967,23.599,28388158127.409,43.406,GEO,,,,
2022,Georgia,5.109,5.0,5.219,1.477,0.947,0.366,0.539,0.0,0.201,1.58,GEO2022,11.898,24984568959.605,6729.847,11.647,5.105,8.135,10.959,-4.421,24.936,26.489,22.902,23246873362.595,42.969,GEO,,,,
2021,Georgia,4.973,4.867,5.079,1.467,0.612,0.595,0.508,0.0,0.208,1.583,GEO2021,9.567,18853115588.811,5083.607,11.791,2.069,10.23,10.644,-10.305,27.204,24.855,21.473,17678574249.433,54.727,GEO,,,,
2020,Georgia,4.891,4.785,4.998,1.03,0.47,0.498,0.488,0.032,0.181,2.191,GEO2020,5.202,16010869215.68,4300.857,11.73,4.635,6.848,-6.29,-12.434,29.009,24.602,21.181,15254265041.644,65.193,GEO,,,,
2019,Georgia,4.673,4.588,4.758,0.847,0.731,0.695,0.485,0.048,0.174,1.692,GEO2019,4.853,17638337116.913,4741.283,11.565,6.559,3.996,5.381,-5.994,24.364,26.1,22.897,16841958711.691,44.724,GEO,,,,
2018,Georgia,4.519,,,,,,,,,,GEO2018,2.615,17902544880.647,4804.055,12.667,7.377,3.485,6.062,-6.659,23.718,25.406,22.048,17228317459.065,38.224,GEO,,,,
2017,Georgia,4.34,,,,,,,,,,GEO2017,6.035,16473125375.068,4418.752,13.939,3.662,7.547,5.16,-7.951,26.862,28.031,23.014,15681941286.498,38.841,GEO,,,,
2016,Georgia,4.286,,,,,,,,,,GEO2016,2.135,15444548901.964,4143.401,16.604,10.116,2.275,3.45,-12.242,28.675,27.83,23.042,14744998637.358,39.479,GEO,,,,
2015,Georgia,4.252,,,,,,,,,,GEO2015,4.004,15223796148.84,4086.622,16.506,6.748,5.377,3.351,-11.607,27.688,27.151,22.348,14880351881.735,36.0,GEO,,,,
2014,Georgia,4.297,,,,,,,,,,GEO2014,3.069,17966015109.304,4830.335,17.439,6.999,4.59,4.09,-9.931,26.237,25.454,22.053,17737747151.643,30.392,GEO,,,,
2012,Georgia,4.187,,,,,,,,,,GEO2012,-0.944,16894392033.226,4530.695,19.653,14.475,0.291,6.579,-11.144,24.273,24.609,23.089,16722078802.949,28.105,GEO,,,,
2011,Georgia,3.892,,,,,,,,,,GEO2011,8.543,15475290469.287,4119.668,19.632,5.334,9.172,7.934,-11.91,23.14,23.902,22.661,15049331839.11,27.697,GEO,,,,
2024,Germany,6.753,6.652,6.854,1.785,1.625,0.776,0.858,0.148,0.351,1.21,DEU2024,2.256,,,3.406,,,,,,,,,,DEU,,,,
2023,Germany,6.719,6.622,6.815,1.871,1.39,0.702,0.7,0.174,0.368,1.513,DEU2023,5.946,4525703903627.53,54343.227,3.068,,6.143,-0.266,5.803,,,,4636236589068.71,,DEU,,,,
2022,Germany,6.892,6.795,6.989,1.919,1.401,0.539,0.618,0.153,0.365,1.898,DEU2022,6.873,4163596357879.39,49686.115,3.12,,6.092,1.37,4.438,31.455,28.297,11.011,4241258694941.65,,DEU,,,,
2021,Germany,7.034,6.947,7.122,1.924,1.088,0.776,0.585,0.163,0.358,2.142,DEU2021,3.067,4348297440387.53,52265.654,3.594,,2.803,3.67,6.932,32.721,28.62,11.023,4443312883197.6,,DEU,,,,
2020,Germany,7.155,7.077,7.232,1.48,0.993,0.757,0.6,0.195,0.306,2.824,DEU2020,0.145,3940142541354.1,47379.765,3.881,,1.755,-4.095,6.35,32.161,28.574,10.411,3998734917350.98,,DEU,,,,
2019,Germany,7.076,7.006,7.146,1.314,1.369,0.972,0.564,0.252,0.309,2.295,DEU2019,1.446,3957208055215.68,47623.866,3.163,,2.016,0.988,7.88,27.899,28.667,11.214,4034728306596.07,,DEU,,,,
2018,Germany,6.985,,,,,,,,,,DEU2018,1.732,4052008447223.53,48874.86,3.384,,1.865,1.116,8.445,27.388,28.385,11.238,4108434453701.96,,DEU,,,,
2017,Germany,6.965,,,,,,,,,,DEU2017,1.509,3763092263752.95,45526.6,3.781,,1.468,2.716,8.084,27.539,28.008,11.2,3778789183700.01,,DEU,,,,
2016,Germany,6.951,,,,,,,,,,DEU2016,0.492,3537784107980.55,42961.036,4.104,,1.256,2.295,8.9,27.367,27.86,11.079,3555930677612.46,,DEU,,,,
2015,Germany,6.994,,,,,,,,,,DEU2015,0.514,3423568450957.03,41911.011,4.612,,1.685,1.653,8.1,27.449,27.957,11.257,3434101056827.73,,DEU,,,,
2014,Germany,6.75,,,,,,,,,,DEU2014,0.907,3965800686309.79,48971.082,4.979,,1.901,2.169,7.192,27.51,27.95,11.26,3967012279025.08,,DEU,,,,
2012,Germany,6.672,,,,,,,,,,DEU2012,2.008,3597896500945.31,44735.588,5.372,,1.432,0.474,7.193,27.934,27.993,11.394,3611772218601.56,,DEU,,,,
2011,Germany,6.572,,,,,,,,,,DEU2011,2.075,3824828563521.41,47646.582,5.967,,1.232,3.758,6.259,28.305,27.764,11.255,3845325104620.63,,DEU,,,,
2024,Ghana,4.34,4.235,4.444,1.053,1.01,0.438,0.771,0.139,0.025,0.904,GHA2024,22.848,,,3.007,,,,,,,,,,GHA,,,,
2023,Ghana,4.289,4.182,4.396,1.077,0.747,0.36,0.623,0.183,0.028,1.273,GHA2023,38.107,76370396722.154,2260.287,3.063,,33.08,2.945,1.842,,,,75420372240.302,,GHA,,,,
2022,Ghana,4.605,4.481,4.729,1.101,0.756,0.197,0.526,0.211,0.035,1.779,GHA2022,31.256,74263364041.874,2240.279,3.084,,28.168,3.818,-2.344,22.679,15.551,12.298,72989253312.219,,GHA,,,,
2021,Ghana,4.872,4.745,4.999,1.112,0.595,0.409,0.5,0.23,0.056,1.972,GHA2021,9.971,79524421861.274,2445.501,3.384,,12.106,5.076,-3.196,20.751,14.926,12.245,77088309092.788,,GHA,,,,
2020,Ghana,5.088,4.958,5.219,0.68,0.595,0.287,0.517,0.268,0.058,2.684,GHA2020,9.887,70043099675.68,2196.548,3.313,,9.366,0.514,-3.047,21.884,13.755,11.34,70776526813.05,,GHA,,,,
2019,Ghana,5.148,5.033,5.263,0.576,0.966,0.432,0.477,0.261,0.057,2.378,GHA2019,7.144,68337969247.707,2186.189,3.16,,8.481,6.508,-2.728,17.511,14.695,11.997,65527721243.302,,GHA,,,,
2018,Ghana,4.996,,,,,,,,,,GHA2018,7.809,67298914624.372,2196.613,3.253,,10.568,6.2,-3.038,17.602,15.069,12.244,64269886147.656,,GHA,,,,
2017,Ghana,4.657,,,,,,,,,,GHA2017,12.372,60405924078.728,2012.97,3.369,,10.677,8.129,-3.315,17.355,14.521,11.577,57431261824.701,,GHA,,,,
2016,Ghana,4.12,,,,,,,,,,GHA2016,17.455,56164929304.875,1913.187,5.232,,15.749,3.373,-5.042,18.29,14.159,11.058,53961346502.918,,GHA,,,,
2015,Ghana,4.276,,,,,,,,,,GHA2015,17.15,49406010054.266,1721.7,6.806,,13.253,2.121,-5.715,17.364,14.53,11.691,47920547875.138,,GHA,,,,
2014,Ghana,4.633,,,,,,,,,,GHA2014,15.49,54783319817.37,1953.645,4.415,,23.94,2.856,-6.744,18.204,14.215,11.252,51920567774.009,,GHA,,,,
2012,Ghana,5.091,,,,,,,,,,GHA2012,11.186,41271701060.954,1543.775,3.141,,15.205,9.293,-11.901,26.884,19.339,15.368,39175664473.082,,GHA,,,,
2011,Ghana,4.705,,,,,,,,,,GHA2011,8.728,39336668080.559,1507.436,4.227,,13.915,14.047,-9.003,21.141,19.372,14.866,38113676481.71,,GHA,,,,
2024,Greece,5.776,5.677,5.875,1.608,1.438,0.725,0.396,0.003,0.063,1.543,GRC2024,2.741,,,10.133,,,,,,,,,,GRC,,,,
2023,Greece,5.934,5.84,6.027,1.684,1.276,0.696,0.337,0.018,0.093,1.83,GRC2023,3.465,243498333237.802,23400.728,11.066,,5.875,2.332,-6.163,47.195,43.237,26.634,238668954547.047,190.608,GRC,,,,
2022,Greece,5.931,5.838,6.024,1.708,1.247,0.535,0.248,0.008,0.097,2.089,GRC2022,9.645,218880566444.349,20971.835,12.426,,6.496,5.744,-10.336,50.595,45.058,27.669,215323644043.481,202.48,GRC,,,,
2021,Greece,5.948,5.853,6.043,1.703,0.98,0.774,0.249,0.015,0.108,2.119,GRC2021,1.224,218303801895.326,20654.7,14.656,,1.393,8.654,-6.348,54.833,43.95,25.578,213013301589.942,233.449,GRC,,,,
2020,Greece,5.723,5.632,5.813,1.273,0.811,0.76,0.243,0.0,0.074,2.561,GRC2020,-1.248,191362985554.861,17886.733,15.899,,-0.364,-9.196,-6.487,58.07,44.002,24.992,187724248007.129,249.366,GRC,,,,
2019,Greece,5.515,5.423,5.607,1.128,1.169,0.979,0.174,0.0,0.049,2.016,GRC2019,0.253,207305649887.019,19335.36,17.045,,0.245,2.277,-1.501,46.926,44.015,25.932,203407936304.627,210.381,GRC,,,,
2018,Greece,5.287,,,,,,,,,,GRC2018,0.626,213298873494.394,19873.402,19.179,,-0.235,2.065,-2.929,48.022,45.669,27.108,209711639142.139,207.662,GRC,,,,
2017,Greece,5.358,,,,,,,,,,GRC2017,1.121,200381103984.298,18631.993,21.413,,0.204,1.473,-1.8,47.67,45.684,26.743,198842523409.192,198.459,GRC,,,,
2016,Greece,5.227,,,,,,,,,,GRC2016,-0.826,193097239005.87,17919.243,23.514,,-0.49,-0.032,-1.689,48.855,46.394,27.035,192207306613.596,194.725,GRC,,,,
2015,Greece,5.033,,,,,,,,,,GRC2015,-1.736,194567373678.099,17980.73,24.981,,-0.175,-0.228,-0.828,52.211,43.851,25.396,195524237566.206,190.302,GRC,,,,
2014,Greece,4.857,,,,,,,,,,GRC2014,-1.312,233911581521.062,21474.726,26.708,,-1.923,0.792,-1.597,49.748,43.194,25.399,236986597189.975,190.586,GRC,,,,
2012,Greece,5.435,,,,,,,,,,GRC2012,1.502,238841140018.233,21624.346,24.731,,-0.335,-8.331,-2.584,57.376,44.34,24.954,244054444999.141,170.278,GRC,,,,
2011,Greece,6.133,,,,,,,,,,GRC2011,3.33,283228079776.041,25504.787,17.973,,0.977,-9.877,-10.098,54.784,40.74,22.459,275151260812.938,116.116,GRC,,,,
2024,Guatemala,6.362,6.222,6.503,1.249,1.33,0.376,0.882,0.075,0.085,2.365,GTM2024,2.869,,,2.219,,,,,,,,,,GTM,,,,
2023,Guatemala,6.287,6.117,6.457,1.26,1.169,0.467,0.735,0.105,0.078,2.473,GTM2023,6.207,104450210572.012,5762.822,2.344,4.988,6.642,3.527,3.117,13.49,12.84,11.559,102563749565.884,,GTM,,,,
2022,Guatemala,6.15,5.939,6.362,1.287,1.188,0.31,0.631,0.106,0.066,2.562,GTM2022,6.885,95630524813.106,5358.09,3.051,5.275,6.315,4.2,1.252,13.995,12.895,11.82,93633153318.352,,GTM,,,,
2021,Guatemala,6.262,6.064,6.46,1.274,0.831,0.522,0.662,0.112,0.115,2.746,GTM2021,4.261,86478835636.381,4913.947,2.174,8.744,3.166,8.033,2.186,13.272,12.656,11.556,84342291465.078,,GTM,,,,
2020,Guatemala,6.435,6.292,6.577,0.845,0.79,0.519,0.638,0.163,0.105,3.375,GTM2020,3.214,77719464220.73,4477.618,2.955,9.384,2.872,-1.786,5.041,14.998,11.119,9.955,76315720435.399,,GTM,,,,
2019,Guatemala,6.399,6.284,6.513,0.754,1.174,0.706,0.613,0.171,0.098,2.883,GTM2019,3.7,77172317258.648,4511.998,2.193,8.859,3.566,4.018,2.36,13.127,11.716,10.435,75768261350.517,,GTM,,,,
2018,Guatemala,6.436,,,,,,,,,,GTM2018,3.752,73328365862.433,4352.947,2.283,11.505,1.272,3.407,0.886,12.982,11.778,10.561,71826156760.757,,GTM,,,,
2017,Guatemala,6.382,,,,,,,,,,GTM2017,4.425,71653754066.276,4324.996,2.462,11.112,1.748,3.08,1.196,12.894,11.886,10.636,70152653689.694,,GTM,,,,
2016,Guatemala,6.454,,,,,,,,,,GTM2016,4.448,66053403469.002,4060.138,2.583,10.12,2.707,2.678,0.965,12.796,11.978,10.422,64628103061.907,,GTM,,,,
2015,Guatemala,6.324,,,,,,,,,,GTM2015,2.389,62186064718.742,3893.505,2.506,10.756,2.232,4.092,-1.244,12.736,11.668,10.358,60699664551.005,,GTM,,,,
2014,Guatemala,6.123,,,,,,,,,,GTM2014,3.418,57852153058.502,3689.145,2.717,10.61,2.86,4.444,-3.3,13.284,12.275,10.778,56335052823.68,,GTM,,,,
2012,Guatemala,5.965,,,,,,,,,,GTM2012,3.782,49593929487.126,3286.62,2.765,9.779,3.378,2.975,-3.725,13.171,11.654,11.01,48568929273.304,24.701,GTM,,,,
2011,Guatemala,6.277,,,,,,,,,,GTM2011,6.214,46876006272.239,3168.984,3.172,6.114,6.895,4.164,-3.37,12.745,11.589,11.018,45572706218.215,24.564,GTM,,,,
2024,Guinea,4.929,4.787,5.07,0.873,0.791,0.306,0.676,0.157,0.098,2.027,GIN2024,8.123,,,5.23,,,,,,,,,,GIN,,,,
2023,Guinea,5.023,4.881,5.166,0.831,0.622,0.236,0.521,0.21,0.107,2.497,GIN2023,7.805,22199409741.258,1541.041,5.244,,3.922,6.745,10.306,,,,20265865041.919,,GIN,,,,
2022,Guinea,5.072,4.931,5.213,0.844,0.776,0.072,0.369,0.204,0.102,2.705,GIN2022,10.493,19910452541.922,1416.596,5.267,,2.806,3.972,16.827,,,,19564303529.378,,GIN,,,,
2021,Guinea,4.891,4.753,5.028,0.848,0.566,0.275,0.334,0.214,0.116,2.538,GIN2021,12.597,17069115737.826,1244.966,5.827,,11.986,5.582,27.176,,,,16378939819.792,,GIN,,,,
2020,Guinea,4.984,4.808,5.16,0.42,0.399,0.206,0.384,0.25,0.111,3.216,GIN2020,10.602,14088693742.946,1053.661,6.018,,4.25,4.705,19.056,,,,13942249439.385,,GIN,,,,
2019,Guinea,4.949,4.806,5.092,0.39,0.751,0.334,0.372,0.249,0.112,2.741,GIN2019,9.47,13442861496.445,1031.341,5.018,,9.403,5.617,-2.34,,,,13328776519.414,,GIN,,,,
2018,Guinea,4.534,,,,,,,,,,GIN2018,9.828,11857030366.789,933.274,4.787,,7.059,6.358,-1.606,,,,11675180326.704,,GIN,,,,
2017,Guinea,3.964,,,,,,,,,,GIN2017,8.914,10324668271.136,833.599,4.826,,10.357,10.3,5.03,,,,10274041364.6,,GIN,,,,
2016,Guinea,3.507,,,,,,,,,,GIN2016,8.173,8595955222.497,711.997,5.013,,5.669,10.821,-31.933,,,,8493617258.449,,GIN,,,,
2015,Guinea,3.607,,,,,,,,,,GIN2015,11.78,8794201742.846,747.357,5.224,,2.972,3.826,-11.601,,,,8650895056.712,,GIN,,,,
2014,Guinea,3.656,,,,,,,,,,GIN2014,6.151,8778473372.821,765.147,5.09,,2.616,3.697,-11.183,,,,8566213820.861,,GIN,,,,
2012,Guinea,3.847,,,,,,,,,,GIN2012,15.226,7638044556.847,699.353,4.884,,11.516,5.915,-13.598,,,,7516064556.845,,GIN,,,,
2011,Guinea,4.171,,,,,,,,,,GIN2011,21.317,6785137203.332,636.695,5.094,,8.999,5.612,-17.117,,,,6651747203.332,,GIN,,,,
2011,Guyana,5.993,,,,,,,,,,GUY2011,4.978,3691384317.522,4947.222,11.819,11.759,2.409,5.196,-10.085,,,,3682055317.313,,GUY,,,,
2020,Haiti,3.615,3.276,3.953,0.294,0.173,0.227,0.257,0.463,0.139,2.06,HTI2020,22.796,14508222518.302,1290.325,15.546,-3.413,18.685,-3.306,0.355,,,,14536821917.315,,HTI,,,,
2019,Haiti,3.721,3.522,3.92,0.285,0.647,0.374,0.169,0.464,0.162,1.62,HTI2019,18.704,15016090929.512,1352.172,14.057,-4.74,19.8,-1.723,-1.123,,,,15065747025.928,,HTI,,,,
2018,Haiti,3.597,,,,,,,,,,HTI2018,12.481,16403864617.846,1496.38,13.878,6.164,6.536,1.668,-2.89,,,,16454143146.865,,HTI,,,,
2017,Haiti,3.582,,,,,,,,,,HTI2017,10.68,15093357161.15,1395.239,13.881,-0.906,13.78,2.51,-2.153,,,,15151864668.199,,HTI,,,,
2016,Haiti,3.603,,,,,,,,,,HTI2016,11.503,14069277526.228,1318.403,13.852,-2.135,15.703,1.812,-1.691,,,,14117174028.158,,HTI,,,,
2015,Haiti,4.028,,,,,,,,,,HTI2015,6.732,14849629308.602,1411.127,13.724,7.335,5.206,1.4,-1.823,,,,14890262233.936,,HTI,,,,
2014,Haiti,4.518,,,,,,,,,,HTI2014,3.438,15146883497.633,1460.189,13.755,8.369,2.219,2.889,-4.956,,,,15195978881.056,,HTI,,,,
2012,Haiti,4.341,,,,,,,,,,HTI2012,5.018,13708925477.13,1361.394,14.1,0.671,8.208,0.502,-3.145,,,,13763468551.058,,HTI,,,,
2011,Haiti,3.789,,,,,,,,,,HTI2011,6.333,13008746038.887,1312.04,14.485,6.987,4.321,5.098,-2.488,,,,13046543752.346,,HTI,,,,
2024,Honduras,5.964,5.821,6.108,1.036,1.187,0.436,0.862,0.134,0.079,2.229,HND2024,4.606,,,6.061,,,,,,,,,,HND,,,,
2023,Honduras,5.968,5.822,6.114,1.091,1.035,0.502,0.72,0.175,0.081,2.364,HND2023,6.663,34400509852.044,3231.657,6.07,7.742,6.179,3.583,-4.037,,,,31872841684.136,,HND,,,,
2022,Honduras,6.023,5.849,6.196,1.115,1.072,0.341,0.613,0.189,0.062,2.631,HND2022,9.09,31426041806.798,3003.29,8.774,4.844,9.312,4.144,-6.698,,,,28961571884.263,,HND,,,,
2021,Honduras,6.022,5.855,6.189,1.111,0.885,0.555,0.582,0.202,0.076,2.611,HND2021,4.481,28144331506.615,2735.148,8.506,10.86,4.606,12.565,-5.464,,,,25771440693.968,,HND,,,,
2020,Honduras,5.919,5.758,6.081,0.703,0.787,0.593,0.578,0.241,0.083,2.934,HND2020,3.468,23352232483.755,2307.615,10.982,13.16,3.402,-8.965,2.851,24.392,22.21,15.066,21695036274.889,,HND,,,,
2019,Honduras,5.953,5.824,6.082,0.599,1.187,0.792,0.568,0.257,0.087,2.464,HND2019,4.366,24882225741.812,2502.327,5.698,13.526,3.359,2.56,-2.656,,,,22895236635.688,,HND,,,,
2018,Honduras,5.86,,,,,,,,,,HND2018,4.347,24067750760.499,2464.642,5.648,15.554,1.947,3.845,-6.572,,,,22173255705.374,,HND,,,,
2017,Honduras,5.504,,,,,,,,,,HND2017,3.934,23136247990.598,2413.008,5.528,14.109,4.513,4.843,-1.246,,,,21719792887.018,,HND,,,,
2016,Honduras,5.181,,,,,,,,,,HND2016,2.725,21717604952.184,2307.345,6.727,15.099,3.678,3.893,-3.143,,,,20198525790.52,,HND,,,,
2015,Honduras,4.871,,,,,,,,,,HND2015,3.158,20979791685.416,2271.203,6.147,12.835,6.933,3.84,-4.671,21.976,23.363,17.344,19549522844.999,,HND,,,,
2014,Honduras,4.788,,,,,,,,,,HND2014,6.129,19756533971.87,2179.882,7.078,12.881,6.849,3.058,-6.945,24.242,23.113,16.543,18168820189.947,,HND,,,,
2012,Honduras,5.142,,,,,,,,,,HND2012,5.196,18528554397.57,2126.035,3.755,14.357,3.58,4.129,-8.531,23.499,21.187,14.747,17246974067.095,,HND,,,,
2011,Honduras,5.564,,,,,,,,,,HND2011,6.762,17710275685.407,2073.661,4.474,9.972,7.807,3.836,-7.954,22.504,20.895,14.788,16768716965.808,,HND,,,,
2024,Hong Kong SAR of China,5.491,5.417,5.566,1.79,1.41,0.948,0.674,0.116,0.386,0.168,HKG2024,1.73,,,2.793,,,,,,,,,,HKG,,,,
2023,Hong Kong SAR of China,5.316,5.229,5.403,1.909,1.184,0.857,0.485,0.147,0.402,0.333,HKG2023,2.097,380812234827.832,50531.739,2.949,2.912,2.778,3.277,8.492,,,,414999751583.194,,HKG,,,,
2022,Hong Kong SAR of China,5.308,5.214,5.403,1.951,1.201,0.702,0.407,0.123,0.39,0.535,HKG2022,1.881,358681066274.469,48826.053,4.318,3.359,1.689,-3.684,10.183,,,,382402060827.562,,HKG,,,,
2021,Hong Kong SAR of China,5.425,5.348,5.501,1.957,0.954,0.942,0.4,0.147,0.383,0.642,HKG2021,1.569,368954169748.818,49770.564,5.174,4.287,0.684,6.454,11.833,,,,394520310037.629,,HKG,,,,
2020,Hong Kong SAR of China,5.477,5.38,5.573,1.525,0.841,0.893,0.408,0.232,0.342,1.236,HKG2020,0.251,344943149590.058,46109.23,5.808,4.334,0.638,-6.545,6.994,,,,365064198422.111,,HKG,,,,
2019,Hong Kong SAR of China,5.51,5.42,5.601,1.377,1.244,1.137,0.459,0.288,0.332,0.673,HKG2019,2.883,363074545072.389,48359.001,2.917,2.998,2.045,-1.672,5.854,,,,381415346793.49,,HKG,,,,
2018,Hong Kong SAR of China,5.43,,,,,,,,,,HKG2018,2.406,361731070995.726,48537.567,2.805,1.333,3.66,2.847,3.736,,,,378930152452.638,,HKG,,,,
2017,Hong Kong SAR of China,5.43,,,,,,,,,,HKG2017,1.494,341273289534.466,46160.43,3.124,2.06,2.881,3.796,4.577,,,,356100574860.134,,HKG,,,,
2016,Hong Kong SAR of China,5.472,,,,,,,,,,HKG2016,2.409,320860317562.562,43734.198,3.392,3.308,1.638,2.175,3.954,,,,328924087732.294,,HKG,,,,
2015,Hong Kong SAR of China,5.458,,,,,,,,,,HKG2015,2.991,309385622601.348,42432.162,3.314,1.309,3.644,2.388,3.318,,,,315110265423.937,,HKG,,,,
2014,Hong Kong SAR of China,5.474,,,,,,,,,,HKG2014,4.424,291459995978.893,40315.374,3.296,2.09,2.85,2.762,1.392,,,,297470635792.782,,HKG,,,,
2012,Hong Kong SAR of China,5.523,,,,,,,,,,HKG2012,4.054,262628865879.697,36730.796,3.285,1.405,3.545,1.7,1.579,,,,266426366710.299,,HKG,,,,
2011,Hong Kong SAR of China,5.424,,,,,,,,,,HKG2011,5.305,248513617677.287,35142.488,3.422,1.061,3.898,4.815,5.556,,,,255300102774.923,,HKG,,,,
2024,Hungary,5.915,5.809,6.02,1.638,1.742,0.587,0.681,0.099,0.057,1.111,HUN2024,3.704,,,4.434,,,,,,,,,,HUN,,,,
2023,Hungary,6.017,5.91,6.124,1.722,1.528,0.596,0.581,0.123,0.067,1.4,HUN2023,17.125,212388906458.724,22141.867,4.107,0.482,14.749,-0.908,0.788,,,,204857214604.962,,HUN,,,,
2022,Hungary,6.041,5.933,6.149,1.754,1.519,0.435,0.501,0.105,0.065,1.663,HUN2022,14.608,177006128624.627,18353.298,3.609,-3.13,14.231,4.583,-8.321,42.417,37.944,23.428,171906025966.474,75.526,HUN,,,,
2021,Hungary,6.086,5.985,6.187,1.748,1.233,0.668,0.485,0.078,0.064,1.812,HUN2021,5.111,182109999477.691,18755.102,4.045,-3.265,6.439,7.061,-3.878,42.539,35.974,21.483,176321181848.921,86.924,HUN,,,,
2020,Hungary,5.992,5.899,6.085,1.301,1.083,0.615,0.454,0.067,0.04,2.432,HUN2020,3.327,157288955508.176,16131.954,4.25,-4.166,6.389,-4.487,-0.856,44.427,38.01,22.856,153532999274.884,95.937,HUN,,,,
2019,Hungary,6.0,5.923,6.078,1.164,1.423,0.807,0.386,0.07,0.028,2.122,HUN2019,3.339,164020460331.659,16786.214,3.419,-2.856,4.785,4.864,-0.61,39.546,38.082,22.364,159691089245.166,83.368,HUN,,,,
2018,Hungary,5.758,,,,,,,,,,HUN2018,2.85,160565642983.587,16425.205,3.708,-3.22,4.847,5.362,0.342,39.851,38.436,22.535,154276621414.076,86.53,HUN,,,,
2017,Hungary,5.62,,,,,,,,,,HUN2017,2.348,143112196040.326,14621.24,4.156,-2.45,4.03,4.272,1.722,42.082,39.747,22.881,137321995627.354,91.987,HUN,,,,
2016,Hungary,5.324,,,,,,,,,,HUN2016,0.395,128609822750.039,13104.7,5.115,0.759,1.32,2.201,4.415,43.517,40.611,23.067,125141112045.183,96.778,HUN,,,,
2015,Hungary,5.145,,,,,,,,,,HUN2015,-0.062,125174166987.372,12717.039,6.813,0.123,2.776,3.707,2.12,43.27,40.221,23.235,119182529780.817,96.397,HUN,,,,
2014,Hungary,4.8,,,,,,,,,,HUN2014,-0.228,141033843265.669,14294.258,7.725,0.728,3.693,4.232,0.748,45.022,40.061,23.018,134668476150.214,98.671,HUN,,,,
2012,Hungary,4.775,,,,,,,,,,HUN2012,5.652,128814279315.132,12984.837,11.003,5.937,2.893,-1.25,1.076,44.6,40.34,22.868,123360599722.351,94.148,HUN,,,,
2011,Hungary,4.943,,,,,,,,,,HUN2011,3.93,141942264554.475,14234.472,11.029,6.271,1.929,1.867,0.428,44.982,37.277,21.042,135068573275.969,90.563,HUN,,,,
2024,Iceland,7.515,7.425,7.606,1.799,1.84,0.873,0.971,0.201,0.173,1.659,ISL2024,5.857,,,3.107,,,,,,,,,,ISL,,,,
2023,Iceland,7.525,7.433,7.618,1.881,1.617,0.718,0.819,0.258,0.182,2.05,ISL2023,8.736,31325116556.381,79636.955,3.518,5.517,5.699,5.037,0.928,32.435,31.825,23.436,31871436144.823,81.058,ISL,,,,
2022,Iceland,7.53,7.434,7.625,1.926,1.62,0.559,0.738,0.25,0.187,2.25,ISL2022,8.309,28770206626.556,75314.086,3.789,-1.183,8.885,8.993,-2.427,33.015,31.089,22.468,28515019178.242,86.291,ISL,,,,
2021,Iceland,7.557,7.464,7.651,1.936,1.32,0.803,0.718,0.27,0.191,2.32,ISL2021,4.444,25825287184.382,69325.908,6.029,-0.91,6.372,5.254,-2.794,35.217,28.832,21.39,25842739234.872,95.822,ISL,,,,
2020,Iceland,7.554,7.438,7.67,1.482,1.172,0.772,0.698,0.293,0.17,2.967,ISL2020,2.848,21629953194.066,59023.566,5.478,1.676,4.016,-6.94,1.127,37.034,29.467,22.402,22327335577.318,100.316,ISL,,,,
2019,Iceland,7.504,7.388,7.621,1.327,1.548,1.001,0.662,0.362,0.145,2.461,ISL2019,3.014,24681343649.295,68452.236,3.507,2.387,4.457,1.861,6.543,31.071,30.43,21.932,25374511608.155,90.114,ISL,,,,
2018,Iceland,7.494,,,,,,,,,,ISL2018,2.683,26260850582.069,74452.189,2.704,4.213,2.632,4.889,4.281,30.865,33.015,22.978,26701147667.689,81.962,ISL,,,,
2017,Iceland,7.495,,,,,,,,,,ISL2017,1.76,24728285177.46,72010.149,2.742,6.26,0.937,4.195,4.257,31.45,33.787,23.923,24848957647.005,90.444,ISL,,,,
2016,Iceland,7.504,,,,,,,,,,ISL2016,1.697,20793168030.952,61987.926,2.978,5.844,2.261,6.304,8.272,35.489,47.968,37.613,21200175322.784,103.362,ISL,,,,
2015,Iceland,7.501,,,,,,,,,,ISL2015,1.633,17517210519.091,52951.682,3.979,1.467,6.055,4.437,5.628,32.211,32.363,22.689,17486094485.218,117.371,ISL,,,,
2014,Iceland,7.561,,,,,,,,,,ISL2014,2.045,17867662177.891,54576.745,4.897,3.458,4.142,1.687,4.346,34.334,35.204,24.492,17641035407.378,135.797,ISL,,,,
2012,Iceland,7.355,,,,,,,,,,ISL2012,5.186,14751508133.544,45995.548,6.0,4.721,3.441,1.064,-3.516,37.069,34.109,21.503,13461900235.838,152.74,ISL,,,,
2011,Iceland,6.888,,,,,,,,,,ISL2011,4.001,15221622925.932,47714.592,7.028,4.463,3.097,1.846,-4.704,38.454,33.137,20.582,13450225651.451,156.916,ISL,,,,
2024,India,4.389,4.32,4.457,1.149,0.86,0.316,0.914,0.141,0.12,0.889,IND2024,4.953,,,4.202,,,,,,,,,,IND,,,,
2023,India,4.054,3.985,4.123,1.166,0.653,0.417,0.767,0.174,0.122,0.756,IND2023,5.649,3567551674623.01,2480.792,4.172,,1.334,8.153,-0.896,,,,3515454309538.94,,IND,,,,
2022,India,4.036,3.98,4.092,1.159,0.674,0.252,0.685,0.175,0.111,0.979,IND2022,6.699,3353470496886.33,2352.614,4.822,1.705,6.748,6.987,-2.357,13.304,9.09,6.72,3307391497374.74,,IND,,,,
2021,India,3.777,3.726,3.828,1.167,0.376,0.471,0.647,0.198,0.123,0.795,IND2021,5.131,3167270623260.47,2239.614,6.38,0.317,8.355,9.69,-1.055,,,,3129982849042.07,,IND,,,,
2020,India,3.819,3.769,3.869,0.741,0.316,0.383,0.622,0.246,0.106,1.405,IND2020,6.623,2674851578587.27,1907.043,7.859,4.136,4.815,-5.778,1.224,,,,2638922006729.05,,IND,,,,
2019,India,3.573,3.519,3.628,0.731,0.644,0.541,0.581,0.237,0.106,0.734,IND2019,3.73,2835606256558.19,2041.429,6.51,6.895,2.406,3.871,-1.05,,,,2808367623254.15,,IND,,,,
2018,India,4.015,,,,,,,,,,IND2018,3.939,2702929641648.74,1966.255,7.652,5.362,3.884,6.454,-2.427,15.663,13.189,12.017,2673994276922.32,46.522,IND,,,,
2017,India,4.19,,,,,,,,,,IND2017,3.328,2651474262755.45,1950.105,7.618,5.328,3.969,6.795,-1.439,15.614,12.727,11.387,2622801076651.03,47.584,IND,,,,
2016,India,4.315,,,,,,,,,,IND2016,4.948,2294796885663.16,1707.509,7.601,6.233,3.238,8.256,-0.528,15.272,12.851,11.148,2268496715258.31,47.634,IND,,,,
2015,India,4.404,,,,,,,,,,IND2015,4.907,2103588360044.94,1583.998,7.631,7.556,2.28,7.996,-1.068,15.126,12.415,10.57,2079182865637.81,49.965,IND,,,,
2014,India,4.565,,,,,,,,,,IND2014,6.666,2039126479154.52,1553.884,7.674,6.695,3.332,7.41,-1.34,14.803,11.551,9.985,2015014420953.0,49.901,IND,,,,
2012,India,4.772,,,,,,,,,,IND2012,9.479,1827637590410.41,1429.322,7.666,2.474,7.934,5.456,-5.005,16.167,12.6,10.837,1806177396650.21,50.678,IND,,,,
2011,India,4.975,,,,,,,,,,IND2011,8.912,1823051829894.55,1445.461,7.616,1.318,8.734,5.241,-3.429,14.49,11.496,10.177,1807020595447.34,51.557,IND,,,,
2024,Indonesia,5.617,5.516,5.717,1.288,1.372,0.454,0.918,0.323,0.044,1.218,IDN2024,,,,3.3,,,,,,,,,,IDN,,,,
2023,Indonesia,5.568,5.466,5.67,1.361,1.184,0.472,0.779,0.399,0.055,1.318,IDN2023,3.67,1371171152331.16,4876.314,3.308,7.282,1.533,5.048,-0.149,,,,1335866354417.72,,IDN,,,,
2022,Indonesia,5.277,5.161,5.392,1.384,1.169,0.314,0.663,0.422,0.038,1.288,IDN2022,4.209,1319076267291.51,4730.745,3.462,-0.955,9.567,5.307,1.002,,,,1282833043151.33,,IDN,,,,
2021,Indonesia,5.24,5.139,5.341,1.382,0.883,0.539,0.62,0.468,0.047,1.3,IDN2021,1.56,1186509691070.97,4287.173,3.827,2.753,6.004,3.703,0.296,,,,1154297486846.38,,IDN,,,,
2020,Indonesia,5.345,5.235,5.454,0.954,0.786,0.433,0.598,0.541,0.046,1.987,IDN2020,1.921,1059054842711.55,3853.703,4.255,9.986,-0.402,-2.066,-0.419,,,,1029975056940.17,,IDN,,,,
2019,Indonesia,5.286,5.192,5.379,0.892,1.155,0.61,0.568,0.543,0.038,1.48,IDN2019,3.031,1119099871385.79,4106.949,3.59,8.629,1.598,5.019,-2.706,,,,1085078650200.79,,IDN,,,,
2018,Indonesia,5.192,,,,,,,,,,IDN2018,3.198,1042271532953.49,3860.954,4.387,6.471,3.818,5.174,-2.939,,,,1011212626719.05,,IDN,,,,
2017,Indonesia,5.093,,,,,,,,,,IDN2017,3.809,1015618744168.08,3798.883,3.783,6.502,4.293,5.07,-1.595,,,,983437956204.835,,IDN,,,,
2016,Indonesia,5.262,,,,,,,,,,IDN2016,3.526,931877364034.196,3521.469,4.301,9.224,2.439,5.033,-1.819,,,,902045435910.081,,IDN,,,,
2015,Indonesia,5.314,,,,,,,,,,IDN2015,6.363,860854232717.718,3288.223,4.514,8.35,3.98,4.876,-2.035,,,,832298853355.383,,IDN,,,,
2014,Indonesia,5.399,,,,,,,,,,IDN2014,6.395,890814755511.014,3441.068,4.049,6.792,5.443,5.007,-3.088,,,,860946502311.299,,IDN,,,,
2012,Indonesia,5.348,,,,,,,,,,IDN2012,4.279,917869913364.917,3632.273,4.468,7.75,3.754,6.03,-2.66,,,,891961469678.016,,IDN,,,,
2011,Indonesia,5.159,,,,,,,,,,IDN2011,5.356,892969104529.572,3579.464,5.153,4.594,7.466,6.17,0.189,,,,868239118588.313,,IDN,,,,
2024,Iran,5.093,4.994,5.193,1.33,1.367,0.609,0.456,0.202,0.122,1.007,IRN2024,,,,9.192,,,,,,,,,,IRN,,,,
2023,Iran,4.923,4.822,5.024,1.435,1.136,0.571,0.366,0.235,0.123,1.057,IRN2023,44.579,404625655204.619,4465.638,9.041,,30.493,5.045,,,,,404153752602.602,,IRN,,,,
2022,Iran,4.876,4.772,4.98,1.465,1.102,0.411,0.281,0.229,0.13,1.259,IRN2022,43.488,394362621793.035,4405.093,9.085,,50.585,3.777,,,,,393776608248.051,,IRN,,,,
2021,Iran,4.888,4.78,4.995,1.41,0.741,0.642,0.281,0.241,0.146,1.427,IRN2021,43.389,383436202446.695,4334.793,9.282,,56.32,4.72,,,,,383309265851.262,,IRN,,,,
2020,Iran,4.721,4.614,4.828,1.03,0.557,0.561,0.275,0.33,0.144,1.823,IRN2020,30.594,262186179355.944,2988.781,9.687,,44.265,3.33,,,,,261745239277.174,,IRN,,,,
2019,Iran,4.672,4.563,4.782,1.029,0.886,0.749,0.301,0.277,0.143,1.287,IRN2019,39.907,333519146339.191,3831.279,10.74,,30.535,-3.071,,,,,333580960831.753,,IRN,,,,
2018,Iran,4.548,,,,,,,,,,IRN2018,18.014,398880231367.268,4631.787,12.195,,31.641,-1.838,,,,,400959595538.411,,IRN,,,,
2017,Iran,4.707,,,,,,,,,,IRN2017,8.045,489168731811.147,5753.115,12.232,,13.035,2.759,,,,,489767735736.786,,IRN,,,,
2016,Iran,4.692,,,,,,,,,,IRN2016,7.245,459042684192.698,5477.037,12.618,7.861,9.4,8.815,,,,,459572277672.439,,IRN,,,,
2015,Iran,4.813,,,,,,,,,,IRN2015,12.485,409191686496.677,4952.734,11.166,13.985,0.197,-1.425,,,,,409496710332.525,,IRN,,,,
2014,Iran,4.686,,,,,,,,,,IRN2014,16.607,462284793280.825,5672.064,10.68,3.864,9.759,4.985,,,,,464664338145.23,,IRN,,,,
2012,Iran,4.643,,,,,,,,,,IRN2012,27.257,644019315003.54,8114.081,12.275,-6.687,18.954,-3.747,,,,,648228253786.387,,IRN,,,,
2011,Iran,5.149,,,,,,,,,,IRN2011,26.293,629082257472.368,8025.687,12.491,-16.798,33.41,2.646,,,,,629549226632.111,,IRN,,,,
2024,Iraq,4.976,4.866,5.085,1.261,1.275,0.589,0.503,0.1,0.069,1.178,IRQ2024,,,,15.524,,,,,,,,,,IRQ,,,,
2023,Iraq,5.166,5.049,5.283,1.249,0.996,0.498,0.425,0.141,0.048,1.809,IRQ2023,4.358,250842782139.464,5565.126,15.447,,-18.189,-2.936,11.312,,,,251816082139.464,,IRQ,,,,
2022,Iraq,4.941,4.783,5.099,1.281,0.953,0.324,0.351,0.134,0.038,1.861,IRQ2022,4.995,286640340965.517,6504.124,15.511,,26.994,7.64,20.238,,,,285694140965.517,,IRQ,,,,
2021,Iraq,4.941,4.783,5.099,1.289,0.682,0.554,0.328,0.147,0.046,1.894,IRQ2021,6.042,209691945713.103,4868.494,16.173,,38.9,1.502,11.715,,,,207627745713.103,,IRQ,,,,
2020,Iraq,4.854,4.738,4.97,0.91,0.638,0.381,0.302,0.153,0.041,2.429,IRQ2020,0.574,180898797516.874,4295.189,15.778,,-11.22,-12.037,-3.486,,,,179091897517.38,,IRQ,,,,
2019,Iraq,4.785,4.632,4.937,0.982,1.011,0.529,0.284,0.153,0.073,1.752,IRQ2019,-0.199,233636097800.338,5671.857,14.109,,-2.674,5.514,6.747,27.612,38.604,1.345,232469897800.338,,IRQ,,,,
2018,Iraq,4.437,,,,,,,,,,IRQ2018,0.367,227367469034.031,5646.689,13.49,,18.204,2.634,15.116,24.483,39.061,1.984,225613469034.031,27.438,IRQ,,,,
2017,Iraq,4.456,,,,,,,,,,IRQ2017,0.184,187217660050.676,4759.285,13.02,,14.65,-1.82,7.955,25.975,34.564,2.687,185776960050.676,35.863,IRQ,,,,
2016,Iraq,4.497,,,,,,,,,,IRQ2016,0.557,166743557747.671,4334.421,10.82,26.4,-11.104,13.787,1.294,26.56,27.585,2.078,165182357747.671,29.476,IRQ,,,,
2015,Iraq,4.575,,,,,,,,,,IRQ2015,1.393,166774104959.102,4440.142,10.842,57.626,-28.76,2.607,-1.656,27.031,30.596,1.321,165257898273.689,27.392,IRQ,,,,
2014,Iraq,4.677,,,,,,,,,,IRQ2014,2.236,228415656174.957,6249.392,10.59,18.289,-4.807,2.264,6.942,25.709,39.169,0.915,227112056174.957,,IRQ,,,,
2012,Iraq,4.817,,,,,,,,,,IRQ2012,6.089,218002476129.472,6477.596,7.965,10.907,2.67,13.936,13.551,,,,219061676129.629,,IRQ,,,,
2011,Iraq,4.882,,,,,,,,,,IRQ2011,5.801,185749664444.444,5775.542,8.191,-8.468,24.689,7.546,14.065,,,,185512264444.444,,IRQ,,,,
2024,Ireland,6.889,6.801,6.977,1.988,1.659,0.823,0.906,0.179,0.382,0.952,IRL2024,2.113,,,4.369,,,,,,,,,,IRL,,,,
2023,Ireland,6.838,6.749,6.927,2.129,1.39,0.7,0.758,0.205,0.418,1.239,IRL2023,6.299,551394889339.778,103887.8,4.288,,3.622,-5.53,8.115,,,,419845585586.835,,IRL,,,,
2022,Ireland,6.911,6.825,6.996,2.152,1.425,0.539,0.656,0.186,0.409,1.545,IRL2022,7.829,548570250341.987,106194.756,4.501,,6.763,8.62,8.828,19.235,21.561,16.786,382869674217.081,45.4,IRL,,,,
2021,Ireland,7.041,6.961,7.121,2.129,1.166,0.779,0.627,0.19,0.408,1.743,IRL2021,2.34,531306516907.984,105561.137,6.364,,1.098,16.256,12.256,22.221,21.409,16.593,383333737150.831,62.167,IRL,,,,
2020,Ireland,7.085,7.006,7.164,1.644,1.092,0.753,0.606,0.238,0.367,2.384,IRL2020,-0.326,436555518400.451,87567.115,5.623,,-1.924,7.158,-6.713,25.094,21.12,15.905,324405107692.09,70.005,IRL,,,,
2019,Ireland,7.094,7.016,7.172,1.447,1.471,0.976,0.588,0.295,0.373,1.944,IRL2019,0.938,407124824064.995,82508.466,4.95,,3.392,5.041,-20.562,22.003,23.356,17.357,309776780487.207,68.21,IRL,,,,
2018,Ireland,7.021,,,,,,,,,,IRL2018,0.471,395461216460.418,81248.314,5.741,,0.924,7.544,4.537,23.073,23.875,17.64,300093279897.474,73.354,IRL,,,,
2017,Ireland,6.977,,,,,,,,,,IRL2017,0.362,348532394023.595,72499.327,6.713,,1.5,10.05,1.648,23.736,23.972,17.613,268367803612.568,73.985,IRL,,,,
2016,Ireland,6.977,,,,,,,,,,IRL2016,0.02,305733136180.907,64292.66,8.374,,0.119,1.223,-1.19,25.714,25.661,18.631,243380813400.78,83.489,IRL,,,,
2015,Ireland,6.907,,,,,,,,,,IRL2015,-0.331,302391428540.035,64311.823,9.908,,8.908,24.616,6.166,26.563,25.053,18.111,225197829191.13,85.458,IRL,,,,
2014,Ireland,6.94,,,,,,,,,,IRL2014,0.191,266787238499.03,57278.259,11.858,,0.261,9.336,2.075,34.355,31.634,22.46,219734367164.689,117.757,IRL,,,,
2012,Ireland,7.076,,,,,,,,,,IRL2012,1.695,227270922957.327,49411.739,15.451,,2.435,-0.399,-3.392,39.923,32.07,22.307,181973474361.183,128.785,IRL,,,,
2011,Ireland,7.284,,,,,,,,,,IRL2011,2.549,241337364609.738,52692.781,15.354,,1.865,1.649,1.172,44.404,31.601,21.646,194723926224.465,110.569,IRL,,,,
2024,Israel,7.234,7.168,7.301,1.695,1.743,0.824,0.74,0.144,0.193,1.895,ISR2024,3.071,,,3.15,,,,,,,,,,ISR,,,,
2023,Israel,7.341,7.277,7.405,1.803,1.513,0.74,0.641,0.153,0.193,2.298,ISR2023,4.225,513611100815.691,52642.427,3.596,,4.266,2.423,3.622,37.333,30.279,22.075,506703670405.958,,ISR,,,,
2022,Israel,7.473,7.411,7.535,1.833,1.521,0.577,0.569,0.124,0.158,2.691,ISR2022,4.394,525000415276.678,54930.726,3.695,-1.688,4.726,6.47,3.258,35.258,33.254,25.01,520492108611.226,,ISR,,,,
2021,Israel,7.364,7.301,7.426,1.826,1.221,0.818,0.568,0.155,0.143,2.634,ISR2021,1.51,489708278893.053,52255.616,4.812,1.01,2.07,9.344,3.259,38.202,32.693,24.571,482170209223.983,,ISR,,,,
2020,Israel,7.157,7.09,7.224,1.376,1.074,0.788,0.509,0.208,0.119,3.083,ISR2020,-0.614,411728563086.632,44679.772,4.169,2.314,0.971,-1.465,4.053,41.699,30.318,21.987,407899013182.635,,ISR,,,,
2019,Israel,7.129,7.045,7.212,1.216,1.403,1.008,0.421,0.267,0.1,2.713,ISR2019,0.85,399651065197.871,44140.829,3.731,1.601,1.902,3.785,3.344,35.338,30.831,22.271,397736725276.623,,ISR,,,,
2018,Israel,7.139,,,,,,,,,,ISR2018,0.794,375149611117.199,42233.261,3.917,2.806,0.654,4.074,2.906,35.929,31.474,22.789,374876745460.837,,ISR,,,,
2017,Israel,7.19,,,,,,,,,,ISR2017,0.259,357227098125.658,40997.911,4.14,3.456,0.04,4.273,3.697,35.667,33.063,24.311,355438750393.854,,ISR,,,,
2016,Israel,7.213,,,,,,,,,,ISR2016,-0.552,320958936788.842,37556.627,4.723,3.03,0.378,4.367,3.969,34.583,31.647,23.124,318071673537.759,,ISR,,,,
2015,Israel,7.267,,,,,,,,,,ISR2015,-0.601,302722655203.465,36123.991,5.176,1.099,2.335,2.314,5.331,34.543,31.876,23.12,300150272715.578,,ISR,,,,
2014,Israel,7.278,,,,,,,,,,ISR2014,0.48,314090281098.682,38230.495,5.789,3.228,0.658,3.885,4.177,34.977,31.628,22.872,312212949125.541,,ISR,,,,
2012,Israel,7.301,,,,,,,,,,ISR2012,1.679,262917911696.944,33236.573,6.762,,3.329,2.541,0.374,36.343,30.601,21.66,256294768864.588,,ISR,,,,
2011,Israel,7.199,,,,,,,,,,ISR2011,3.485,267406179630.431,34433.823,7.139,,1.467,5.563,1.701,36.201,31.312,22.252,263882192674.99,,ISR,,,,
2024,Italy,6.415,6.309,6.521,1.724,1.526,0.852,0.641,0.082,0.071,1.517,ITA2024,0.982,,,6.778,,,,,,,,,,ITA,,,,
2023,Italy,6.324,6.211,6.436,1.8,1.328,0.72,0.513,0.112,0.074,1.777,ITA2023,5.622,2300941152991.81,39003.316,7.627,-0.875,5.819,0.698,-0.011,47.605,39.342,24.878,2250908366681.8,,ITA,,,,
2022,Italy,6.405,6.298,6.511,1.832,1.365,0.559,0.438,0.097,0.063,2.052,ITA2022,8.201,2102995942720.44,35635.744,8.069,-1.251,3.56,4.662,-1.559,48.395,39.628,24.619,2085487745453.12,,ITA,,,,
2021,Italy,6.467,6.363,6.57,1.834,1.052,0.801,0.412,0.085,0.059,2.222,ITA2021,1.874,2179207773596.09,36852.543,9.497,0.733,1.283,8.931,2.366,49.653,40.335,24.877,2182382012040.27,,ITA,,,,
2020,Italy,6.483,6.395,6.572,1.393,0.94,0.798,0.379,0.133,0.047,2.794,ITA2020,-0.138,1907481094079.23,32091.487,9.164,0.739,1.577,-8.868,3.937,50.344,40.595,24.846,1921655176693.23,,ITA,,,,
2019,Italy,6.387,6.303,6.472,1.236,1.347,1.023,0.321,0.17,0.04,2.25,ITA2019,0.611,2019606796583.53,33812.789,9.951,1.539,1.047,0.429,3.234,42.295,40.086,24.662,2027301728521.57,,ITA,,,,
2018,Italy,6.223,,,,,,,,,,ITA2018,1.137,2099435266458.67,34746.344,10.61,1.592,1.071,0.827,2.571,42.503,39.29,24.244,2115040163160.31,,ITA,,,,
2017,Italy,6.0,,,,,,,,,,ITA2017,1.227,1970720904584.71,32554.147,11.211,2.275,0.71,1.604,2.48,42.947,39.424,24.697,1972735013154.24,,ITA,,,,
2016,Italy,5.964,,,,,,,,,,ITA2016,-0.094,1887111188176.93,31126.325,11.688,2.22,1.248,1.236,2.461,43.201,39.889,25.083,1882461088199.89,,ITA,,,,
2015,Italy,5.977,,,,,,,,,,ITA2015,0.039,1845428048839.1,30387.129,11.896,3.32,0.783,0.886,1.233,43.529,39.818,24.839,1823940445540.23,,ITA,,,,
2014,Italy,5.948,,,,,,,,,,ITA2014,0.241,2173255507985.84,35750.72,12.683,3.929,0.903,-0.001,1.71,43.57,39.933,24.969,2162198263107.91,,ITA,,,,
2012,Italy,6.021,,,,,,,,,,ITA2012,3.041,2097929495121.68,35235.799,10.655,3.461,1.702,-3.125,-0.215,43.499,39.754,24.911,2084406708913.59,,ITA,,,,
2011,Italy,6.578,,,,,,,,,,ITA2011,2.781,2306974020278.21,38851.388,8.359,2.822,1.729,0.695,-2.742,41.828,38.368,23.691,2289189703989.3,,ITA,,,,
2024,Jamaica,5.87,5.563,6.178,1.182,1.545,0.504,0.869,0.075,0.019,1.676,JAM2024,5.412,,,4.885,,,,,,,,,,JAM,,,,
2023,Jamaica,5.842,5.624,6.059,1.28,1.324,0.567,0.647,0.089,0.028,1.907,JAM2023,6.474,19423355409.232,6839.725,4.4,-0.031,11.687,2.2,2.929,,,,19134255409.232,,JAM,,,,
2022,Jamaica,5.703,5.529,5.876,1.305,1.329,0.411,0.587,0.079,0.039,1.954,JAM2022,10.35,17097760723.92,6022.153,4.083,-1.235,12.798,5.222,-0.798,,,,16744360723.92,,JAM,,,,
2021,Jamaica,5.85,5.676,6.023,1.296,1.045,0.646,0.567,0.08,0.053,2.164,JAM2021,5.863,14657586127.033,5165.338,5.188,3.786,7.426,4.601,1.018,,,,14238986127.033,,JAM,,,,
2020,Jamaica,6.309,6.004,6.615,0.891,0.932,0.599,0.618,0.099,0.035,3.135,JAM2020,5.227,13812421803.408,4879.44,6.501,8.309,3.464,-9.92,-1.136,29.83,29.254,25.709,13358021803.408,106.282,JAM,,,,
2019,Jamaica,5.89,5.653,6.126,0.779,1.408,0.788,0.553,0.116,0.03,2.214,JAM2019,3.905,15830766570.727,5607.243,4.987,9.513,3.183,0.892,-1.912,25.79,30.788,27.454,15389266570.727,92.246,JAM,,,,
2018,Jamaica,5.89,,,,,,,,,,JAM2018,3.737,15730792835.581,5578.103,5.47,8.668,4.993,1.89,-1.493,26.558,31.027,26.781,15134792835.581,,JAM,,,,
2017,Jamaica,5.89,,,,,,,,,,JAM2017,4.378,14808985171.344,5259.313,7.399,7.842,6.55,0.997,-2.684,26.662,29.592,26.221,14387985171.344,102.464,JAM,,,,
2016,Jamaica,5.311,,,,,,,,,,JAM2016,2.351,14077096714.128,5009.795,8.634,11.297,4.664,1.375,-0.309,26.201,28.387,26.027,13482096714.128,122.656,JAM,,,,
2015,Jamaica,5.51,,,,,,,,,,JAM2015,3.692,14188936958.434,5062.896,8.825,9.677,6.655,0.921,-3.031,25.786,27.465,24.815,13748936958.434,124.648,JAM,,,,
2014,Jamaica,5.709,,,,,,,,,,JAM2014,8.274,13899217721.682,4975.113,9.046,9.62,6.93,0.69,-8.017,25.68,26.702,24.053,13600817721.682,132.414,JAM,,,,
2012,Jamaica,5.374,,,,,,,,,,JAM2012,6.874,14807086555.528,5340.833,8.695,10.375,6.572,-0.614,-9.726,27.51,26.229,24.333,14607486110.222,137.935,JAM,,,,
2011,Jamaica,6.208,,,,,,,,,,JAM2011,7.556,14444661522.146,5232.636,8.034,12.962,5.796,1.73,-14.283,28.201,25.965,23.364,13926261521.206,133.978,JAM,,,,
2024,Japan,6.147,6.063,6.23,1.678,1.55,0.921,0.746,0.014,0.2,1.038,JPN2024,2.739,,,2.563,,,,,,,,,,JPN,,,,
2023,Japan,6.06,5.976,6.144,1.786,1.354,0.785,0.632,0.023,0.219,1.261,JPN2023,3.268,4204494802431.55,33766.527,2.6,,3.793,1.679,3.786,,,,4453892010756.24,,JPN,,,,
2022,Japan,6.129,6.047,6.211,1.825,1.396,0.622,0.556,0.009,0.207,1.513,JPN2022,2.498,4256410760723.75,34017.272,2.6,,0.334,0.955,2.118,20.961,,,4515110236512.52,216.213,JPN,,,,
2021,Japan,6.039,5.959,6.119,1.835,1.089,0.866,0.537,0.007,0.218,1.487,JPN2021,-0.233,5034620784584.98,40058.537,2.828,,-0.19,2.559,3.903,21.638,,,5275289207258.22,216.329,JPN,,,,
2020,Japan,5.94,5.861,6.02,1.389,0.949,0.838,0.504,0.02,0.192,2.048,JPN2020,-0.025,5055587093501.59,40040.766,2.809,,0.941,-4.147,2.968,23.599,,,5241005753827.88,215.756,JPN,,,,
2019,Japan,5.871,5.79,5.952,1.267,1.332,1.073,0.495,0.036,0.181,1.486,JPN2019,0.469,5117993853016.51,40415.957,2.351,,0.635,-0.402,3.451,16.424,,,5318494421653.03,198.01,JPN,,,,
2018,Japan,5.886,,,,,,,,,,JPN2018,0.989,5040880939324.86,39751.133,2.467,,-0.0,0.643,3.517,16.071,,,5233677416722.46,197.336,JPN,,,,
2017,Japan,5.915,,,,,,,,,,JPN2017,0.484,4930837369151.42,38834.053,2.822,1.069,-0.074,1.675,4.12,16.195,,,5113251596855.53,193.489,JPN,,,,
2016,Japan,5.92,,,,,,,,,,JPN2016,-0.127,5003677627544.24,39375.473,3.132,0.622,0.42,0.754,3.938,16.711,,,5177794688417.2,193.23,JPN,,,,
2015,Japan,5.921,,,,,,,,,,JPN2015,0.795,4444930651964.18,34960.639,3.385,-0.948,2.111,1.561,3.07,16.974,,,4619771168713.41,194.584,JPN,,,,
2014,Japan,5.987,,,,,,,,,,JPN2014,2.759,4896994405353.29,38475.395,3.589,-0.459,1.686,0.296,0.742,17.574,,,5079021304760.51,192.113,JPN,,,,
2012,Japan,6.064,,,,,,,,,,JPN2012,-0.044,6272362996105.03,49145.28,4.358,2.18,-0.756,1.375,0.958,18.112,,,6445536590964.04,183.706,JPN,,,,
2011,Japan,6.059,,,,,,,,,,JPN2011,-0.272,6233147172341.35,48760.079,4.55,3.174,-1.622,0.024,2.079,18.596,,,6414396892358.66,175.568,JPN,,,,
2024,Jordan,4.31,4.193,4.426,1.158,1.202,0.573,0.7,0.051,0.164,0.461,JOR2024,,,,17.996,,,,,,,,,,JOR,,,,
2023,Jordan,4.186,4.066,4.306,1.262,0.983,0.594,0.593,0.059,0.189,0.504,JOR2023,2.085,50967475352.113,4455.505,17.969,7.038,1.79,2.678,-3.748,28.505,23.302,17.09,50463109154.93,103.091,JOR,,,,
2022,Jordan,4.12,3.997,4.242,1.292,0.98,0.438,0.517,0.056,0.173,0.663,JOR2022,4.229,48764963380.282,4332.252,18.2,4.631,2.616,2.647,-7.823,28.796,23.458,17.468,48259188732.394,100.908,JOR,,,,
2021,Jordan,4.152,4.029,4.276,1.324,0.724,0.675,0.476,0.058,0.2,0.695,JOR2021,1.346,46296100140.845,4183.5,19.837,4.708,2.204,3.656,-8.03,,,,46064410000.0,,JOR,,,,
2020,Jordan,4.395,4.273,4.516,0.89,0.685,0.583,0.455,0.079,0.15,1.553,JOR2020,0.333,43700383098.592,4022.04,19.213,8.248,-0.709,-1.103,-5.732,28.165,20.105,15.981,43576298591.549,75.966,JOR,,,,
2019,Jordan,4.633,4.518,4.749,0.785,1.14,0.778,0.425,0.091,0.152,1.262,JOR2019,0.762,44503006338.028,4170.114,16.801,7.755,0.844,1.751,-1.737,26.248,22.046,14.814,44510471126.761,79.345,JOR,,,,
2018,Jordan,4.906,,,,,,,,,,JOR2018,4.462,43370860704.225,4145.44,18.257,6.247,2.273,1.919,-6.831,26.292,23.434,14.729,43171142394.366,,JOR,,,,
2017,Jordan,5.161,,,,,,,,,,JOR2017,3.324,41608435915.493,4065.616,18.12,6.494,1.784,2.474,-10.558,25.559,22.738,14.702,41401816901.408,75.381,JOR,,,,
2016,Jordan,5.336,,,,,,,,,,JOR2016,-0.778,39892551126.761,3986.717,15.275,6.662,1.362,1.994,-9.656,25.858,22.009,15.021,39586916901.408,74.072,JOR,,,,
2015,Jordan,5.303,,,,,,,,,,JOR2015,-0.877,38587017887.324,4042.757,13.075,6.173,2.17,2.497,-8.992,25.715,21.572,14.951,38153862957.746,78.861,JOR,,,,
2014,Jordan,5.192,,,,,,,,,,JOR2014,2.899,36847643521.127,4191.181,11.9,5.36,3.445,3.384,-7.078,27.488,23.053,15.432,36430961830.986,77.714,JOR,,,,
2012,Jordan,5.414,,,,,,,,,,JOR2012,4.515,31634561690.141,4169.505,12.2,3.99,4.607,2.429,-14.893,28.875,21.046,14.921,31246533521.127,65.351,JOR,,,,
2011,Jordan,5.706,,,,,,,,,,JOR2011,4.162,29524149154.93,3946.855,12.9,2.646,5.911,2.737,-10.012,28.848,20.031,14.608,29259642112.676,60.422,JOR,,,,
2024,Kazakhstan,6.378,6.294,6.462,1.586,1.688,0.504,0.878,0.111,0.118,1.492,KAZ2024,4.857,,,4.794,,,,,,,,,,KAZ,,,,
2023,Kazakhstan,6.188,6.097,6.278,1.622,1.457,0.556,0.733,0.149,0.12,1.551,KAZ2023,14.725,262641892078.524,12918.866,4.821,,9.858,5.1,-3.42,17.393,16.486,11.856,236494030772.199,20.822,KAZ,,,,
2022,Kazakhstan,6.144,6.049,6.239,1.664,1.491,0.389,0.628,0.136,0.149,1.688,KAZ2022,15.028,225496328925.494,11255.34,4.86,,19.769,3.2,2.854,16.165,16.888,12.062,199981133856.769,21.355,KAZ,,,,
2021,Kazakhstan,6.234,6.138,6.33,1.668,1.22,0.611,0.584,0.134,0.157,1.86,KAZ2021,8.041,197112255360.612,9983.601,5.546,,13.93,4.3,-1.359,17.117,12.338,9.447,172923312214.507,22.412,KAZ,,,,
2020,Kazakhstan,6.152,6.06,6.243,1.23,1.103,0.527,0.573,0.143,0.132,2.446,KAZ2020,6.718,171082365861.423,8781.508,4.89,,4.211,-2.5,-6.462,16.833,11.842,8.319,156009669230.591,23.716,KAZ,,,,
2019,Kazakhstan,6.058,5.973,6.143,1.123,1.453,0.699,0.497,0.154,0.11,2.022,KAZ2019,5.334,181667184854.501,9457.126,4.8,,7.633,4.5,-3.868,16.064,14.939,11.787,158974562541.081,18.483,KAZ,,,,
2018,Kazakhstan,5.809,,,,,,,,,,KAZ2018,6.164,179339977690.485,9472.485,4.85,,9.206,4.1,-0.985,14.705,16.004,11.718,157278679804.064,21.992,KAZ,,,,
2017,Kazakhstan,5.79,,,,,,,,,,KAZ2017,7.443,166805788827.233,8943.084,4.9,,11.211,4.1,-2.054,19.026,16.167,10.303,148657290109.179,16.93,KAZ,,,,
2016,Kazakhstan,5.819,,,,,,,,,,KAZ2016,14.361,137278320084.171,7475.567,4.96,,13.638,1.1,-5.073,16.331,13.748,9.924,123828020084.171,16.769,KAZ,,,,
2015,Kazakhstan,5.919,,,,,,,,,,KAZ2015,6.678,184388404706.042,10196.123,4.93,,1.824,1.2,-5.412,15.487,13.666,9.836,172770506433.204,19.308,KAZ,,,,
2014,Kazakhstan,5.855,,,,,,,,,,KAZ2014,6.849,221415613595.469,12427.709,5.06,,5.771,4.2,-1.288,15.309,19.454,14.193,198714509414.101,12.647,KAZ,,,,
2012,Kazakhstan,5.671,,,,,,,,,,KAZ2012,5.196,207998568865.789,12018.797,5.29,,4.786,4.8,1.264,15.796,22.524,13.312,179881468864.113,10.498,KAZ,,,,
2011,Kazakhstan,5.594,,,,,,,,,,KAZ2011,8.453,192626464617.071,11287.146,5.39,,20.543,7.4,7.303,15.207,24.003,18.258,164881370862.216,8.801,KAZ,,,,
2024,Kenya,4.51,4.384,4.636,0.994,1.047,0.448,0.649,0.22,0.073,1.079,KEN2024,4.49,,,5.434,,,,,,,,,,KEN,,,,
2023,Kenya,4.47,4.344,4.595,1.037,0.895,0.353,0.519,0.282,0.069,1.316,KEN2023,7.671,108038588970.595,1952.305,5.567,7.05,6.108,5.556,-3.996,27.706,18.546,13.993,106151840150.547,,KEN,,,,
2022,Kenya,4.487,4.357,4.616,1.051,0.881,0.19,0.418,0.291,0.055,1.601,KEN2022,7.66,114448978152.637,2109.563,5.707,5.029,6.957,4.86,-5.146,25.063,17.883,14.599,112689233872.207,,KEN,,,,
2021,Kenya,4.543,4.403,4.683,1.032,0.605,0.401,0.44,0.322,0.082,1.661,KEN2021,6.108,109703658904.994,2061.356,5.693,7.428,4.331,7.59,-5.102,23.591,17.345,13.555,108174641713.497,,KEN,,,,
2020,Kenya,4.607,4.466,4.747,0.603,0.508,0.385,0.483,0.375,0.073,2.18,KEN2020,5.405,100657505750.545,1927.665,5.619,6.715,4.949,-0.273,-3.706,19.994,17.659,14.3,99981709856.894,,KEN,,,,
2019,Kenya,4.583,4.45,4.716,0.476,0.905,0.536,0.519,0.394,0.067,1.685,KEN2019,5.24,100378436207.371,1960.408,5.014,7.831,4.275,5.114,-5.239,18.798,19.098,15.1,98773632628.933,,KEN,,,,
2018,Kenya,4.509,,,,,,,,,,KEN2018,4.69,92202979985.286,1836.453,4.284,8.488,4.215,5.648,-5.411,23.635,18.679,14.361,90812279975.038,,KEN,,,,
2017,Kenya,4.41,,,,,,,,,,KEN2017,8.006,82036510877.26,1667.484,3.541,5.657,7.582,3.838,-6.997,25.129,21.146,15.052,80475458830.12,,KEN,,,,
2016,Kenya,4.553,,,,,,,,,,KEN2016,6.297,74815144163.893,1554.126,2.757,10.118,5.85,4.214,-5.397,22.191,19.066,14.966,73804818194.574,,KEN,,,,
2015,Kenya,4.356,,,,,,,,,,KEN2015,6.582,70120446896.836,1489.12,2.762,6.269,9.239,4.968,-6.305,20.715,19.352,14.839,63195136105.883,,KEN,,,,
2014,Kenya,4.419,,,,,,,,,,KEN2014,6.878,68285796514.29,1482.816,2.768,8.249,7.635,5.02,-9.34,20.537,19.562,15.187,60579831275.536,,KEN,,,,
2012,Kenya,4.403,,,,,,,,,,KEN2012,9.378,56396704671.578,1285.005,2.682,9.314,9.523,4.569,-7.476,,,,50187341471.216,,KEN,,,,
2011,Kenya,4.18,,,,,,,,,,KEN2011,14.022,46869473150.61,1096.145,2.704,4.526,10.065,5.121,-8.149,,,,41961926464.549,,KEN,,,,
2024,Kosovo,6.659,6.557,6.761,1.281,1.454,0.896,0.893,0.201,0.087,1.847,XKX2024,1.619,,,,,,,,,,,,,XKX,,,,
2023,Kosovo,6.561,6.455,6.667,1.364,1.277,0.599,0.739,0.254,0.073,2.255,XKX2023,4.944,10468219225.487,5960.158,,,4.564,4.068,-7.5,,,,10683305468.742,,XKX,,,,
2022,Kosovo,6.368,6.25,6.485,1.374,1.269,0.372,0.639,0.275,0.045,2.393,XKX2022,11.581,9354903061.89,5290.947,,,7.199,4.278,-10.511,,,,9476376882.921,,XKX,,,,
2021,Kosovo,6.455,6.339,6.571,1.362,0.949,0.569,0.599,0.309,0.035,2.631,XKX2021,3.354,9413403724.019,5270.427,,,6.116,10.746,-8.693,,,,9592462889.338,,XKX,,,,
2020,Kosovo,6.372,6.257,6.487,0.937,0.807,0.483,0.593,0.356,0.014,3.182,XKX2020,0.198,7717145217.812,4310.888,,,1.381,-5.34,-7.012,,,,7904028034.987,,XKX,,,,
2019,Kosovo,6.325,6.223,6.428,0.84,1.184,0.673,0.557,0.325,0.009,2.737,XKX2019,2.676,7899737577.473,4415.997,,,0.963,4.757,-5.661,,,,8079554105.614,,XKX,,,,
2018,Kosovo,6.1,,,,,,,,,,XKX2018,1.054,7878759714.823,4384.186,,5.079,1.499,3.407,-7.622,,,,8012300817.338,,XKX,,,,
2017,Kosovo,5.662,,,,,,,,,,XKX2017,1.488,7180764703.357,4009.318,,6.365,0.44,4.826,-5.263,,,,7324662733.872,,XKX,,,,
2016,Kosovo,5.279,,,,,,,,,,XKX2016,0.273,6682677289.99,3759.45,,6.616,0.779,5.572,-7.934,,,,6765147256.927,,XKX,,,,
2015,Kosovo,5.401,,,,,,,,,,XKX2015,-0.537,6295848422.716,3520.629,,7.666,0.608,5.916,-8.694,,,,6398632302.817,,XKX,,,,
2014,Kosovo,5.589,,,,,,,,,,XKX2014,0.429,7074394734.884,3902.494,,8.871,1.601,3.349,-7.091,,,,7225543489.813,,XKX,,,,
2012,Kosovo,5.222,,,,,,,,,,XKX2012,2.477,6163484244.634,3410.656,,8.829,3.525,1.712,-6.161,,,,6360842590.237,,XKX,,,,
2011,Kosovo,5.42,,,,,,,,,,XKX2011,7.336,6341613609.98,3538.948,,7.028,6.304,6.32,-13.332,,,,6496425181.024,,XKX,,,,
2024,Kuwait,6.629,6.52,6.738,1.691,1.481,0.766,0.934,0.143,0.167,1.448,KWT2024,2.899,,,2.144,,,,,,,,,,KWT,,,,
2023,Kuwait,6.951,6.843,7.06,1.845,1.364,0.661,0.827,0.2,0.172,1.884,KWT2023,3.642,163704878875.85,33729.799,2.127,13.26,-7.357,-3.64,31.396,,,,195985100891.899,,KWT,,,,
2021,Kuwait,6.106,5.977,6.235,1.904,0.983,0.747,0.617,0.087,0.147,1.621,KWT2021,3.424,148459291453.471,34043.542,3.002,-19.469,28.777,2.261,23.537,,,,172593781562.64,,KWT,,,,
2020,Kuwait,6.106,5.977,6.235,1.461,0.857,0.58,0.591,0.12,0.13,2.368,KWT2020,2.102,111045470461.207,25236.076,3.557,24.657,-16.459,-4.817,19.838,,,,127412093261.493,,KWT,,,,
2019,Kuwait,6.102,5.998,6.207,1.425,1.245,0.776,0.57,0.133,0.113,1.84,KWT2019,1.092,140856394870.02,31707.874,2.251,4.927,-0.11,2.264,21.479,,,,161059878933.509,,KWT,,,,
2018,Kuwait,6.021,,,,,,,,,,KWT2018,0.543,138646316321.596,32067.962,2.204,-5.815,11.299,2.743,17.346,,,,156983445241.041,,KWT,,,,
2017,Kuwait,6.083,,,,,,,,,,KWT2017,2.172,120687539675.517,29047.654,2.227,-9.925,16.231,-4.712,6.427,,,,139464096588.1,,KWT,,,,
2016,Kuwait,6.105,,,,,,,,,,KWT2016,3.198,109406674087.947,27323.689,2.16,12.145,-6.838,2.926,0.587,,,,122185300046.006,,KWT,,,,
2015,Kuwait,6.239,,,,,,,,,,KWT2015,3.272,114585555830.916,29882.213,2.2,40.86,-25.958,0.593,7.492,,,,127279526145.746,,KWT,,,,
2014,Kuwait,6.295,,,,,,,,,,KWT2014,2.909,162650450784.686,44368.781,2.9,11.826,-6.758,0.501,33.179,,,,178291579838.843,,KWT,,,,
2012,Kuwait,6.515,,,,,,,,,,KWT2012,3.255,174047662555.419,52155.223,2.231,-2.329,7.487,6.626,45.46,,,,183196516346.594,,KWT,,,,
2011,Kuwait,6.574,,,,,,,,,,KWT2011,4.839,154039231299.128,49169.606,2.053,-10.266,17.228,9.629,42.941,,,,163069653850.474,,KWT,,,,
2024,Kyrgyzstan,5.858,5.778,5.938,1.032,1.715,0.647,0.981,0.169,0.053,1.261,KGZ2024,,,,3.289,,,,,,,,,,KGZ,,,,
2023,Kyrgyzstan,5.714,5.632,5.795,1.054,1.477,0.588,0.834,0.225,0.03,1.505,KGZ2023,10.753,13987627908.838,1970.158,3.991,5.017,13.416,6.151,,25.727,33.283,21.281,13793509245.948,44.0,KGZ,,,,
2022,Kyrgyzstan,5.825,5.737,5.913,1.061,1.439,0.417,0.735,0.234,0.018,1.92,KGZ2022,13.923,12134931017.946,1739.72,4.043,-0.829,19.657,8.968,-42.684,23.832,29.879,19.542,11864509827.153,47.085,KGZ,,,,
2021,Kyrgyzstan,5.828,5.741,5.916,1.069,1.109,0.638,0.693,0.208,0.025,2.087,KGZ2021,11.905,9249133946.265,1349.997,4.096,0.543,15.993,5.507,-7.976,23.405,27.312,16.491,8626877845.066,56.362,KGZ,,,,
2020,Kyrgyzstan,5.744,5.653,5.834,0.665,0.971,0.501,0.673,0.266,0.02,2.648,KGZ2020,6.325,8270468614.241,1229.518,4.63,11.103,5.34,-7.149,4.525,25.776,24.629,14.036,8014044231.285,67.956,KGZ,,,,
2019,Kyrgyzstan,5.542,5.456,5.627,0.513,1.341,0.681,0.615,0.301,0.03,2.06,KGZ2019,1.134,9371275264.367,1421.999,4.295,8.365,9.811,4.601,-11.384,23.212,25.811,15.964,8591968638.366,51.333,KGZ,,,,
2018,Kyrgyzstan,5.261,,,,,,,,,,KGZ2018,1.543,8271106235.416,1283.52,3.67,15.53,3.447,3.758,-11.628,25.485,28.004,17.999,8020105523.914,51.657,KGZ,,,,
2017,Kyrgyzstan,5.131,,,,,,,,,,KGZ2017,3.175,7702938379.42,1221.391,3.57,12.689,6.327,4.74,-6.953,26.05,27.97,17.046,7331338207.041,60.918,KGZ,,,,
2016,Kyrgyzstan,5.004,,,,,,,,,,KGZ2016,0.389,6813095379.119,1103.275,3.474,17.427,6.051,4.336,-11.628,27.035,28.131,16.949,6455295204.83,60.474,KGZ,,,,
2015,Kyrgyzstan,5.185,,,,,,,,,,KGZ2015,6.503,6678177511.663,1105.652,3.338,19.533,3.427,3.876,-15.759,27.242,30.066,16.802,6417477543.552,72.457,KGZ,,,,
2014,Kyrgyzstan,5.286,,,,,,,,,,KGZ2014,7.534,7468102412.682,1264.527,3.262,10.809,8.415,4.024,-17.424,25.998,29.449,17.549,7159302170.583,53.889,KGZ,,,,
2012,Kyrgyzstan,5.042,,,,,,,,,,KGZ2012,2.768,6605142884.362,1168.622,3.114,13.198,8.656,-0.088,-15.525,,,,6435842809.788,,KGZ,,,,
2011,Kyrgyzstan,4.828,,,,,,,,,,KGZ2011,16.636,6197765984.285,1117.402,2.999,1.059,22.482,5.956,-7.697,,,,5538865998.781,,KGZ,,,,
2024,Lao PDR,5.301,5.179,5.422,1.122,1.01,0.493,0.916,0.145,0.164,1.452,LAO2024,23.131,,,1.218,,,,,,,,,,LAO,,,,
2023,Lao PDR,5.139,5.017,5.261,1.208,0.846,0.423,0.796,0.17,0.167,1.529,LAO2023,31.23,15843155731.255,2066.95,1.188,,24.422,3.746,2.553,,,,14685693869.025,,LAO,,,,
2022,Lao PDR,5.111,4.952,5.269,1.232,0.853,0.257,0.715,0.185,0.162,1.707,LAO2022,22.956,15468785203.753,2046.404,1.209,,15.774,2.707,-2.966,10.316,13.914,12.113,14311266175.742,,LAO,,,,
2021,Lao PDR,5.14,5.018,5.263,1.239,0.654,0.479,0.679,0.197,0.184,1.709,LAO2021,3.756,18827148530.935,2526.051,2.066,,3.713,2.528,2.293,10.763,12.821,10.391,17754927767.604,,LAO,,,,
2020,Lao PDR,5.03,4.941,5.119,0.808,0.598,0.33,0.643,0.268,0.179,2.204,LAO2020,5.104,18981805250.242,2583.777,2.361,,5.035,0.503,-1.604,11.448,11.22,9.402,17853654979.943,,LAO,,,,
2019,Lao PDR,4.889,4.81,4.968,0.715,0.987,0.486,0.612,0.273,0.194,1.621,LAO2019,3.323,18740561512.556,2589.321,2.537,,1.197,5.458,-7.041,12.448,13.961,11.466,17656111399.749,,LAO,,,,
2018,Lao PDR,4.796,,,,,,,,,,LAO2018,2.04,18141641089.796,2545.108,2.9,,1.92,6.248,-9.089,12.31,14.322,11.721,17355911535.641,,LAO,,,,
2017,Lao PDR,4.623,,,,,,,,,,LAO2017,0.825,17071155481.499,2432.431,3.268,,1.852,6.893,-7.38,12.336,14.621,12.239,16170183136.76,,LAO,,,,
2015,Lao PDR,4.876,,,,,,,,,,LAO2015,1.277,14426380125.649,2121.013,2.494,,2.348,7.27,-15.718,14.892,15.807,13.506,13784824955.513,,LAO,,,,
2014,Lao PDR,4.876,,,,,,,,,,LAO2014,4.129,13279245886.385,1981.039,2.119,,5.727,7.612,-14.492,15.486,16.093,13.83,12693401481.315,,LAO,,,,
2012,Lao PDR,4.787,,,,,,,,,,LAO2012,4.255,10192846339.403,1563.565,1.399,,7.529,8.026,-7.313,10.985,15.228,13.605,9584409923.897,,LAO,,,,
2011,Lao PDR,5.161,,,,,,,,,,LAO2011,7.569,8750104617.173,1361.547,1.055,,10.469,8.039,-2.358,10.743,14.491,13.146,8157259575.129,,LAO,,,,
2024,Latvia,6.207,6.123,6.292,1.619,1.711,0.503,0.789,0.108,0.082,1.396,LVA2024,1.266,,,6.72,,,,,,,,,,LVA,,,,
2023,Latvia,6.234,6.155,6.314,1.7,1.508,0.564,0.666,0.127,0.078,1.59,LVA2023,8.938,42247850064.512,22502.843,6.465,,6.407,1.707,-3.936,34.626,32.393,16.842,43719961550.325,,LVA,,,,
2022,Latvia,6.213,6.131,6.295,1.737,1.505,0.405,0.58,0.107,0.071,1.808,LVA2022,17.31,38018905782.397,20229.461,6.815,,9.836,1.813,-5.477,36.339,30.926,17.148,40324774809.704,,LVA,,,,
2021,Latvia,6.18,6.106,6.255,1.732,1.221,0.637,0.502,0.075,0.09,1.923,LVA2021,3.276,38185125732.945,20262.843,7.513,,3.298,6.947,-4.136,38.525,30.802,16.453,38710728430.302,,LVA,,,,
2020,Latvia,6.032,5.961,6.103,1.285,1.047,0.587,0.405,0.082,0.089,2.536,LVA2020,0.219,33379927434.615,17564.232,8.098,,2.393,-3.469,3.093,36.219,31.352,16.282,34385289591.908,,LVA,,,,
2019,Latvia,5.95,5.882,6.018,1.141,1.414,0.778,0.329,0.075,0.09,2.121,LVA2019,2.811,33099503950.847,17294.975,6.312,,4.316,0.675,-0.174,31.765,29.645,16.2,33726980608.337,,LVA,,,,
2018,Latvia,5.94,,,,,,,,,,LVA2018,2.534,33247935477.358,17252.171,7.412,,3.74,4.31,-0.384,30.651,29.498,16.2,33883344508.494,,LVA,,,,
2017,Latvia,5.933,,,,,,,,,,LVA2017,2.93,29391059767.426,15132.496,8.715,,2.709,3.399,1.533,30.426,29.584,17.206,30407324342.822,,LVA,,,,
2016,Latvia,5.85,,,,,,,,,,LVA2016,0.141,27117105059.508,13838.527,9.643,,0.608,2.552,1.757,30.689,29.859,17.232,28043520978.381,,LVA,,,,
2015,Latvia,5.56,,,,,,,,,,LVA2015,0.174,26344565876.89,13321.975,9.873,,0.387,3.783,-0.126,31.234,28.814,16.374,27135722905.27,,LVA,,,,
2014,Latvia,5.098,,,,,,,,,,LVA2014,0.62,30277203767.406,15185.815,10.846,,1.67,2.095,-1.541,32.282,28.961,16.174,31426977355.703,,LVA,,,,
2012,Latvia,5.046,,,,,,,,,,LVA2012,2.258,27116149948.668,13329.35,15.047,,2.879,7.305,-3.87,31.934,28.79,15.447,27972506725.584,,LVA,,,,
2011,Latvia,4.762,,,,,,,,,,LVA2011,4.371,26575547900.825,12902.574,16.206,,4.708,3.036,-3.55,35.15,28.553,15.035,27444998699.803,,LVA,,,,
2024,Lebanon,3.188,3.098,3.277,1.223,0.984,0.44,0.279,0.071,0.041,0.15,LBN2024,,,,,,,,,,,,,,LBN,,,,
2023,Lebanon,2.707,2.616,2.797,1.377,0.577,0.556,0.173,0.068,0.029,-0.073,LBN2023,221.342,,,11.543,,,,-28.104,,,,,,LBN,,,,
2022,Lebanon,2.392,2.305,2.479,1.417,0.476,0.398,0.123,0.061,0.027,-0.11,LBN2022,171.205,20992421948.808,3654.358,11.6,,112.149,-0.622,-34.606,,,,20158671948.808,,LBN,,,,
2021,Lebanon,2.955,2.862,3.049,1.392,0.498,0.631,0.103,0.082,0.034,0.216,LBN2021,154.756,23131941556.784,4045.374,12.669,,150.001,-7.001,-19.698,6.296,6.868,5.685,21239241556.784,,LBN,,,,
2020,Lebanon,4.584,4.477,4.691,1.045,0.868,0.595,0.175,0.14,0.026,1.736,LBN2020,84.864,31712128253.796,5561.192,13.284,,85.542,-21.4,-8.762,14.945,11.557,8.902,30697478253.796,,LBN,,,,
2019,Lebanon,4.772,4.686,4.857,0.889,1.192,0.789,0.186,0.159,0.022,1.536,LBN2019,3.005,51605959131.274,8905.88,11.301,6.166,4.095,-6.915,-21.828,29.188,19.338,15.405,50358759131.274,,LBN,,,,
2018,Lebanon,5.197,,,,,,,,,,LBN2018,6.077,54901519155.556,9174.537,10.745,3.386,5.522,-1.885,-24.347,29.346,19.269,15.325,53788969155.556,,LBN,,,,
2017,Lebanon,5.199,,,,,,,,,,LBN2017,4.321,53027680685.904,8608.211,10.251,5.396,2.749,0.903,-22.882,25.984,19.968,15.36,52818460685.904,,LBN,,,,
2016,Lebanon,5.225,,,,,,,,,,LBN2016,-0.783,51147308774.129,8089.012,9.786,7.415,0.871,1.555,-20.478,25.847,17.74,13.525,50329518774.129,,LBN,,,,
2015,Lebanon,5.129,,,,,,,,,,LBN2015,-3.749,49929337836.816,7714.11,9.306,3.634,3.336,0.462,-17.108,22.898,17.125,13.465,49420827836.816,,LBN,,,,
2014,Lebanon,4.839,,,,,,,,,,LBN2014,1.855,48095213746.6,7577.641,8.833,7.161,0.105,2.484,-26.23,25.947,19.918,14.11,47517903746.6,,LBN,,,,
2012,Lebanon,4.931,,,,,,,,,,LBN2012,6.581,44016799515.755,8406.984,7.937,-0.22,7.486,2.565,-23.438,26.799,19.944,15.198,43812619515.755,,LBN,,,,
2011,Lebanon,5.049,,,,,,,,,,LBN2011,4.971,39927125961.526,7834.963,7.349,4.431,2.965,0.867,-13.834,26.397,21.86,16.377,39687755961.526,,LBN,,,,
2024,Lesotho,3.757,3.558,3.957,0.737,1.131,0.0,0.606,0.065,0.072,1.145,LSO2024,6.105,,,16.147,,,,,,,,,,LSO,,,,
2023,Lesotho,3.186,2.904,3.469,0.771,0.851,0.0,0.523,0.082,0.085,0.875,LSO2023,6.342,2117962450.795,916.283,16.457,11.494,-0.368,1.827,-6.991,,,,2576299023.471,,LSO,,,,
2021,Lesotho,3.512,3.276,3.748,0.839,0.848,0.0,0.419,0.076,0.018,1.312,LSO2021,6.048,2412130056.559,1066.586,18.23,4.931,3.124,2.267,-8.128,38.105,37.581,31.87,2813524924.219,,LSO,,,,
2020,Lesotho,3.512,3.276,3.748,0.451,0.731,0.007,0.405,0.103,0.015,1.8,LSO2020,4.978,2053699870.072,918.583,18.399,2.278,6.548,-8.156,-5.89,43.288,41.392,35.994,2441757550.0,2.993,LSO,,,,
2019,Lesotho,3.653,3.492,3.814,0.455,1.089,0.101,0.409,0.103,0.05,1.446,LSO2019,5.187,2390702295.828,1082.057,16.876,7.49,3.575,-1.418,-7.458,39.246,36.804,32.542,2852674377.633,32.167,LSO,,,,
2018,Lesotho,3.802,,,,,,,,,,LSO2018,4.752,2556247291.998,1170.656,16.625,-0.33,11.723,-1.481,-5.624,39.25,37.024,31.815,3042775635.892,32.845,LSO,,,,
2017,Lesotho,3.808,,,,,,,,,,LSO2017,4.448,2306741672.29,1069.367,16.401,9.373,2.019,-3.138,-9.011,39.715,38.328,33.007,2620025914.527,37.368,LSO,,,,
2016,Lesotho,3.808,,,,,,,,,,LSO2016,6.597,2114426452.202,992.492,16.17,11.903,-0.292,3.609,-10.502,40.584,35.415,29.286,2400601096.793,42.06,LSO,,,,
2014,Lesotho,4.898,,,,,,,,,,LSO2014,5.37,2441063054.058,1173.538,16.104,-3.241,14.035,1.711,-8.42,38.322,42.029,36.328,2719632972.795,33.017,LSO,,,,
2012,Lesotho,4.898,,,,,,,,,,LSO2012,6.051,2477702216.269,1217.931,15.813,7.768,2.182,6.334,-18.765,40.055,43.766,38.084,2892666013.151,32.184,LSO,,,,
2024,Liberia,4.277,4.111,4.444,0.582,0.888,0.324,0.653,0.143,0.068,1.618,LBR2024,,,,2.882,,,,,,,,,,LBR,,,,
2023,Liberia,4.269,4.063,4.474,0.619,0.673,0.301,0.546,0.178,0.075,1.878,LBR2023,10.094,4240000000.0,771.887,2.933,,1.231,4.684,,,,,3967000000.0,,LBR,,,,
2022,Liberia,4.042,3.76,4.325,0.628,0.644,0.141,0.471,0.219,0.071,1.869,LBR2022,7.593,4001047000.0,744.617,2.977,,8.666,4.808,1.62,,,,3751047000.0,,LBR,,,,
2021,Liberia,5.122,4.815,5.428,0.636,0.67,0.309,0.405,0.178,0.08,2.844,LBR2021,7.816,3513049500.0,667.966,3.845,,5.354,4.987,-2.896,,,,3295000000.0,,LBR,,,,
2020,Liberia,4.625,4.417,4.833,0.228,0.58,0.253,0.43,0.221,0.057,2.857,LBR2020,16.956,3176126300.0,616.788,4.109,,-1.381,-2.982,-8.657,,,,2887982500.0,,LBR,,,,
2019,Liberia,4.558,4.397,4.719,0.174,0.921,0.392,0.406,0.227,0.051,2.387,LBR2019,26.966,3319596500.0,658.164,3.068,,-0.56,-2.467,-19.683,,,,2965834700.0,,LBR,,,,
2018,Liberia,3.975,,,,,,,,,,LBR2018,23.564,3422754800.0,692.203,3.056,,-0.21,1.158,-19.694,,,,2985754800.0,,LBR,,,,
2017,Liberia,3.495,,,,,,,,,,LBR2017,12.42,3390703400.0,699.269,3.066,16.295,-2.618,2.455,-16.68,,,,3087813500.0,,LBR,,,,
2016,Liberia,3.533,,,,,,,,,,LBR2016,8.834,3398419600.0,714.613,3.081,6.186,6.973,-1.555,-8.123,,,,3117419600.0,,LBR,,,,
2015,Liberia,3.622,,,,,,,,,,LBR2015,7.749,3227075700.0,692.59,2.557,13.535,0.063,-0.019,5.302,,,,2947075700.0,,LBR,,,,
2014,Liberia,4.571,,,,,,,,,,LBR2014,9.861,3225652000.0,706.714,2.079,12.581,0.818,0.701,-19.92,,,,2892652000.0,,LBR,,,,
2012,Liberia,4.196,,,,,,,,,,LBR2012,6.832,2791614000.0,638.369,2.146,5.307,7.797,7.994,-59.996,,,12.972,2529644000.0,20.318,LBR,,,,
2011,Liberia,4.04,,,,,,,,,,LBR2011,8.488,2398000000.0,568.088,2.211,2.549,10.923,8.201,-52.485,,,11.149,2273155200.0,21.731,LBR,,,,
2024,Libya,5.82,5.727,5.913,1.247,1.309,0.549,0.724,0.111,0.214,1.666,LBY2024,2.126,,,18.615,,,,,,,,,,LBY,,,,
2023,Libya,5.866,5.746,5.987,1.526,1.1,0.55,0.592,0.111,0.204,1.785,LBY2023,2.373,45096462972.401,6172.812,18.753,,-5.341,10.156,,,,,45309062967.041,,LBY,,,,
2021,Libya,5.33,5.118,5.543,1.476,0.943,0.606,0.477,0.106,0.179,1.544,LBY2021,2.868,35217995647.286,4935.828,19.641,,90.406,28.333,16.115,,,,34577448955.293,,LBY,,,,
2020,Libya,5.41,5.262,5.558,1.044,0.821,0.435,0.474,0.131,0.174,2.331,LBY2020,1.447,46854285440.642,6650.338,19.613,,-4.754,-29.455,-10.202,,,,47692571365.201,,LBY,,,,
2019,Libya,5.489,5.37,5.608,1.022,1.196,0.616,0.451,0.143,0.172,1.889,LBY2019,-2.162,69254496471.694,9963.195,19.05,,4.176,-11.196,6.956,,,,71084266693.748,,LBY,,,,
2018,Libya,5.525,,,,,,,,,,LBY2018,13.17,76686029772.148,11196.585,18.836,,3.598,7.941,14.704,,,,77676603170.626,,LBY,,,,
2017,Libya,5.566,,,,,,,,,,LBY2017,25.804,67157452181.774,9965.832,19.02,,1.807,32.492,6.591,,,,68439540256.274,,LBY,,,,
2016,Libya,5.525,,,,,,,,,,LBY2016,25.854,49912073701.298,7525.803,19.522,,4.692,-1.491,-9.427,,,,50662881580.357,,LBY,,,,
2015,Libya,5.615,,,,,,,,,,LBY2015,10.402,48717501321.305,7458.489,19.676,,-7.041,-0.843,-19.184,,,,49953808617.082,,LBY,,,,
2014,Libya,5.754,,,,,,,,,,LBY2014,2.433,57372355592.022,8926.421,19.308,7.078,-1.007,-23.043,-33.175,,,,57954482938.568,,LBY,,,,
2012,Libya,5.34,,,,,,,,,,LBY2012,6.06,92540938129.132,14975.89,19.03,0.017,5.982,86.827,25.758,,,,90611575226.289,,LBY,,,,
2011,Libya,5.178,,,,,,,,,,LBY2011,15.518,48169263294.101,7593.839,19.478,-14.752,24.343,-50.339,6.627,,,,48225057019.063,,LBY,,,,
2024,Lithuania,6.829,6.746,6.912,1.684,1.699,0.592,0.702,0.031,0.123,1.998,LTU2024,0.716,,,7.504,,,,,,,,,,LTU,,,,
2023,Lithuania,6.818,6.739,6.896,1.766,1.454,0.598,0.533,0.044,0.116,2.307,LTU2023,9.117,79789877416.168,27786.006,6.841,,9.022,0.342,1.101,34.1,34.043,21.418,76751468656.028,36.931,LTU,,,,
2022,Lithuania,6.763,6.677,6.849,1.808,1.511,0.432,0.487,0.059,0.089,2.377,LTU2022,19.705,71033884499.782,25085.784,5.955,,16.067,2.538,-6.085,34.046,33.134,21.282,68451885058.584,35.936,LTU,,,,
2021,Lithuania,6.446,6.356,6.535,1.804,1.204,0.659,0.496,0.053,0.077,2.153,LTU2021,4.684,67037321008.968,23934.728,7.112,,6.0,6.38,1.469,35.189,33.467,21.274,64252038543.154,47.938,LTU,,,,
2020,Lithuania,6.255,6.167,6.344,1.35,1.065,0.612,0.476,0.056,0.073,2.624,LTU2020,1.2,57412038533.272,20541.825,8.487,,2.039,0.043,7.225,38.909,32.797,20.503,55325495240.973,52.355,LTU,,,,
2019,Lithuania,6.215,6.129,6.302,1.194,1.433,0.795,0.42,0.054,0.081,2.238,LTU2019,2.335,55122066225.796,19727.761,6.255,,2.376,4.677,3.738,32.384,31.938,20.089,52901803474.706,41.798,LTU,,,,
2018,Lithuania,6.149,,,,,,,,,,LTU2018,2.698,54261795148.537,19368.539,6.147,,3.593,4.918,0.31,31.678,31.554,16.752,52084496480.765,38.079,LTU,,,,
2017,Lithuania,5.952,,,,,,,,,,LTU2017,3.723,47756764508.446,16884.71,7.073,,4.096,4.612,1.087,31.072,31.201,16.764,46031954861.718,44.886,LTU,,,,
2016,Lithuania,5.902,,,,,,,,,,LTU2016,0.906,42970749245.034,14981.621,7.862,,0.987,2.672,-1.015,32.684,31.775,17.1,41513241212.62,47.746,LTU,,,,
2015,Lithuania,5.813,,,,,,,,,,LTU2015,-0.884,41540954817.204,14300.255,9.12,,-0.002,2.833,-2.517,32.669,30.869,16.758,39940688841.875,49.437,LTU,,,,
2014,Lithuania,5.833,,,,,,,,,,LTU2014,0.104,48306546656.928,16473.568,10.698,,0.609,3.773,3.547,32.757,29.567,16.034,47960568992.364,48.582,LTU,,,,
2012,Lithuania,5.426,,,,,,,,,,LTU2012,3.09,42709372066.863,14294.718,13.365,,2.505,4.383,-1.607,34.125,29.19,15.685,41584616578.174,47.458,LTU,,,,
2011,Lithuania,5.588,,,,,,,,,,LTU2011,4.13,43186501862.791,14261.843,15.39,,5.622,6.324,-3.687,36.839,29.219,15.666,42261715400.66,41.408,LTU,,,,
2024,Luxembourg,7.122,7.031,7.213,2.028,1.558,0.864,0.931,0.117,0.397,1.227,LUX2024,2.051,,,5.935,,,,,,,,,,LUX,,,,
2023,Luxembourg,7.122,7.031,7.213,2.141,1.355,0.708,0.801,0.146,0.432,1.54,LUX2023,3.741,85755006123.598,128678.19,5.184,,3.43,-1.096,11.499,43.726,44.263,27.797,55813004025.644,,LUX,,,,
2022,Luxembourg,7.228,7.093,7.363,2.2,1.357,0.549,0.71,0.149,0.418,1.845,LUX2022,6.336,81641807865.759,125006.022,4.588,,5.684,1.38,9.197,40.478,41.523,26.408,54993885553.502,,LUX,,,,
2021,Luxembourg,7.404,7.307,7.501,2.209,1.155,0.79,0.7,0.12,0.388,2.042,LUX2021,2.527,85584105993.875,133711.794,5.571,,4.644,7.168,6.536,39.375,41.157,26.246,58630447829.069,,LUX,,,,
2020,Luxembourg,7.324,7.252,7.396,1.751,1.003,0.76,0.639,0.166,0.353,2.653,LUX2020,0.82,73699366700.213,116905.37,6.766,,4.301,-0.91,5.097,42.887,41.136,25.676,51783516552.218,,LUX,,,,
2019,Luxembourg,7.238,7.177,7.298,1.537,1.388,0.986,0.61,0.196,0.367,2.154,LUX2019,1.743,69890505323.584,112726.44,5.592,,0.901,2.916,8.619,39.469,42.573,26.881,47877349992.941,,LUX,,,,
2018,Luxembourg,7.09,,,,,,,,,,LUX2018,1.528,71000359760.461,116786.512,5.589,,2.111,1.219,8.33,38.874,42.485,26.918,50751283867.922,,LUX,,,,
2017,Luxembourg,6.91,,,,,,,,,,LUX2017,1.731,65712180342.984,110193.214,5.523,,2.143,1.317,6.18,37.759,39.931,24.518,47031112675.059,,LUX,,,,
2016,Luxembourg,6.863,,,,,,,,,,LUX2016,0.291,62216885435.949,106899.294,6.669,,-1.108,4.978,7.415,36.835,39.521,23.768,41225831605.564,,LUX,,,,
2015,Luxembourg,6.871,,,,,,,,,,LUX2015,0.475,60071584216.138,105462.013,6.796,,2.219,2.27,5.621,37.215,39.439,23.322,38657980989.023,,LUX,,,,
2014,Luxembourg,6.946,,,,,,,,,,LUX2014,0.629,68804811897.644,123678.702,6.044,,2.797,2.623,4.929,37.737,39.72,24.745,49979926556.902,,LUX,,,,
2012,Luxembourg,7.054,,,,,,,,,,LUX2012,2.663,59776383527.36,112584.676,5.03,,3.266,1.65,5.255,38.617,39.787,24.428,45915520597.734,,LUX,,,,
2011,Luxembourg,7.051,,,,,,,,,,LUX2011,3.411,61696281326.245,119025.057,5.122,,3.449,1.044,5.63,37.758,39.468,23.987,42768242732.49,,LUX,,,,
2024,Madagascar,4.157,4.05,4.265,0.588,0.938,0.341,0.292,0.131,0.118,1.751,MDG2024,,,,3.012,,,,,,,,,,MDG,,,,
2023,Madagascar,4.228,4.097,4.359,0.628,0.823,0.333,0.25,0.172,0.123,1.897,MDG2023,9.874,15790113246.748,506.159,3.069,41.299,8.694,3.8,,,,,15444839759.942,,MDG,,,,
2022,Madagascar,4.019,3.839,4.199,0.632,0.779,0.178,0.187,0.177,0.134,1.932,MDG2022,8.161,15134700203.05,497.243,3.186,39.184,6.933,4.0,-5.48,10.062,10.321,9.357,14765327495.31,,MDG,,,,
2021,Madagascar,4.339,4.148,4.53,0.67,0.645,0.378,0.202,0.143,0.154,2.148,MDG2021,5.812,14554754116.543,490.206,3.487,39.049,6.641,5.74,-4.96,10.543,11.062,10.239,14294802412.89,,MDG,,,,
2020,Madagascar,4.208,4.068,4.349,0.266,0.503,0.341,0.207,0.185,0.087,2.62,MDG2020,4.202,13051441203.947,450.772,3.284,42.714,4.311,-7.138,-4.778,11.798,10.607,9.521,12717776244.331,,MDG,,,,
2019,Madagascar,4.166,4.053,4.278,0.245,0.824,0.501,0.193,0.191,0.076,2.136,MDG2019,5.611,14104664678.506,499.819,2.469,39.877,6.522,4.411,-2.136,10.133,11.568,10.532,13612309667.837,,MDG,,,,
2018,Madagascar,3.933,,,,,,,,,,MDG2018,8.594,13760033282.292,500.457,2.297,43.483,8.298,3.194,0.713,9.832,11.441,10.283,13299570422.211,,MDG,,,,
2017,Madagascar,3.774,,,,,,,,,,MDG2017,8.609,13176313593.551,491.867,2.119,52.437,4.962,3.933,-0.229,10.589,10.875,10.028,12760046042.02,,MDG,,,,
2016,Madagascar,3.644,,,,,,,,,,MDG2016,6.036,11848613858.442,453.971,1.947,46.843,8.96,3.993,0.378,9.317,10.05,9.245,11379471782.222,,MDG,,,,
2015,Madagascar,3.695,,,,,,,,,,MDG2015,7.404,11323020701.302,445.32,1.785,47.147,6.504,3.132,-2.259,9.559,9.79,8.945,10894778487.749,,MDG,,,,
2014,Madagascar,3.681,,,,,,,,,,MDG2014,6.08,12522957399.228,505.685,1.386,49.909,6.732,3.339,-0.649,9.853,9.292,8.441,12173057216.308,,MDG,,,,
2012,Madagascar,3.966,,,,,,,,,,MDG2012,5.714,11578975061.948,493.511,0.599,48.033,5.466,3.011,-7.463,8.757,9.166,8.368,11207841557.623,,MDG,,,,
2011,Madagascar,4.309,,,,,,,,,,MDG2011,9.483,11551819617.874,506.164,2.512,38.151,10.386,1.578,-6.728,8.935,9.695,8.71,11339961188.919,,MDG,,,,
2024,Malawi,3.26,3.13,3.39,0.588,0.489,0.28,0.677,0.115,0.136,0.975,MWI2024,32.18,,,5.045,,,,,,,,,,MWI,,,,
2023,Malawi,3.421,3.281,3.561,0.617,0.41,0.349,0.571,0.135,0.136,1.203,MWI2023,28.79,12712150082.079,602.344,5.033,8.746,22.807,1.892,-17.905,,,,12349147692.614,,MWI,,,,
2022,Malawi,3.495,3.32,3.671,0.637,0.479,0.189,0.49,0.139,0.129,1.432,MWI2022,20.954,12429060150.742,604.27,5.037,6.986,17.167,0.921,-17.846,20.174,14.136,13.504,12054582591.864,55.599,MWI,,,,
2021,Malawi,3.75,3.56,3.941,0.648,0.279,0.388,0.477,0.14,0.157,1.661,MWI2021,9.33,12378129750.987,617.448,5.662,14.543,8.153,4.558,-15.492,17.187,12.288,11.588,12006215738.734,,MWI,,,,
2020,Malawi,3.6,3.419,3.781,0.113,0.168,0.298,0.484,0.213,0.134,2.19,MWI2020,8.626,11769313597.854,602.507,5.728,16.944,6.218,0.794,-13.923,16.494,12.907,12.131,11440171500.767,,MWI,,,,
2019,Malawi,3.538,3.4,3.676,0.177,0.53,0.446,0.487,0.213,0.132,1.553,MWI2019,9.371,11051865579.812,580.89,4.966,16.658,7.729,5.717,-11.953,14.74,12.42,11.975,10785451582.33,44.786,MWI,,,,
2018,Malawi,3.41,,,,,,,,,,MWI2018,12.42,9879231591.524,533.203,5.014,24.623,6.152,4.354,-17.259,14.922,12.953,12.176,9558096354.047,41.701,MWI,,,,
2017,Malawi,3.587,,,,,,,,,,MWI2017,11.543,8943543793.584,495.77,5.039,25.336,10.577,4.0,-17.421,13.244,13.057,12.184,8735399094.037,34.295,MWI,,,,
2016,Malawi,3.97,,,,,,,,,,MWI2016,21.711,7909868618.464,450.506,5.007,19.801,20.293,2.5,-12.713,12.329,11.169,10.639,7886787909.555,37.886,MWI,,,,
2015,Malawi,4.156,,,,,,,,,,MWI2015,21.867,9219474379.315,539.605,4.954,20.509,19.815,2.8,-11.545,12.908,11.511,10.537,8999698474.697,27.335,MWI,,,,
2014,Malawi,4.292,,,,,,,,,,MWI2014,23.792,8801326169.145,529.513,4.967,19.278,20.969,5.625,-12.822,14.065,11.796,10.949,8640515834.706,27.921,MWI,,,,
2012,Malawi,4.113,,,,,,,,,,MWI2012,21.271,8773203178.165,558.462,4.952,12.487,17.64,1.9,-8.488,11.872,9.822,9.316,8638482884.796,28.462,MWI,,,,
2011,Malawi,4.624,,,,,,,,,,MWI2011,7.623,11648142958.365,763.061,4.842,8.562,13.99,4.933,-9.759,12.526,11.401,10.618,11532861683.348,18.846,MWI,,,,
2024,Malaysia,5.955,5.854,6.055,1.571,1.315,0.446,0.991,0.181,0.11,1.341,MYS2024,1.834,,,3.826,,,,,,,,,,MYS,,,,
2023,Malaysia,5.975,5.872,6.078,1.646,1.143,0.54,0.829,0.226,0.119,1.473,MYS2023,2.489,399705169318.477,11379.086,3.869,7.327,-1.872,3.555,1.565,17.019,17.278,12.573,388101205732.467,64.321,MYS,,,,
2022,Malaysia,6.012,5.858,6.167,1.665,1.155,0.385,0.659,0.222,0.122,1.804,MYS2022,3.379,407605841348.235,11748.092,3.93,-2.345,6.403,8.862,3.125,17.906,16.409,11.637,394667473818.317,60.181,MYS,,,,
2021,Malaysia,5.711,5.578,5.845,1.689,0.938,0.62,0.654,0.213,0.126,1.471,MYS2021,2.477,373784823672.946,10903.112,4.64,-2.112,5.676,3.315,3.877,17.254,15.093,11.216,363611089241.775,63.267,MYS,,,,
2020,Malaysia,5.384,5.289,5.48,1.259,0.797,0.587,0.624,0.27,0.064,1.784,MYS2020,-1.139,337456163961.211,9957.526,4.54,4.801,-0.818,-5.457,4.19,18.472,15.867,10.885,330671265155.887,62.007,MYS,,,,
2019,Malaysia,5.384,5.289,5.48,1.168,1.174,0.789,0.597,0.275,0.062,1.319,MYS2019,0.663,365177721021.516,10920.192,3.26,4.802,0.072,4.413,3.504,17.357,17.479,11.936,355643356741.268,52.421,MYS,,,,
2018,Malaysia,5.339,,,,,,,,,,MYS2018,0.885,358788845712.53,10901.802,3.3,4.277,0.625,4.843,2.237,15.922,16.086,12.023,347616421527.931,51.186,MYS,,,,
2017,Malaysia,6.322,,,,,,,,,,MYS2017,3.871,319109094160.343,9862.548,3.41,0.799,3.779,5.813,2.808,15.826,16.061,12.946,310119720279.85,50.05,MYS,,,,
2016,Malaysia,6.084,,,,,,,,,,MYS2016,2.091,301256033870.334,9476.534,3.44,2.826,1.658,4.45,2.368,16.764,16.998,13.551,292917092605.123,51.891,MYS,,,,
2015,Malaysia,6.005,,,,,,,,,,MYS2015,2.104,301355266964.947,9648.68,3.1,3.307,1.218,5.092,3.009,18.291,18.615,14.057,293133023632.862,53.574,MYS,,,,
2014,Malaysia,5.77,,,,,,,,,,MYS2014,3.143,338066095097.254,11013.311,2.88,2.069,2.467,6.007,4.392,19.684,19.94,14.841,326875882255.886,52.676,MYS,,,,
2012,Malaysia,5.76,,,,,,,,,,MYS2012,1.664,314443047642.111,10600.574,3.1,3.748,1.0,5.473,5.189,20.98,21.407,15.613,302839192295.004,51.646,MYS,,,,
2011,Malaysia,5.823,,,,,,,,,,MYS2011,3.174,297951668674.835,10217.107,3.05,-0.472,5.412,5.294,10.905,19.735,20.337,14.794,290892852065.831,50.029,MYS,,,,
2020,Maldives,5.198,5.057,5.339,1.115,1.015,0.697,0.575,0.204,0.073,1.52,MDV2020,-1.37,3712604583.367,7393.889,5.434,15.487,-3.365,-32.909,-35.748,35.346,24.706,20.112,3406811511.663,,MDV,,,,
2019,Maldives,5.198,5.057,5.339,0.938,1.402,0.914,0.548,0.224,0.072,1.099,MDV2019,0.22,5726094799.377,11740.272,4.562,13.003,-1.31,7.298,-25.817,25.413,24.825,19.941,5166269608.417,,MDV,,,,
2024,Mali,4.345,4.232,4.457,0.709,0.908,0.318,0.767,0.093,0.114,1.436,MLI2024,3.206,,,3.06,,,,,,,,,,MLI,,,,
2023,Mali,4.232,4.117,4.347,0.747,0.688,0.267,0.586,0.12,0.09,1.734,MLI2023,2.059,20661794596.087,869.27,2.956,,2.226,4.657,-7.794,,,,19697353849.248,,MLI,,,,
2022,Mali,4.198,4.076,4.319,0.763,0.637,0.106,0.441,0.121,0.059,2.07,MLI2022,9.621,18780322203.758,813.965,2.387,,5.728,3.475,-7.856,,,,17997835632.059,,MLI,,,,
2021,Mali,4.479,4.347,4.611,0.792,0.483,0.311,0.35,0.128,0.042,2.373,MLI2021,3.926,19309463508.038,862.467,3.966,,3.359,3.053,-7.605,,,,18419319470.469,,MLI,,,,
2020,Mali,4.723,4.563,4.884,0.387,0.59,0.11,0.384,0.164,0.072,3.016,MLI2020,0.438,17465392764.371,804.344,3.528,,0.532,-1.235,-2.174,14.501,15.006,14.165,16726618026.267,,MLI,,,,
2019,Mali,4.729,4.603,4.855,0.352,0.973,0.235,0.378,0.17,0.062,2.559,MLI2019,-1.658,17280250810.032,820.197,3.29,,1.931,4.756,-7.458,12.858,15.434,14.501,16584807149.375,,MLI,,,,
2018,Mali,4.39,,,,,,,,,,MLI2018,0.3,17070867589.906,835.087,1.62,,1.458,4.746,-4.899,12.372,12.431,11.67,16560622892.297,,MLI,,,,
2017,Mali,4.447,,,,,,,,,,MLI2017,1.76,15365713048.199,775.536,1.494,3.145,1.934,5.305,-7.894,12.507,17.398,15.883,14864816778.587,,MLI,,,,
2016,Mali,4.19,,,,,,,,,,MLI2016,-1.8,14026048335.705,730.855,1.367,3.891,1.351,5.852,-7.243,12.315,16.048,15.396,13651410705.584,,MLI,,,,
2015,Mali,4.073,,,,,,,,,,MLI2015,1.451,13104764378.326,704.822,1.401,2.207,2.884,6.172,-5.324,12.277,14.864,14.095,12808995432.8,,MLI,,,,
2014,Mali,3.995,,,,,,,,,,MLI2014,0.884,14364937124.073,797.155,1.474,4.019,1.269,7.085,-4.711,12.958,13.198,12.647,13980007389.46,,MLI,,,,
2012,Mali,4.247,,,,,,,,,,MLI2012,5.323,12442035339.105,733.739,1.482,0.415,4.605,-0.837,-2.191,11.989,13.794,12.991,11981790282.075,,MLI,,,,
2011,Mali,3.967,,,,,,,,,,MLI2011,2.956,12995112690.26,789.063,1.422,-6.175,12.183,3.213,-5.058,12.242,13.138,12.545,12532791363.725,,MLI,,,,
2024,Malta,6.316,6.234,6.398,1.76,1.671,0.837,0.837,0.217,0.115,0.879,MLT2024,,,,2.703,,,,,,,,,,MLT,,,,
2023,Malta,6.346,6.261,6.43,1.827,1.444,0.707,0.727,0.25,0.125,1.267,MLT2023,5.094,22328640241.555,40395.769,3.11,,5.305,7.499,6.38,34.119,31.131,21.754,19351359464.34,,MLT,,,,
2022,Malta,6.3,6.212,6.388,1.841,1.468,0.547,0.671,0.2,0.143,1.429,MLT2022,6.154,19209979975.232,36142.206,2.921,,5.061,4.148,-0.873,35.956,32.022,22.654,16534181877.248,,MLT,,,,
2021,Malta,6.447,6.359,6.535,1.838,1.169,0.789,0.679,0.174,0.166,1.631,MLT2021,1.498,19718565605.433,38027.38,3.394,,2.426,13.46,9.35,37.193,32.027,22.432,17295453183.583,,MLT,,,,
2020,Malta,6.602,6.516,6.688,1.411,1.055,0.747,0.664,0.275,0.183,2.268,MLT2020,0.639,16385919535.674,31796.821,4.347,,1.838,-3.475,16.116,39.899,32.868,22.511,14532952942.641,,MLT,,,,
2019,Malta,6.773,6.689,6.857,1.253,1.443,0.972,0.633,0.341,0.179,1.952,MLT2019,1.642,16337793530.779,32412.27,3.616,,2.506,4.085,17.85,32.703,34.986,25.103,14798835701.396,,MLT,,,,
2018,Malta,6.726,,,,,,,,,,MLT2018,1.158,16153779511.156,33332.191,3.658,,1.798,7.189,13.348,32.592,35.779,25.427,14669786905.109,,MLT,,,,
2017,Malta,6.627,,,,,,,,,,MLT2017,1.364,14161366723.678,30259.395,4.002,,2.135,12.972,19.158,31.815,35.645,26.006,13113525048.407,,MLT,,,,
2016,Malta,6.527,,,,,,,,,,MLT2016,0.643,12025782834.36,26409.629,4.687,,2.126,4.078,-0.552,34.459,36.105,26.249,10688627580.054,,MLT,,,,
2015,Malta,6.488,,,,,,,,,,MLT2015,1.101,11340795041.806,25481.898,5.389,,4.2,9.621,2.65,35.356,36.476,24.322,10554342526.762,,MLT,,,,
2014,Malta,6.302,,,,,,,,,,MLT2014,0.31,11888032872.432,27356.608,5.725,,2.271,7.631,8.342,37.739,37.532,25.576,11000384403.131,,MLT,,,,
2012,Malta,5.964,,,,,,,,,,MLT2012,2.376,9609532088.887,22878.313,6.197,2.489,2.16,4.103,1.574,39.871,37.69,25.295,9144219499.755,,MLT,,,,
2011,Malta,5.96,,,,,,,,,,MLT2011,2.963,9789361703.697,23516.969,6.378,3.215,1.483,0.992,-0.133,40.449,37.939,25.411,9386251622.324,,MLT,,,,
2024,Mauritania,4.542,4.408,4.676,1.023,0.919,0.516,0.454,0.113,0.195,1.323,MRT2024,,,,10.373,,,,,,,,,,MRT,,,,
2023,Mauritania,4.505,4.337,4.673,1.078,0.705,0.4,0.343,0.133,0.198,1.649,MRT2023,4.953,10651709411.459,2120.823,10.446,,3.371,6.507,-9.074,,,,10660320959.179,,MRT,,,,
2022,Mauritania,4.724,4.437,5.011,1.099,0.764,0.244,0.32,0.13,0.195,1.973,MRT2022,9.525,9557966698.254,1960.352,10.531,,-0.612,6.796,-14.9,,,,9500605780.425,,MRT,,,,
2021,Mauritania,4.153,3.95,4.356,1.1,0.865,0.45,0.304,0.088,0.138,1.207,MRT2021,3.565,9222536364.013,1947.789,11.144,,7.465,0.743,-8.76,,,,9076362254.149,,MRT,,,,
2020,Mauritania,4.227,4.09,4.365,0.666,0.749,0.273,0.218,0.119,0.133,2.069,MRT2020,2.386,8260752385.231,1795.765,11.054,,6.441,-0.361,-6.975,,,,8155048186.479,,MRT,,,,
2019,Mauritania,4.375,4.267,4.483,0.54,1.113,0.425,0.186,0.129,0.122,1.86,MRT2019,2.3,7894764885.823,1767.073,10.416,,5.328,3.141,-10.527,,,,7798537820.06,,MRT,,,,
2018,Mauritania,4.49,,,,,,,,,,MRT2018,3.067,7473550557.074,1722.935,10.407,,4.554,4.772,-13.018,,,,7435080653.073,,MRT,,,,
2017,Mauritania,4.356,,,,,,,,,,MRT2017,2.254,6800135898.288,1615.004,10.336,15.176,1.584,6.271,-10.426,,,,6703487753.411,,MRT,,,,
2016,Mauritania,4.292,,,,,,,,,,MRT2016,1.472,6398747592.132,1565.766,10.283,5.206,11.21,1.261,-11.046,,,,6282235172.531,,MRT,,,,
2015,Mauritania,4.201,,,,,,,,,,MRT2015,3.255,6166863896.687,1554.949,10.108,22.891,-4.794,5.376,-15.501,,,,5986395816.426,,MRT,,,,
2014,Mauritania,4.436,,,,,,,,,,MRT2014,3.534,6592537781.815,1713.009,10.028,32.768,-11.876,4.275,-22.345,,,,6339728998.266,,MRT,,,,
2012,Mauritania,4.758,,,,,,,,,,MRT2012,4.902,6728208836.221,1859.117,9.864,16.469,0.456,4.47,-18.223,,,,6537356580.81,,MRT,,,,
2011,Mauritania,4.643,,,,,,,,,,MRT2011,5.686,6764627745.903,1931.2,9.968,-0.466,17.548,4.173,,,,,6609314084.926,,MRT,,,,
2024,Mauritius,5.832,5.715,5.948,1.499,1.521,0.617,0.761,0.095,0.13,1.209,MUS2024,4.103,,,5.476,,,,,,,,,,MUS,,,,
2023,Mauritius,5.816,5.706,5.927,1.57,1.358,0.49,0.641,0.123,0.118,1.517,MUS2023,7.053,14644524819.005,11613.044,5.571,0.914,8.508,6.958,-4.423,28.004,23.69,19.787,15000124262.09,,MUS,,,,
2022,Mauritius,5.902,5.791,6.013,1.589,1.382,0.336,0.574,0.121,0.11,1.79,MUS2022,10.774,12927979286.045,10239.797,6.322,-1.882,9.566,8.88,-11.114,28.211,23.856,19.05,13475522983.787,,MUS,,,,
2021,Mauritius,6.071,5.958,6.184,1.591,1.116,0.568,0.589,0.131,0.107,1.969,MUS2021,4.029,11484348857.853,9068.973,7.719,3.6,3.157,3.404,-13.032,32.937,21.521,18.264,12106744454.643,,MUS,,,,
2020,Mauritius,6.049,5.933,6.165,1.178,0.996,0.574,0.59,0.153,0.096,2.462,MUS2020,2.581,11408106446.314,9011.043,8.626,4.535,2.573,-14.547,-8.789,31.687,24.241,20.706,11947741898.968,,MUS,,,,
2019,Mauritius,6.101,5.989,6.213,1.074,1.396,0.763,0.591,0.187,0.084,2.007,MUS2019,0.406,14436346979.636,11403.253,6.331,8.958,-0.466,2.891,-4.977,22.842,22.34,19.407,15153839975.89,57.962,MUS,,,,
2018,Mauritius,5.888,,,,,,,,,,MUS2018,3.216,14735695930.973,11643.461,6.426,6.712,1.675,4.007,-3.769,22.576,21.888,18.406,15450103729.549,55.382,MUS,,,,
2017,Mauritius,5.891,,,,,,,,,,MUS2017,3.667,13713506130.608,10841.685,6.752,6.753,1.637,3.938,-4.464,22.222,21.551,17.933,14051920385.618,56.158,MUS,,,,
2016,Mauritius,5.629,,,,,,,,,,MUS2016,0.978,12594155464.414,9965.725,6.814,5.973,2.385,3.862,-3.901,23.067,22.193,17.608,12811307718.277,,MUS,,,,
2015,Mauritius,5.648,,,,,,,,,,MUS2015,1.287,12007291045.649,9507.871,7.41,7.002,1.4,3.691,-3.473,11.391,11.161,8.758,12411835683.336,,MUS,,,,
2014,Mauritius,5.477,,,,,,,,,,MUS2014,3.218,13074129952.053,10366.355,7.467,6.197,2.168,3.827,-5.278,21.826,22.458,18.084,13453633098.474,,MUS,,,,
2012,Mauritius,5.477,,,,,,,,,,MUS2012,3.852,11668696396.789,9291.236,7.472,6.052,2.466,3.496,-7.092,20.356,22.57,18.622,12083538713.447,36.509,MUS,,,,
2011,Mauritius,5.477,,,,,,,,,,MUS2011,6.522,11518413429.968,9197.043,7.447,5.579,3.161,4.078,-13.546,20.4,21.915,18.005,11299782797.643,35.52,MUS,,,,
2024,Mexico,6.979,6.889,7.068,1.435,1.504,0.55,0.879,0.057,0.118,2.438,MEX2024,4.722,,,2.711,,,,,,,,,,MEX,,,,
2023,Mexico,6.678,6.575,6.781,1.521,1.241,0.544,0.722,0.086,0.127,2.437,MEX2023,5.528,1789114434843.46,13790.024,2.765,6.827,4.46,3.2,-0.306,22.526,19.143,14.267,1744482317669.68,45.261,MEX,,,,
2022,Mexico,6.33,6.218,6.441,1.55,1.169,0.389,0.632,0.086,0.115,2.389,MEX2022,7.896,1464312692331.58,11385.407,3.256,1.579,6.497,3.689,-1.202,22.346,19.306,13.428,1430370469535.23,44.048,MEX,,,,
2021,Mexico,6.128,6.017,6.238,1.552,0.886,0.623,0.621,0.092,0.115,2.239,MEX2021,5.689,1316569466932.59,10314.051,4.019,0.386,4.488,6.048,-0.341,20.892,18.343,13.411,1282549137527.22,44.861,MEX,,,,
2020,Mexico,6.317,6.213,6.42,1.126,0.83,0.634,0.585,0.092,0.089,2.961,MEX2020,3.397,1121064767261.88,8841.271,4.44,1.646,4.62,-8.354,2.4,21.698,18.645,13.898,1085047504590.05,45.837,MEX,,,,
2019,Mexico,6.465,6.371,6.559,1.024,1.226,0.832,0.554,0.083,0.083,2.663,MEX2019,3.636,1304106203694.81,10369.555,3.477,3.94,4.319,-0.393,-0.297,19.81,18.519,12.788,1267424146058.02,41.327,MEX,,,,
2018,Mexico,6.595,,,,,,,,,,MEX2018,4.899,1256300182879.73,10084.794,3.275,2.695,5.204,1.972,-2.064,19.87,18.334,12.712,1223821716221.84,,MEX,,,,
2017,Mexico,6.488,,,,,,,,,,MEX2017,6.041,1190721475906.0,9649.278,3.419,0.718,6.568,1.872,-1.797,19.866,19.447,12.687,1160558920059.09,,MEX,,,,
2016,Mexico,6.578,,,,,,,,,,MEX2016,2.822,1112233497452.7,9097.924,3.853,-1.248,6.078,1.772,-2.273,20.328,19.192,13.124,1083159760755.14,,MEX,,,,
2015,Mexico,6.778,,,,,,,,,,MEX2015,2.721,1213294467716.88,10021.239,4.311,0.207,3.225,2.702,-2.599,20.869,18.368,12.346,1182962837135.44,,MEX,,,,
2014,Mexico,7.187,,,,,,,,,,MEX2014,4.019,1364507717614.13,11391.377,4.819,-0.783,4.368,2.504,-1.821,20.997,17.689,10.243,1332054399903.7,,MEX,,,,
2012,Mexico,7.088,,,,,,,,,,MEX2012,4.112,1255110424817.79,10744.134,4.892,0.133,4.542,3.553,-1.41,20.932,17.938,9.352,1228761368842.97,,MEX,,,,
2011,Mexico,6.74,,,,,,,,,,MEX2011,3.407,1229013703416.76,10664.494,5.175,-0.718,5.67,3.444,-0.858,20.874,18.169,9.617,1210622838008.34,,MEX,,,,
2024,Mongolia,5.833,5.747,5.919,1.336,1.731,0.423,0.629,0.18,0.053,1.481,MNG2024,6.803,,,5.424,,,,,,,,,,MNG,,,,
2023,Mongolia,5.696,5.61,5.783,1.353,1.511,0.4,0.501,0.237,0.055,1.64,MNG2023,10.348,20325121393.907,5838.631,5.503,,21.769,7.422,0.597,,,,18096012116.687,,MNG,,,,
2022,Mongolia,5.84,5.75,5.93,1.379,1.494,0.244,0.425,0.239,0.058,2.001,MNG2022,15.148,17146471713.748,4993.515,6.211,,17.715,5.033,-13.434,,,,15067905989.687,,MNG,,,,
2021,Mongolia,5.761,5.676,5.845,1.393,1.197,0.467,0.398,0.247,0.059,1.999,MNG2021,7.353,15286441737.669,4517.616,7.747,1.387,14.42,1.637,-13.793,31.697,28.99,16.909,13054692170.944,67.571,MNG,,,,
2020,Mongolia,5.677,5.595,5.76,0.966,1.065,0.442,0.397,0.263,0.053,2.492,MNG2020,3.796,13312981429.089,4001.252,6.594,12.751,3.707,-4.558,-5.067,33.179,29.228,14.146,12053017479.445,73.937,MNG,,,,
2019,Mongolia,5.456,5.377,5.535,0.905,1.459,0.616,0.356,0.264,0.047,1.811,MNG2019,7.301,14206359017.514,4347.546,9.269,6.387,9.972,5.602,-15.216,25.616,30.712,16.851,12634360587.851,60.844,MNG,,,,
2018,Mongolia,5.285,,,,,,,,,,MNG2018,6.824,13178094720.499,4107.643,5.377,9.034,7.961,7.745,-14.437,22.501,28.507,16.689,11943636998.207,65.965,MNG,,,,
2017,Mongolia,5.125,,,,,,,,,,MNG2017,4.301,11480847740.736,3645.967,6.359,8.309,10.8,5.637,-10.064,23.702,24.821,13.547,9872124813.335,,MNG,,,,
2016,Mongolia,4.955,,,,,,,,,,MNG2016,0.733,11181350649.357,3619.9,7.235,16.262,2.993,1.49,-6.257,27.399,21.146,11.351,10260106001.649,,MNG,,,,
2015,Mongolia,4.907,,,,,,,,,,MNG2015,5.736,11619892590.694,3838.921,4.861,18.838,0.61,2.38,-8.162,24.313,22.815,11.894,10652455621.448,,MNG,,,,
2014,Mongolia,4.874,,,,,,,,,,MNG2014,12.254,12226514668.062,4126.24,4.798,10.774,7.449,7.885,-15.821,23.733,25.155,12.902,11232542766.233,,MNG,,,,
2012,Mongolia,4.834,,,,,,,,,,MNG2012,14.33,12292770631.565,4328.89,3.905,4.725,12.784,12.32,-43.771,27.075,25.617,15.312,11343401728.812,,MNG,,,,
2011,Mongolia,4.562,,,,,,,,,,MNG2011,8.411,10409797377.857,3736.042,4.769,1.294,15.119,17.291,-43.346,24.431,28.593,18.467,9551979901.622,,MNG,,,,
2024,Montenegro,5.877,5.789,5.965,1.507,1.551,0.618,0.768,0.075,0.138,1.22,MNE2024,3.337,,,14.1,,,,,,,,,,MNE,,,,
2023,Montenegro,5.707,5.599,5.815,1.571,1.318,0.587,0.632,0.11,0.132,1.357,MNE2023,8.585,7530593375.22,12221.478,14.621,-3.798,10.543,6.338,-11.308,,,,7604564025.478,,MNE,,,,
2022,Montenegro,5.722,5.503,5.941,1.537,1.385,0.424,0.563,0.17,0.061,1.581,MNE2022,13.04,6229801580.792,10093.439,14.851,-5.978,12.355,6.407,-13.128,,,,6353915382.642,,MNE,,,,
2021,Montenegro,5.547,5.413,5.681,1.573,1.023,0.659,0.46,0.135,0.077,1.619,MNE2021,2.411,5861427505.125,9465.962,16.543,0.988,4.726,13.043,-9.233,,,,5982455401.555,,MNE,,,,
2020,Montenegro,5.581,5.475,5.686,1.155,0.891,0.637,0.397,0.166,0.081,2.254,MNE2020,-0.256,4769996866.008,7677.371,17.878,6.093,-0.176,-15.307,-25.934,,,,4845904669.649,,MNE,,,,
2019,Montenegro,5.546,5.45,5.642,1.01,1.266,0.839,0.303,0.149,0.098,1.881,MNE2019,0.362,5542054181.126,8909.654,15.128,4.071,2.022,4.063,-14.357,,,,5604334042.315,,MNE,,,,
2018,Montenegro,5.523,,,,,,,,,,MNE2018,2.611,5506942238.357,8850.375,15.19,3.2,3.226,5.078,-17.124,,,,5571825861.24,,MNE,,,,
2017,Montenegro,5.347,,,,,,,,,,MNE2017,2.38,4856599480.799,7803.358,16.082,3.247,3.825,4.716,-15.678,,,,4956345528.611,,MNE,,,,
2016,Montenegro,5.237,,,,,,,,,,MNE2016,-0.271,4376930578.324,7033.44,17.732,2.731,5.101,2.949,-16.164,,,,4415192363.25,,MNE,,,,
2015,Montenegro,5.161,,,,,,,,,,MNE2015,1.549,4054730077.577,6517.193,17.555,6.568,2.22,3.39,-10.929,,,,4143543186.7,,MNE,,,,
2014,Montenegro,5.192,,,,,,,,,,MNE2014,-0.711,4593853290.963,7387.873,18.054,8.29,1.036,1.784,-12.417,,,,4654833219.968,,MNE,,,,
2012,Montenegro,5.299,,,,,,,,,,MNE2012,4.145,4087526241.813,6586.4,19.808,9.369,0.177,-2.724,-15.625,,,,4156682443.874,,MNE,,,,
2011,Montenegro,5.147,,,,,,,,,,MNE2011,3.45,4544428421.495,7328.789,19.759,8.383,1.203,3.228,-14.627,,,,4580993271.289,,MNE,,,,
2024,Morocco,4.622,4.509,4.736,1.139,0.635,0.585,0.748,0.031,0.095,1.388,MAR2024,0.985,,,8.943,,,,,,,,,,MAR,,,,
2023,Morocco,4.795,4.677,4.912,1.213,0.471,0.495,0.631,0.042,0.082,1.861,MAR2023,6.091,144417103249.646,3771.446,9.044,,6.361,3.403,-0.617,26.909,26.445,20.976,142354111742.215,,MAR,,,,
2022,Morocco,4.903,4.783,5.023,1.236,0.535,0.337,0.54,0.013,0.085,2.158,MAR2022,6.657,130951926351.241,3455.396,9.494,,2.662,1.527,-3.666,28.208,26.888,22.109,129037582204.306,,MAR,,,,
2021,Morocco,5.06,4.938,5.181,1.208,0.268,0.565,0.492,0.02,0.102,2.405,MAR2021,1.402,142022058447.231,3785.936,10.576,,2.415,8.155,-2.358,25.631,24.211,19.665,140063329923.044,,MAR,,,,
2020,Morocco,4.918,4.8,5.036,0.792,0.219,0.558,0.477,0.034,0.088,2.749,MAR2020,0.706,121353645057.144,3268.03,11.223,,0.142,-7.178,-1.128,27.21,26.565,20.022,120193575825.745,,MAR,,,,
2019,Morocco,5.095,4.986,5.204,0.759,0.645,0.745,0.45,0.04,0.077,2.378,MAR2019,0.303,128920266409.458,3508.098,9.194,,0.817,2.891,-3.418,23.388,23.683,19.914,126978615953.539,,MAR,,,,
2018,Morocco,5.208,,,,,,,,,,MAR2018,1.804,127341147581.818,3501.698,9.271,,0.939,3.066,-4.873,22.858,23.878,20.286,125425336311.069,,MAR,,,,
2017,Morocco,5.254,,,,,,,,,,MAR2017,0.755,118540573367.844,3296.527,9.223,,-0.061,5.058,-3.102,22.679,23.368,20.13,116714427716.555,,MAR,,,,
2016,Morocco,5.235,,,,,,,,,,MAR2016,1.635,111572947004.917,3140.855,9.3,,0.97,0.521,-3.746,22.769,23.329,19.867,110026167792.814,,MAR,,,,
2015,Morocco,5.151,,,,,,,,,,MAR2015,1.558,110413823841.592,3146.248,9.46,,3.173,4.345,-1.957,23.061,23.691,19.437,108703008127.117,,MAR,,,,
2014,Morocco,5.013,,,,,,,,,,MAR2014,0.442,119130841411.664,3435.407,9.7,,0.215,2.719,-5.538,25.417,24.515,20.354,116737884764.791,,MAR,,,,
2012,Morocco,4.885,,,,,,,,,,MAR2012,1.287,106937392311.129,3164.177,8.99,,0.533,3.062,-8.95,27.369,25.716,21.965,104953373174.425,,MAR,,,,
2011,Morocco,4.793,,,,,,,,,,MAR2011,0.907,110080631332.375,3301.989,8.91,,-0.599,5.525,-7.267,27.064,24.899,21.453,108370716160.633,51.226,MAR,,,,
2024,Mozambique,5.19,5.004,5.376,0.559,1.131,0.124,0.813,0.127,0.173,2.262,MOZ2024,,,,3.527,,,,,,,,,,MOZ,,,,
2023,Mozambique,5.216,5.027,5.406,0.56,0.883,0.156,0.728,0.158,0.196,2.536,MOZ2023,7.127,20954220983.547,622.986,3.519,17.472,5.301,5.437,-10.534,,,,19117015861.59,,MOZ,,,,
2022,Mozambique,4.954,4.727,5.181,0.57,0.885,0.0,0.625,0.161,0.192,2.519,MOZ2022,10.279,18883528581.373,578.252,3.596,10.061,9.152,4.364,-33.716,26.004,24.57,22.662,17461632220.209,76.635,MOZ,,,,
2021,Mozambique,5.048,4.823,5.273,0.578,0.66,0.191,0.593,0.185,0.2,2.641,MOZ2021,6.408,16168055475.445,509.908,4.053,13.023,4.551,2.377,-21.193,23.304,25.11,22.748,15828197520.813,84.157,MOZ,,,,
2020,Mozambique,4.794,4.592,4.997,0.183,0.634,0.196,0.608,0.228,0.163,2.783,MOZ2020,3.484,14235420174.188,462.434,3.921,13.476,3.172,-1.22,-24.991,22.905,22.689,21.527,13948700692.435,101.391,MOZ,,,,
2019,Mozambique,4.624,4.468,4.779,0.179,0.955,0.324,0.561,0.22,0.163,2.221,MOZ2019,2.803,15512759046.672,519.093,3.646,13.643,4.678,2.318,-16.076,20.043,28.516,26.683,15236312737.543,78.878,MOZ,,,,
2018,Mozambique,4.466,,,,,,,,,,MOZ2018,3.911,15017358952.845,517.507,3.604,18.487,3.795,3.485,-29.467,19.649,23.01,21.193,14730512197.949,81.354,MOZ,,,,
2017,Mozambique,4.417,,,,,,,,,,MOZ2017,15.113,13264640645.777,470.939,3.539,18.409,7.978,2.638,-17.939,17.626,23.923,22.112,12884983781.301,78.505,MOZ,,,,
2016,Mozambique,4.55,,,,,,,,,,MOZ2016,17.418,12069051237.171,441.49,3.457,8.038,12.161,4.697,-33.692,18.52,21.394,20.077,11833552380.143,92.242,MOZ,,,,
2014,Mozambique,4.971,,,,,,,,,,MOZ2014,2.56,17978246586.066,697.143,3.377,13.565,1.086,7.703,-32.245,,27.223,23.965,17776333933.473,,MOZ,,,,
2012,Mozambique,4.971,,,,,,,,,,MOZ2012,2.602,16688114144.074,685.686,3.305,13.219,3.175,7.995,-40.688,22.244,20.512,18.629,16612647548.809,,MOZ,,,,
2011,Mozambique,4.693,,,,,,,,,,MOZ2011,11.167,14619279988.716,618.176,3.296,16.367,2.348,7.134,-22.77,21.295,18.694,16.8,14364079955.001,,MOZ,,,,
2024,Myanmar,4.321,4.172,4.471,0.975,1.144,0.446,0.569,0.322,0.163,0.702,MMR2024,,,,3.032,,,,,,,,,,MMR,,,,
2023,Myanmar,4.354,4.208,4.501,0.978,0.988,0.436,0.45,0.401,0.174,0.928,MMR2023,,66757619000.0,1233.197,3.032,,10.788,0.958,,,,,65509819000.0,,MMR,,,,
2022,Myanmar,4.372,4.212,4.533,1.032,1.125,0.269,0.46,0.4,0.194,0.893,MMR2022,,62253049891.645,1158.05,3.057,,6.164,4.037,,,,,61143674717.804,,MMR,,,,
2021,Myanmar,4.394,4.277,4.511,1.038,0.829,0.491,0.513,0.452,0.194,0.877,MMR2021,,66345291160.168,1242.721,4.34,,19.517,-12.016,,,,,65297947226.451,,MMR,,,,
2020,Myanmar,4.426,4.324,4.527,0.666,0.713,0.341,0.601,0.52,0.178,1.407,MMR2020,,79006113643.191,1490.217,1.476,9.008,5.344,-9.048,,,,,77509313176.581,,MMR,,,,
2019,Myanmar,4.308,4.224,4.392,0.678,1.098,0.495,0.597,0.57,0.188,0.681,MMR2019,8.825,75065106227.689,1425.99,0.407,10.033,5.423,6.579,0.09,13.776,14.389,6.018,72641276228.21,,MMR,,,,
2018,Myanmar,4.36,,,,,,,,,,MMR2018,6.872,67860515989.517,1298.213,0.767,10.118,5.341,6.269,-3.774,6.381,7.013,2.757,65984255989.64,,MMR,,,,
2017,Myanmar,4.308,,,,,,,,,,MMR2017,4.573,66053040483.002,1272.822,1.356,9.565,5.873,6.136,-7.444,16.92,15.985,6.078,63958040482.751,,MMR,,,,
2016,Myanmar,4.545,,,,,,,,,,MMR2016,6.929,63298361996.215,1229.197,1.058,11.952,3.616,5.862,-3.032,15.348,16.79,7.176,61653951995.848,,MMR,,,,
2015,Myanmar,4.395,,,,,,,,,,MMR2015,9.454,59607290407.594,1166.733,0.766,11.392,4.137,6.993,-5.216,17.04,18.506,6.011,57499580407.606,,MMR,,,,
2014,Myanmar,4.307,,,,,,,,,,MMR2014,4.953,65531374199.674,1293.0,0.763,11.635,3.91,8.17,-3.787,16.494,22.028,5.841,62535394200.176,,MMR,,,,
2012,Myanmar,4.439,,,,,,,,,,MMR2012,1.468,59937796648.216,1202.666,0.767,12.479,3.13,7.333,-2.102,10.55,19.701,4.524,57556421307.723,,MMR,,,,
2011,Myanmar,5.322,,,,,,,,,,MMR2011,5.021,59977326085.991,1213.629,0.75,8.932,10.255,5.591,-2.603,,,,59964576988.509,,MMR,,,,
2024,Namibia,4.911,4.797,5.025,1.182,1.482,0.104,0.564,0.052,0.056,1.47,NAM2024,4.239,,,19.148,,,,,,,,,,NAM,,,,
2023,Namibia,4.832,4.705,4.958,1.266,1.212,0.307,0.47,0.069,0.061,1.446,NAM2023,5.88,12351025066.913,4168.285,19.365,4.241,6.414,4.16,-14.647,,,,11781635235.626,,NAM,,,,
2022,Namibia,4.631,4.496,4.766,1.289,1.126,0.145,0.383,0.069,0.071,1.549,NAM2022,6.081,12567271004.676,4349.045,19.695,2.034,6.448,5.35,-12.815,35.724,31.295,27.172,12080731344.085,,NAM,,,,
2021,Namibia,4.459,4.326,4.593,1.292,0.877,0.354,0.384,0.067,0.071,1.414,NAM2021,3.617,12402486183.64,4412.836,20.922,5.245,1.534,3.604,-11.23,37.603,30.207,28.064,11934183889.963,,NAM,,,,
2020,Namibia,4.574,4.448,4.7,0.882,0.801,0.262,0.411,0.091,0.059,2.068,NAM2020,2.209,10583748541.526,3878.59,21.004,3.094,4.632,-8.101,2.987,40.315,33.032,31.206,10539865094.82,,NAM,,,,
2019,Namibia,4.571,4.452,4.691,0.84,1.246,0.407,0.445,0.076,0.054,1.503,NAM2019,3.722,12541928303.48,4731.921,19.921,8.867,0.926,-0.839,-1.765,34.524,32.24,30.393,12234173555.549,,NAM,,,,
2018,Namibia,4.639,,,,,,,,,,NAM2018,4.292,13682019076.402,5308.608,19.877,5.471,4.428,1.06,-3.552,35.099,30.732,28.932,13176748522.851,,NAM,,,,
2017,Namibia,4.441,,,,,,,,,,NAM2017,6.146,12895153370.913,5143.961,21.733,0.098,9.919,-1.027,-4.421,38.562,32.69,31.308,12661495881.248,,NAM,,,,
2016,Namibia,4.574,,,,,,,,,,NAM2016,6.729,10722018732.094,4395.688,23.352,1.737,7.969,0.034,-16.497,35.452,31.066,29.673,10511261596.57,,NAM,,,,
2015,Namibia,4.574,,,,,,,,,,NAM2015,3.394,11335161083.506,4774.107,20.808,5.256,3.865,4.264,-13.758,38.001,35.655,33.422,11317050632.433,,NAM,,,,
2011,Namibia,4.886,,,,,,,,,,NAM2011,5.006,12523359440.55,5834.792,19.476,4.735,3.815,5.091,-6.848,34.198,32.529,29.551,12010748072.781,,NAM,,,,
2024,Nepal,5.311,5.184,5.437,0.944,1.21,0.463,0.764,0.155,0.099,1.676,NPL2024,,,,10.706,,,,,,,,,,NPL,,,,
2023,Nepal,5.158,5.027,5.29,0.965,0.99,0.443,0.653,0.209,0.115,1.783,NPL2023,7.115,40908073366.846,1377.626,10.628,,5.416,1.953,0.359,,,,41385089422.558,,NPL,,,,
2022,Nepal,5.36,5.214,5.507,0.979,1.027,0.281,0.567,0.215,0.104,2.187,NPL2022,7.651,41182939600.67,1385.911,10.844,,8.241,5.631,-7.499,,,,41421597989.094,,NPL,,,,
2021,Nepal,5.377,5.251,5.502,0.984,0.784,0.499,0.519,0.237,0.13,2.224,NPL2021,4.15,36924841394.26,1252.751,12.186,,6.763,4.838,-14.524,19.442,19.882,17.485,37122384063.19,39.922,NPL,,,,
2020,Nepal,5.269,5.132,5.406,0.519,0.702,0.496,0.488,0.287,0.135,2.642,NPL2020,5.052,33433659301.247,1154.215,12.975,,3.217,-2.37,-0.252,20.165,19.365,15.774,33828751647.554,39.049,NPL,,,,
2019,Nepal,5.137,5.024,5.25,0.444,1.101,0.669,0.481,0.301,0.128,2.014,NPL2019,5.569,34186180699.026,1203.143,10.389,,4.691,6.657,-5.13,21.702,22.401,19.809,34539791626.554,31.777,NPL,,,,
2018,Nepal,4.913,,,,,,,,,,NPL2018,4.061,33111525237.149,1179.198,10.559,,4.356,7.622,-8.301,20.166,22.017,19.083,33328197894.509,,NPL,,,,
2017,Nepal,4.88,,,,,,,,,,NPL2017,3.627,28971588940.364,1034.284,10.66,,8.261,8.977,-3.564,16.854,19.937,17.999,29263410261.849,,NPL,,,,
2016,Nepal,4.962,,,,,,,,,,NPL2016,8.79,24524109483.529,877.256,10.742,,7.15,0.433,-0.684,14.227,18.576,16.144,24843843665.683,,NPL,,,,
2015,Nepal,4.793,,,,,,,,,,NPL2015,7.869,24360801286.764,875.544,10.644,,4.409,3.976,10.043,13.99,16.993,14.686,24704984111.051,,NPL,,,,
2014,Nepal,4.514,,,,,,,,,,NPL2014,8.364,22731612922.191,821.455,10.617,,8.035,6.011,2.183,13.583,16.234,13.995,23065091325.524,,NPL,,,,
2012,Nepal,4.156,,,,,,,,,,NPL2012,9.46,21703100877.131,788.203,10.643,,7.741,4.67,2.661,13.839,13.891,12.041,21854809619.747,,NPL,,,,
2011,Nepal,4.474,,,,,,,,,,NPL2011,9.227,21573872420.701,785.519,10.64,,26.397,3.422,1.338,13.938,13.057,11.625,21678317045.909,,NPL,,,,
2024,Netherlands,7.306,7.24,7.372,1.822,1.667,0.844,0.86,0.186,0.344,1.583,NLD2024,3.348,,,3.599,,,,,,,,,,NLD,,,,
2023,Netherlands,7.319,7.256,7.383,1.901,1.462,0.706,0.725,0.247,0.372,1.906,NLD2023,3.838,1154361305398.06,64572.006,3.537,,7.344,0.075,9.848,39.316,38.802,24.841,1144673458276.42,,NLD,,,,
2022,Netherlands,7.403,7.346,7.46,1.942,1.488,0.545,0.672,0.251,0.394,2.11,NLD2022,10.001,1046540797548.64,59123.319,3.526,,6.156,5.007,6.658,39.365,39.167,23.899,999999206889.109,,NLD,,,,
2021,Netherlands,7.415,7.359,7.471,1.945,1.206,0.787,0.651,0.271,0.419,2.137,NLD2021,2.676,1054472123449.6,60141.988,4.209,,2.747,6.277,10.047,41.795,39.441,24.309,1046137352484.48,,NLD,,,,
2020,Netherlands,7.464,7.41,7.518,1.501,1.079,0.753,0.647,0.302,0.384,2.798,NLD2020,1.272,932560861701.17,53467.928,3.82,,2.356,-3.868,5.618,43.024,39.84,23.923,880056390964.983,,NLD,,,,
2019,Netherlands,7.449,7.394,7.503,1.339,1.464,0.976,0.614,0.336,0.369,2.352,NLD2019,2.634,928903005576.469,53554.901,3.379,,3.028,2.3,6.839,37.498,39.59,23.576,891679358650.979,,NLD,,,,
2018,Netherlands,7.488,,,,,,,,,,NLD2018,1.703,929733599796.862,53955.077,3.832,,2.533,2.259,8.98,37.987,39.504,22.952,910598593874.509,,NLD,,,,
2017,Netherlands,7.441,,,,,,,,,,NLD2017,1.381,848233537845.884,49513.682,4.837,,1.439,2.782,8.128,38.285,39.544,23.061,824285426585.884,,NLD,,,,
2016,Netherlands,7.377,,,,,,,,,,NLD2016,0.317,797163949289.885,46808.529,6.007,,0.566,2.424,7.275,39.443,39.482,22.348,765032765730.352,,NLD,,,,
2015,Netherlands,7.339,,,,,,,,,,NLD2015,0.6,775743675302.734,45793.814,6.872,,0.888,2.121,4.919,40.613,38.705,21.796,757772895013.281,,NLD,,,,
2014,Netherlands,7.378,,,,,,,,,,NLD2014,0.976,901556501756.467,53457.223,7.419,,0.344,1.613,8.852,41.947,39.73,21.539,883166065399.213,,NLD,,,,
2012,Netherlands,7.512,,,,,,,,,,NLD2012,2.456,845689017065.625,50473.944,5.821,0.292,1.329,-0.978,7.826,42.138,38.925,20.322,829582906275.0,,NLD,,,,
2011,Netherlands,7.512,,,,,,,,,,NLD2011,2.341,913140741332.687,54701.773,4.977,1.753,0.243,1.773,7.223,41.89,38.473,20.664,902234771926.072,,NLD,,,,
2024,New Zealand,6.952,6.874,7.031,1.698,1.712,0.815,0.861,0.167,0.429,1.27,NZL2024,2.923,,,4.869,,,,,,,,,,NZL,,,,
2023,New Zealand,7.029,6.954,7.105,1.81,1.527,0.673,0.746,0.226,0.48,1.567,NZL2023,5.733,252175506110.168,48280.811,3.729,,4.759,0.733,-6.767,,,,244146718394.277,,NZL,,,,
2022,New Zealand,7.123,7.048,7.198,1.842,1.544,0.513,0.672,0.23,0.471,1.852,NZL2022,7.172,246733522841.353,48216.51,3.297,,5.587,2.775,-8.765,35.926,33.61,29.934,239404000803.12,54.567,NZL,,,,
2021,New Zealand,7.2,7.12,7.279,1.852,1.235,0.752,0.68,0.245,0.483,1.954,NZL2021,3.941,253644079784.977,49624.182,3.776,,4.578,4.546,-5.837,33.651,32.829,29.06,246933088131.277,51.37,NZL,,,,
2020,New Zealand,7.277,7.198,7.355,1.4,1.094,0.785,0.665,0.276,0.445,2.612,NZL2020,1.715,212697530897.56,41785.692,4.595,,1.955,-0.425,-1.129,36.403,31.737,27.377,208606894464.654,46.119,NZL,,,,
2019,New Zealand,7.3,7.222,7.377,1.242,1.487,1.008,0.647,0.326,0.461,2.128,NZL2019,1.62,212846907683.439,42747.21,4.109,,3.086,2.362,-2.793,30.086,32.793,28.17,207518405665.816,32.789,NZL,,,,
2018,New Zealand,7.307,,,,,,,,,,NZL2018,1.598,211846555690.736,43228.698,4.335,-1.723,1.753,3.499,-4.048,29.704,32.033,27.482,204160040592.513,36.631,NZL,,,,
2017,New Zealand,7.324,,,,,,,,,,NZL2017,1.851,206566916732.292,42913.187,4.736,1.103,3.617,3.397,-2.809,29.921,32.153,27.331,198736921883.604,38.663,NZL,,,,
2016,New Zealand,7.314,,,,,,,,,,NZL2016,0.646,188898209220.167,40070.896,5.147,2.549,2.41,3.748,-2.126,30.728,32.375,27.277,182801552357.251,41.403,NZL,,,,
2015,New Zealand,7.334,,,,,,,,,,NZL2015,0.293,178104220784.881,38639.35,5.415,4.257,1.444,3.734,-2.618,31.537,32.735,27.412,172197562719.015,42.93,NZL,,,,
2014,New Zealand,7.286,,,,,,,,,,NZL2014,1.228,201337554959.49,44578.225,5.428,5.298,0.481,3.754,-3.091,32.356,32.675,26.851,193229267483.34,43.91,NZL,,,,
2012,New Zealand,7.221,,,,,,,,,,NZL2012,1.06,176210710655.208,39974.3,6.931,6.025,-0.19,2.289,-3.909,35.03,33.151,26.909,168876091936.708,51.657,NZL,,,,
2011,New Zealand,7.372,,,,,,,,,,NZL2011,4.028,168295307149.46,38388.528,6.491,3.553,2.468,2.241,-2.866,40.086,33.859,25.667,160666204294.734,48.136,NZL,,,,
2024,Nicaragua,6.33,6.186,6.475,1.084,1.47,0.646,0.912,0.103,0.271,1.844,NIC2024,4.625,,,4.574,,,,,,,,,,NIC,,,,
2023,Nicaragua,6.284,6.135,6.433,1.097,1.263,0.542,0.793,0.133,0.251,2.203,NIC2023,8.388,17829218219.359,2612.871,4.716,-1.073,10.669,4.569,7.747,16.261,21.48,19.916,16935018482.106,,NIC,,,,
2022,Nicaragua,6.259,6.109,6.408,1.109,1.292,0.385,0.66,0.148,0.218,2.448,NIC2022,10.467,15649897116.896,2325.167,4.961,0.415,8.778,3.752,-2.472,16.673,21.484,19.841,14530697776.478,,NIC,,,,
2021,Nicaragua,6.165,6.017,6.312,1.105,1.029,0.617,0.617,0.168,0.212,2.418,NIC2021,4.928,14144060853.136,2128.61,6.118,5.869,3.543,10.316,-3.824,17.257,20.616,18.907,13248461277.539,,NIC,,,,
2020,Nicaragua,5.972,5.81,6.134,0.693,0.904,0.604,0.553,0.201,0.176,2.841,NIC2020,3.682,12681569254.282,1931.615,6.201,5.487,5.393,-1.756,3.707,16.474,18.554,17.071,11871469383.254,,NIC,,,,
2019,Nicaragua,6.137,6.012,6.262,0.62,1.271,0.803,0.56,0.213,0.174,2.496,NIC2019,5.376,12699028889.666,1958.621,5.472,6.7,5.395,-2.897,5.938,16.452,18.847,17.422,12232628822.995,,NIC,,,,
2018,Nicaragua,6.105,,,,,,,,,,NIC2018,4.947,13025234820.822,2035.168,5.2,8.024,2.658,-3.364,-1.797,16.847,16.962,15.699,12373034902.721,,NIC,,,,
2017,Nicaragua,6.141,,,,,,,,,,NIC2017,3.851,13785924216.272,2182.619,3.3,6.394,4.123,4.633,-7.16,16.522,17.826,16.574,13074230327.719,,NIC,,,,
2016,Nicaragua,6.071,,,,,,,,,,NIC2016,3.523,13286101094.386,2131.688,3.9,6.548,4.59,4.563,-8.483,16.394,17.383,16.166,12651897675.931,,NIC,,,,
2015,Nicaragua,5.992,,,,,,,,,,NIC2015,3.997,12756685550.339,2074.454,4.7,4.148,7.589,4.791,-9.873,15.924,16.728,15.59,12267685461.403,,NIC,,,,
2014,Nicaragua,5.828,,,,,,,,,,NIC2014,6.036,11880433902.936,1958.37,4.52,4.748,8.392,4.786,-8.028,15.428,16.435,15.316,11432533909.649,,NIC,,,,
2012,Nicaragua,5.507,,,,,,,,,,NIC2012,7.194,10531980451.185,1784.692,5.208,5.413,6.243,6.496,-11.724,15.229,16.421,15.009,10116180544.456,,NIC,,,,
2011,Nicaragua,5.115,,,,,,,,,,NIC2011,8.082,9774320144.0,1679.71,6.618,0.294,10.214,6.317,-11.908,14.975,15.761,14.52,9505620189.247,,NIC,,,,
2024,Niger,4.725,4.588,4.863,0.606,0.796,0.258,0.759,0.122,0.137,2.048,NER2024,9.072,,,0.355,,,,,,,,,,NER,,,,
2023,Niger,4.556,4.401,4.712,0.573,0.677,0.293,0.615,0.145,0.147,2.107,NER2023,3.701,16819170420.565,642.938,0.425,,3.388,2.5,-13.87,,,,16182366023.882,,NER,,,,
2022,Niger,4.501,4.291,4.712,0.561,0.628,0.137,0.54,0.154,0.14,2.341,NER2022,4.226,15433852712.296,609.745,0.418,,4.019,11.9,-16.199,,,,14058647971.553,,NER,,,,
2021,Niger,5.003,4.76,5.247,0.57,0.56,0.326,0.571,0.165,0.145,2.667,NER2021,3.838,14915002436.069,608.722,0.78,,3.119,1.384,-14.074,,,,15188308377.35,,NER,,,,
2020,Niger,5.074,4.875,5.273,0.162,0.402,0.167,0.516,0.2,0.157,3.47,NER2020,2.898,13744653103.058,579.512,0.594,,1.163,3.551,-13.21,,,,13156291934.165,,NER,,,,
2019,Niger,4.91,4.758,5.061,0.108,0.704,0.299,0.435,0.208,0.138,3.018,NER2019,-2.49,12889555561.23,561.691,0.531,,-0.024,5.94,-12.199,,,,13479237677.173,,NER,,,,
2018,Niger,4.628,,,,,,,,,,NER2018,2.968,12837307496.882,578.568,0.535,,2.404,7.211,-12.659,,,,13405990160.982,,NER,,,,
2017,Niger,4.166,,,,,,,,,,NER2017,2.796,11185104251.694,521.804,0.554,4.754,0.368,5.005,-11.393,,,,11600276120.445,,NER,,,,
2016,Niger,4.028,,,,,,,,,,NER2016,1.654,10398861981.758,502.706,0.548,3.441,1.793,5.741,-11.363,,,,10734604834.954,,NER,,,,
2015,Niger,3.856,,,,,,,,,,NER2015,-0.576,9683867926.443,485.663,0.553,2.841,2.249,4.393,-15.347,,,,10161942025.714,,NER,,,,
2014,Niger,3.845,,,,,,,,,,NER2014,-0.93,10862943543.542,565.31,0.524,5.767,-0.406,6.642,-12.031,,,,11351529661.747,,NER,,,,
2012,Niger,4.152,,,,,,,,,,NER2012,0.455,9426912647.591,528.51,2.177,-0.256,5.308,10.549,-10.837,,,,9746582481.364,,NER,,,,
2011,Niger,4.122,,,,,,,,,,NER2011,2.942,8772950777.792,510.76,0.316,1.235,3.972,2.358,-16.334,,,,9327272805.035,,NER,,,,
2024,Nigeria,4.885,4.748,5.022,0.989,1.245,0.38,0.639,0.17,0.028,1.433,NGA2024,,,,2.989,,,,,,,,,,NGA,,,,
2023,Nigeria,4.881,4.744,5.018,1.042,1.075,0.256,0.566,0.201,0.019,1.722,NGA2023,24.66,363846332834.618,1596.637,3.074,1.233,12.622,2.86,1.655,,,,352906093813.226,,NGA,,,,
2022,Nigeria,4.981,4.825,5.136,1.065,1.007,0.092,0.448,0.176,0.013,2.181,NGA2022,18.847,477403400101.174,2139.375,3.821,0.919,11.311,3.252,0.213,,,,464530827755.53,,NGA,,,,
2021,Nigeria,4.552,4.453,4.651,1.079,0.732,0.3,0.444,0.175,0.038,1.784,NGA2021,16.953,440833635873.827,2017.275,5.45,1.228,10.131,3.647,-0.738,,,,432250677057.07,,NGA,,,,
2020,Nigeria,4.759,4.658,4.861,0.663,0.625,0.051,0.433,0.212,0.039,2.736,NGA2020,13.246,432198898467.795,2019.657,5.742,5.371,7.849,-1.794,-3.699,,,,427431916390.616,,NGA,,,,
2019,Nigeria,4.724,4.622,4.826,0.646,0.987,0.168,0.435,0.221,0.048,2.22,NGA2019,11.396,474517490844.461,2265.155,5.206,4.522,10.385,2.208,-2.884,,,,465356470849.403,,NGA,,,,
2018,Nigeria,5.265,,,,,,,,,,NGA2018,12.095,421739251509.08,2057.879,5.067,6.056,10.228,1.923,1.727,,,,410486871490.792,,NGA,,,,
2017,Nigeria,5.155,,,,,,,,,,NGA2017,16.502,375745731053.427,1876.34,4.828,5.791,11.119,0.806,3.61,,,,367400071058.266,,NGA,,,,
2016,Nigeria,5.074,,,,,,,,,,NGA2016,15.697,404649125252.16,2070.413,4.499,6.686,9.544,-1.617,1.255,,,,398387885254.181,,NGA,,,,
2015,Nigeria,4.875,,,,,,,,,,NGA2015,9.009,493026682800.63,2585.734,4.135,13.596,2.864,2.653,-3.131,,,,480318932817.476,,NGA,,,,
2014,Nigeria,5.268,,,,,,,,,,NGA2014,8.047,574183763411.508,3088.721,3.902,11.356,4.663,6.31,0.158,,,,555021693443.684,,NGA,,,,
2012,Nigeria,5.248,,,,,,,,,,NGA2012,12.224,463971018239.281,2633.197,3.76,6.225,9.948,4.23,3.745,,,,441706108191.483,,NGA,,,,
2011,Nigeria,4.856,,,,,,,,,,NGA2011,10.826,414466676831.16,2418.413,3.77,5.686,9.778,5.308,2.574,,,,391494346889.747,,NGA,,,,
2024,North Macedonia,5.503,5.409,5.597,1.458,1.537,0.544,0.637,0.13,0.007,1.19,MKD2024,3.49,,,13.417,,,,,,,,,,MKD,,,,
2023,North Macedonia,5.369,5.27,5.468,1.475,1.277,0.569,0.58,0.194,0.015,1.26,MKD2023,9.362,15763621848.115,8624.294,13.174,-2.158,7.766,2.073,0.359,,,,14961106563.428,,MKD,,,,
2022,North Macedonia,5.254,5.146,5.361,1.498,1.171,0.408,0.515,0.207,0.02,1.435,MKD2022,14.205,13932436550.088,7606.238,14.476,-3.895,8.874,2.759,-6.237,,,,13334444854.332,,MKD,,,,
2021,North Macedonia,5.199,5.095,5.303,1.505,0.863,0.637,0.488,0.215,0.031,1.461,MKD2021,3.231,14000283827.015,7620.803,15.801,0.549,4.286,4.511,-2.677,33.33,28.837,17.393,13385879515.777,,MKD,,,,
2020,North Macedonia,5.101,5.001,5.202,1.068,0.772,0.535,0.45,0.212,0.022,2.042,MKD2020,1.2,12361036913.841,6659.597,16.575,3.767,1.374,-4.688,-2.916,34.924,27.697,16.127,11892343875.374,,MKD,,,,
2019,North Macedonia,5.16,5.068,5.251,0.935,1.183,0.803,0.41,0.186,0.025,1.618,MKD2019,0.766,12606338448.547,6718.858,17.414,4.7,0.868,3.91,-2.986,29.687,28.334,17.083,12024667114.976,,MKD,,,,
2018,North Macedonia,5.274,,,,,,,,,,MKD2018,1.458,12683068114.239,6713.989,21.208,2.098,3.926,2.881,0.143,27.845,26.821,17.575,12150990659.47,,MKD,,,,
2017,North Macedonia,5.185,,,,,,,,,,MKD2017,1.352,11307067069.666,5955.297,22.857,3.696,2.807,1.082,-0.586,27.997,26.47,17.161,10859414347.173,,MKD,,,,
2016,North Macedonia,5.175,,,,,,,,,,MKD2016,-0.239,10672467073.287,5598.486,24.312,3.433,3.465,2.848,-2.664,27.783,26.427,16.951,10247925155.735,,MKD,,,,
2015,North Macedonia,5.121,,,,,,,,,,MKD2015,-0.3,10064519962.566,5262.687,26.395,5.346,2.003,3.856,-1.712,28.795,26.957,16.818,9747431783.183,,MKD,,,,
2014,North Macedonia,5.007,,,,,,,,,,MKD2014,-0.282,11362265252.778,5925.386,28.215,6.228,1.447,3.629,-0.482,28.367,26.059,16.235,11149662118.446,,MKD,,,,
2012,North Macedonia,4.574,,,,,,,,,,MKD2012,3.316,9745261300.578,5049.827,31.096,7.985,1.003,-0.456,-3.275,29.373,27.857,16.417,9534185814.44,,MKD,,,,
2011,North Macedonia,4.369,,,,,,,,,,MKD2011,3.905,10494626767.644,5416.867,31.502,5.667,3.722,2.34,-2.494,28.982,28.332,17.0,10307350188.472,,MKD,,,,
2024,Norway,7.262,7.171,7.353,1.902,1.711,0.863,0.962,0.168,0.425,1.231,NOR2024,3.145,,,3.97,,,,,,,,,,NOR,,,,
2023,Norway,7.302,7.215,7.389,1.952,1.517,0.704,0.835,0.224,0.484,1.586,NOR2023,5.518,485310823603.662,87925.094,3.572,17.82,-10.619,0.48,17.33,35.719,53.973,26.921,507846254957.478,,NOR,,,,
2022,Norway,7.315,7.229,7.402,1.994,1.521,0.544,0.752,0.212,0.463,1.829,NOR2022,5.764,593726965415.619,108798.451,3.231,-19.443,28.162,3.006,28.753,29.419,56.533,31.48,596856513825.084,,NOR,,,,
2021,Norway,7.365,7.29,7.44,1.997,1.239,0.786,0.728,0.217,0.474,1.925,NOR2021,3.484,503367986030.268,93072.893,4.359,-14.923,20.213,3.909,14.8,36.521,47.437,25.506,502221885913.853,,NOR,,,,
2020,Norway,7.392,7.323,7.462,1.543,1.108,0.782,0.703,0.249,0.427,2.58,NOR2020,1.287,367633418886.627,68340.018,4.424,5.349,-2.517,-1.278,1.146,45.391,44.615,21.253,382834834941.145,,NOR,,,,
2019,Norway,7.488,7.42,7.556,1.424,1.495,1.008,0.67,0.288,0.434,2.168,NOR2019,2.168,408742840909.091,76430.589,3.684,3.805,-0.548,1.124,2.916,38.562,47.476,23.283,421234090909.091,,NOR,,,,
2018,Norway,7.554,,,,,,,,,,NOR2018,2.765,439788625883.8,82792.843,3.801,-3.576,6.743,0.829,7.95,37.129,46.654,23.314,457569996925.915,,NOR,,,,
2017,Norway,7.594,,,,,,,,,,NOR2017,1.875,401745275035.261,76131.838,4.164,-1.033,4.081,2.464,5.389,38.695,45.161,22.29,416379568809.188,,NOR,,,,
2016,Norway,7.537,,,,,,,,,,NOR2016,3.55,370956547619.048,70867.361,4.68,4.744,-1.598,1.165,3.98,39.739,45.182,21.96,387092976190.476,,NOR,,,,
2015,Norway,7.498,,,,,,,,,,NOR2015,2.171,388159512245.53,74809.966,4.296,6.486,-2.804,1.857,8.014,38.151,45.389,22.089,404192290999.276,,NOR,,,,
2014,Norway,7.522,,,,,,,,,,NOR2014,2.042,501736471832.848,97666.695,3.486,3.943,0.258,2.048,10.955,35.606,45.868,23.412,517499761967.733,,NOR,,,,
2012,Norway,7.655,,,,,,,,,,NOR2012,0.697,512777309840.997,102175.919,3.129,,3.353,2.718,12.384,33.729,48.424,26.873,517101160292.222,,NOR,,,,
2011,Norway,7.524,,,,,,,,,,NOR2011,1.285,501360549669.404,101221.813,3.196,,6.673,1.106,13.255,34.142,48.655,27.552,506139118181.721,,NOR,,,,
2024,Oman,6.197,5.973,6.42,1.603,1.411,0.5,0.93,0.142,,,OMN2024,,,,3.161,,,,,,,,,,OMN,,,,
2014,Oman,6.853,,,,,,,,,,OMN2014,1.014,92699089726.918,23160.65,3.449,3.408,1.757,1.292,4.63,,,,88413003901.17,,OMN,,,,
2012,Oman,6.853,,,,,,,,,,OMN2012,2.948,87408842652.796,24642.298,3.765,2.215,3.606,8.863,8.991,,,,82904291287.386,,OMN,,,,
2024,Pakistan,4.768,4.644,4.892,0.982,0.759,0.417,0.529,0.136,0.046,1.898,PAK2024,12.633,,,5.472,,,,,,,,,,PAK,,,,
2023,Pakistan,4.657,4.535,4.779,1.069,0.6,0.321,0.542,0.144,0.074,1.907,PAK2023,30.768,337912301397.727,1365.277,5.408,,26.0,-0.04,-0.244,,,,332147301397.546,,PAK,,,,
2022,Pakistan,4.555,4.404,4.707,1.081,0.657,0.158,0.511,0.141,0.102,1.907,PAK2022,19.874,374890295666.694,1538.323,5.485,,13.937,4.778,-3.259,,,,369642295666.626,,PAK,,,,
2021,Pakistan,4.516,4.397,4.634,1.049,0.413,0.374,0.448,0.181,0.112,1.94,PAK2021,9.496,348516647445.148,1455.319,6.338,-1.452,10.267,6.514,-3.524,,,,344116647445.148,,PAK,,,,
2020,Pakistan,4.934,4.802,5.066,0.637,0.423,0.322,0.418,0.252,0.097,2.784,PAK2020,9.74,300425609817.981,1278.397,6.127,0.74,9.944,-1.274,-0.217,,,,294966609817.792,,PAK,,,,
2019,Pakistan,5.693,5.599,5.788,0.617,0.873,0.47,0.405,0.229,0.123,2.977,PAK2019,10.578,320909472770.669,1390.417,4.83,2.932,9.036,2.498,-2.667,,,,315299473058.399,,PAK,,,,
2018,Pakistan,5.653,,,,,,,,,,PAK2018,5.078,356128166704.921,1569.338,4.083,4.516,3.842,6.152,-5.296,,,,350691167594.255,,PAK,,,,
2017,Pakistan,5.472,,,,,,,,,,PAK2017,4.085,339205534861.1,1519.235,3.215,4.018,4.03,4.433,-4.77,,,,334191536057.051,,PAK,,,,
2016,Pakistan,5.269,,,,,,,,,,PAK2016,3.765,313630000130.435,1424.692,2.285,7.761,0.922,6.574,-2.293,,,,308284997722.844,,PAK,,,,
2015,Pakistan,5.132,,,,,,,,,,PAK2015,2.529,299963590534.773,1380.47,3.566,5.471,4.442,4.218,-0.934,,,,295364590988.181,,PAK,,,,
2014,Pakistan,5.194,,,,,,,,,,PAK2014,7.189,271390474857.632,1266.613,1.827,4.216,7.21,4.116,-1.348,,,,267435475356.814,,PAK,,,,
2012,Pakistan,5.292,,,,,,,,,,PAK2012,9.682,250106966104.704,1204.365,3.667,3.276,9.918,3.028,-0.936,,,,246861967230.679,,PAK,,,,
2011,Pakistan,5.149,,,,,,,,,,PAK2011,11.916,230586581059.665,1131.735,0.796,-1.711,16.411,2.68,-0.957,,,,227569579578.823,,PAK,,,,
2024,Panama,6.407,6.284,6.531,1.594,1.6,0.717,0.876,0.041,0.042,1.537,PAN2024,0.685,,,6.518,,,,,,,,,,PAN,,,,
2023,Panama,6.358,6.227,6.489,1.702,1.392,0.633,0.72,0.063,0.043,1.806,PAN2023,1.486,83318176900.0,18686.405,6.544,,1.707,7.399,-4.487,,,,79285543400.0,,PAN,,,,
2022,Panama,6.265,6.105,6.424,1.714,1.402,0.475,0.63,0.065,0.036,1.943,PAN2022,2.86,76276116700.0,17332.436,8.086,4.635,2.172,10.77,-0.623,,,,72807217200.0,,PAN,,,,
2021,Panama,6.309,6.154,6.464,1.715,1.107,0.709,0.592,0.049,0.051,2.086,PAN2021,1.631,67396392500.0,15509.807,10.177,5.445,1.415,16.467,-1.156,17.141,11.155,7.461,63404274400.0,,PAN,,,,
2020,Panama,6.18,6.036,6.323,1.298,0.976,0.667,0.596,0.079,0.053,2.509,PAN2020,-1.55,57059846500.0,13290.561,14.663,7.54,-0.495,-17.821,0.676,19.269,11.515,8.05,55305091100.0,,PAN,,,,
2019,Panama,6.305,6.188,6.422,1.098,1.376,0.879,0.58,0.097,0.054,2.221,PAN2019,-0.355,69778991200.0,16477.907,6.256,6.517,0.538,3.103,-5.05,15.037,11.831,8.648,65459457700.0,,PAN,,,,
2018,Panama,6.321,,,,,,,,,,PAN2018,0.762,67316471200.0,16151.327,5.161,6.139,0.701,3.918,-7.884,13.592,13.187,9.591,61995613500.0,,PAN,,,,
2017,Panama,6.43,,,,,,,,,,PAN2017,0.876,64327688800.0,15694.63,5.338,4.884,1.795,5.744,-5.822,13.942,13.444,9.666,60514887600.0,,PAN,,,,
2016,Panama,6.452,,,,,,,,,,PAN2016,0.74,59760858700.0,14832.361,4.717,4.024,2.475,4.572,-7.543,13.695,12.685,10.056,55623707800.0,,PAN,,,,
2015,Panama,6.701,,,,,,,,,,PAN2015,0.137,55767806100.0,14082.655,4.335,3.378,3.015,5.267,-8.694,13.999,12.814,9.798,52316906100.0,,PAN,,,,
2014,Panama,6.786,,,,,,,,,,PAN2014,2.627,51427104900.0,13213.199,4.391,2.14,4.694,4.626,-12.984,12.911,13.231,9.96,47073004900.0,,PAN,,,,
2012,Panama,7.143,,,,,,,,,,PAN2012,5.698,41595439700.0,11064.806,3.691,1.322,6.318,9.627,-8.98,,,,38857139700.0,,PAN,,,,
2011,Panama,6.863,,,,,,,,,,PAN2011,5.876,35687738300.0,9662.296,4.03,1.925,5.488,11.909,-12.658,,,,33773738300.0,,PAN,,,,
2024,Paraguay,6.172,6.064,6.279,1.329,1.615,0.291,0.921,0.097,0.063,1.857,PRY2024,3.835,,,6.093,,,,,,,,,,PRY,,,,
2023,Paraguay,5.977,5.868,6.085,1.398,1.408,0.549,0.788,0.131,0.065,1.637,PRY2023,4.632,42956263543.948,6276.351,5.794,,2.069,4.714,-0.566,19.027,17.639,10.176,41584973464.272,,PRY,,,,
2022,Paraguay,5.738,5.625,5.851,1.428,1.427,0.392,0.678,0.148,0.062,1.604,PRY2022,9.766,41952910858.085,6205.626,6.755,,8.054,0.176,-7.155,16.535,17.396,10.266,40588715171.024,,PRY,,,,
2021,Paraguay,5.578,5.467,5.689,1.409,1.13,0.624,0.629,0.171,0.059,1.555,PRY2021,4.788,39950899938.748,5976.932,7.311,3.745,8.448,4.017,-1.108,16.74,16.887,9.794,38564964617.241,,PRY,,,,
2020,Paraguay,5.653,5.473,5.832,0.983,0.97,0.549,0.602,0.206,0.037,2.306,PRY2020,1.768,35432178068.181,5365.472,7.548,11.089,2.204,-0.82,1.873,18.473,16.732,9.515,34220989522.023,,PRY,,,,
2019,Paraguay,5.692,5.59,5.794,0.898,1.368,0.736,0.587,0.204,0.065,1.834,PRY2019,2.757,37925338329.149,5821.182,6.595,12.053,3.062,-0.402,-0.578,20.35,17.546,9.996,36767424995.415,,PRY,,,,
2018,Paraguay,5.743,,,,,,,,,,PRY2018,3.976,40225448340.632,6258.45,6.217,13.493,1.96,3.204,-0.233,16.13,17.332,10.075,38831476238.131,,PRY,,,,
2017,Paraguay,5.681,,,,,,,,,,PRY2017,3.602,38997129473.556,6152.267,6.138,14.509,2.159,4.81,3.357,14.466,17.443,9.956,37645080815.241,,PRY,,,,
2016,Paraguay,5.493,,,,,,,,,,PRY2016,4.087,36089700222.946,5775.16,5.255,13.387,4.135,4.268,4.601,15.422,16.865,9.559,34772206410.59,,PRY,,,,
2015,Paraguay,5.538,,,,,,,,,,PRY2015,3.129,36211447840.097,5879.338,4.556,17.846,1.604,2.957,-0.211,14.828,17.358,9.642,34791041670.017,,PRY,,,,
2014,Paraguay,5.878,,,,,,,,,,PRY2014,5.029,40377929295.642,6652.255,5.034,17.82,2.857,5.301,-0.787,14.001,16.718,9.745,38813188600.51,,PRY,,,,
2012,Paraguay,5.779,,,,,,,,,,PRY2012,3.676,33271921136.315,5642.17,4.085,11.794,4.798,-0.708,-1.819,15.704,16.692,9.458,31826845945.946,,PRY,,,,
2011,Paraguay,5.398,,,,,,,,,,PRY2011,8.254,33756238766.5,5805.402,4.67,11.706,5.096,4.286,-0.678,13.083,15.562,9.367,32316546158.878,,PRY,,,,
2024,Peru,5.947,5.844,6.049,1.323,1.364,0.551,0.71,0.05,0.021,1.929,PER2024,2.008,,,4.828,,,,,,,,,,PER,,,,
2023,Peru,5.841,5.736,5.946,1.371,1.18,0.662,0.615,0.078,0.029,1.907,PER2023,6.456,267603248655.253,7906.585,4.899,,6.566,-0.55,0.829,,,,253422835356.13,,PER,,,,
2022,Peru,5.526,5.412,5.64,1.39,1.153,0.499,0.549,0.073,0.027,1.835,PER2022,8.334,246488757636.211,7363.272,3.85,7.475,4.766,2.726,-3.953,,,,229767512928.334,,PER,,,,
2021,Peru,5.559,5.439,5.679,1.397,0.865,0.735,0.545,0.09,0.037,1.89,PER2021,4.272,226354278280.885,6826.972,5.097,0.814,10.083,13.355,-2.065,22.844,20.675,15.923,208856003550.009,35.245,PER,,,,
2020,Peru,5.84,5.692,5.988,0.986,0.833,0.623,0.536,0.087,0.031,2.744,PER2020,2.002,201409694755.934,6133.326,7.179,8.889,3.719,-10.933,0.938,26.907,18.05,13.221,196052808902.926,34.765,PER,,,,
2019,Peru,5.797,5.677,5.917,0.919,1.208,0.824,0.513,0.092,0.027,2.213,PER2019,2.252,228346006003.648,7037.008,3.379,12.283,1.872,2.241,-0.623,20.662,19.529,14.525,220088217727.993,26.527,PER,,,,
2018,Peru,5.697,,,,,,,,,,PER2018,1.509,222597009739.235,6978.491,3.492,11.989,2.277,3.969,-1.172,19.889,19.038,14.286,211617892395.279,25.729,PER,,,,
2017,Peru,5.663,,,,,,,,,,PER2017,2.995,211007984080.911,6736.167,3.691,12.712,3.616,2.519,-0.858,20.15,17.823,13.174,201299928108.921,24.748,PER,,,,
2016,Peru,5.715,,,,,,,,,,PER2016,3.557,191898104390.379,6217.036,3.741,12.985,3.081,3.953,-2.204,19.188,18.277,13.788,183940620942.667,23.706,PER,,,,
2015,Peru,5.743,,,,,,,,,,PER2015,3.398,189802976285.619,6231.712,3.272,13.064,2.691,3.252,-4.608,20.568,19.68,14.92,183303872361.819,22.866,PER,,,,
2014,Peru,5.824,,,,,,,,,,PER2014,3.412,200786250582.943,6667.134,3.208,12.995,2.432,2.382,-4.282,20.511,21.83,16.721,191695514405.553,19.565,PER,,,,
2012,Peru,5.776,,,,,,,,,,PER2012,3.611,192650021648.583,6519.379,3.238,17.82,1.203,6.14,-2.791,17.918,21.513,16.547,180517336685.894,19.217,PER,,,,
2011,Peru,5.258,,,,,,,,,,PER2011,3.369,171761737046.585,5861.358,3.477,11.178,6.746,6.327,-1.964,17.628,20.803,15.969,159083185069.533,20.72,PER,,,,
2024,Philippines,6.107,5.994,6.22,1.177,1.385,0.315,0.966,0.075,0.11,2.079,PHL2024,3.213,,,2.153,,,,,,,,,,PHL,,,,
2023,Philippines,6.048,5.929,6.166,1.232,1.146,0.441,0.826,0.099,0.136,2.167,PHL2023,5.978,437146372729.942,3804.873,2.222,,4.596,5.546,-2.834,16.877,15.719,14.102,485154567168.652,,PHL,,,,
2022,Philippines,5.523,5.371,5.675,1.238,1.108,0.286,0.714,0.104,0.141,1.931,PHL2022,5.821,404353369604.631,3548.069,2.598,,5.489,7.581,-4.516,18.607,16.083,14.619,428113122133.855,,PHL,,,,
2021,Philippines,5.904,5.8,6.007,1.268,0.912,0.514,0.678,0.107,0.142,2.283,PHL2021,3.927,394087359848.11,3484.386,3.398,,2.282,5.715,-1.508,19.139,15.481,14.13,408104073652.169,,PHL,,,,
2020,Philippines,5.88,5.778,5.982,0.853,0.828,0.426,0.651,0.125,0.126,2.872,PHL2020,2.393,361751145451.597,3227.579,2.522,,1.65,-9.518,3.201,19.56,15.905,13.951,389165789740.532,,PHL,,,,
2019,Philippines,6.006,5.908,6.104,0.775,1.245,0.602,0.622,0.129,0.13,2.502,PHL2019,2.392,376823402244.928,3400.789,2.237,6.354,0.697,6.119,-0.809,14.807,16.069,14.488,414552288030.862,,PHL,,,,
2018,Philippines,5.631,,,,,,,,,,PHL2018,5.309,346841896583.515,3168.51,2.338,2.292,3.741,6.341,-2.559,14.213,15.518,14.048,383816939950.168,,PHL,,,,
2017,Philippines,5.524,,,,,,,,,,PHL2017,2.853,328480736798.792,3038.121,2.552,3.232,2.32,6.931,-0.652,13.613,14.932,13.594,364718697508.835,,PHL,,,,
2016,Philippines,5.43,,,,,,,,,,PHL2016,1.254,318627003012.52,2985.196,2.695,4.307,1.28,7.149,-0.376,13.435,14.51,13.087,354012676979.657,,PHL,,,,
2015,Philippines,5.279,,,,,,,,,,PHL2015,0.674,306445871246.718,2909.858,3.068,6.344,-0.72,6.348,2.371,13.477,14.677,13.02,341466825828.893,,PHL,,,,
2014,Philippines,5.073,,,,,,,,,,PHL2014,3.598,297483555344.802,2866.838,3.6,2.4,3.053,6.348,3.616,12.822,14.435,13.016,331766346480.069,43.426,PHL,,,,
2012,Philippines,4.985,,,,,,,,,,PHL2012,3.027,261920540972.102,2614.616,3.504,3.613,1.994,6.897,2.653,13.545,13.803,12.306,290823739749.145,49.157,PHL,,,,
2011,Philippines,4.825,,,,,,,,,,PHL2011,4.718,234216730295.938,2383.919,3.592,2.641,3.919,3.858,2.409,13.521,13.398,11.849,259495340501.428,48.806,PHL,,,,
2024,Poland,6.673,6.611,6.734,1.666,1.595,0.63,0.79,0.021,0.169,1.802,POL2024,3.784,,,2.472,,,,,,,,,,POL,,,,
2023,Poland,6.442,6.37,6.513,1.738,1.417,0.639,0.6,0.081,0.175,1.791,POL2023,11.529,809200697797.088,22056.666,2.743,,9.547,0.139,1.796,39.255,36.039,18.071,778230830221.408,,POL,,,,
2022,Poland,6.26,6.177,6.343,1.767,1.474,0.477,0.511,0.12,0.139,1.772,POL2022,14.429,695607470875.276,18891.212,2.811,,10.69,5.255,-2.275,36.063,33.809,17.123,668250895914.937,,POL,,,,
2021,Poland,6.123,6.04,6.205,1.758,1.174,0.712,0.523,0.124,0.14,1.693,POL2021,5.055,689170230665.35,18635.51,3.268,,5.34,6.927,-1.302,36.999,35.789,18.959,658886045351.756,,POL,,,,
2020,Poland,6.166,6.087,6.245,1.309,0.982,0.668,0.558,0.08,0.13,2.438,POL2020,3.374,605914237903.742,15987.575,3.155,,4.239,-2.036,2.398,40.522,34.708,17.291,583489675593.182,,POL,,,,
2019,Poland,6.186,6.117,6.256,1.169,1.31,0.868,0.558,0.063,0.161,2.057,POL2019,2.227,602683770144.88,15874.522,3.267,,3.026,4.58,-0.273,33.827,34.147,17.141,577797688425.851,,POL,,,,
2018,Poland,6.182,,,,,,,,,,POL2018,1.813,594616687350.017,15658.212,3.835,,1.227,6.246,-1.966,33.059,34.1,17.185,569457737081.91,,POL,,,,
2017,Poland,6.123,,,,,,,,,,POL2017,2.076,528356676667.211,13913.34,4.867,,1.77,5.152,-1.186,34.262,33.532,16.736,505864085381.071,,POL,,,,
2016,Poland,5.973,,,,,,,,,,POL2016,-0.665,473259583969.643,12464.011,6.141,,0.083,3.031,-1.069,34.801,32.813,16.209,454775433601.938,,POL,,,,
2015,Poland,5.835,,,,,,,,,,POL2015,-0.874,480054118583.367,12637.522,7.475,,1.321,4.432,-1.325,34.139,32.482,15.614,462002918158.907,,POL,,,,
2014,Poland,5.791,,,,,,,,,,POL2014,0.054,542134167178.627,14262.284,8.971,,0.482,3.921,-2.973,35.075,32.29,15.627,521376161737.583,,POL,,,,
2012,Poland,5.822,,,,,,,,,,POL2012,3.56,498148649702.66,13087.421,10.031,,2.183,1.512,-4.112,35.058,32.754,16.005,479188660855.595,,POL,,,,
2011,Poland,5.803,,,,,,,,,,POL2011,4.239,527848543023.469,13867.667,9.576,,3.066,5.255,-5.111,34.836,32.537,16.67,509126016589.444,,POL,,,,
2024,Portugal,6.013,5.907,6.118,1.646,1.56,0.822,0.879,0.04,0.034,1.032,PRT2024,2.416,,,6.384,,,,,,,,,,PRT,,,,
2023,Portugal,6.03,5.925,6.134,1.728,1.368,0.699,0.757,0.047,0.035,1.397,PRT2023,4.311,289114289663.542,27331.209,6.509,,6.902,2.526,0.562,37.572,37.773,22.87,281752856063.905,,PRT,,,,
2022,Portugal,5.968,5.86,6.076,1.758,1.356,0.537,0.693,0.031,0.037,1.556,PRT2022,7.833,256898675068.927,24620.52,6.011,,5.327,6.986,-2.085,39.311,38.083,23.173,251691706536.851,,PRT,,,,
2021,Portugal,6.016,5.911,6.122,1.76,1.078,0.777,0.655,0.016,0.039,1.691,PRT2021,1.266,256055879091.139,24711.451,6.577,,2.02,5.559,-0.672,42.454,37.705,22.283,252978982539.953,,PRT,,,,
2020,Portugal,5.929,5.821,6.037,1.323,0.939,0.76,0.621,0.029,0.033,2.225,PRT2020,-0.012,229618773422.577,22299.404,6.801,,2.103,-8.205,-0.63,44.527,37.767,22.26,225467491361.699,,PRT,,,,
2019,Portugal,5.911,5.807,6.015,1.169,1.34,0.979,0.59,0.053,0.028,1.753,PRT2019,0.338,240115970063.019,23343.363,6.464,,1.834,2.746,0.766,38.669,37.454,22.447,233752871351.921,,PRT,,,,
2018,Portugal,5.693,,,,,,,,,,PRT2018,0.994,242092894542.888,23541.14,6.994,,1.852,2.946,0.728,39.282,37.606,22.845,236395409034.201,,PRT,,,,
2017,Portugal,5.41,,,,,,,,,,PRT2017,1.369,220862990767.229,21442.384,8.869,,1.532,3.315,1.564,41.669,37.299,22.636,216161830459.115,,PRT,,,,
2016,Portugal,5.195,,,,,,,,,,PRT2016,0.607,206305431241.638,19980.281,11.068,,1.854,2.004,1.426,41.32,37.264,22.617,201411635475.272,,PRT,,,,
2015,Portugal,5.123,,,,,,,,,,PRT2015,0.488,199038523119.639,19215.781,12.447,,1.962,1.59,0.508,44.004,37.966,23.078,194045468799.965,,PRT,,,,
2014,Portugal,5.102,,,,,,,,,,PRT2014,-0.278,230078616299.675,22120.685,13.897,,0.724,0.741,0.315,47.561,38.394,22.875,225198395238.514,,PRT,,,,
2012,Portugal,5.101,,,,,,,,,,PRT2012,2.773,216536676771.973,20593.427,15.531,,-0.376,-4.051,-1.527,44.363,36.4,21.011,211105801823.003,,PRT,,,,
2011,Portugal,5.327,,,,,,,,,,PRT2011,3.653,245426767676.002,23246.543,12.682,,-0.26,-1.714,-6.119,44.476,36.45,21.36,241146265856.975,,PRT,,,,
2015,Puerto Rico,7.039,,,,,,,,,,PRI2015,,103375500000.0,29763.488,12.0,,1.978,-1.049,,,,,69602000000.0,,PRI,,,,
2011,Puerto Rico,6.593,,,,,,,,,,PRI2011,,100351700000.0,27278.883,15.7,,2.37,-0.359,,,,,65720700000.0,,PRI,,,,
2018,Qatar,6.374,,,,,,,,,,QAT2018,0.256,183334953818.681,71039.849,0.11,-6.613,12.414,1.235,9.083,,,,179589624148.352,,QAT,,,,
2017,Qatar,6.374,,,,,,,,,,QAT2017,0.395,161099122225.275,63279.856,0.14,-2.868,7.788,-1.498,3.989,,,,160679616730.769,,QAT,,,,
2016,Qatar,6.375,,,,,,,,,,QAT2016,2.677,151732181868.132,61253.638,0.15,14.301,-8.977,3.064,-5.45,,,,150622841208.791,,QAT,,,,
2015,Qatar,6.375,,,,,,,,,,QAT2015,1.814,161739955576.923,68985.295,0.17,39.489,-25.13,4.753,8.502,,,,158174570961.538,,QAT,,,,
2014,Qatar,6.611,,,,,,,,,,QAT2014,3.35,206224598571.429,95840.631,0.2,6.544,-1.483,5.334,23.959,,,,196924049120.879,,QAT,,,,
2012,Qatar,6.666,,,,,,,,,,QAT2012,2.315,186833502362.637,108470.379,0.48,-0.892,6.33,4.73,33.185,,,,174708777087.912,,QAT,,,,
2011,Qatar,6.569,,,,,,,,,,QAT2011,1.138,167775268626.374,103261.507,0.56,-10.808,18.27,13.375,31.068,,,,154504256813.187,,QAT,,,,
2024,Republic of Korea,6.038,5.945,6.131,1.709,1.357,0.903,0.678,0.1,0.139,1.152,KOR2024,2.322,,,2.604,,,,,,,,,,KOR,,,,
2023,Republic of Korea,6.058,5.968,6.148,1.815,1.178,0.77,0.555,0.126,0.158,1.456,KOR2023,3.597,1712792854202.37,33121.371,2.675,3.062,2.064,1.357,1.916,30.505,29.46,15.724,1744702631805.69,52.297,KOR,,,,
2022,Republic of Korea,5.951,5.862,6.04,1.853,1.188,0.603,0.446,0.112,0.163,1.587,KOR2022,5.09,1673916511799.71,32394.683,2.857,2.979,1.276,2.613,1.543,33.643,32.004,18.445,1698504131878.33,51.179,KOR,,,,
2021,Republic of Korea,5.935,5.849,6.021,1.851,0.886,0.841,0.414,0.111,0.176,1.656,KOR2021,2.498,1818432106880.04,35125.522,3.639,0.118,2.763,4.305,4.687,30.491,29.934,16.735,1838899317165.23,48.955,KOR,,,,
2020,Republic of Korea,5.845,5.763,5.928,1.403,0.758,0.801,0.353,0.134,0.135,2.262,KOR2020,0.537,1644312831906.17,31721.299,3.931,1.219,1.564,-0.709,4.616,29.726,27.903,14.861,1658668665990.32,46.432,KOR,,,,
2019,Republic of Korea,5.872,5.786,5.959,1.245,1.134,1.023,0.259,0.17,0.095,1.947,KOR2019,0.383,1651422932447.77,31902.417,3.746,4.321,-0.839,2.244,3.614,27.512,27.88,15.2,1665675897739.53,39.969,KOR,,,,
2018,Republic of Korea,5.895,,,,,,,,,,KOR2018,1.476,1725373496825.43,33447.156,3.824,3.164,0.483,2.907,4.49,24.918,27.449,15.536,1732322374323.88,37.556,KOR,,,,
2017,Republic of Korea,5.875,,,,,,,,,,KOR2017,1.944,1623074183501.9,31600.736,3.653,1.227,2.223,3.16,4.635,23.963,26.185,14.494,1629690182358.85,37.349,KOR,,,,
2016,Republic of Korea,5.838,,,,,,,,,,KOR2016,0.972,1499679823909.61,29280.44,3.65,1.355,1.986,2.947,6.53,23.505,25.757,13.982,1505162317173.77,38.066,KOR,,,,
2015,Republic of Korea,5.835,,,,,,,,,,KOR2015,0.706,1466038936206.43,28737.439,3.546,0.337,3.186,2.809,7.17,23.489,24.814,13.158,1470624628355.3,37.493,KOR,,,,
2014,Republic of Korea,5.984,,,,,,,,,,KOR2014,1.275,1484488526271.8,29252.931,3.082,3.326,0.907,3.202,5.593,23.619,24.988,13.241,1491673283689.83,36.5,KOR,,,,
2012,Republic of Korea,6.267,,,,,,,,,,KOR2012,2.187,1278046536287.01,25459.169,2.812,4.093,1.252,2.403,3.818,24.633,26.652,14.078,1291410762822.05,32.409,KOR,,,,
2011,Republic of Korea,5.643,,,,,,,,,,KOR2011,4.026,1253289537500.81,25097.595,2.992,4.419,1.282,3.686,1.328,18.136,20.692,13.851,1261047470780.75,,KOR,,,,
2024,Republic of Moldova,5.819,5.706,5.933,1.332,1.43,0.414,0.83,0.054,0.037,1.722,MDA2024,4.678,,,1.434,,,,,,,,,,MDA,,,,
2023,Republic of Moldova,5.816,5.702,5.93,1.385,1.277,0.542,0.695,0.077,0.044,1.795,MDA2023,13.417,16539436547.295,6729.413,1.555,3.334,8.708,0.783,-11.447,34.832,29.708,18.779,16806186549.415,34.619,MDA,,,,
2022,Republic of Moldova,5.819,5.717,5.922,1.425,1.302,0.375,0.61,0.093,0.02,1.995,MDA2022,28.737,14510490660.252,5738.425,0.897,-6.253,19.253,-5.015,-17.107,32.278,29.344,18.94,14570210660.95,34.521,MDA,,,,
2021,Republic of Moldova,5.857,5.766,5.948,1.417,1.008,0.597,0.561,0.102,0.028,2.142,MDA2021,5.106,13691869264.079,5274.606,0.785,0.954,6.382,13.93,-12.41,29.955,28.631,18.388,13958389264.174,32.119,MDA,,,,
2020,Republic of Moldova,5.766,5.677,5.856,0.985,0.888,0.542,0.536,0.137,0.013,2.665,MDA2020,3.766,11530746234.449,4375.779,1.186,2.467,5.575,-8.276,-7.69,32.722,28.731,17.91,11920936240.3,33.956,MDA,,,,
2019,Republic of Moldova,5.608,5.525,5.69,0.708,1.237,0.713,0.39,0.174,0.014,2.371,MDA2019,4.838,11736797054.696,4405.334,1.466,2.751,5.352,3.552,-9.421,28.272,27.644,17.656,12351757049.22,25.451,MDA,,,,
2018,Republic of Moldova,5.529,,,,,,,,,,MDA2018,3.045,11252353420.88,4156.45,1.196,5.461,3.211,4.076,-10.77,27.784,28.213,18.014,11788143412.483,27.511,MDA,,,,
2017,Republic of Moldova,5.64,,,,,,,,,,MDA2017,6.57,9514404016.209,3453.267,1.586,3.868,6.252,4.176,-5.837,27.241,27.546,17.727,10070244015.431,29.667,MDA,,,,
2016,Republic of Moldova,5.838,,,,,,,,,,MDA2016,6.359,7980917075.775,2847.088,1.557,10.357,3.551,4.646,-3.614,26.675,25.714,16.43,8426887067.084,32.247,MDA,,,,
2015,Republic of Moldova,5.897,,,,,,,,,,MDA2015,9.676,7797667196.731,2749.551,1.742,2.308,11.574,-0.338,-5.936,28.33,26.193,16.291,8247147199.76,23.314,MDA,,,,
2014,Republic of Moldova,5.889,,,,,,,,,,MDA2014,5.089,9402090137.742,3289.958,1.425,5.582,5.143,5.0,-6.044,29.367,26.25,16.829,10224420143.592,21.066,MDA,,,,
2012,Republic of Moldova,5.791,,,,,,,,,,MDA2012,4.546,8709138634.829,3044.808,2.151,5.58,7.424,-0.59,-7.39,27.854,26.127,15.595,9519279677.548,20.347,MDA,,,,
2011,Republic of Moldova,5.305,,,,,,,,,,MDA2011,7.687,8414352020.494,2941.362,2.648,5.774,8.191,5.818,-10.125,27.36,25.606,15.24,8991792743.469,19.767,MDA,,,,
2024,Romania,6.563,6.47,6.655,1.636,1.401,0.561,0.847,0.028,0.015,2.075,ROU2024,-4.519,,,5.379,,,,,,,,,,ROU,,,,
2023,Romania,6.491,6.39,6.592,1.699,1.236,0.583,0.717,0.041,0.006,2.21,ROU2023,10.397,350775856415.189,18404.273,5.589,-3.058,12.77,2.404,-6.973,,,,341406887173.994,,ROU,,,,
2022,Romania,6.589,6.488,6.69,1.726,1.28,0.423,0.631,0.044,0.0,2.485,ROU2022,13.795,296354358293.475,15557.883,5.614,-3.867,12.092,3.965,-9.221,37.173,31.611,16.158,287401142589.008,50.885,ROU,,,,
2021,Romania,6.477,6.379,6.575,1.719,1.006,0.655,0.605,0.039,0.006,2.446,ROU2021,5.052,286578196368.297,14986.785,5.59,0.003,5.61,5.546,-7.176,37.0,30.212,14.924,280850525992.947,55.763,ROU,,,,
2020,Romania,6.14,6.027,6.253,1.275,0.832,0.595,0.564,0.045,0.001,2.83,ROU2020,2.631,252033792712.145,13082.301,5.035,2.282,4.111,-3.674,-5.112,38.003,30.001,14.147,248241836530.323,57.143,ROU,,,,
2019,Romania,6.124,6.031,6.217,1.12,1.194,0.792,0.535,0.068,0.001,2.413,ROU2019,3.828,251677082534.495,12992.033,3.912,0.201,6.947,3.923,-4.839,33.603,29.677,14.522,248106362712.884,43.248,ROU,,,,
2018,Romania,6.07,,,,,,,,,,ROU2018,4.625,243468683030.34,12502.262,4.187,0.585,6.187,6.121,-4.576,32.52,29.729,14.374,239021337055.325,42.538,ROU,,,,
2017,Romania,5.945,,,,,,,,,,ROU2017,1.339,210147385855.419,10727.982,4.927,0.873,4.651,8.195,-3.194,31.597,29.03,15.587,207139929998.628,44.327,ROU,,,,
2016,Romania,5.825,,,,,,,,,,ROU2016,-1.545,185290759248.844,9404.54,5.901,3.01,2.62,2.86,-2.103,32.225,30.145,17.112,182793770174.934,47.279,ROU,,,,
2015,Romania,5.528,,,,,,,,,,ROU2015,-0.594,177885131240.315,8977.017,6.812,3.392,3.265,3.157,-0.637,33.014,32.848,18.918,176016433717.531,45.17,ROU,,,,
2014,Romania,5.124,,,,,,,,,,ROU2014,1.068,199722319675.741,10031.771,6.802,6.638,1.714,4.116,-0.341,32.442,31.719,17.939,198781424858.361,46.267,ROU,,,,
2012,Romania,5.033,,,,,,,,,,ROU2012,3.335,179117323107.087,8929.954,6.794,7.243,3.81,1.904,-4.578,32.3,29.976,17.159,176155821463.583,40.392,ROU,,,,
2011,Romania,5.178,,,,,,,,,,ROU2011,5.789,192623977894.173,9560.676,7.177,7.833,3.983,4.496,-4.816,33.655,29.897,17.215,190288593351.457,37.246,ROU,,,,
2024,Russian Federation,5.945,5.865,6.026,1.63,1.549,0.47,0.702,0.095,0.125,1.373,RUS2024,,,,2.527,,,,,,,,,,RUS,,,,
2023,Russian Federation,5.785,5.712,5.859,1.642,1.351,0.531,0.551,0.138,0.121,1.451,RUS2023,,2021421476035.42,13817.046,3.076,4.248,7.074,3.6,2.48,30.338,29.445,12.372,1994504886035.41,18.962,RUS,,,,
2022,Russian Federation,5.661,5.588,5.734,1.68,1.383,0.366,0.449,0.12,0.091,1.572,RUS2022,,2266029240645.34,15445.242,3.867,-4.503,16.715,-2.07,10.491,31.753,27.308,10.97,2219007320645.76,19.506,RUS,,,,
2021,Russian Federation,5.459,5.392,5.525,1.685,1.095,0.586,0.401,0.117,0.08,1.494,RUS2021,6.694,1843392293734.38,12521.522,4.749,-10.242,19.412,5.614,6.778,30.546,26.371,11.606,1800376274532.51,20.867,RUS,,,,
2020,Russian Federation,5.477,5.413,5.541,1.241,0.992,0.511,0.409,0.115,0.06,2.148,RUS2020,3.382,1493075894362.14,10108.327,5.62,5.825,0.898,-2.654,2.369,35.3,27.677,10.799,1458071184362.37,22.992,RUS,,,,
2019,Russian Federation,5.546,5.468,5.624,1.127,1.379,0.68,0.399,0.099,0.046,1.816,RUS2019,4.47,1693115002708.32,11447.701,4.513,5.317,3.263,2.198,3.876,29.614,27.48,10.938,1639594452707.88,17.276,RUS,,,,
2018,Russian Federation,5.648,,,,,,,,,,RUS2018,2.878,1657328773461.31,11211.888,4.871,-1.028,9.998,2.807,6.98,28.944,27.516,11.469,1616936904758.28,16.169,RUS,,,,
2017,Russian Federation,5.81,,,,,,,,,,RUS2017,3.683,1574199360089.0,10658.913,5.238,4.946,5.35,1.826,2.044,30.71,24.485,10.288,1532146060813.91,16.325,RUS,,,,
2016,Russian Federation,5.963,,,,,,,,,,RUS2016,7.042,1276786350881.14,8663.158,5.591,9.484,2.844,0.194,1.916,31.028,24.268,9.183,1241289768349.06,14.242,RUS,,,,
2015,Russian Federation,5.856,,,,,,,,,,RUS2015,15.534,1363482182197.71,9277.714,5.615,7.895,7.25,-1.973,4.971,30.648,24.472,10.642,1325733351220.47,13.541,RUS,,,,
2014,Russian Federation,5.716,,,,,,,,,,RUS2014,7.823,2059241589895.01,14055.473,5.212,3.397,7.49,0.736,2.793,26.462,27.152,13.255,1991279402292.03,11.2,RUS,,,,
2012,Russian Federation,5.464,,,,,,,,,,RUS2012,5.075,2208293553878.42,15401.852,5.484,0.176,8.908,4.024,3.228,24.196,27.238,13.755,2140632821885.44,8.551,RUS,,,,
2011,Russian Federation,5.284,,,,,,,,,,RUS2011,8.44,2045922753398.04,14305.332,6.571,-12.857,24.46,4.3,4.755,23.35,29.148,13.954,1985523437666.18,8.641,RUS,,,,
2021,Rwanda,3.268,3.074,3.462,0.785,0.133,0.462,0.621,0.187,0.544,0.536,RWA2021,-0.391,11069280649.646,828.833,15.775,12.948,2.858,10.858,-10.924,20.306,21.451,14.476,10843185964.584,,RWA,,,,
2020,Rwanda,3.415,3.282,3.548,0.364,0.202,0.407,0.627,0.227,0.493,1.095,RWA2020,9.85,10174387374.348,778.702,11.829,9.027,6.712,-3.374,-12.065,21.53,21.382,15.074,9937664507.812,,RWA,,,,
2019,Rwanda,3.312,3.21,3.415,0.343,0.523,0.572,0.604,0.236,0.486,0.548,RWA2019,3.348,10349300380.33,810.051,11.236,13.717,2.471,9.447,-11.893,19.346,20.741,14.605,10001278819.882,,RWA,,,,
2018,Rwanda,3.334,,,,,,,,,,RWA2018,-0.311,9637904655.174,771.774,10.759,17.657,-0.603,8.516,-10.114,18.686,20.423,14.25,9290176578.871,,RWA,,,,
2017,Rwanda,3.408,,,,,,,,,,RWA2017,8.28,9252834336.495,758.301,11.875,8.328,8.163,3.918,-9.46,18.673,19.793,13.451,8961396887.972,,RWA,,,,
2016,Rwanda,3.471,,,,,,,,,,RWA2016,7.174,8695272300.91,729.519,11.801,11.674,5.03,5.971,-15.305,18.46,20.024,14.416,8456915984.282,,RWA,,,,
2015,Rwanda,3.515,,,,,,,,,,RWA2015,2.529,8543759677.582,733.999,11.838,16.766,0.486,8.857,-12.684,16.933,18.943,13.294,8381415487.965,,RWA,,,,
2014,Rwanda,3.465,,,,,,,,,,RWA2014,2.354,8238966063.867,724.958,11.844,11.961,4.732,6.167,-11.344,17.418,18.252,12.948,8050147969.236,,RWA,,,,
2012,Rwanda,3.715,,,,,,,,,,RWA2012,10.271,7654761573.55,706.817,11.701,11.439,4.723,8.642,-9.68,,,,7552066586.401,,RWA,,,,
2011,Rwanda,4.204,,,,,,,,,,RWA2011,3.08,6884913658.106,651.134,11.775,8.84,7.191,7.958,-6.928,,,,6827682931.802,,RWA,,,,
2024,Saudi Arabia,6.6,6.497,6.702,1.743,1.566,0.714,0.915,0.105,0.187,1.37,SAU2024,1.688,,,3.896,,,,,,,,,,SAU,,,,
2023,Saudi Arabia,6.594,6.48,6.707,1.842,1.361,0.511,0.787,0.114,0.188,1.79,SAU2023,2.327,1067582933333.33,32093.962,4.008,,-2.965,-0.755,3.291,27.645,30.281,8.908,1073418445360.0,,SAU,,,,
2022,Saudi Arabia,6.463,6.344,6.581,1.861,1.37,0.351,0.682,0.093,0.17,1.936,SAU2022,2.474,1108571466666.67,34454.196,5.589,,17.984,7.486,13.563,24.556,30.506,7.772,1118179993493.33,,SAU,,,,
2021,Saudi Arabia,6.523,6.409,6.637,1.87,1.092,0.577,0.651,0.078,0.18,2.075,SAU2021,3.063,874156000000.0,28396.086,6.621,,13.301,5.075,4.637,28.117,29.453,9.673,887051480960.0,,SAU,,,,
2020,Saudi Arabia,6.494,6.384,6.604,1.435,0.964,0.571,0.603,0.09,0.163,2.668,SAU2020,3.445,734271200000.0,23271.404,7.66,,-9.185,-3.582,-3.479,33.435,28.394,8.237,745486551306.667,,SAU,,,,
2019,Saudi Arabia,6.406,6.296,6.517,1.334,1.31,0.76,0.548,0.087,0.163,2.203,SAU2019,-2.093,838564800000.0,27892.842,5.636,,-2.023,1.098,4.585,28.313,29.483,6.998,846719422506.667,,SAU,,,,
2018,Saudi Arabia,6.375,,,,,,,,,,SAU2018,2.458,846583733333.333,28036.026,6.029,,14.734,3.199,8.618,28.061,28.533,8.292,854758208400.0,,SAU,,,,
2017,Saudi Arabia,6.371,,,,,,,,,,SAU2017,-0.838,714994666666.667,23081.205,5.89,,6.387,0.911,1.696,26.936,25.791,3.26,726876989173.333,,SAU,,,,
2016,Saudi Arabia,6.344,,,,,,,,,,SAU2016,2.069,666000000000.0,21515.66,5.6,,-2.36,1.884,-3.672,27.882,20.799,3.283,681352861413.333,,SAU,,,,
2015,Saudi Arabia,6.379,,,,,,,,,,SAU2015,1.206,669484266666.667,22453.572,5.6,,-16.437,4.509,-7.863,31.506,24.405,3.259,690847754533.333,,SAU,,,,
2014,Saudi Arabia,6.411,,,,,,,,,,SAU2014,2.236,766605866666.667,27079.673,5.877,,-2.043,3.811,10.47,28.564,36.182,2.734,789633446080.0,,SAU,,,,
2012,Saudi Arabia,6.48,,,,,,,,,,SAU2012,2.866,741849866666.667,28348.573,5.622,,4.012,5.409,23.41,25.641,44.808,2.518,761738805173.333,,SAU,,,,
2011,Saudi Arabia,6.597,,,,,,,,,,SAU2011,5.826,676634666666.667,26966.294,5.77,,15.412,10.994,24.384,23.012,44.043,2.313,692763354533.333,,SAU,,,,
2024,Senegal,4.856,4.732,4.979,0.907,0.977,0.433,0.767,0.129,0.09,1.553,SEN2024,,,,2.992,,,,,,,,,,SEN,,,,
2023,Senegal,4.969,4.841,5.096,0.927,0.751,0.392,0.607,0.152,0.069,2.071,SEN2023,5.939,30848333083.706,1706.442,2.8,,3.852,4.584,-19.683,23.447,24.055,19.441,29815310912.719,,SEN,,,,
2022,Senegal,4.855,4.727,4.983,0.943,0.727,0.231,0.519,0.142,0.06,2.234,SEN2022,9.697,27619479059.613,1564.745,2.837,,8.728,3.826,-20.067,23.26,22.281,18.703,26730995883.942,,SEN,,,,
2021,Senegal,5.046,4.921,5.171,0.933,0.53,0.447,0.494,0.143,0.081,2.419,SEN2021,2.18,27520784129.751,1598.107,3.44,,1.447,6.544,-12.09,19.589,20.814,17.55,26818952801.845,,SEN,,,,
2020,Senegal,5.132,4.998,5.266,0.518,0.558,0.357,0.381,0.158,0.088,3.071,SEN2020,2.543,24530513037.752,1461.087,3.437,,1.603,1.342,-10.853,20.946,20.23,17.449,24122233479.252,,SEN,,,,
2019,Senegal,4.981,4.877,5.084,0.504,0.955,0.518,0.352,0.164,0.082,2.405,SEN2019,1.76,23403995992.135,1431.181,2.863,,2.086,4.614,-8.109,21.233,21.21,18.419,22793623628.474,,SEN,,,,
2018,Senegal,4.681,,,,,,,,,,SEN2018,0.461,23116701556.138,1452.556,3.455,,-0.84,6.209,-9.583,19.847,19.772,16.378,22515158389.218,,SEN,,,,
2017,Senegal,4.631,,,,,,,,,,SEN2017,1.318,20996562943.598,1356.805,4.078,4.514,0.599,7.407,-7.269,19.788,21.341,15.906,20409580182.44,,SEN,,,,
2016,Senegal,4.535,,,,,,,,,,SEN2016,0.837,19040312333.186,1266.44,4.455,4.298,0.956,6.356,-4.179,18.31,20.819,16.371,18541862786.771,,SEN,,,,
2015,Senegal,4.219,,,,,,,,,,SEN2015,0.135,17774766696.176,1218.006,6.757,4.041,1.07,6.367,-5.316,18.299,19.198,15.774,17312461398.556,,SEN,,,,
2014,Senegal,3.904,,,,,,,,,,SEN2014,-1.09,19797253440.268,1398.891,5.841,6.96,-1.516,6.224,-6.803,,,,19408861677.051,,SEN,,,,
2012,Senegal,3.959,,,,,,,,,,SEN2012,1.418,17660870411.524,1326.838,3.888,1.709,3.274,4.003,-8.652,,,,17359552048.495,,SEN,,,,
2011,Senegal,4.414,,,,,,,,,,SEN2011,3.403,17814283639.312,1374.676,2.853,1.347,3.857,1.334,-6.445,,,,17532438785.721,,SEN,,,,
2024,Serbia,6.606,6.513,6.698,1.489,1.62,0.545,0.767,0.131,0.107,1.946,SRB2024,4.671,,,7.39,,,,,,,,,,SRB,,,,
2023,Serbia,6.411,6.3,6.522,1.538,1.391,0.585,0.663,0.2,0.101,1.932,SRB2023,12.372,81342660752.373,12281.506,8.268,,13.84,3.847,-2.394,,,,77124644204.408,,SRB,,,,
2022,Serbia,6.144,5.988,6.299,1.552,1.343,0.424,0.617,0.246,0.081,1.881,SRB2022,11.982,66797564758.339,10022.969,8.439,,10.516,2.631,-6.672,35.469,38.657,23.897,63640695711.636,,SRB,,,,
2021,Serbia,6.178,6.062,6.294,1.55,1.086,0.658,0.546,0.219,0.088,2.031,SRB2021,4.085,66159884072.531,9680.528,9.843,,5.684,7.949,-4.012,37.698,34.562,19.661,63725727979.921,,SRB,,,,
2020,Serbia,6.078,5.974,6.181,1.101,0.924,0.634,0.482,0.189,0.066,2.682,SRB2020,1.576,55874017668.998,8098.71,9.011,,2.649,-0.95,-3.896,42.538,39.43,22.43,54250382218.318,,SRB,,,,
2019,Serbia,5.778,5.679,5.878,0.988,1.327,0.828,0.395,0.15,0.059,2.029,SRB2019,1.849,53864693664.557,7755.633,10.395,,2.348,4.75,-6.563,35.743,39.291,23.0,51089361866.014,,SRB,,,,
2018,Serbia,5.603,,,,,,,,,,SRB2018,1.96,52787520248.924,7559.862,12.733,,2.0,4.649,-4.658,35.192,38.641,22.638,50210951337.945,,SRB,,,,
2017,Serbia,5.398,,,,,,,,,,SRB2017,3.131,45972834713.808,6548.037,13.477,,2.997,2.363,-5.052,36.141,39.018,23.129,43120235148.204,,SRB,,,,
2016,Serbia,5.395,,,,,,,,,,SRB2016,1.122,42225495909.563,5982.37,15.257,,1.544,2.975,-2.818,37.791,38.325,22.444,39988171446.519,,SRB,,,,
2015,Serbia,5.177,,,,,,,,,,SRB2015,1.392,41297410634.959,5820.322,17.66,,2.169,1.296,-3.318,39.053,37.458,21.467,39457763395.71,,SRB,,,,
2014,Serbia,5.123,,,,,,,,,,SRB2014,2.082,49114321280.347,6886.678,19.223,,2.909,-1.804,-5.364,40.911,37.323,21.052,47332816794.213,,SRB,,,,
2012,Serbia,4.813,,,,,,,,,,SRB2012,7.33,45103269969.411,6263.041,24.0,,6.044,-0.444,-10.479,35.426,31.538,17.815,43688184212.71,,SRB,,,,
2011,Serbia,4.564,,,,,,,,,,SRB2011,11.137,51251098408.092,7082.286,22.959,,11.002,0.054,-9.928,34.083,31.722,18.314,49347436352.331,,SRB,,,,
2024,Sierra Leone,2.998,2.894,3.102,0.786,0.692,0.327,0.613,0.138,0.052,0.391,SLE2024,28.634,,,3.126,,,,,,,,,,SLE,,,,
2023,Sierra Leone,3.245,3.124,3.366,0.654,0.566,0.253,0.469,0.181,0.053,1.068,SLE2023,47.643,6411869546.289,757.858,3.153,-7.412,29.216,5.71,-9.457,,,,6357900250.53,,SLE,,,,
2022,Sierra Leone,3.138,2.976,3.299,0.67,0.54,0.092,0.371,0.193,0.051,1.221,SLE2022,27.208,7119137321.901,860.131,3.175,-6.017,26.952,5.314,-6.35,,,,7052172099.96,,SLE,,,,
2021,Sierra Leone,3.574,3.416,3.732,0.686,0.416,0.273,0.387,0.202,0.055,1.556,SLE2021,11.874,7165214367.65,885.184,3.556,10.636,7.433,5.897,-7.297,,,,7095115114.099,,SLE,,,,
2020,Sierra Leone,3.849,3.698,4.001,0.279,0.377,0.1,0.408,0.243,0.047,2.396,SLE2020,13.447,6688594757.621,845.314,3.508,4.115,13.277,-1.253,-5.837,,,,6661953410.234,,SLE,,,,
2019,Sierra Leone,3.926,3.807,4.046,0.241,0.748,0.204,0.382,0.258,0.048,2.046,SLE2019,14.805,6523577590.383,843.713,3.203,7.325,9.916,5.503,-7.788,,,,6453832475.363,,SLE,,,,
2018,Sierra Leone,4.374,,,,,,,,,,SLE2018,16.03,6390514688.528,845.915,3.192,1.711,14.011,3.473,-9.255,,,,6321721809.585,,SLE,,,,
2017,Sierra Leone,4.571,,,,,,,,,,SLE2017,18.222,5818480351.637,788.487,3.834,6.151,8.956,3.754,-11.68,,,,5718813430.742,,SLE,,,,
2016,Sierra Leone,4.709,,,,,,,,,,SLE2016,10.886,6042615859.611,838.632,4.294,9.792,5.852,6.347,-4.863,,,,5946667599.373,,SLE,,,,
2015,Sierra Leone,4.635,,,,,,,,,,SLE2015,6.689,6651626733.649,945.148,4.606,-0.761,19.64,-20.491,-15.08,,,,6651514105.595,,SLE,,,,
2014,Sierra Leone,4.507,,,,,,,,,,SLE2014,4.639,7845456215.278,1140.927,4.678,17.306,1.795,4.559,-6.026,,,,7845075238.31,,SLE,,,,
2012,Sierra Leone,4.318,,,,,,,,,,SLE2012,6.588,5927684219.153,904.841,4.552,7.996,12.041,15.202,-20.416,,,,5927502383.727,,SLE,,,,
2011,Sierra Leone,3.586,,,,,,,,,,SLE2011,6.791,4587078913.133,718.162,4.54,3.159,17.295,6.01,-41.715,,,,4586860848.136,,SLE,,,,
2024,Singapore,6.565,6.481,6.65,2.022,1.565,0.935,0.856,0.164,0.522,0.501,SGP2024,2.366,,,3.182,,,,,,,,,,SGP,,,,
2023,Singapore,6.523,6.44,6.605,2.118,1.361,0.769,0.743,0.168,0.575,0.788,SGP2023,4.821,501427500080.059,84734.256,3.444,,-3.069,1.075,17.83,17.442,18.36,14.006,420675068720.039,177.002,SGP,,,,
2022,Singapore,6.587,6.454,6.72,2.168,1.354,0.607,0.66,0.17,0.561,1.067,SGP2022,6.121,498474540987.78,88428.702,3.591,,13.478,3.838,18.812,15.136,16.221,12.033,402947122111.431,157.363,SGP,,,,
2021,Singapore,6.48,6.392,6.569,2.149,1.127,0.851,0.672,0.163,0.587,0.932,SGP2021,2.305,434111559282.849,79601.413,4.64,-4.547,10.264,9.691,19.911,16.376,17.229,12.813,369181671818.698,150.142,SGP,,,,
2020,Singapore,6.377,6.293,6.46,1.695,1.019,0.897,0.664,0.176,0.547,1.379,SGP2020,-0.182,349488382610.662,61466.804,4.1,7.881,-2.439,-3.87,17.485,25.722,18.052,12.732,301827008237.772,151.566,SGP,,,,
2019,Singapore,6.377,6.312,6.442,1.52,1.395,1.138,0.635,0.219,0.533,0.937,SGP2019,0.565,376901649222.451,66081.72,3.1,5.466,-0.204,1.345,15.354,14.143,20.901,13.152,333217559842.775,127.827,SGP,,,,
2018,Singapore,6.262,,,,,,,,,,SGP2018,0.439,376892697588.005,66840.637,3.613,1.666,3.604,3.517,15.702,14.691,18.189,13.013,330780032057.128,110.758,SGP,,,,
2017,Singapore,6.343,,,,,,,,,,SGP2017,0.576,343257164581.712,61162.097,4.2,2.319,2.894,4.513,18.626,14.305,20.189,13.99,319463982475.515,109.329,SGP,,,,
2016,Singapore,6.572,,,,,,,,,,SGP2016,-0.532,319053943915.005,56899.918,4.08,4.837,0.49,3.589,18.039,14.443,18.466,13.309,299704968202.289,109.056,SGP,,,,
2015,Singapore,6.739,,,,,,,,,,SGP2015,-0.523,307998545269.398,55645.607,3.79,2.21,3.072,2.977,18.693,15.926,17.997,13.14,286982925099.558,103.321,SGP,,,,
2014,Singapore,6.798,,,,,,,,,,SGP2014,1.025,314863580758.455,57564.802,3.74,5.632,-0.267,3.936,17.95,13.151,18.021,13.557,303910658616.471,99.61,SGP,,,,
2012,Singapore,6.546,,,,,,,,,,SGP2012,4.576,295092888076.589,55547.555,3.72,4.861,0.495,4.435,17.643,12.384,17.477,13.581,281970766822.76,107.828,SGP,,,,
2011,Singapore,6.549,,,,,,,,,,SGP2011,5.248,279356499090.458,53891.457,3.89,4.16,1.171,6.215,22.218,12.773,17.021,13.106,269757413084.683,104.785,SGP,,,,
2024,Slovakia,6.221,6.154,6.288,1.629,1.762,0.547,0.704,0.058,0.07,1.451,SVK2024,2.758,,,5.234,,,,,,,,,,SVK,,,,
2023,Slovakia,6.257,6.182,6.332,1.706,1.54,0.638,0.566,0.096,0.058,1.653,SVK2023,10.532,132908336234.295,24491.377,5.84,,10.136,1.378,-1.678,,,,129363521385.089,,SVK,,,,
2022,Slovakia,6.469,6.36,6.578,1.731,1.544,0.472,0.494,0.128,0.022,2.078,SVK2022,12.774,115928615553.286,21342.767,6.143,,7.489,0.45,-9.598,39.728,37.853,19.44,113663598494.847,64.316,SVK,,,,
2021,Slovakia,6.391,6.306,6.475,1.736,1.232,0.707,0.479,0.118,0.025,2.094,SVK2021,3.15,120592216208.386,22138.195,6.894,,2.244,5.727,-4.79,42.367,37.365,18.963,115128905716.297,77.515,SVK,,,,
2020,Slovakia,6.331,6.251,6.411,1.304,1.066,0.653,0.468,0.107,0.018,2.714,SVK2020,1.937,107732602896.441,19735.486,6.719,,2.408,-2.586,-0.437,42.11,36.824,18.464,105812952730.797,77.603,SVK,,,,
2019,Slovakia,6.281,6.204,6.357,1.195,1.424,0.853,0.424,0.117,0.011,2.256,SVK2019,2.665,105843498304.094,19406.059,5.761,,2.401,2.276,-3.513,38.098,37.027,18.76,103173702727.27,63.034,SVK,,,,
2018,Slovakia,6.198,,,,,,,,,,SVK2018,2.514,106611673364.837,19573.372,6.544,,2.109,4.062,-1.593,37.129,36.253,18.464,104466604126.592,63.5,SVK,,,,
2017,Slovakia,6.173,,,,,,,,,,SVK2017,1.312,95978130734.977,17645.53,8.142,,1.182,2.875,-1.718,37.039,36.086,18.502,93926182364.76,64.134,SVK,,,,
2016,Slovakia,6.098,,,,,,,,,,SVK2016,-0.52,90347173228.636,16636.077,9.679,,-0.391,1.948,-1.417,40.319,37.768,18.013,87583418794.887,66.126,SVK,,,,
2015,Slovakia,6.078,,,,,,,,,,SVK2015,-0.325,89178548717.332,16442.076,11.492,,-0.186,5.177,-2.051,40.678,40.501,18.052,86733263300.836,64.633,SVK,,,,
2014,Slovakia,5.995,,,,,,,,,,SVK2014,-0.076,101713075598.862,18770.929,11.536,,-0.133,2.708,1.776,40.05,37.903,17.388,100294158379.669,65.702,SVK,,,,
2012,Slovakia,5.969,,,,,,,,,,SVK2012,3.606,94724394278.052,17516.969,13.966,,1.339,1.569,0.939,39.133,34.492,15.5,93046097962.178,58.426,SVK,,,,
2011,Slovakia,5.657,,,,,,,,,,SVK2011,3.919,99705104723.434,18469.435,13.634,,1.62,2.562,-4.924,39.06,34.93,16.004,96477145180.409,48.687,SVK,,,,
2024,Slovenia,6.792,6.695,6.889,1.692,1.718,0.802,0.961,0.121,0.113,1.384,SVN2024,1.966,,,3.357,,,,,,,,,,SVN,,,,
2023,Slovenia,6.743,6.643,6.843,1.786,1.502,0.695,0.789,0.157,0.131,1.683,SVN2023,7.447,69148468417.321,32610.111,3.652,,10.05,2.113,4.472,42.941,41.764,20.346,68204657444.175,,SVN,,,,
2022,Slovenia,6.65,6.55,6.75,1.815,1.539,0.532,0.707,0.144,0.113,1.799,SVN2022,8.834,59927702746.284,28373.838,4.011,,6.517,2.699,-1.03,43.533,42.324,21.021,58905498955.812,,SVN,,,,
2021,Slovenia,6.63,6.542,6.718,1.81,1.249,0.769,0.685,0.118,0.115,1.885,SVN2021,1.917,61529280461.092,29187.369,4.744,,2.69,8.39,3.368,46.617,43.153,21.613,61087662970.414,,SVN,,,,
2020,Slovenia,6.461,6.376,6.546,1.36,1.093,0.722,0.69,0.122,0.085,2.388,SVN2020,-0.055,53384760135.158,25392.065,4.971,,1.19,-4.085,7.674,49.108,42.106,20.489,53456563151.351,,SVN,,,,
2019,Slovenia,6.363,6.277,6.449,1.209,1.465,0.933,0.647,0.146,0.077,1.889,SVN2019,1.631,53909922735.545,25814.169,4.446,,2.339,3.505,6.453,40.79,42.248,21.699,53555776974.368,,SVN,,,,
2018,Slovenia,6.118,,,,,,,,,,SVN2018,1.739,53689067639.918,25888.048,5.108,,2.181,4.379,6.521,41.145,42.699,22.033,53372127792.394,,SVN,,,,
2017,Slovenia,5.948,,,,,,,,,,SVN2017,1.429,48153200134.661,23303.078,6.564,,1.288,5.174,6.821,42.298,42.396,21.905,47713353120.197,,SVN,,,,
2016,Slovenia,5.758,,,,,,,,,,SVN2016,-0.055,44290685824.068,21447.838,8.0,,0.885,3.034,5.292,44.675,42.693,22.163,43632048585.544,,SVN,,,,
2015,Slovenia,5.768,,,,,,,,,,SVN2015,-0.526,42709468274.814,20697.275,8.962,,0.867,2.393,4.118,46.722,44.439,22.122,41777966741.873,,SVN,,,,
2014,Slovenia,5.848,,,,,,,,,,SVN2014,0.199,49514466379.606,24013.068,9.668,,0.632,2.763,5.328,47.534,43.724,22.034,49538339538.7,,SVN,,,,
2012,Slovenia,6.06,,,,,,,,,,SVN2012,2.597,46167053954.337,22442.142,8.841,,0.627,-2.916,1.403,47.49,43.441,21.702,45851550969.762,,SVN,,,,
2011,Slovenia,5.922,,,,,,,,,,SVN2011,1.803,51199194599.309,24940.628,8.166,,1.365,0.655,-0.772,48.809,42.472,21.695,50883600760.681,,SVN,,,,
2024,Somalia,4.347,4.203,4.49,0.535,0.877,0.046,0.916,0.206,0.192,1.575,SOM2024,,,,18.861,,,,,,,,,,SOM,,,,
2018,Somalia,4.668,,,,,,,,,,SOM2018,,7873440838.366,509.526,18.738,,4.975,2.054,,0.0,0.0,0.0,7839349638.496,,SOM,,,,
2017,Somalia,4.982,,,,,,,,,,SOM2017,,7621501720.0,510.94,18.523,,0.598,14.736,,0.0,0.0,0.0,7588940646.518,,SOM,,,,
2016,Somalia,5.151,,,,,,,,,,SOM2016,,6613743089.999,460.928,18.578,,4.082,7.035,,,,,6583423311.613,,SOM,,,,
2015,Somalia,5.44,,,,,,,,,,SOM2015,,6152149080.002,445.583,18.597,,6.949,10.462,,,,,6122909830.002,,SOM,,,,
2024,South Africa,5.213,5.086,5.339,1.283,1.465,0.142,0.676,0.064,0.043,1.54,ZAF2024,4.361,,,33.168,,,,,,,,,,ZAF,,,,
2023,South Africa,5.422,5.295,5.549,1.389,1.369,0.322,0.537,0.078,0.034,1.693,ZAF2023,6.075,380699271814.508,6022.543,32.098,6.389,4.804,0.698,-1.614,,,,375533190780.566,,ZAF,,,,
2022,South Africa,5.275,5.132,5.417,1.417,1.428,0.149,0.464,0.09,0.019,1.708,ZAF2022,7.04,406920004594.074,6523.411,33.268,3.619,4.992,1.911,-0.462,33.48,30.273,26.005,398453691164.869,76.237,ZAF,,,,
2021,South Africa,5.194,5.073,5.315,1.425,1.088,0.361,0.442,0.089,0.046,1.742,ZAF2021,4.619,420886877628.703,6843.399,34.007,0.472,6.539,4.955,3.73,34.531,30.065,25.895,412864533620.666,73.807,ZAF,,,,
2020,South Africa,4.956,4.839,5.074,0.967,0.895,0.265,0.447,0.144,0.051,2.187,ZAF2020,3.232,337974655408.055,5580.604,29.217,2.198,5.391,-6.169,2.004,37.835,27.814,23.265,332348812405.049,75.726,ZAF,,,,
2019,South Africa,4.814,4.696,4.932,0.902,1.259,0.407,0.435,0.126,0.06,1.625,ZAF2019,4.103,389330032224.269,6533.711,28.468,5.268,4.614,0.26,-2.62,34.653,28.898,24.867,379611912078.734,64.589,ZAF,,,,
2018,South Africa,4.722,,,,,,,,,,ZAF2018,4.51,405260723892.517,6914.178,26.906,5.856,3.993,1.557,-3.001,33.995,28.364,24.895,393942734756.111,59.102,ZAF,,,,
2017,South Africa,4.724,,,,,,,,,,ZAF2017,5.186,381448814653.456,6618.335,27.035,4.647,5.473,1.158,-2.374,33.252,28.913,24.769,370872987853.886,56.26,ZAF,,,,
2016,South Africa,4.829,,,,,,,,,,ZAF2016,6.603,323585509674.481,5651.206,26.536,3.278,6.952,0.665,-2.634,32.19,29.041,24.828,315294109648.646,53.739,ZAF,,,,
2015,South Africa,4.459,,,,,,,,,,ZAF2015,4.519,346709790458.563,6112.274,25.149,3.668,5.546,1.322,-4.31,33.68,29.647,25.049,338766618711.13,52.651,ZAF,,,,
2014,South Africa,4.642,,,,,,,,,,ZAF2014,6.133,381198869776.106,6856.731,24.89,3.567,5.367,1.414,-4.812,31.905,28.873,24.432,371745234720.224,,ZAF,,,,
2012,South Africa,4.963,,,,,,,,,,ZAF2012,5.738,434400545085.811,8076.977,24.727,3.883,4.685,2.396,-4.684,30.365,26.523,23.346,423516734077.151,,ZAF,,,,
2011,South Africa,5.101,,,,,,,,,,ZAF2011,5.001,458199494830.834,8646.056,24.639,3.279,5.539,3.169,-2.02,31.062,25.974,22.875,447479678691.973,,ZAF,,,,
2019,South Sudan,2.817,2.606,3.028,0.289,0.553,0.209,0.066,0.21,0.111,1.379,SSD2019,87.241,,,12.709,-25.098,,,-4.157,,,,,,SSD,,,,
2018,South Sudan,2.853,,,,,,,,,,SSD2018,83.502,,,12.952,-27.288,,,-9.038,,,,,,SSD,,,,
2017,South Sudan,3.254,,,,,,,,,,SSD2017,187.852,,,13.111,-77.561,,,8.307,,,,,,SSD,,,,
2016,South Sudan,3.591,,,,,,,,,,SSD2016,380.0,,,12.955,-33.009,,,-5.767,,,,,,SSD,,,,
2015,South Sudan,3.832,,,,,,,,,,SSD2015,52.766,11997800760.224,1080.147,12.485,-3.321,17.689,-10.793,-4.169,,,,10522802563.676,,SSD,,,,
2024,Spain,6.466,6.385,6.547,1.69,1.685,0.894,0.734,0.112,0.18,1.17,ESP2024,2.774,,,11.394,,,,,,,,,,ESP,,,,
2023,Spain,6.421,6.339,6.502,1.766,1.471,0.729,0.619,0.119,0.177,1.54,ESP2023,3.532,1620090734956.89,33509.013,12.179,,6.235,2.676,2.655,34.031,29.635,14.993,1606770094001.98,107.26,ESP,,,,
2022,Spain,6.436,6.354,6.519,1.798,1.491,0.567,0.533,0.101,0.157,1.789,ESP2022,8.391,1446498147749.03,30287.366,12.917,,4.712,6.179,0.31,35.395,29.791,15.496,1424534712303.51,109.218,ESP,,,,
2021,Spain,6.476,6.392,6.56,1.808,1.211,0.808,0.505,0.101,0.149,1.893,ESP2021,3.093,1461244901852.69,30817.683,14.781,,2.556,6.683,0.765,38.362,30.122,14.878,1456884138329.43,132.547,ESP,,,,
2020,Spain,6.491,6.408,6.574,1.375,1.057,0.826,0.462,0.135,0.124,2.513,ESP2020,-0.323,1289783836971.21,27230.36,15.532,,1.134,-10.94,0.819,40.369,29.223,13.446,1281402401923.74,138.955,ESP,,,,
2019,Spain,6.401,6.318,6.484,1.231,1.421,1.051,0.426,0.165,0.11,1.997,ESP2019,0.7,1403496387686.27,29776.201,14.104,,1.429,1.961,2.12,32.115,27.84,13.658,1396786257474.51,111.293,ESP,,,,
2018,Spain,6.354,,,,,,,,,,ESP2018,1.675,1431642809327.06,30592.126,15.255,,1.187,2.395,1.861,31.726,27.753,14.125,1423751671292.55,107.203,ESP,,,,
2017,Spain,6.31,,,,,,,,,,ESP2017,1.956,1321754088818.83,28367.939,17.224,,1.258,2.896,2.829,31.362,27.036,13.626,1313739000871.77,106.578,ESP,,,,
2016,Spain,6.403,,,,,,,,,,ESP2016,-0.203,1243015667917.12,26740.685,19.635,,0.372,2.915,3.158,32.432,27.129,13.684,1236606698893.78,105.968,ESP,,,,
2015,Spain,6.361,,,,,,,,,,ESP2015,-0.5,1206164777553.12,25969.838,22.057,,0.552,4.061,2.037,32.656,27.539,14.082,1195894016724.61,104.514,ESP,,,,
2014,Spain,6.329,,,,,,,,,,ESP2014,-0.151,1380244561361.96,29694.887,24.441,,-0.221,1.52,1.736,34.531,28.314,14.048,1366800133424.7,104.928,ESP,,,,
2012,Spain,6.322,,,,,,,,,,ESP2012,2.446,1330994811670.31,28456.444,24.789,,-0.203,-2.865,0.055,38.032,25.873,11.706,1314155086548.05,77.446,ESP,,,,
2011,Spain,6.761,,,,,,,,,,ESP2011,3.196,1487568659241.25,31824.622,21.39,,-0.146,-0.64,-2.687,31.194,25.923,11.826,1454580711702.34,57.79,ESP,,,,
2024,Sri Lanka,3.891,3.78,4.001,1.271,1.308,0.567,0.696,0.121,0.025,-0.099,LKA2024,-0.429,,,4.996,,,,,,,,,,LKA,,,,
2023,Sri Lanka,3.898,3.778,4.018,1.361,1.179,0.586,0.583,0.144,0.031,0.014,LKA2023,16.541,84356863743.634,3827.965,5.997,,17.519,-2.298,1.848,17.976,11.035,9.847,81623429815.185,,LKA,,,,
2022,Sri Lanka,4.442,4.28,4.603,1.422,1.224,0.426,0.539,0.12,0.086,0.625,LKA2022,49.721,74144870023.424,3342.72,4.528,,47.464,-7.347,-1.954,15.742,8.225,7.277,72199977445.736,,LKA,,,,
2021,Sri Lanka,4.362,4.237,4.487,1.415,0.934,0.66,0.529,0.15,0.079,0.595,LKA2021,7.015,88609324901.977,3999.338,4.981,,8.021,4.207,-3.706,17.467,8.273,7.37,86619332546.136,,LKA,,,,
2020,Sri Lanka,4.325,4.196,4.454,0.99,0.82,0.593,0.559,0.239,0.049,1.075,LKA2020,6.154,84304298770.533,3846.174,5.364,,3.104,-4.625,-1.408,19.069,8.743,7.775,82024773617.052,,LKA,,,,
2019,Sri Lanka,4.327,4.223,4.431,0.898,1.195,0.792,0.529,0.253,0.049,0.611,LKA2019,3.528,89014978344.14,4082.694,4.67,7.099,3.871,-0.22,-2.071,15.934,11.884,10.904,86545573251.94,,LKA,,,,
2018,Sri Lanka,4.366,,,,,,,,,,LKA2018,2.135,94493871200.787,4360.585,4.318,6.96,4.295,2.31,-2.962,15.285,12.506,11.154,92095811316.341,,LKA,,,,
2017,Sri Lanka,4.471,,,,,,,,,,LKA2017,7.704,94376237797.237,4401.056,4.046,5.781,5.473,6.461,-2.447,15.331,12.73,11.609,92061614515.905,,LKA,,,,
2016,Sri Lanka,4.44,,,,,,,,,,LKA2016,3.959,88012282205.836,4149.761,4.242,4.789,5.443,5.054,-1.98,15.661,13.156,11.423,85816595299.736,,LKA,,,,
2015,Sri Lanka,4.415,,,,,,,,,,LKA2015,3.768,85140955388.851,4060.131,4.519,3.828,3.014,4.206,-2.211,17.088,12.577,11.72,83118677957.889,73.513,LKA,,,,
2014,Sri Lanka,4.271,,,,,,,,,,LKA2014,3.179,82528535713.926,3971.919,4.157,5.805,1.921,6.378,-2.408,14.203,10.929,9.748,80720442913.028,68.591,LKA,,,,
2012,Sri Lanka,4.151,,,,,,,,,,LKA2012,7.543,70447216891.337,3327.776,3.88,2.552,10.463,8.632,-5.691,15.068,11.688,10.111,69233385160.863,66.747,LKA,,,,
2011,Sri Lanka,4.26,,,,,,,,,,LKA2011,6.717,67753284043.928,3224.957,4.118,5.224,3.98,8.669,-6.812,15.579,12.478,10.848,67101713795.899,68.526,LKA,,,,
2024,State of Palestine,4.78,4.675,4.886,1.047,1.456,,0.618,0.055,0.081,,PSE2024,,,,,,,,,,,,,,PSE,,,,
2023,State of Palestine,4.879,4.753,5.006,,,,,,,,PSE2023,5.871,17420800000.0,3372.35,,,-3.904,-5.411,-16.62,,,,20657700000.0,,PSE,,,,
2022,State of Palestine,4.908,4.727,5.089,1.144,1.309,,0.416,0.065,0.067,,PSE2022,3.741,19165500000.0,3799.955,24.42,,1.683,4.083,-10.627,,,,23693000000.0,,PSE,,,,
2021,State of Palestine,4.483,4.3,4.665,1.148,0.957,0.521,0.336,0.073,0.079,1.368,PSE2021,1.237,18109000000.0,3678.636,26.39,-3.119,8.954,7.012,-9.818,26.166,23.392,21.475,21736300000.0,,PSE,,,,
2020,State of Palestine,4.517,4.384,4.649,0.646,0.819,0.434,0.33,0.082,0.075,2.131,PSE2020,-0.735,15531700000.0,3233.569,25.895,3.225,2.221,-11.318,-12.251,29.235,22.72,20.852,18024400000.0,,PSE,,,,
2019,State of Palestine,4.553,4.443,4.662,0.588,1.195,0.614,0.299,0.092,0.072,1.694,PSE2019,1.58,17133500000.0,3656.858,25.34,2.005,3.849,1.363,-10.385,24.466,20.291,18.534,19791500000.0,,PSE,,,,
2018,State of Palestine,4.696,,,,,,,,,,PSE2018,-0.195,16276600000.0,3562.331,26.256,6.194,-0.302,1.227,-13.15,24.617,20.794,18.782,19062800000.0,,PSE,,,,
2017,State of Palestine,4.743,,,,,,,,,,PSE2017,0.213,16128000000.0,3620.36,25.677,2.486,3.225,1.419,-13.207,26.874,22.468,20.664,18257000000.0,,PSE,,,,
2016,State of Palestine,4.775,,,,,,,,,,PSE2016,-0.219,15405400000.0,3527.614,23.939,4.81,1.278,8.865,-13.908,25.672,22.925,20.409,17301000000.0,,PSE,,,,
2015,State of Palestine,4.754,,,,,,,,,,PSE2015,1.432,13972400000.0,3272.154,23.005,10.893,-3.707,3.721,-13.879,26.988,21.013,19.73,15684800000.0,,PSE,,,,
2014,State of Palestine,4.715,,,,,,,,,,PSE2014,1.733,13989700000.0,3352.113,20.526,2.639,3.672,-0.158,-13.587,26.628,20.025,18.578,15472300000.0,,PSE,,,,
2012,State of Palestine,4.7,,,,,,,,,,PSE2012,2.779,12208400000.0,3067.439,19.202,3.986,2.868,6.096,-14.917,25.7,16.351,16.253,13065900000.0,,PSE,,,,
2011,State of Palestine,4.555,,,,,,,,,,PSE2011,2.877,11186100000.0,2880.798,17.597,1.297,5.42,9.601,-18.501,28.191,18.593,17.581,11935600000.0,,PSE,,,,
2017,Sudan,4.139,,,,,,,,,,SDN2017,32.352,41283617976.19,966.506,12.953,,34.622,0.709,-11.17,,,,39632308795.238,,SDN,,,,
2016,Sudan,4.139,,,,,,,,,,SDN2016,17.75,42630376000.0,1033.216,13.606,,20.686,3.468,-9.883,9.726,8.774,7.39,41763874766.667,,SDN,,,,
2015,Sudan,4.139,,,,,,,,,,SDN2015,16.91,51726758676.768,1292.38,14.347,,14.023,1.91,-10.557,10.712,10.314,8.194,50563738020.202,,SDN,,,,
2014,Sudan,4.55,,,,,,,,,,SDN2014,36.907,49516748617.978,1275.438,15.411,,34.067,4.661,-7.16,11.432,11.042,7.982,48568747977.528,,SDN,,,,
2012,Sudan,4.401,,,,,,,,,,SDN2012,35.559,37632919966.667,1019.222,17.002,,30.129,-17.005,-16.632,11.635,9.412,6.894,35608466700.0,,SDN,,,,
2011,Sudan,4.424,,,,,,,,,,SDN2011,18.097,55018567210.526,1332.657,17.44,,26.328,-3.214,-4.822,,11.306,3.856,51237402657.895,,SDN,,,,
2015,Suriname,6.269,,,,,,,,,,SUR2015,6.894,5126237646.221,8813.617,7.22,7.403,4.855,-3.413,-15.341,,,,5112966262.15,,SUR,,,,
2014,Suriname,6.269,,,,,,,,,,SUR2014,3.383,5240606060.606,9108.189,6.94,10.533,1.584,0.256,-7.945,,,,5170283939.394,,SUR,,,,
2012,Suriname,6.269,,,,,,,,,,SUR2012,5.007,4980000000.0,8851.241,8.1,0.909,10.735,2.69,3.26,,,,4787510969.697,,SUR,,,,
2020,Swaziland,4.308,4.168,4.448,0.849,0.693,0.074,0.323,0.067,0.147,2.155,SWZ2020,,4105756862.553,3442.322,32.944,2.951,4.864,-2.887,6.599,26.253,27.465,27.281,3719044112.004,38.629,SWZ,,,,
2019,Swaziland,4.308,4.168,4.448,0.828,1.065,0.216,0.3,0.067,0.147,1.686,SWZ2019,2.598,4594818143.276,3894.33,28.138,7.388,2.548,4.962,3.834,25.403,25.933,24.646,4112925340.939,29.946,SWZ,,,,
2018,Swaziland,4.212,,,,,,,,,,SWZ2018,4.815,4659474399.74,3986.106,26.369,6.58,3.502,0.769,1.303,26.673,24.728,24.247,4339197362.558,27.023,SWZ,,,,
2014,Swaziland,4.867,,,,,,,,,,SWZ2014,5.681,4250545460.945,3740.693,23.828,2.178,6.31,1.717,12.048,25.509,30.654,30.008,4063414218.602,14.425,SWZ,,,,
2012,Swaziland,4.867,,,,,,,,,,SWZ2012,8.94,4886551483.934,4347.996,25.128,0.001,8.748,5.397,4.91,22.33,28.838,28.233,4571223253.096,12.882,SWZ,,,,
2024,Sweden,7.345,7.262,7.427,1.783,1.698,0.889,0.952,0.17,0.467,1.385,SWE2024,2.836,,,8.528,,,,,,,,,,SWE,,,,
2023,Sweden,7.344,7.267,7.422,1.878,1.501,0.724,0.838,0.221,0.524,1.658,SWE2023,8.549,584960475767.32,55516.836,7.611,,6.149,-0.311,6.978,,,,606603219320.577,,SWE,,,,
2022,Sweden,7.395,7.322,7.468,1.921,1.51,0.562,0.754,0.225,0.52,1.903,SWE2022,8.369,579895717343.956,55296.937,7.392,,5.782,1.459,4.726,32.235,33.289,27.605,604826974545.303,36.91,SWE,,,,
2021,Sweden,7.384,7.315,7.454,1.92,1.204,0.803,0.724,0.218,0.512,2.003,SWE2021,2.163,637186904843.636,61174.968,8.722,,2.741,5.938,6.703,32.912,32.498,27.399,663252463172.592,40.655,SWE,,,,
2020,Sweden,7.363,7.293,7.433,1.478,1.062,0.763,0.685,0.244,0.448,2.683,SWE2020,0.497,545147614972.141,52653.757,8.291,,1.794,-2.005,5.798,34.879,32.253,26.822,564371291338.878,44.178,SWE,,,,
2019,Sweden,7.353,7.282,7.425,1.322,1.433,0.986,0.65,0.273,0.442,2.246,SWE2019,1.784,532169294165.94,51773.046,6.833,,2.421,2.55,5.327,31.331,32.953,27.501,547611418095.424,38.795,SWE,,,,
2018,Sweden,7.343,,,,,,,,,,SWE2018,1.954,551312498430.164,54181.907,6.365,,2.616,1.903,2.192,31.944,33.484,28.119,561279115315.834,42.582,SWE,,,,
2017,Sweden,7.314,,,,,,,,,,SWE2017,1.794,536083940228.684,53300.859,6.718,,2.227,1.825,2.074,31.927,33.606,28.386,543698522015.555,44.353,SWE,,,,
2016,Sweden,7.284,,,,,,,,,,SWE2016,0.984,514218206628.325,51820.397,6.99,,1.652,2.35,1.847,32.037,33.515,28.199,515550957283.109,46.317,SWE,,,,
2015,Sweden,7.291,,,,,,,,,,SWE2015,-0.047,501698263620.663,51197.953,7.432,,2.253,4.41,2.594,32.353,32.624,27.321,505274264709.006,47.756,SWE,,,,
2014,Sweden,7.364,,,,,,,,,,SWE2014,-0.18,577730245154.162,59583.714,7.954,,1.833,2.296,3.25,33.257,32.089,26.709,589823904990.464,49.817,SWE,,,,
2012,Sweden,7.48,,,,,,,,,,SWE2012,0.888,549742183874.355,57749.825,7.976,,0.95,-0.414,5.533,33.009,32.244,26.435,562604589238.968,43.727,SWE,,,,
2011,Sweden,7.379,,,,,,,,,,SWE2011,2.961,570541353128.724,60379.775,7.804,,1.117,3.164,5.51,32.439,32.701,26.799,583474661753.753,43.957,SWE,,,,
2024,Switzerland,6.935,6.854,7.015,1.87,1.622,0.883,0.889,0.156,0.468,1.047,CHE2024,1.062,,,4.11,,,,,,,,,,CHE,,,,
2023,Switzerland,7.06,6.973,7.147,1.97,1.425,0.747,0.759,0.173,0.498,1.488,CHE2023,2.135,884940402230.409,99564.71,4.043,1.822,1.023,0.716,5.362,16.906,17.239,9.1,860241113084.629,20.095,CHE,,,,
2022,Switzerland,7.24,7.156,7.324,2.022,1.463,0.582,0.678,0.151,0.475,1.87,CHE2022,2.835,818426550206.45,93245.795,4.122,0.146,2.497,2.568,8.837,16.672,17.394,9.101,801895036040.353,17.803,CHE,,,,
2021,Switzerland,7.512,7.437,7.586,2.026,1.226,0.822,0.677,0.147,0.461,2.153,CHE2021,0.582,813408787222.499,93446.434,5.013,1.377,1.246,5.392,7.073,19.011,18.476,10.094,800495604747.336,19.986,CHE,,,,
2020,Switzerland,7.571,7.5,7.643,1.566,1.079,0.816,0.653,0.204,0.413,2.839,CHE2020,-0.726,741999406005.627,85897.784,4.817,3.358,-0.699,-2.142,0.375,20.043,17.893,9.345,716684165061.556,20.852,CHE,,,,
2019,Switzerland,7.56,7.491,7.629,1.391,1.472,1.041,0.629,0.269,0.408,2.35,CHE2019,0.363,721369112726.724,84121.931,4.394,2.74,-0.104,1.142,3.512,16.853,17.906,9.907,696318048854.117,18.954,CHE,,,,
2018,Switzerland,7.48,,,,,,,,,,CHE2018,0.936,725568717468.001,85217.369,4.713,1.849,0.764,2.86,5.05,16.718,17.675,9.691,699353255841.699,18.678,CHE,,,,
2017,Switzerland,7.487,,,,,,,,,,CHE2017,0.534,695200833086.499,82254.377,4.797,3.006,-0.368,1.363,5.344,17.216,18.155,10.062,685587748787.691,20.284,CHE,,,,
2016,Switzerland,7.494,,,,,,,,,,CHE2016,-0.435,687895460902.713,82153.075,4.918,3.249,-0.583,2.069,7.276,17.241,17.45,9.405,683895323472.44,19.381,CHE,,,,
2015,Switzerland,7.509,,,,,,,,,,CHE2015,-1.144,694118186379.628,83806.448,4.801,3.996,-1.265,1.645,8.879,17.067,17.746,9.556,701133713181.255,20.439,CHE,,,,
2014,Switzerland,7.587,,,,,,,,,,CHE2014,-0.013,726537808338.0,88724.991,4.826,3.365,-0.653,2.35,6.867,16.719,17.132,9.087,725732044919.197,20.611,CHE,,,,
2012,Switzerland,7.65,,,,,,,,,,CHE2012,-0.693,686420221557.99,85836.208,4.491,2.623,0.064,1.179,8.877,16.522,17.164,9.169,697992809377.499,21.344,CHE,,,,
2011,Switzerland,7.499,,,,,,,,,,CHE2011,0.231,715888126682.396,90476.759,4.409,2.739,-0.02,1.813,6.211,16.638,17.29,9.322,720038694879.46,21.142,CHE,,,,
2018,Syria,3.462,,,,,,,,,,SYR2018,0.941,21497782867.643,1098.067,13.497,,13.188,1.393,,,,,20708643151.976,,SYR,,,,
2017,Syria,3.462,,,,,,,,,,SYR2017,18.075,16369843352.345,851.502,13.597,,37.221,-0.723,,,,,15776320913.866,,SYR,,,,
2016,Syria,3.462,,,,,,,,,,SYR2016,47.705,12597854877.425,656.349,13.795,,36.871,-6.406,,,,,12131412781.945,,SYR,,,,
2015,Syria,3.069,,,,,,,,,,SYR2015,38.461,16466863117.001,847.732,14.243,,38.215,-4.18,,,,,15846726811.901,,SYR,,,,
2014,Syria,3.006,,,,,,,,,,SYR2014,10.927,21502061465.95,1060.591,14.783,,37.095,-10.31,,,,,20679218993.095,,SYR,,,,
2012,Syria,3.892,,,,,,,,,,SYR2012,36.702,43190318032.563,1897.661,13.8,,26.246,-26.339,,,,,41500139065.81,,SYR,,,,
2011,Syria,4.735,,,,,,,,,,SYR2011,4.753,67539428159.447,2952.143,8.627,,11.574,2.85,,,,,62976957811.715,,SYR,,,,
2024,Tajikistan,5.411,5.337,5.485,0.914,1.555,0.658,,0.085,0.342,,TJK2024,,,,11.635,,,,,,,,,,TJK,,,,
2023,Tajikistan,5.281,5.201,5.361,,,,,,,,TJK2023,,12060602008.848,1160.812,11.546,,2.188,8.3,4.842,11.187,18.712,10.916,15143750556.156,,TJK,,,,
2022,Tajikistan,5.33,5.207,5.452,0.972,1.248,0.291,0.599,0.104,0.292,1.823,TJK2022,,10713525200.4,1052.179,11.634,,8.262,8.0,15.257,10.691,17.07,10.344,14210918854.237,,TJK,,,,
2021,Tajikistan,5.377,5.287,5.468,0.966,1.005,0.518,0.572,0.118,0.304,1.895,TJK2021,,8937805347.14,896.748,12.333,,10.045,9.4,8.229,12.457,17.753,10.346,10758910057.168,,TJK,,,,
2020,Tajikistan,5.466,5.4,5.532,0.508,0.895,0.498,0.548,0.152,0.247,2.619,TJK2020,,8133963550.657,834.312,12.321,,1.656,4.4,4.349,,,,9498106073.45,,TJK,,,,
2019,Tajikistan,5.556,5.492,5.619,0.475,1.218,0.681,0.521,0.182,0.222,2.257,TJK2019,,8300813599.308,871.022,11.419,19.189,3.659,7.4,-2.232,,,,9631287021.79,,TJK,,,,
2018,Tajikistan,5.467,,,,,,,,,,TJK2018,,7764999999.454,834.288,11.437,24.096,2.492,7.6,-4.89,,,,8990673043.815,,TJK,,,,
2017,Tajikistan,5.352,,,,,,,,,,TJK2017,,7536402852.858,829.457,11.487,18.069,9.805,7.1,2.109,,,,8637196303.701,,TJK,,,,
2016,Tajikistan,5.041,,,,,,,,,,TJK2016,6.005,6992416096.89,788.71,11.5,24.27,0.541,6.9,-4.159,,,,8081792570.519,,TJK,,,,
2015,Tajikistan,4.996,,,,,,,,,,TJK2015,5.715,8271431485.075,956.916,11.485,17.751,6.866,6.019,-5.768,,,,9797996695.503,,TJK,,,,
2014,Tajikistan,4.786,,,,,,,,,,TJK2014,6.104,9112605459.328,1081.544,11.439,18.865,4.767,6.7,-3.473,,,,11296415927.116,,TJK,,,,
2012,Tajikistan,4.38,,,,,,,,,,TJK2012,5.831,7633036903.076,952.453,11.444,8.246,11.869,7.5,-8.927,,,,9744488621.924,,TJK,,,,
2011,Tajikistan,4.614,,,,,,,,,,TJK2011,12.432,6522756255.012,833.602,11.557,8.063,13.324,7.4,-6.337,,,,8316624763.052,,TJK,,,,
2024,Tanzania,3.8,3.661,3.938,0.847,0.908,0.411,0.858,0.153,0.243,0.38,TZA2024,3.057,,,2.576,,,,,,,,,,TZA,,,,
2023,Tanzania,3.781,3.644,3.917,0.82,0.706,0.38,0.709,0.191,0.257,0.717,TZA2023,3.799,79062403820.892,1224.49,2.582,,2.748,5.07,-3.742,17.03,13.411,11.491,77553169188.701,,TZA,,,,
2022,Tanzania,3.694,3.547,3.84,0.836,0.787,0.214,0.607,0.234,0.269,0.747,TZA2022,4.35,75769974505.011,1207.853,2.588,,2.763,4.566,-7.235,16.847,13.997,11.793,74376313109.119,,TZA,,,,
2021,Tanzania,3.702,3.558,3.847,0.848,0.597,0.425,0.578,0.248,0.27,0.735,TZA2021,3.691,70655628147.899,1159.857,2.821,,2.674,4.321,-3.36,15.126,12.631,10.856,69464087924.354,,TZA,,,,
2020,Tanzania,3.623,3.485,3.762,0.433,0.54,0.3,0.549,0.307,0.231,1.263,TZA2020,3.29,66068737786.064,1117.415,2.781,9.638,6.423,1.992,-2.208,14.293,13.358,11.627,64804138398.107,,TZA,,,,
2019,Tanzania,3.476,3.352,3.6,0.457,0.873,0.443,0.509,0.272,0.204,0.719,TZA2019,3.464,61026731925.921,1063.323,2.496,14.363,2.28,5.8,-2.196,15.375,13.27,11.019,60012994185.172,,TZA,,,,
2018,Tanzania,3.231,,,,,,,,,,TZA2018,3.494,57003712892.086,1023.106,2.393,13.949,3.041,5.468,-4.05,14.575,13.906,11.695,56365032376.366,,TZA,,,,
2017,Tanzania,3.303,,,,,,,,,,TZA2017,5.319,53274884532.789,986.674,2.303,14.747,2.638,6.762,-2.773,15.739,13.582,11.837,52339432682.939,,TZA,,,,
2016,Tanzania,3.349,,,,,,,,,,TZA2016,5.175,49774409374.454,953.011,2.23,7.896,7.472,6.867,-2.447,13.369,12.403,11.39,48817192683.225,,TZA,,,,
2015,Tanzania,3.666,,,,,,,,,,TZA2015,5.588,47413919817.124,939.127,2.159,7.913,7.591,6.161,-5.523,14.87,11.383,10.492,46684218023.575,,TZA,,,,
2014,Tanzania,3.781,,,,,,,,,,TZA2014,6.132,49986726460.68,1022.748,2.125,9.656,6.051,6.732,-9.976,16.079,12.238,11.364,49453645654.068,,TZA,,,,
2012,Tanzania,3.77,,,,,,,,,,TZA2012,16.001,39650394362.929,861.97,3.222,4.591,10.484,4.5,-9.494,14.018,11.323,10.433,39080121049.558,,TZA,,,,
2011,Tanzania,3.8,,,,,,,,,,TZA2011,12.691,34657140096.484,775.393,3.47,2.464,12.198,7.672,-12.641,14.376,10.32,9.794,34013428042.164,,TZA,,,,
2024,Thailand,6.222,6.117,6.327,1.426,1.551,0.633,0.927,0.223,0.039,1.423,THA2024,,,,0.693,,,,,,,,,,THA,,,,
2023,Thailand,5.976,5.858,6.094,1.484,1.347,0.62,0.756,0.283,0.024,1.463,THA2023,1.228,514968699239.005,7182.025,0.733,3.029,1.22,1.887,1.439,20.804,19.957,15.451,503339156913.529,61.236,THA,,,,
2022,Thailand,5.843,5.717,5.969,1.515,1.344,0.461,0.624,0.291,0.013,1.594,THA2022,6.077,495645210972.751,6909.36,0.94,-1.555,4.767,2.463,-3.463,22.232,18.977,15.139,481390360909.718,60.35,THA,,,,
2021,Thailand,5.891,5.788,5.994,1.535,1.096,0.697,0.617,0.321,0.026,1.6,THA2021,1.23,506256494297.34,7058.069,1.215,1.266,1.771,1.568,-2.118,25.13,19.204,15.061,488672219203.916,58.504,THA,,,,
2020,Thailand,5.985,5.893,6.077,1.107,0.957,0.596,0.611,0.375,0.028,2.309,THA2020,-0.846,500461898480.246,6985.644,1.099,4.652,-1.299,-6.05,4.183,22.831,20.066,15.193,489367035950.047,50.323,THA,,,,
2019,Thailand,5.999,5.915,6.082,1.007,1.348,0.794,0.609,0.377,0.032,1.832,THA2019,0.707,543976691793.886,7605.697,0.716,3.039,1.014,2.115,7.033,18.667,20.004,15.398,523977887377.21,38.628,THA,,,,
2018,Thailand,6.008,,,,,,,,,,THA2018,1.064,506754208404.485,7099.777,0.765,2.68,1.429,4.223,5.62,19.02,20.177,15.698,482264933708.604,37.91,THA,,,,
2017,Thailand,6.072,,,,,,,,,,THA2017,0.666,456356813536.764,6413.092,0.83,2.47,1.9,4.178,9.631,19.123,19.86,15.519,435913240648.276,,THA,,,,
2016,Thailand,6.424,,,,,,,,,,THA2016,0.188,413366349747.508,5833.577,0.688,1.785,2.636,3.435,10.508,19.665,20.548,16.1,393948949386.684,37.307,THA,,,,
2015,Thailand,6.474,,,,,,,,,,THA2015,-0.9,401296238228.084,5688.853,0.597,3.981,0.722,3.134,6.916,19.393,21.255,16.851,380594916735.618,36.671,THA,,,,
2014,Thailand,6.455,,,,,,,,,,THA2014,1.895,407339040197.651,5801.198,0.576,3.458,1.441,0.984,2.858,19.995,20.38,16.499,386381481702.815,35.39,THA,,,,
2012,Thailand,6.371,,,,,,,,,,THA2012,3.015,397558325278.579,5725.528,0.58,3.217,1.909,7.243,-1.232,18.622,18.938,15.441,379342666424.563,28.445,THA,,,,
2011,Thailand,5.804,,,,,,,,,,THA2011,3.809,370818739623.622,5373.623,0.66,1.277,3.743,0.84,2.542,19.417,19.812,16.362,361875003955.99,28.132,THA,,,,
2024,Togo,4.315,4.2,4.43,0.757,0.736,0.378,0.576,0.097,0.153,1.618,TGO2024,,,,1.94,,,,,,,,,,TGO,,,,
2023,Togo,4.214,4.098,4.33,0.758,0.586,0.32,0.453,0.127,0.156,1.814,TGO2023,5.489,9171261837.571,985.698,1.948,,2.595,6.408,,16.993,16.601,14.759,9210663736.528,,TGO,,,,
2022,Togo,4.137,3.986,4.289,0.77,0.642,0.161,0.367,0.149,0.136,1.913,TGO2022,7.968,8169476148.957,898.758,1.965,,4.156,5.76,,16.156,15.054,14.188,8209395367.784,,TGO,,,,
2021,Togo,4.112,3.953,4.272,0.771,0.322,0.36,0.292,0.174,0.132,2.061,TGO2021,4.186,8342243645.944,939.613,2.333,,2.466,5.991,,13.492,14.839,14.202,8360888241.214,,TGO,,,,
2020,Togo,4.107,3.956,4.258,0.254,0.239,0.203,0.289,0.209,0.107,2.806,TGO2020,1.699,7400284167.785,853.578,2.225,,1.933,1.992,-0.28,14.404,14.184,12.867,7443023219.441,,TGO,,,,
2019,Togo,4.187,4.065,4.31,0.268,0.548,0.343,0.304,0.201,0.115,2.41,TGO2019,0.675,6992700101.372,826.261,2.036,,0.012,4.923,-0.793,13.396,15.242,13.584,7014819501.268,,TGO,,,,
2018,Togo,4.085,,,,,,,,,,TGO2018,0.928,7029300383.08,851.131,2.898,,0.454,4.795,-2.63,13.629,15.493,12.859,7048636180.159,,TGO,,,,
2017,Togo,3.999,,,,,,,,,,TGO2017,-0.982,6387422517.692,792.765,3.744,6.079,-0.885,4.008,-1.513,11.512,14.068,13.059,6392420306.834,,TGO,,,,
2016,Togo,3.495,,,,,,,,,,TGO2016,1.285,6071170959.121,772.582,2.968,3.782,1.458,4.215,-7.192,13.611,14.693,13.867,6114776688.371,,TGO,,,,
2015,Togo,3.303,,,,,,,,,,TGO2015,2.585,5755461035.38,751.052,2.204,2.888,2.203,5.468,-8.01,12.925,14.845,13.769,5887730069.069,,TGO,,,,
2014,Togo,2.839,,,,,,,,,,TGO2014,0.191,6393318261.827,855.585,2.142,4.835,0.48,5.633,-7.171,11.555,14.287,13.166,6439476563.923,,TGO,,,,
2012,Togo,2.936,,,,,,,,,,TGO2012,2.577,5413544658.415,762.392,2.03,3.232,1.75,6.303,-5.433,12.517,12.949,11.362,5419520492.565,,TGO,,,,
2011,Togo,3.007,,,,,,,,,,TGO2011,3.564,5422442166.441,783.989,1.982,2.37,2.82,5.823,-5.571,10.808,12.391,11.405,5656293246.147,,TGO,,,,
2024,Trinidad and Tobago,5.905,5.651,6.159,1.549,1.532,0.419,0.76,0.111,0.001,1.533,TTO2024,0.527,,,4.546,,,,,,,,,,TTO,,,,
2019,Trinidad and Tobago,6.192,5.968,6.416,1.168,1.407,0.659,0.553,0.199,0.015,2.191,TTO2019,1.001,23775659262.574,17431.027,3.523,13.58,-3.812,0.361,4.291,32.9,23.96,16.547,23168661689.018,,TTO,,,,
2018,Trinidad and Tobago,6.192,,,,,,,,,,TTO2018,1.019,24569257295.092,18076.357,3.498,6.239,2.687,-0.602,6.617,30.48,28.74,19.323,23869252229.184,,TTO,,,,
2017,Trinidad and Tobago,6.192,,,,,,,,,,TTO2017,1.88,24040211327.49,17720.497,3.394,0.727,8.214,-4.801,5.862,32.755,28.477,18.243,24089211146.799,,TTO,,,,
2016,Trinidad and Tobago,6.168,,,,,,,,,,TTO2016,3.071,23722678429.808,17521.801,3.207,9.814,-0.742,-7.527,-3.273,33.288,31.11,21.308,23297537849.565,,TTO,,,,
2015,Trinidad and Tobago,6.168,,,,,,,,,,TTO2015,4.661,27026750552.965,20024.755,2.428,18.535,-8.734,-0.777,7.612,33.318,35.617,24.54,26787107495.45,,TTO,,,,
2014,Trinidad and Tobago,6.168,,,,,,,,,,TTO2014,5.684,29697674913.541,22074.426,2.477,8.494,-0.916,3.854,13.989,30.864,32.573,24.844,27974529430.442,,TTO,,,,
2012,Trinidad and Tobago,6.519,,,,,,,,,,TTO2012,9.26,27334568806.192,20472.357,3.718,7.338,0.345,7.447,14.145,28.328,29.703,24.79,25038317529.092,,TTO,,,,
2011,Trinidad and Tobago,6.263,,,,,,,,,,TTO2011,5.107,25433007437.16,19151.087,3.425,-6.706,15.73,-0.294,18.513,27.324,28.694,25.644,22613153665.275,,TTO,,,,
2024,Tunisia,4.552,4.47,4.633,1.257,1.224,0.459,0.382,0.032,0.05,1.149,TUN2024,7.207,,,16.203,,,,,,,,,,TUN,,,,
2023,Tunisia,4.422,4.338,4.505,1.306,0.955,0.579,0.254,0.024,0.018,1.285,TUN2023,9.329,48529595416.653,3977.695,15.106,,8.888,0.039,-2.288,,,,47219686954.842,,TUN,,,,
2022,Tunisia,4.497,4.393,4.601,1.333,0.981,0.422,0.259,0.022,0.016,1.463,TUN2022,8.306,44579761022.899,3678.4,15.3,,3.055,2.673,-8.904,,,,43606718412.831,,TUN,,,,
2021,Tunisia,4.516,4.403,4.629,1.35,0.596,0.656,0.316,0.029,0.029,1.54,TUN2021,5.706,46812290143.344,3885.282,16.611,,4.517,4.736,-5.917,,,,45582180787.964,,TUN,,,,
2020,Tunisia,4.596,4.484,4.709,0.919,0.515,0.59,0.334,0.057,0.044,2.138,TUN2020,5.634,42491780918.361,3548.654,17.656,,6.806,-9.012,-6.012,,,,41095052621.324,,TUN,,,,
2019,Tunisia,4.392,4.295,4.49,0.875,0.872,0.781,0.236,0.056,0.044,1.528,TUN2019,6.72,41905642418.825,3528.872,17.153,,7.135,1.588,-8.049,,,,40813336000.515,,TUN,,,,
2018,Tunisia,4.461,,,,,,,,,,TUN2018,7.308,42686504459.801,3628.104,15.459,,7.925,2.625,-10.795,,,,41650260477.765,,TUN,,,,
2017,Tunisia,4.592,,,,,,,,,,TUN2017,5.309,42163530590.946,3619.032,15.33,,4.714,2.238,-10.014,,,,41171063372.496,,TUN,,,,
2016,Tunisia,4.805,,,,,,,,,,TUN2016,3.629,44360072680.448,3847.804,15.557,,4.935,1.117,-8.529,,,,43403523130.231,,TUN,,,,
2015,Tunisia,5.045,,,,,,,,,,TUN2015,4.437,45779494041.93,4014.948,15.159,,4.214,0.968,-8.571,,,,44599350028.675,,TUN,,,,
2014,Tunisia,4.739,,,,,,,,,,TUN2014,4.626,50271812920.612,4458.979,14.259,,4.665,3.09,-8.878,,,,48568157921.864,,TUN,,,,
2012,Tunisia,4.826,,,,,,,,,,TUN2012,4.612,47311401812.673,4297.268,17.63,,4.662,4.217,-7.866,33.764,29.876,20.115,45406928007.826,42.52,TUN,,,,
2011,Tunisia,5.141,,,,,,,,,,TUN2011,3.24,48123325825.074,4420.648,18.334,,4.571,-2.047,-7.036,32.905,31.161,20.175,45963001044.905,42.481,TUN,,,,
2024,Türkiye,5.262,5.178,5.347,1.582,1.444,0.626,0.244,0.04,0.104,1.223,TUR2024,58.506,,,8.449,,,,,,,,,,TUR,,,,
2023,Türkiye,4.975,4.866,5.085,1.702,1.175,0.631,0.202,0.068,0.115,1.083,TUR2023,53.859,1118252964260.77,13105.659,9.388,,68.234,5.111,-3.566,33.707,29.35,18.535,1107012964203.48,33.107,TUR,,,,
2022,Türkiye,4.614,4.45,4.777,1.714,1.148,0.467,0.125,0.095,0.096,0.969,TUR2022,72.309,907118434653.505,10674.504,10.465,,96.036,5.533,-5.102,29.67,25.759,16.092,898339434432.342,35.246,TUR,,,,
2021,Türkiye,4.744,4.644,4.845,1.707,0.865,0.702,0.209,0.087,0.115,1.059,TUR2021,19.596,819865223976.115,9743.213,11.969,,28.973,11.439,-0.759,30.94,29.872,17.864,809183224524.79,42.576,TUR,,,,
2020,Türkiye,4.948,4.857,5.038,1.26,0.809,0.59,0.236,0.097,0.104,1.852,TUR2020,12.279,720338490327.248,8638.739,13.148,,14.789,1.86,-4.3,34.068,29.635,17.664,711744489823.581,41.802,TUR,,,,
2019,Türkiye,5.132,5.054,5.21,1.127,1.197,0.781,0.254,0.086,0.121,1.565,TUR2019,15.177,761005915750.925,9215.44,13.73,,13.868,0.819,1.973,35.572,29.173,16.524,749161915105.152,33.905,TUR,,,,
2018,Türkiye,5.373,,,,,,,,,,TUR2018,16.332,778972108040.602,9568.835,10.956,,16.512,3.013,-1.875,33.544,30.292,17.27,767897107698.872,29.211,TUR,,,,
2017,Türkiye,5.483,,,,,,,,,,TUR2017,11.144,858988492853.742,10695.55,10.919,,10.982,7.502,-4.091,31.732,29.481,17.718,848260493929.361,29.667,TUR,,,,
2016,Türkiye,5.5,,,,,,,,,,TUR2016,7.775,869682881593.041,10970.046,10.899,,8.13,3.323,-2.549,30.645,30.791,18.266,860501882366.186,30.033,TUR,,,,
2015,Türkiye,5.389,,,,,,,,,,TUR2015,7.671,864313810469.009,11049.995,10.304,,7.845,6.084,-2.471,28.882,30.384,18.181,854629812144.004,29.006,TUR,,,,
2014,Türkiye,5.332,,,,,,,,,,TUR2014,8.855,938934609296.966,12165.22,9.901,,7.39,4.94,-3.42,29.378,30.31,17.946,930726607714.177,31.346,TUR,,,,
2012,Türkiye,5.345,,,,,,,,,,TUR2012,8.892,880555885492.269,11713.285,9.21,,7.423,4.788,-4.747,29.58,30.675,18.107,873967885708.304,37.96,TUR,,,,
2011,Türkiye,5.234,,,,,,,,,,TUR2011,6.472,838785289694.35,11300.785,9.789,,8.201,11.2,-8.87,30.339,30.668,18.571,831536291661.567,40.077,TUR,,,,
2021,Turkmenistan,5.474,5.371,5.578,1.484,1.319,0.516,0.649,0.314,0.032,1.16,TKM2021,,50007428571.429,7051.202,4.459,,2.772,6.2,,,,,49698385714.286,,TKM,,,,
2020,Turkmenistan,5.066,4.996,5.136,1.046,1.172,0.439,0.602,0.366,0.033,1.409,TKM2020,,45818000000.0,6592.601,4.501,,-4.35,5.9,,,,,45566594285.714,,TKM,,,,
2019,Turkmenistan,5.119,5.062,5.177,1.009,1.51,0.612,0.515,0.323,0.034,1.115,TKM2019,,45232857142.857,6648.035,4.043,,4.383,6.3,,,,,44588356857.143,,TKM,,,,
2018,Turkmenistan,5.247,,,,,,,,,,TKM2018,,40765428571.429,6125.052,4.044,,1.211,6.2,,,,,39048469257.143,,TKM,,,,
2017,Turkmenistan,5.636,,,,,,,,,,TKM2017,,37926285714.286,5828.482,4.044,,-1.542,6.5,,,,,36352285714.286,,TKM,,,,
2016,Turkmenistan,5.822,,,,,,,,,,TKM2016,,36169428571.429,5686.98,4.031,,-4.866,6.2,,,,,35225885714.286,,TKM,,,,
2015,Turkmenistan,5.658,,,,,,,,,,TKM2015,,35799714285.714,5759.498,4.016,,-5.153,6.5,,,,,33705628571.429,,TKM,,,,
2014,Turkmenistan,5.548,,,,,,,,,,TKM2014,,43524210526.316,7164.145,4.0,,0.669,10.3,,,,,39603210526.316,,TKM,,,,
2012,Turkmenistan,5.628,,,,,,,,,,TKM2012,,35164210526.316,6053.875,3.986,,8.27,11.1,,,,,31835210526.316,,TKM,,,,
2011,Turkmenistan,6.568,,,,,,,,,,TKM2011,,29233333333.333,5143.619,4.002,,12.857,14.7,,,,,26406333333.333,,TKM,,,,
2024,Uganda,4.461,4.336,4.587,0.762,1.342,0.396,0.751,0.148,0.05,1.012,UGA2024,3.323,,,2.941,,,,,,,,,,UGA,,,,
2023,Uganda,4.372,4.243,4.501,0.772,1.151,0.373,0.587,0.178,0.054,1.256,UGA2023,5.351,48768955863.318,1002.309,2.787,,6.748,5.337,-7.723,16.583,14.379,12.968,47796257769.304,53.147,UGA,,,,
2022,Uganda,4.432,4.258,4.607,0.785,1.144,0.201,0.425,0.197,0.051,1.628,UGA2022,7.196,45565333210.911,963.067,2.886,,4.922,4.588,-8.919,16.942,13.779,12.55,44595747451.055,53.89,UGA,,,,
2021,Uganda,4.603,4.459,4.747,0.777,0.875,0.418,0.402,0.222,0.066,1.842,UGA2021,2.205,40529788748.674,882.792,3.422,,2.545,3.537,-8.894,15.588,13.986,12.459,39643093796.592,51.303,UGA,,,,
2020,Uganda,4.636,4.493,4.78,0.364,0.718,0.24,0.398,0.267,0.054,2.596,UGA2020,3.313,37600368241.666,845.766,3.831,,2.721,2.951,-9.57,13.672,12.854,11.391,36830875672.529,44.186,UGA,,,,
2019,Uganda,4.432,4.298,4.566,0.312,1.052,0.378,0.402,0.265,0.064,1.959,UGA2019,2.868,35348155095.422,822.057,3.06,,3.0,6.439,-7.448,13.515,13.096,12.236,34432253660.84,38.477,UGA,,,,
2018,Uganda,4.189,,,,,,,,,,UGA2018,2.616,32927025619.68,792.166,3.25,14.748,4.443,6.304,-6.331,11.836,12.477,11.683,32000683481.978,34.674,UGA,,,,
2017,Uganda,4.161,,,,,,,,,,UGA2017,5.21,30744473841.424,765.218,3.428,15.891,4.649,3.131,-4.885,11.258,12.366,11.605,30021045436.895,,UGA,,,,
2016,Uganda,4.081,,,,,,,,,,UGA2016,5.706,29203988696.263,752.697,3.008,18.233,4.781,4.781,-2.726,11.313,11.962,11.12,28691910472.565,,UGA,,,,
2015,Uganda,3.739,,,,,,,,,,UGA2015,5.59,32387183730.1,862.935,2.679,16.555,5.188,5.188,-5.093,10.761,11.577,10.802,31759208103.982,,UGA,,,,
2014,Uganda,3.931,,,,,,,,,,UGA2014,3.076,32612397257.446,896.055,2.348,15.677,5.106,5.106,-6.642,,,,31865562076.896,,UGA,,,,
2012,Uganda,4.443,,,,,,,,,,UGA2012,12.679,27305915910.788,795.223,3.551,21.488,3.837,3.837,-6.063,,,,26729090962.498,,UGA,,,,
2011,Uganda,4.313,,,,,,,,,,UGA2011,16.564,27871725241.472,835.62,3.528,11.373,9.392,9.392,-7.489,,,,27440502305.144,,UGA,,,,
2024,Ukraine,4.68,4.565,4.794,1.328,1.472,0.472,0.689,0.245,0.023,0.451,UKR2024,6.502,,,,,,,,,,,,,UKR,,,,
2023,Ukraine,4.873,4.758,4.988,1.35,1.315,0.513,0.631,0.285,0.025,0.753,UKR2023,12.849,178757021965.008,5069.703,,3.065,18.48,5.324,-5.35,66.464,31.26,17.7,183755021981.851,,UKR,,,,
2022,Ukraine,5.071,4.956,5.187,1.358,1.354,0.355,0.551,0.265,0.016,1.172,UKR2022,20.184,161989520721.19,4199.671,,-12.086,34.915,-28.759,4.924,57.895,29.281,16.692,170470520722.365,,UKR,,,,
2021,Ukraine,5.084,4.978,5.19,1.411,1.081,0.583,0.473,0.188,0.017,1.331,UKR2021,9.363,199765859570.935,4775.946,9.834,-9.225,24.805,3.446,-1.943,33.262,30.055,19.082,193966075658.275,,UKR,,,,
2020,Ukraine,4.875,4.773,4.977,0.979,0.958,0.517,0.417,0.181,0.01,1.813,UKR2020,2.732,156617722013.342,3709.769,9.475,3.624,10.295,-3.753,3.363,37.209,32.317,19.151,160040031866.428,58.716,UKR,,,,
2019,Ukraine,4.561,4.463,4.658,0.78,1.321,0.699,0.319,0.179,0.01,1.253,UKR2019,7.887,153883047509.577,3619.862,8.194,10.694,8.246,3.2,-2.68,33.057,31.866,19.196,155795133939.49,48.327,UKR,,,,
2018,Ukraine,4.332,,,,,,,,,,UKR2018,10.952,130891088293.55,3059.052,8.799,3.125,15.399,3.488,-4.914,33.409,32.135,20.143,132164741725.995,56.906,UKR,,,,
2017,Ukraine,4.103,,,,,,,,,,UKR2017,14.438,112090505081.739,2604.288,9.5,-4.68,22.098,2.36,-3.098,33.606,32.571,20.052,113717855579.016,66.735,UKR,,,,
2016,Ukraine,4.096,,,,,,,,,,UKR2016,13.913,93355869403.922,2158.461,9.35,1.828,17.097,2.441,-1.999,33.504,31.203,19.63,94324077169.513,71.81,UKR,,,,
2015,Ukraine,4.324,,,,,,,,,,UKR2015,48.7,91030967789.072,2094.474,9.14,-12.283,38.882,-9.773,5.531,37.369,35.758,20.451,94833354986.185,70.259,UKR,,,,
2014,Ukraine,4.681,,,,,,,,,,UKR2014,12.072,133503871861.723,3054.908,9.27,1.567,15.902,-10.079,-3.443,43.541,33.685,17.294,131977538852.591,63.665,UKR,,,,
2012,Ukraine,5.057,,,,,,,,,,UKR2012,0.569,182591753827.949,3951.342,7.529,9.64,7.983,0.152,-7.851,39.538,36.095,17.633,180602773435.061,32.446,UKR,,,,
2011,Ukraine,5.089,,,,,,,,,,UKR2011,7.956,169333835201.554,3656.698,7.851,1.546,14.182,5.445,-6.043,36.876,34.985,17.84,161004939653.442,26.481,UKR,,,,
2024,United Arab Emirates,6.759,6.673,6.846,1.812,1.294,0.659,0.934,0.165,0.235,1.66,ARE2024,,,,2.133,,,,,,,,,,ARE,,,,
2023,United Arab Emirates,6.733,6.643,6.823,1.983,1.164,0.563,0.815,0.209,0.258,1.741,ARE2023,1.627,514130432653.081,49040.695,2.151,,-1.304,3.619,,3.831,3.739,0.627,517969779147.295,,ARE,,,,
2022,United Arab Emirates,6.571,6.486,6.656,2.015,1.223,0.401,0.745,0.188,0.247,1.752,ARE2022,5.291,502731935197.487,49899.065,2.872,,12.63,7.51,,3.875,3.268,0.579,502786394013.008,,ARE,,,,
2021,United Arab Emirates,6.576,6.492,6.66,1.998,0.98,0.633,0.702,0.204,0.25,1.809,ARE2021,0.18,415178792769.884,43360.021,3.105,,13.844,4.355,,4.337,4.385,0.535,414443598760.354,,ARE,,,,
2020,United Arab Emirates,6.561,6.484,6.637,1.555,0.86,0.594,0.67,0.236,0.223,2.422,ARE2020,-2.079,349473015336.939,37173.875,4.294,,-12.031,-4.957,,5.259,6.365,0.682,347594186201.473,,ARE,,,,
2019,United Arab Emirates,6.791,6.711,6.871,1.431,1.251,0.788,0.653,0.281,0.22,2.167,ARE2019,-1.931,417989721734.494,44251.454,2.331,,-3.194,1.108,,4.259,4.669,0.972,420051262918.973,,ARE,,,,
2018,United Arab Emirates,6.825,,,,,,,,,,ARE2018,3.069,427049432149.345,45689.857,2.236,,7.937,1.314,,3.918,3.351,0.059,428473530175.213,,ARE,,,,
2017,United Arab Emirates,6.774,,,,,,,,,,ARE2017,1.967,390516804016.501,42340.592,2.462,,4.986,0.735,,4.015,3.449,0.066,393294203608.06,,ARE,,,,
2016,United Arab Emirates,6.648,,,,,,,,,,ARE2016,1.617,369255326235.771,41326.402,1.64,,-5.529,5.561,,4.318,3.898,0.042,371351990633.321,,ARE,,,,
2015,United Arab Emirates,6.573,,,,,,,,,,ARE2015,4.07,370275469560.166,43534.997,1.793,,-16.267,6.787,,4.148,3.415,0.056,372018151656.831,,ARE,,,,
2014,United Arab Emirates,6.901,,,,,,,,,,ARE2014,2.346,414105366758.911,51381.407,2.002,,-0.668,4.166,,3.792,2.93,0.346,414764318426.712,,ARE,,,,
2012,United Arab Emirates,7.144,,,,,,,,,,ARE2012,0.662,384610125384.033,52034.476,2.327,,4.68,1.824,,4.138,3.161,0.354,384909648869.397,,ARE,,,,
2011,United Arab Emirates,6.977,,,,,,,,,,ARE2011,0.877,360832739558.385,50789.051,2.596,,13.167,6.216,,4.009,3.317,0.312,360968069714.954,,ARE,,,,
2024,United Kingdom,6.728,6.647,6.809,1.725,1.562,0.779,0.872,0.211,0.318,1.26,GBR2024,3.272,,,4.111,,,,,,,,,,GBR,,,,
2023,United Kingdom,6.749,6.665,6.833,1.822,1.326,0.672,0.713,0.267,0.351,1.598,GBR2023,6.794,3380854520809.54,49463.855,3.984,,7.298,0.34,-2.214,41.716,35.846,27.319,3296696999733.49,138.193,GBR,,,,
2022,United Kingdom,6.796,6.714,6.877,1.857,1.366,0.511,0.626,0.272,0.34,1.822,GBR2022,7.922,3114042471144.39,45935.928,3.73,,5.444,4.839,-2.279,41.528,36.681,27.173,3104062213686.48,141.244,GBR,,,,
2021,United Kingdom,6.943,6.867,7.018,1.867,1.143,0.75,0.597,0.289,0.329,1.967,GBR2021,2.518,3143323050707.26,46896.866,4.826,,0.067,8.576,-0.441,43.647,35.104,26.415,3158743956476.28,186.795,GBR,,,,
2020,United Kingdom,7.064,6.99,7.138,1.423,1.062,0.757,0.58,0.34,0.306,2.596,GBR2020,0.989,2696778386607.65,40201.681,4.472,,4.97,-10.297,-2.958,48.012,33.737,24.785,2640330920076.4,196.641,GBR,,,,
2019,United Kingdom,7.165,7.092,7.237,1.273,1.458,0.976,0.525,0.373,0.323,2.237,GBR2019,1.738,2851407164907.81,42662.535,3.613,,2.133,1.624,-2.685,36.716,33.533,25.111,2848530128634.05,160.322,GBR,,,,
2018,United Kingdom,7.054,,,,,,,,,,GBR2018,2.293,2871340347581.79,43203.814,4.12,,1.921,1.405,-3.922,37.53,33.961,25.547,2832314578365.26,158.163,GBR,,,,
2017,United Kingdom,6.814,,,,,,,,,,GBR2017,2.558,2680148052335.3,40572.121,4.452,,1.855,2.657,-3.498,37.104,33.996,25.597,2651310310924.48,161.27,GBR,,,,
2016,United Kingdom,6.714,,,,,,,,,,GBR2016,1.008,2689106566899.61,40985.235,4.867,,1.964,1.922,-5.499,37.256,33.604,25.455,2626007963890.08,156.604,GBR,,,,
2015,United Kingdom,6.725,,,,,,,,,,GBR2015,0.368,2927911140916.73,44964.391,5.517,,0.658,2.223,-4.947,38.444,33.102,25.067,2864097393294.2,147.949,GBR,,,,
2014,United Kingdom,6.867,,,,,,,,,,GBR2014,1.451,3064708247921.43,47439.617,6.363,-0.808,1.319,3.195,-5.011,39.41,32.883,24.881,3009960217665.1,150.592,GBR,,,,
2012,United Kingdom,6.883,,,,,,,,,,GBR2012,2.573,2707089726614.64,42497.34,8.25,-1.027,1.543,1.509,-3.147,43.332,32.865,25.103,2681873588980.34,147.054,GBR,,,,
2011,United Kingdom,6.936,,,,,,,,,,GBR2011,3.856,2663805834828.07,42109.642,8.169,-1.66,2.196,1.138,-1.631,42.7,33.507,25.835,2674933131108.5,143.759,GBR,,,,
2024,United States,6.724,6.629,6.82,1.839,1.614,0.604,0.644,0.171,0.161,1.69,USA2024,2.95,,,4.106,,,,,,,,,,USA,,,,
2023,United States,6.725,6.631,6.818,1.939,1.392,0.542,0.586,0.223,0.169,1.873,USA2023,4.116,27720709000000.0,82769.412,3.638,,3.598,2.888,-3.266,24.513,17.592,10.646,27576136000000.0,114.756,USA,,,,
2022,United States,6.894,6.802,6.986,1.98,1.46,0.39,0.557,0.21,0.172,2.124,USA2022,8.003,26006893000000.0,78035.175,3.65,,7.129,2.512,-3.892,24.658,19.928,12.599,26231750000000.0,112.818,USA,,,,
2021,United States,6.977,6.888,7.065,1.982,1.182,0.628,0.574,0.22,0.177,2.214,USA2021,4.698,23681171000000.0,71318.307,5.349,-1.259,4.566,6.055,-3.665,31.303,18.808,11.395,23832230000000.0,118.401,USA,,,,
2020,United States,6.951,6.856,7.047,1.533,1.03,0.621,0.554,0.252,0.154,2.807,USA2020,1.234,21354105000000.0,64411.373,8.055,2.186,1.329,-2.163,-2.815,31.828,17.709,10.153,21458070000000.0,124.515,USA,,,,
2019,United States,6.94,6.847,7.032,1.374,1.405,0.832,0.535,0.298,0.152,2.344,USA2019,1.812,21539982000000.0,65604.682,3.669,3.573,1.65,2.584,-2.051,22.514,17.291,9.885,21764838000000.0,100.058,USA,,,,
2018,United States,6.892,,,,,,,,,,USA2018,2.443,20656516000000.0,63201.046,3.896,2.555,2.291,2.967,-2.129,22.169,17.479,9.93,20883383000000.0,98.45,USA,,,,
2017,United States,6.886,,,,,,,,,,USA2017,2.13,19612102000000.0,60322.261,4.355,2.265,1.791,2.458,-1.874,22.141,19.21,11.504,19837150000000.0,97.022,USA,,,,
2016,United States,6.993,,,,,,,,,,USA2016,1.262,18804913000000.0,58206.614,4.869,2.537,0.95,1.819,-2.107,22.416,18.541,10.855,18983369000000.0,97.929,USA,,,,
2015,United States,7.104,,,,,,,,,,USA2015,0.119,18295019000000.0,57040.208,5.28,2.311,0.928,2.946,-2.233,22.374,18.995,11.183,18608138000000.0,95.956,USA,,,,
2014,United States,7.119,,,,,,,,,,USA2014,1.622,17608138000000.0,55304.316,6.168,1.483,1.742,2.524,-2.101,22.61,18.859,10.9,17984237000000.0,95.454,USA,,,,
2012,United States,7.082,,,,,,,,,,USA2012,2.069,16253970000000.0,51784.411,8.069,1.362,1.862,2.289,-2.572,23.912,16.748,9.764,16640301000000.0,93.649,USA,,,,
2011,United States,7.27,,,,,,,,,,USA2011,3.157,15599732000000.0,50065.979,8.949,1.163,2.063,1.564,-2.919,25.346,16.629,9.539,15861958000000.0,89.547,USA,,,,
2024,Uruguay,6.661,6.578,6.743,1.554,1.654,0.523,0.913,0.078,0.197,1.741,URY2024,4.849,,,8.401,,,,,,,,,,URY,,,,
2023,Uruguay,6.611,6.527,6.696,1.596,1.431,0.592,0.775,0.106,0.22,1.891,URY2023,5.869,77240830877.46,22797.811,8.355,8.184,3.431,0.367,-3.335,37.383,31.132,18.841,71753758290.647,62.977,URY,,,,
2022,Uruguay,6.494,6.404,6.583,1.617,1.445,0.435,0.683,0.102,0.254,1.958,URY2022,9.104,70164683290.378,20691.974,7.877,6.351,4.245,4.707,-3.711,36.514,29.873,18.713,63181504841.792,54.574,URY,,,,
2021,Uruguay,6.474,6.386,6.562,1.615,1.18,0.672,0.665,0.103,0.265,1.974,URY2021,7.748,60760798595.544,17888.212,9.328,-3.355,11.181,5.562,-2.462,31.722,29.092,17.812,54661497469.564,58.094,URY,,,,
2020,Uruguay,6.431,6.341,6.521,1.164,1.042,0.649,0.625,0.128,0.223,2.6,URY2020,9.756,53668636567.867,15789.686,10.413,0.229,10.977,-7.38,-0.728,34.62,30.786,18.515,50779391680.796,60.278,URY,,,,
2019,Uruguay,6.44,6.351,6.529,1.071,1.425,0.857,0.594,0.132,0.193,2.167,URY2019,7.882,62222325807.058,18315.735,8.836,3.049,8.256,0.928,1.293,32.067,30.64,17.865,59174795690.019,50.131,URY,,,,
2018,Uruguay,6.293,,,,,,,,,,URY2018,7.607,65344576348.228,19249.94,8.336,4.348,7.526,0.165,-0.461,31.913,31.353,18.325,61677734383.874,47.341,URY,,,,
2017,Uruguay,6.379,,,,,,,,,,URY2017,6.218,65006039994.56,19184.663,7.89,7.715,5.68,1.74,0.011,31.248,29.707,18.077,61449241065.824,45.074,URY,,,,
2016,Uruguay,6.454,,,,,,,,,,URY2016,9.639,57480788390.258,17009.759,7.841,7.401,8.165,1.69,0.825,35.221,33.11,21.732,54820503514.286,46.458,URY,,,,
2015,Uruguay,6.545,,,,,,,,,,URY2015,8.666,57680327998.669,17125.902,7.488,5.449,9.855,0.371,-0.255,29.576,28.124,17.096,55232403158.343,47.277,URY,,,,
2014,Uruguay,6.485,,,,,,,,,,URY2014,8.877,61496186973.902,18322.428,6.547,4.821,10.221,3.239,-2.989,29.581,28.714,17.275,57758605834.761,41.285,URY,,,,
2012,Uruguay,6.355,,,,,,,,,,URY2012,8.098,54232266358.781,16259.594,6.451,1.633,9.413,3.538,-3.755,28.843,28.302,17.792,50380210747.357,41.028,URY,,,,
2011,Uruguay,5.898,,,,,,,,,,URY2011,8.093,50342406067.078,15132.268,6.307,-0.085,9.875,5.162,-2.611,27.735,28.604,18.199,48712391359.77,43.207,URY,,,,
2024,Uzbekistan,6.193,6.088,6.297,1.179,1.615,0.654,0.977,0.195,0.208,1.364,UZB2024,9.628,,,4.488,,,,,,,,,,UZB,,,,
2023,Uzbekistan,6.195,6.087,6.303,1.212,1.394,0.539,0.835,0.251,0.215,1.749,UZB2023,9.957,101591769702.343,2849.515,4.46,8.425,12.659,6.291,-7.678,23.65,20.491,11.649,100818361933.577,,UZB,,,,
2022,Uzbekistan,6.014,5.899,6.13,1.227,1.347,0.375,0.74,0.26,0.208,1.856,UZB2022,11.447,90095926567.436,2578.667,4.49,6.363,14.463,6.001,-3.16,23.075,21.093,11.989,90999134200.679,,UZB,,,,
2021,Uzbekistan,6.063,5.948,6.178,1.219,1.092,0.6,0.716,0.283,0.24,1.913,UZB2021,10.849,77340060003.035,2258.52,5.364,6.799,13.693,8.035,-6.332,22.954,19.461,13.363,77697421134.942,,UZB,,,,
2020,Uzbekistan,6.179,6.045,6.312,0.769,1.027,0.528,0.716,0.391,0.271,2.477,UZB2020,12.868,66443265418.309,1978.281,5.293,10.605,10.61,1.563,-4.557,19.046,19.378,13.402,66603341567.817,,UZB,,,,
2019,Uzbekistan,6.258,6.151,6.364,0.697,1.434,0.717,0.693,0.363,0.28,2.073,UZB2019,14.526,67293639798.4,2041.385,4.932,5.129,17.576,6.78,-5.01,14.996,18.056,11.302,68029857950.019,,UZB,,,,
2018,Uzbekistan,6.174,,,,,,,,,,UZB2018,17.524,58695899092.108,1813.085,5.389,-4.699,25.881,5.559,-6.122,14.703,19.182,12.695,60203452154.762,,UZB,,,,
2017,Uzbekistan,6.096,,,,,,,,,,UZB2017,13.876,69703222282.728,2190.604,5.83,-13.691,33.679,4.395,2.12,12.712,15.55,10.369,70916116486.52,,UZB,,,,
2016,Uzbekistan,5.971,,,,,,,,,,UZB2016,8.131,86138288644.171,2753.38,5.16,4.217,8.93,5.932,0.248,14.335,19.729,13.433,86990975030.901,,UZB,,,,
2015,Uzbekistan,5.987,,,,,,,,,,UZB2015,8.752,86196264755.31,2803.19,5.15,2.962,10.501,7.219,1.039,15.065,19.645,13.558,87622912878.422,,UZB,,,,
2014,Uzbekistan,6.003,,,,,,,,,,UZB2014,9.283,80845385809.453,2674.963,5.09,1.724,14.025,6.874,2.568,14.969,20.906,13.47,81960281654.202,,UZB,,,,
2012,Uzbekistan,5.623,,,,,,,,,,UZB2012,13.209,67517349212.061,2307.346,4.87,,15.399,7.102,1.791,14.258,25.026,13.174,68310411486.024,,UZB,,,,
2011,Uzbekistan,5.225,,,,,,,,,,UZB2011,13.78,60178909297.208,2087.864,4.96,,21.627,7.525,4.625,14.312,22.906,12.366,61313053176.586,,UZB,,,,
2024,Venezuela,5.683,5.57,5.796,0.0,1.493,0.515,0.702,0.154,0.117,2.701,VEN2024,,,,5.475,,,,,,,,,,VEN,,,,
2023,Venezuela,5.607,5.489,5.725,0.0,1.321,0.491,0.518,0.192,0.086,2.998,VEN2023,,,,5.485,,,,,,,,,,VEN,,,,
2022,Venezuela,5.211,5.085,5.336,0.0,1.257,0.341,0.369,0.205,0.084,2.955,VEN2022,,,,5.707,,,,,,,,,,VEN,,,,
2021,Venezuela,4.925,4.8,5.051,0.0,0.968,0.578,0.283,0.225,0.082,2.79,VEN2021,,,,7.037,,,,,,,,,,VEN,,,,
2020,Venezuela,4.892,4.767,5.017,0.852,0.897,0.574,0.284,0.078,0.072,2.135,VEN2020,,,,7.53,,,,,,,,,,VEN,,,,
2019,Venezuela,5.053,4.927,5.179,0.77,1.349,0.767,0.272,0.087,0.064,1.745,VEN2019,,,,5.876,,,,,,,,,,VEN,,,,
2018,Venezuela,4.707,,,,,,,,,,VEN2018,,,,5.46,,,,,,,,,,VEN,,,,
2017,Venezuela,4.806,,,,,,,,,,VEN2017,,,,5.045,,,,,,,,,,VEN,,,,
2016,Venezuela,5.25,,,,,,,,,,VEN2016,254.949,,,5.319,,,,,,,,,,VEN,,,,
2015,Venezuela,6.084,,,,,,,,,,VEN2015,121.738,,,6.137,,,,,,,,,,VEN,,,,
2014,Venezuela,6.81,,,,,,,,,,VEN2014,62.169,482359318767.703,15943.613,6.821,-16.54,40.44,-3.894,1.02,,,,476933862544.158,,VEN,,,,
2012,Venezuela,7.039,,,,,,,,,,VEN2012,21.069,381286237847.667,12901.417,6.601,2.035,14.059,5.626,0.678,,,,371208188282.47,,VEN,,,,
2011,Venezuela,6.922,,,,,,,,,,VEN2011,26.09,316482190800.364,10843.923,6.902,-8.583,28.149,4.176,5.164,,,,308493145268.459,,VEN,,,,
2024,Viet Nam,6.352,6.28,6.424,1.278,1.533,0.631,1.012,0.039,0.174,1.684,VNM2024,3.621,,,1.431,,,,,,,,,,VNM,,,,
2023,Viet Nam,6.043,5.948,6.138,1.331,1.267,0.539,0.843,0.094,0.16,1.81,VNM2023,3.253,429716969043.572,4282.089,1.645,7.278,1.906,5.046,6.012,,,,407253969043.888,,VNM,,,,
2022,Viet Nam,5.763,5.662,5.865,1.349,1.212,0.381,0.741,0.134,0.122,1.824,VNM2022,3.157,410324028883.325,4116.386,1.523,3.808,4.051,8.124,0.342,,,,390409525932.523,,VNM,,,,
2021,Viet Nam,5.485,5.4,5.57,1.252,0.932,0.611,0.707,0.143,0.105,1.735,VNM2021,1.835,366474752771.009,3704.194,2.385,4.792,2.881,2.554,-1.263,,,,347725576769.191,,VNM,,,,
2020,Viet Nam,5.411,5.334,5.488,0.817,0.873,0.616,0.679,0.124,0.091,2.211,VNM2020,3.221,346615738537.796,3534.04,2.103,6.091,1.467,2.865,4.345,,,,331798335389.682,,VNM,,,,
2019,Viet Nam,5.353,5.287,5.42,0.718,1.253,0.819,0.651,0.136,0.09,1.686,VNM2019,2.796,334365270496.667,3440.9,1.681,5.159,2.423,7.359,3.918,,,,317567408001.614,,VNM,,,,
2018,Viet Nam,5.175,,,,,,,,,,VNM2018,3.54,310106478394.659,3222.31,1.161,3.614,3.627,7.465,1.902,,,,294286042195.288,,VNM,,,,
2017,Viet Nam,5.103,,,,,,,,,,VNM2017,3.52,281353605986.903,2956.11,1.874,2.592,4.363,6.94,-0.586,,,,264356106349.992,,VNM,,,,
2016,Viet Nam,5.074,,,,,,,,,,VNM2016,2.668,257096001177.982,2735.06,1.848,5.049,1.82,6.69,0.243,,,,242953110901.302,,VNM,,,,
2015,Viet Nam,5.061,,,,,,,,,,VNM2015,0.631,239258328381.741,2577.569,1.848,8.988,-1.717,6.987,-0.853,,,,227116870128.414,,VNM,,,,
2014,Viet Nam,5.36,,,,,,,,,,VNM2014,4.085,233451469642.519,2546.385,1.256,4.79,3.698,6.422,4.009,,,,224605804804.237,,VNM,,,,
2012,Viet Nam,5.533,,,,,,,,,,VNM2012,9.095,195590661129.249,2185.118,1.027,4.028,9.078,5.505,4.821,,,,189361661225.274,,VNM,,,,
2011,Viet Nam,5.425,,,,,,,,,,VNM2011,18.678,172595049183.925,1950.925,0.999,-3.673,21.414,6.413,0.137,,,,167761189190.507,,VNM,,,,
2024,Yemen,3.561,3.408,3.714,0.631,1.482,0.375,0.447,0.066,0.106,0.454,YEM2024,,,,17.086,,,,,,,,,,YEM,,,,
2023,Yemen,3.561,3.408,3.714,0.671,1.281,0.293,0.362,0.08,0.113,0.76,YEM2023,,,477.409,17.091,,,,,,,,,,YEM,,,,
2021,Yemen,4.197,4.01,4.384,0.691,1.043,0.384,0.33,0.09,0.098,1.561,YEM2021,,,522.174,18.287,,,,,,,,,,YEM,,,,
2020,Yemen,3.658,3.521,3.794,0.329,0.831,0.272,0.268,0.092,0.089,1.776,YEM2020,,,559.565,17.953,,,,,,,,,,YEM,,,,
2019,Yemen,3.527,3.421,3.634,0.393,1.177,0.415,0.244,0.095,0.087,1.116,YEM2019,,,623.376,17.202,,,,,,,,,,YEM,,,,
2018,Yemen,3.38,,,,,,,,,,YEM2018,,21606160783.984,633.887,17.584,,14.854,0.752,,,,,20996364431.252,,YEM,,,,
2017,Yemen,3.355,,,,,,,,,,YEM2017,,26842228828.563,811.166,18.603,,18.554,-5.072,,,,,26106000074.582,,YEM,,,,
2016,Yemen,3.593,,,,,,,,,,YEM2016,,31317824943.207,975.359,18.416,,0.134,-9.375,-7.724,,,,30921701659.496,,YEM,,,,
2015,Yemen,3.724,,,,,,,,,,YEM2015,,42444489522.23,1362.174,17.9,,46.476,-27.995,-7.129,,,,41437133275.722,,YEM,,,,
2014,Yemen,4.077,,,,,,,,,,YEM2014,8.105,43228585321.327,1430.164,13.467,,7.163,-0.189,-3.443,,,,40801643750.291,,YEM,,,,
2012,Yemen,4.054,,,,,,,,,,YEM2012,9.885,35401331609.592,1245.051,13.473,17.571,5.893,2.393,-0.945,,,,33831688609.842,,YEM,,,,
2011,Yemen,4.454,,,,,,,,,,YEM2011,19.544,32726417878.391,1186.475,13.311,5.83,18.114,-12.715,-1.611,,,,30388993336.296,,YEM,,,,
2024,Zambia,3.912,3.769,4.056,0.848,1.013,0.233,0.872,0.131,0.107,0.709,ZMB2024,,,,5.961,,,,,,,,,,ZMB,,,,
2023,Zambia,3.502,3.368,3.636,0.899,0.809,0.264,0.727,0.168,0.109,0.526,ZMB2023,10.885,27577956471.244,1330.728,5.905,,7.095,5.368,-2.113,,,,26271802177.299,,ZMB,,,,
2022,Zambia,3.982,3.797,4.167,0.914,0.89,0.095,0.545,0.189,0.08,1.27,ZMB2022,10.993,29163782140.486,1447.123,5.995,,6.14,5.211,3.748,,,,27416151733.239,,ZMB,,,,
2021,Zambia,3.76,3.618,3.902,0.93,0.577,0.306,0.525,0.203,0.083,1.135,ZMB2021,22.021,22096416932.009,1127.161,5.199,,25.143,6.235,11.9,25.137,21.967,16.78,20174571689.659,71.411,ZMB,,,,
2020,Zambia,4.073,3.938,4.209,0.528,0.552,0.231,0.487,0.227,0.074,1.975,ZMB2020,15.733,18137764930.651,951.644,6.033,-3.893,13.914,-2.785,11.791,25.372,19.581,16.418,17628788924.042,103.543,ZMB,,,,
2019,Zambia,3.759,3.64,3.878,0.537,0.896,0.364,0.491,0.251,0.087,1.134,ZMB2019,9.15,23308667781.226,1258.986,5.542,2.47,7.633,1.441,0.604,21.956,19.596,16.678,22904080806.827,61.93,ZMB,,,,
2018,Zambia,4.107,,,,,,,,,,ZMB2018,7.495,26311507273.674,1463.9,5.033,2.216,7.412,4.034,-1.301,20.111,19.411,16.587,25904703273.457,59.712,ZMB,,,,
2017,Zambia,4.377,,,,,,,,,,ZMB2017,6.577,25873601260.835,1483.466,4.529,2.091,10.073,3.526,-1.681,20.922,16.851,15.185,24726787496.717,52.281,ZMB,,,,
2016,Zambia,4.514,,,,,,,,,,ZMB2016,17.87,20958412538.309,1239.085,5.239,1.694,13.576,3.755,-4.552,22.409,18.132,13.353,20311304651.433,46.433,ZMB,,,,
2015,Zambia,4.795,,,,,,,,,,ZMB2015,10.111,21251216798.776,1295.878,5.942,6.179,6.659,2.92,-3.612,23.234,18.296,14.394,20839208733.139,49.407,ZMB,,,,
2014,Zambia,5.129,,,,,,,,,,ZMB2014,7.807,27141023558.083,1707.486,6.571,5.816,5.441,4.693,-1.427,20.256,17.738,15.761,26589065800.162,44.396,ZMB,,,,
2012,Zambia,5.006,,,,,,,,,,ZMB2012,6.576,25503060420.026,1710.051,7.85,4.821,6.992,7.597,5.379,16.532,16.668,14.892,25071084452.043,23.489,ZMB,,,,
2011,Zambia,4.705,,,,,,,,,,ZMB2011,6.429,23459515275.578,1624.868,10.545,6.957,11.107,5.569,4.658,14.496,17.468,14.716,22302537247.722,18.05,ZMB,,,,
2024,Zimbabwe,3.396,3.283,3.509,0.827,0.961,0.178,0.598,0.065,0.131,0.636,ZWE2024,,,,8.554,,,,,,,,,,ZWE,,,,
2023,Zimbabwe,3.341,3.226,3.457,0.748,0.85,0.232,0.487,0.096,0.131,0.797,ZWE2023,,35231367885.855,2156.034,8.759,-73.54,921.536,5.337,0.38,,,,34796066708.941,,ZWE,,,,
2022,Zimbabwe,3.204,3.084,3.323,0.758,0.881,0.069,0.363,0.112,0.117,0.905,ZWE2022,104.705,32789751736.332,2040.552,10.087,-36.833,266.987,6.139,0.93,,,,32026941089.152,,ZWE,,,,
2021,Zimbabwe,2.995,2.88,3.11,0.947,0.69,0.27,0.329,0.106,0.105,0.548,ZWE2021,98.546,27240515108.805,1724.388,9.54,-31.796,113.295,8.468,1.278,,,,26621784726.578,,ZWE,,,,
2020,Zimbabwe,3.145,3.03,3.259,0.457,0.649,0.243,0.359,0.157,0.075,1.205,ZWE2020,557.202,26867936444.683,1730.413,8.621,-81.132,604.946,-7.817,4.08,,,,26329744652.409,,ZWE,,,,
2019,Zimbabwe,3.299,3.184,3.414,0.426,1.048,0.375,0.377,0.151,0.081,0.841,ZWE2019,255.305,25717409842.448,1684.028,7.373,-64.295,225.395,-6.332,3.579,,,,25261574788.757,,ZWE,,,,
2018,Zimbabwe,3.663,,,,,,,,,,ZWE2018,10.619,34156069918.061,2271.853,6.793,3.455,3.554,5.01,-4.039,10.977,8.117,7.215,33442898974.535,,ZWE,,,,
2017,Zimbabwe,3.692,,,,,,,,,,ZWE2017,0.894,51074660513.372,3448.083,6.344,-64.282,199.325,4.08,-0.531,9.783,5.958,5.466,49083524563.156,,ZWE,,,,
2016,Zimbabwe,3.875,,,,,,,,,,ZWE2016,-1.544,20548678100.0,1407.415,5.886,4.999,2.014,0.901,-3.394,25.236,17.195,15.458,18002592300.0,,ZWE,,,,
2015,Zimbabwe,4.193,,,,,,,,,,ZWE2015,-2.431,19963120600.0,1386.423,5.377,8.144,0.367,2.024,-7.998,21.809,19.003,17.673,17604879500.0,,ZWE,,,,
2014,Zimbabwe,4.61,,,,,,,,,,ZWE2014,-0.198,19495519600.0,1372.213,4.774,8.788,0.625,1.485,-11.971,,,,17300432200.0,,ZWE,,,,
2012,Zimbabwe,4.827,,,,,,,,,,ZWE2012,3.725,17114849900.0,1238.601,5.061,6.429,4.856,15.745,-13.308,20.212,20.395,17.835,15245882400.0,,ZWE,,,,
2011,Zimbabwe,3.978,,,,,,,,,,ZWE2011,3.466,14101920300.0,1037.255,5.368,,2.172,14.62,-19.497,19.077,20.673,17.928,12515356900.0,,ZWE,,,,
2025,Afghanistan,4.007007200241089,,,,,,,,,,,86.94046783447266,,2804.745361328125,6.525140762329102,-3.438387632369995,-0.2994166612625122,-1.2944767475128174,-5.720139503479004,25.282533645629883,23.773178100585938,14.684514045715332,,54.79441452026367,,5.410842,4.1716695,1.364,-1.4038347415924073
2026,Afghanistan,4.172682363510132,,,,,,,,,,,4.689511299133301,,8127.34228515625,8.699640274047852,2.041297674179077,30.09054946899414,1.0741426944732666,-6.221959590911865,24.42450714111328,21.867361068725586,17.766408920288086,,62.97633361816406,,5.7421923,4.1716695,1.364,-1.4038347415924073
2027,Afghanistan,4.093695241928101,,,,,,,,,,,15.325078964233398,,8506.1943359375,10.904290199279785,-3.484548330307007,4.731420993804932,2.3153772354125977,-6.346189498901367,25.917882919311523,25.510499954223633,14.116682052612305,,46.82224655151367,,5.3395557,4.1716695,1.364,-1.4038347415924073
2028,Afghanistan,4.3392142442067465,,,,,,,,,,,5.368427753448486,,6439.53271484375,8.202004432678223,9.196578025817871,20.749652862548828,2.9837167263031006,-3.0724599361419678,28.42168617248535,23.794918060302734,16.886417388916016,,54.032020568847656,,6.147399,4.1716695,1.364,-1.4038347415924073
2029,Afghanistan,4.127856173833211,,,,,,,,,,,14.168593406677246,,6034.96875,11.569339752197266,-3.4936461448669434,5.203906059265137,1.5086519718170166,-5.924420356750488,25.733129501342773,27.965774536132812,13.913326263427734,,48.52214431762695,,5.108118,4.1716695,1.364,-1.4038347415924073
2030,Afghanistan,4.331084488550823,,,,,,,,,,,5.2790398597717285,,7682.99462890625,9.064423561096191,12.413315773010254,21.050506591796875,3.4911766052246094,-1.2396528720855713,30.931535720825195,23.979089736938477,17.317874908447266,,58.757659912109375,,5.9492407,4.1716695,1.364,-1.4038347415924073
2025,Albania,6.387903087615967,,,,,,,,,,,86.73924255371094,,6094.275390625,7.53956937789917,1.1735635995864868,0.27828437089920044,2.630289077758789,-5.888949394226074,25.430727005004883,24.0821475982666,15.018121719360352,,51.851959228515625,,5.9416175,4.518429,5.411,0.4462855987548826
2026,Albania,6.259725444793701,,,,,,,,,,,1.1240254640579224,,5213.79833984375,8.628674507141113,0.04893549531698227,25.906049728393555,1.6884546279907227,-7.231046199798584,25.520870208740234,23.05879020690918,17.35548973083496,,49.06260299682617,,5.685262,4.518429,5.411,0.4462855987548826
2027,Albania,6.215630087534586,,,,,,,,,,,14.434845924377441,,12338.3505859375,11.995362281799316,-4.469174861907959,4.633842468261719,1.72810959815979,-4.351953983306885,25.891834259033203,26.993539810180664,15.226414680480957,,59.55274963378906,,5.681154,4.518429,5.411,0.4462855987548826
2028,Albania,6.2504711481730135,,,,,,,,,,,3.574906826019287,,7559.41015625,8.40514850616455,10.257721900939941,23.377798080444336,3.3588225841522217,-2.684915781021118,31.405359268188477,23.587444305419922,16.5032958984375,,57.5483512878418,,6.0461407,4.518429,5.411,0.4462855987548826
2029,Albania,6.019112143198648,,,,,,,,,,,14.249451637268066,,6024.36376953125,10.8639497756958,-6.363168716430664,2.3699488639831543,1.220380425453186,-6.223069667816162,25.906322479248047,29.221294403076172,13.644232749938965,,49.81587219238281,,4.991185,4.518429,5.411,0.4462855987548826
2030,Albania,5.9959421488444,,,,,,,,,,,1.3428207635879517,,6494.31884765625,9.45950984954834,11.971412658691406,25.201740264892578,3.2963268756866455,-1.2188962697982788,32.314212799072266,23.806806564331055,18.365434646606445,,56.870094299316406,,5.611644,4.518429,5.411,0.4462855987548826
2025,Algeria,5.838363359451294,,,,,,,,,,,86.74722290039062,,3525.841064453125,7.859255313873291,3.128142833709717,0.7152770757675171,2.893022298812866,-6.904487609863281,25.40284538269043,24.03397560119629,15.284146308898926,,50.1595344543457,,5.399715,4.693703,5.571,0.43864841270446764
2026,Algeria,5.852769802093506,,,,,,,,,,,1.119376301765442,,4291.447265625,8.873326301574707,-0.5393552780151367,26.30467987060547,1.7327275276184082,-9.362417221069336,26.472148895263672,21.901100158691406,18.58832550048828,,51.09309005737305,,5.428528,4.693703,5.571,0.43864841270446764
2027,Algeria,5.973549554824829,,,,,,,,,,,12.249140739440918,,12107.990234375,16.82498550415039,-4.608922958374023,5.552476406097412,1.7865246534347534,-5.264756202697754,24.60944366455078,26.581253051757812,14.872295379638672,,54.46246337890625,,5.7764606,4.693703,5.571,0.43864841270446764
2028,Algeria,6.08248650042216,,,,,,,,,,,5.15132474899292,,5286.25048828125,7.963683128356934,6.854928970336914,19.975889205932617,3.45166277885437,-0.10492368042469025,31.565317153930664,22.82419204711914,17.079631805419922,,55.01295852661133,,5.726526,4.693703,5.571,0.43864841270446764
2029,Algeria,5.842532505671183,,,,,,,,,,,14.543525695800781,,6347.23486328125,14.873671531677246,-3.3862946033477783,5.044408321380615,1.214977741241455,-6.766417503356934,23.122760772705078,30.873424530029297,14.420597076416016,,50.82708740234375,,4.708666,4.693703,5.571,0.43864841270446764
2030,Algeria,5.788282742182414,,,,,,,,,,,4.761725425720215,,3728.037841796875,8.226418495178223,8.166338920593262,20.84618377685547,3.231496572494507,-0.6564920544624329,33.613338470458984,22.810792922973633,19.262277603149414,,52.51842498779297,,5.6137114,4.693703,5.571,0.43864841270446764
2025,Angola,,,,,,,,,,,,16.717771530151367,,934.1625366210938,12.009913444519043,-5.403836727142334,24.140090942382812,-0.07277191430330276,-2.7637810707092285,19.05463218688965,15.722185134887695,11.147621154785156,,51.59095001220703,,3.836045,,,
2026,Angola,,,,,,,,,,,,14.082804679870605,,3548.879150390625,8.821107864379883,1.4530166387557983,26.217147827148438,0.6048928499221802,-5.130800247192383,20.607351303100586,16.529773712158203,12.283987998962402,,51.10865783691406,,5.061275,,,
2027,Angola,,,,,,,,,,,,13.398168563842773,,5351.83935546875,8.284090995788574,-1.5531505346298218,15.64768123626709,1.0181902647018433,-5.635003089904785,21.573287963867188,19.389942169189453,12.173323631286621,,51.71293640136719,,5.4491024,,,
2028,Angola,,,,,,,,,,,,9.697728157043457,,5909.6572265625,7.676806926727295,3.161092758178711,17.246009826660156,2.464425563812256,-2.6653237342834473,24.576169967651367,20.425090789794922,14.436565399169922,,56.07844543457031,,5.8568263,,,
2029,Angola,,,,,,,,,,,,10.311012268066406,,6933.2138671875,7.574901580810547,-1.4916480779647827,9.101085662841797,1.577147126197815,-4.601068496704102,24.073436737060547,24.92778205871582,14.905267715454102,,47.797874450683594,,5.813971,,,
2030,Angola,,,,,,,,,,,,7.0662312507629395,,7331.9541015625,9.699053764343262,6.5164384841918945,13.701711654663086,4.454529762268066,-0.5451858043670654,28.272666931152344,23.365320205688477,16.364112854003906,,42.01597595214844,,5.4900746,,,
2025,Argentina,6.522051654815674,,,,,,,,,,,87.87818908691406,,4031.02587890625,6.680135726928711,5.1746625900268555,3.28769850730896,4.103460311889648,-2.82633638381958,25.540613174438477,23.98735809326172,15.30785083770752,,50.8349723815918,,5.678286,4.709469,6.397,0.8437655792236329
2026,Argentina,6.157144151687622,,,,,,,,,,,2.6369638442993164,,2605.327880859375,8.914436340332031,-0.31084537506103516,39.44594955444336,2.088315963745117,-9.0447359085083,23.723915100097656,23.2714786529541,17.830307006835938,,52.380523681640625,,4.948471,4.709469,6.397,0.8437655792236329
2027,Argentina,6.256432535807292,,,,,,,,,,,16.4591121673584,,11453.283203125,10.824056625366211,-6.233940124511719,6.619758129119873,0.9867324829101562,-4.4142913818359375,25.953433990478516,24.853979110717773,15.679966926574707,,56.694236755371094,,5.6112437,4.709469,6.397,0.8437655792236329
2028,Argentina,6.2909604733785,,,,,,,,,,,3.8005707263946533,,7696.32763671875,8.067301750183105,7.259607791900635,24.276077270507812,2.9814517498016357,-2.993675708770752,28.77178955078125,24.22795295715332,16.39784812927246,,47.4406623840332,,5.78187,4.709469,6.397,0.8437655792236329
2029,Argentina,6.2722338066101075,,,,,,,,,,,13.76253604888916,,6262.94091796875,11.852571487426758,-7.587810516357422,2.938485622406006,1.262261986732483,-5.762979030609131,26.971372604370117,27.380014419555664,14.117362976074219,,42.0545654296875,,4.892291,4.709469,6.397,0.8437655792236329
2030,Argentina,6.269348306020102,,,,,,,,,,,0.79667729139328,,7311.72802734375,9.809432983398438,10.658903121948242,28.589431762695312,3.7454967498779297,0.16096429526805878,30.43821144104004,24.713701248168945,16.61315155029297,,55.50777816772461,,5.602587,4.709469,6.397,0.8437655792236329
2025,Armenia,6.456317684173584,,,,,,,,,,,81.8746109008789,,5372.736328125,7.247137069702148,-2.8947057723999023,0.3367907404899597,1.3735144138336182,-5.116274356842041,25.29359245300293,24.004989624023438,15.220357894897461,,55.168785095214844,,5.7919216,4.165208,5.494,0.6643960685729979
2026,Armenia,6.333423635482788,,,,,,,,,,,0.1294458508491516,,7652.17138671875,9.917640686035156,0.6017047166824341,30.38351821899414,1.5201072692871094,-6.537927150726318,25.230270385742188,23.339319229125977,17.783987045288086,,67.19476318359375,,5.5461335,4.165208,5.494,0.6643960685729979
2027,Armenia,6.411505322774251,,,,,,,,,,,16.406719207763672,,19774.30078125,11.288358688354492,-5.364710330963135,3.4188692569732666,2.6753315925598145,-4.802607536315918,26.704471588134766,25.857807159423828,12.619837760925293,,51.914794921875,,5.9032726,4.165208,5.494,0.6643960685729979
2028,Armenia,6.447673580169678,,,,,,,,,,,1.3338799476623535,,6351.40234375,7.06682014465332,10.495985984802246,21.71044921875,2.4193222522735596,-0.39221760630607605,30.820878982543945,22.321237564086914,16.484060287475586,,51.347694396972656,,5.9004264,4.165208,5.494,0.6643960685729979
2029,Armenia,6.231705766042073,,,,,,,,,,,14.238648414611816,,7813.2548828125,11.259380340576172,-6.2013654708862305,1.4725035429000854,1.5689538717269897,-5.933050632476807,23.064390182495117,29.3366641998291,12.699230194091797,,47.82988739013672,,4.89823,4.165208,5.494,0.6643960685729979
2030,Armenia,6.139903486887614,,,,,,,,,,,0.9308509230613708,,7824.45263671875,8.244020462036133,12.714484214782715,25.07207679748535,3.150998830795288,1.247631549835205,32.056884765625,22.07592010498047,17.819995880126953,,59.21210861206055,,5.627866,4.165208,5.494,0.6643960685729979
2025,Australia,6.810081016540527,,,,,,,,,,,30.12619400024414,,7459.98388671875,7.6667094230651855,1.8487006425857544,-0.6078611016273499,3.2533912658691406,-4.525474548339844,25.116661071777344,23.963090896606445,15.288817405700684,,49.86433410644531,,5.773081,4.8999996,6.974,1.0370001907348634
2026,Australia,6.683761131286621,,,,,,,,,,,1.233749508857727,,5496.087890625,9.357897758483887,7.170215129852295,15.033356666564941,2.3451051712036133,-8.426522254943848,24.675048828125,23.05659294128418,16.729656219482422,,46.42487716674805,,5.520441,4.8999996,6.974,1.0370001907348634
2027,Australia,6.6015089467366534,,,,,,,,,,,10.99592399597168,,7319.90380859375,9.749734878540039,1.8679835796356201,2.071449041366577,3.5440125465393066,-6.090541839599609,25.665468215942383,25.974512100219727,15.680094718933105,,57.63994216918945,,5.4000044,4.8999996,6.974,1.0370001907348634
2028,Australia,6.694016785939534,,,,,,,,,,,1.978048324584961,,5691.7021484375,8.778237342834473,9.700542449951172,11.168537139892578,3.281074285507202,-4.926210403442383,29.679798126220703,24.125017166137695,17.3017520904541,,48.90786361694336,,6.0506043,4.8999996,6.974,1.0370001907348634
2029,Australia,6.660213322957357,,,,,,,,,,,8.422847747802734,,9202.1826171875,13.195682525634766,3.1957650184631348,2.251720666885376,2.812053918838501,-6.250064849853516,25.209943771362305,29.20676612854004,14.821856498718262,,51.05344772338867,,5.4190307,4.8999996,6.974,1.0370001907348634
2030,Australia,6.66709074529012,,,,,,,,,,,2.068401336669922,,3283.82177734375,7.196690559387207,9.100481986999512,9.201165199279785,3.3693206310272217,-1.1440520286560059,32.94873046875,22.88916778564453,18.25361442565918,,45.33168029785156,,5.4206367,4.8999996,6.974,1.0370001907348634
2025,Austria,6.662216215133666,,,,,,,,,,,14.311809539794922,,6877.48681640625,7.622411727905273,0.8624153733253479,0.0888347402215004,2.6267898082733154,-4.801552772521973,25.009414672851562,24.375398635864258,15.325982093811035,,49.811126708984375,,5.6446,4.7747674,6.81,1.0176163005828855
2026,Austria,6.690325288772582,,,,,,,,,,,1.0055452585220337,,5067.2919921875,9.136178016662598,9.994735717773438,15.417550086975098,2.1546554565429688,-5.64016580581665,27.564390182495117,23.30018424987793,16.700824737548828,,46.65163040161133,,5.700818,4.7747674,6.81,1.0176163005828855
2027,Austria,6.637375065485635,,,,,,,,,,,11.609235763549805,,8047.29150390625,8.254136085510254,0.4283747971057892,1.9575958251953125,2.4339702129364014,-6.636942386627197,25.684001922607422,28.55630874633789,14.079183578491211,,56.9815559387207,,5.5138583,4.7747674,6.81,1.0176163005828855
2028,Austria,6.7082486438751205,,,,,,,,,,,1.6748946905136108,,6580.947265625,7.942812442779541,11.28734016418457,12.311155319213867,3.044340133666992,-2.3600120544433594,33.528594970703125,23.502737045288086,18.215267181396484,,56.89310836791992,,5.8572206,4.7747674,6.81,1.0176163005828855
2029,Austria,6.682386426925658,,,,,,,,,,,8.789982795715332,,10112.056640625,13.404397010803223,0.3298223912715912,1.7211395502090454,2.9379959106445312,-6.26586389541626,25.344579696655273,31.46055030822754,14.11457347869873,,46.600711822509766,,5.6232314,4.7747674,6.81,1.0176163005828855
2030,Austria,6.763694156010945,,,,,,,,,,,1.7602037191390991,,5530.0712890625,5.479457855224609,11.140761375427246,11.017146110534668,3.515655517578125,1.6334290504455566,32.90286636352539,23.33169937133789,18.447769165039062,,51.63887405395508,,5.7577815,4.7747674,6.81,1.0176163005828855
2025,Azerbaijan,5.92533802986145,,,,,,,,,,,21.72661781311035,,7143.0478515625,7.53956937789917,0.9408672451972961,0.004905646666884422,2.62801456451416,-4.460554599761963,25.15350341796875,24.24481773376465,15.003575325012207,,51.23198318481445,,5.868039,4.760402,4.875,0.057298898696899414
2026,Azerbaijan,5.773629426956177,,,,,,,,,,,0.9675732254981995,,4442.7705078125,9.45346450805664,9.822104454040527,18.222312927246094,2.558825969696045,-6.456140518188477,26.416149139404297,23.111530303955078,16.70877456665039,,46.74446487426758,,5.564622,4.760402,4.875,0.057298898696899414
2027,Azerbaijan,5.7609390417734785,,,,,,,,,,,14.781793594360352,,8578.0341796875,8.508021354675293,0.050693392753601074,2.0281007289886475,1.3013583421707153,-7.528910160064697,25.80832290649414,26.659725189208984,15.4099702835083,,53.57099151611328,,5.6782594,4.760402,4.875,0.057298898696899414
2028,Azerbaijan,5.793799797693889,,,,,,,,,,,1.2883819341659546,,7378.212890625,9.63893985748291,8.783976554870605,15.974634170532227,2.9888341426849365,-4.851297855377197,30.940526962280273,23.451555252075195,17.195253372192383,,56.09963607788086,,5.9666214,4.760402,4.875,0.057298898696899414
2029,Azerbaijan,5.784611781438191,,,,,,,,,,,11.245269775390625,,9729.814453125,13.450787544250488,-0.6436366438865662,1.4766855239868164,1.4559953212738037,-6.110104560852051,25.876859664916992,29.1220760345459,13.441944122314453,,46.24021911621094,,5.537058,4.760402,4.875,0.057298898696899414
2030,Azerbaijan,5.906579573949178,,,,,,,,,,,1.3043962717056274,,8194.6884765625,7.869312763214111,10.748586654663086,13.594128608703613,3.228569269180298,-0.18661627173423767,33.59401321411133,23.693309783935547,17.797481536865234,,62.770599365234375,,6.0441628,4.760402,4.875,0.057298898696899414
2025,Bahrain,6.816378726959229,,,,,,,,,,,31.848712921142578,,10697.71484375,7.2183756828308105,-1.6576082706451416,-2.6741604804992676,2.9641618728637695,-0.1189311221241951,25.10100746154785,23.63966178894043,14.315009117126465,,51.07716751098633,,6.2702813,4.937805,6.03,0.5460974121093751
2026,Bahrain,6.548025979995728,,,,,,,,,,,0.564007043838501,,4794.96435546875,7.9539690017700195,9.16511344909668,18.011262893676758,3.660348653793335,-3.855766773223877,25.1573486328125,24.92915916442871,12.736963272094727,,57.96824264526367,,5.733576,4.937805,6.03,0.5460974121093751
2027,Bahrain,6.581384633382162,,,,,,,,,,,13.720993041992188,,12096.0927734375,7.475269794464111,2.9737257957458496,1.7521148920059204,0.6577271223068237,-4.783504486083984,24.853147506713867,24.3184757232666,15.417562484741211,,49.44742965698242,,6.1020045,4.937805,6.03,0.5460974121093751
2028,Bahrain,6.46181723912557,,,,,,,,,,,1.8793305158615112,,5176.15234375,8.197616577148438,8.419275283813477,13.69089412689209,3.1562979221343994,-3.8347809314727783,27.976293563842773,22.71162986755371,16.466449737548828,,43.378448486328125,,5.911579,4.937805,6.03,0.5460974121093751
2029,Bahrain,6.464824492136638,,,,,,,,,,,11.195773124694824,,9298.1591796875,9.863497734069824,1.0549941062927246,2.3746602535247803,3.097651958465576,-7.3224568367004395,24.142507553100586,27.493083953857422,14.87332534790039,,55.71792221069336,,5.7425976,4.937805,6.03,0.5460974121093751
2030,Bahrain,6.408935044606527,,,,,,,,,,,1.7367620468139648,,5145.40966796875,7.071762561798096,9.697495460510254,11.916049003601074,3.8721790313720703,-2.09324312210083,31.55520248413086,22.620563507080078,17.077089309692383,,47.83715057373047,,5.934336,4.937805,6.03,0.5460974121093751
2025,Bangladesh,5.014582479476928,,,,,,,,,,,28.565458297729492,,4325.89111328125,7.338296413421631,4.0418500900268555,5.808018207550049,3.6960976123809814,-3.2363264560699463,25.76426124572754,24.271530151367188,15.246844291687012,,49.56853485107422,,5.5718207,4.9654765,3.851,-0.5572382564544678
2026,Bangladesh,4.764194095611572,,,,,,,,,,,4.92735481262207,,3111.220947265625,9.783330917358398,4.6540141105651855,15.460765838623047,3.408977746963501,-9.1226167678833,25.259397506713867,23.29698371887207,17.777250289916992,,51.48028564453125,,5.071044,4.9654765,3.851,-0.5572382564544678
2027,Bangladesh,4.58610455640157,,,,,,,,,,,11.230036735534668,,2646.39794921875,11.100624084472656,2.0071427822113037,5.283631801605225,3.9475417137145996,-6.791579246520996,25.362886428833008,24.910266876220703,16.427148818969727,,52.22025680541992,,4.7871637,4.9654765,3.851,-0.5572382564544678
2028,Bangladesh,4.591372017542521,,,,,,,,,,,4.514059543609619,,3060.286865234375,5.819761753082275,8.442178726196289,12.068561553955078,4.001286029815674,-6.143261909484863,26.470396041870117,22.5762939453125,18.524112701416016,,51.454490661621094,,5.587623,4.9654765,3.851,-0.5572382564544678
2029,Bangladesh,4.677332723617553,,,,,,,,,,,8.804854393005371,,7348.2841796875,10.008085250854492,2.886120557785034,4.1808390617370605,4.175078868865967,-7.313667297363281,21.518098831176758,25.055328369140625,16.383777618408203,,45.687198638916016,,5.328926,4.9654765,3.851,-0.5572382564544678
2030,Bangladesh,4.894257549921671,,,,,,,,,,,3.0485706329345703,,3167.54296875,6.47062349319458,7.910484313964844,9.401937484741211,3.6700592041015625,-3.018131971359253,25.89315414428711,22.272991180419922,18.135465621948242,,46.056400299072266,,5.437938,4.9654765,3.851,-0.5572382564544678
2025,Belarus,,,,,,,,,,,,9.649555206298828,,10130.486328125,10.373336791992188,-0.15028826892375946,18.798452377319336,3.0332632064819336,2.7200779914855957,26.268295288085938,28.522308349609375,12.882266998291016,,31.07979965209961,,5.5380244,,,
2026,Belarus,,,,,,,,,,,,11.468450546264648,,5308.2001953125,4.572198390960693,-0.370365172624588,11.387804985046387,1.472920536994934,1.4506127834320068,28.904390335083008,26.8073787689209,15.723516464233398,,38.6896858215332,,5.701577,,,
2027,Belarus,,,,,,,,,,,,7.052751064300537,,10590.5732421875,10.612098693847656,0.36964210867881775,13.182839393615723,3.2256834506988525,-1.809345006942749,27.90479850769043,28.606136322021484,15.107038497924805,,45.568965911865234,,5.561416,,,
2028,Belarus,,,,,,,,,,,,7.989817142486572,,5868.40087890625,6.221923351287842,1.4758200645446777,9.536725997924805,3.6812427043914795,-3.8236324787139893,31.780214309692383,27.32090187072754,15.4165620803833,,36.945796966552734,,5.5775003,,,
2029,Belarus,,,,,,,,,,,,7.674858570098877,,5719.4306640625,10.094738006591797,5.186759948730469,10.393876075744629,2.975125789642334,-4.33287239074707,28.340295791625977,28.91798973083496,15.905908584594727,,44.27097702026367,,5.341818,,,
2030,Belarus,,,,,,,,,,,,8.26478385925293,,4765.09912109375,9.52243709564209,4.6396484375,7.742441654205322,3.2927393913269043,-5.342037677764893,31.12302589416504,27.139225006103516,16.940887451171875,,42.28485107421875,,5.4205737,,,
2025,Belgium,6.834305124282837,,,,,,,,,,,22.75346565246582,,7049.60009765625,7.6667094230651855,2.2416181564331055,0.07282130420207977,2.62801456451416,-4.936782360076904,25.009414672851562,24.20379638671875,15.325982093811035,,49.77208709716797,,5.7574644,4.7563186,6.91,1.0768407154083253
2026,Belgium,6.765067176818848,,,,,,,,,,,1.2221555709838867,,4999.82666015625,8.934992790222168,9.739530563354492,17.541616439819336,2.429671049118042,-7.7513885498046875,26.221214294433594,22.88033103942871,16.877918243408203,,44.828224182128906,,5.6189885,4.7563186,6.91,1.0768407154083253
2027,Belgium,6.800132907231649,,,,,,,,,,,11.439695358276367,,9210.5908203125,8.234149932861328,0.3124628961086273,2.0935587882995605,2.1042721271514893,-7.150692462921143,24.620412826538086,26.99343490600586,15.461042404174805,,55.16099548339844,,5.7934237,4.7563186,6.91,1.0768407154083253
2028,Belgium,6.891188141504924,,,,,,,,,,,1.5046210289001465,,6652.77734375,7.787355422973633,9.096345901489258,12.245516777038574,3.046013116836548,-2.4281952381134033,31.871259689331055,22.82271385192871,16.866527557373047,,53.44110107421875,,6.03063,4.7563186,6.91,1.0768407154083253
2029,Belgium,6.823454694747926,,,,,,,,,,,8.433807373046875,,9933.7802734375,11.899269104003906,0.351100891828537,1.7070339918136597,2.800065517425537,-6.356098175048828,24.162281036376953,29.838790893554688,14.36741828918457,,44.83428955078125,,5.415788,4.7563186,6.91,1.0768407154083253
2030,Belgium,6.847218033472697,,,,,,,,,,,1.7938412427902222,,5025.04345703125,5.423679828643799,10.717689514160156,11.034173011779785,3.97469162940979,-0.29494360089302063,32.570194244384766,23.35483741760254,18.02708625793457,,50.209983825683594,,5.8647137,4.7563186,6.91,1.0768407154083253
2025,Belize,6.805360811233521,,,,,,,,,,,87.87818908691406,,6501.51318359375,7.6667094230651855,3.0511834621429443,0.3752387464046478,2.62801456451416,-5.7610063552856445,25.322368621826172,24.0404052734375,15.490458488464355,,50.12934875488281,,5.7775135,4.6553054,6.711,1.0278473072052003
2026,Belize,6.613117712020874,,,,,,,,,,,1.3674416542053223,,4166.42626953125,9.061951637268066,-0.9994074106216431,38.69550704956055,1.4414238929748535,-6.739218235015869,25.35599136352539,22.889965057373047,17.205183029174805,,48.549163818359375,,5.3930273,4.6553054,6.711,1.0278473072052003
2027,Belize,6.731976367314657,,,,,,,,,,,16.539045333862305,,11096.5234375,12.956664085388184,-6.033218860626221,5.943443775177002,0.9555920362472534,-3.6367263793945312,25.046916961669922,25.939443588256836,15.017416000366211,,58.06761169433594,,5.9418464,4.6553054,6.711,1.0278473072052003
2028,Belize,6.822325564702353,,,,,,,,,,,4.668701171875,,5669.9619140625,8.872274398803711,8.247187614440918,24.43206024169922,3.892418384552002,-2.5603227615356445,30.867835998535156,22.703750610351562,15.997415542602539,,51.90146255493164,,6.048561,4.6553054,6.711,1.0278473072052003
2029,Belize,6.520625449498495,,,,,,,,,,,13.648542404174805,,4482.076171875,13.763837814331055,-7.178042411804199,3.5605297088623047,0.9469519853591919,-6.511873722076416,23.864870071411133,28.913532257080078,14.189092636108398,,50.613948822021484,,4.487927,4.6553054,6.711,1.0278473072052003
2030,Belize,6.39383015759786,,,,,,,,,,,2.1986777782440186,,4075.13720703125,8.82259464263916,10.945740699768066,27.910280227661133,3.443740129470825,0.8874509930610657,31.320011138916016,22.88897705078125,19.259902954101562,,58.98579788208008,,5.5614605,4.6553054,6.711,1.0278473072052003
2025,Benin,5.52795797920227,,,,,,,,,,,30.383821487426758,,8658.580078125,6.680135726928711,2.8994853496551514,-0.7636452317237854,4.9326581954956055,0.6629188060760498,25.086048126220703,23.544401168823242,14.827494621276855,,48.97913360595703,,5.8207536,4.942591,4.357,-0.2927955951690673
2026,Benin,5.2729304466247555,,,,,,,,,,,1.21355402469635,,3710.546142578125,8.664454460144043,7.061365604400635,15.023431777954102,2.551262617111206,-7.599203109741211,23.91741180419922,24.384172439575195,15.691162109375,,45.67570114135742,,5.3106985,4.942591,4.357,-0.2927955951690673
2027,Benin,5.263943258285522,,,,,,,,,,,10.99592399597168,,8516.421875,8.97756290435791,2.0092151165008545,2.199902296066284,4.081855773925781,-6.490897178649902,26.80527114868164,24.47511863708496,16.348085403442383,,53.039222717285156,,5.5387645,4.942591,4.357,-0.2927955951690673
2028,Benin,5.228906376520793,,,,,,,,,,,1.989825963973999,,5687.3037109375,7.950133323669434,8.480647087097168,10.736868858337402,3.082106590270996,-5.80557918548584,27.641746520996094,24.927282333374023,17.05301284790039,,44.13353729248047,,5.715643,4.942591,4.357,-0.2927955951690673
2029,Benin,5.321983400344848,,,,,,,,,,,8.29994010925293,,8777.4111328125,9.693316459655762,3.346444845199585,2.3474619388580322,3.055086851119995,-5.920621395111084,25.24207305908203,27.86536407470703,15.311136245727539,,46.825408935546875,,5.5899296,4.942591,4.357,-0.2927955951690673
2030,Benin,5.284046871821086,,,,,,,,,,,2.2891457080841064,,3506.18310546875,8.140042304992676,8.947608947753906,8.957769393920898,3.479525089263916,-5.759268283843994,30.76316261291504,22.90791893005371,17.394929885864258,,46.936668395996094,,5.424955,4.942591,4.357,-0.2927955951690673
2025,Bhutan,,,,,,,,,,,,4.399838924407959,,19387.369140625,6.2542572021484375,9.313345909118652,1.363342046737671,4.387592792510986,-13.737396240234375,20.42355728149414,20.880905151367188,18.112831115722656,,64.4431381225586,,6.3275013,,,
2026,Bhutan,,,,,,,,,,,,1.344117522239685,,1031.5819091796875,7.448146820068359,5.186221122741699,2.1627767086029053,3.919018030166626,-3.286694049835205,21.883485794067383,21.66095733642578,15.2427396774292,,50.49263381958008,,4.22566,,,
2027,Bhutan,,,,,,,,,,,,2.6231002807617188,,3674.09423828125,4.477926731109619,8.051412582397461,2.7444827556610107,4.553928852081299,-7.098616600036621,22.016252517700195,20.296226501464844,18.69025230407715,,53.12725067138672,,5.657347,,,
2028,Bhutan,,,,,,,,,,,,2.5181996822357178,,10994.8173828125,8.936896324157715,5.094999313354492,2.815655469894409,4.347402572631836,-7.709699630737305,20.21542739868164,22.771135330200195,17.214357376098633,,52.86329650878906,,5.9116726,,,
2029,Bhutan,,,,,,,,,,,,2.2038235664367676,,8796.064453125,5.884876728057861,5.824535369873047,2.9840445518493652,3.6194510459899902,-3.6955199241638184,24.633241653442383,21.231876373291016,17.24921226501465,,49.94960403442383,,5.9269166,,,
2030,Bhutan,,,,,,,,,,,,2.6959826946258545,,7485.4990234375,8.49881362915039,4.911866664886475,2.1543543338775635,3.0389068126678467,-6.13940954208374,22.56386375427246,24.297687530517578,15.83092212677002,,48.02946853637695,,5.577645,,,
2025,Bolivia,6.197011693954468,,,,,,,,,,,30.12619400024414,,5417.8095703125,7.986211776733398,2.4341392517089844,2.0380711555480957,3.3756227493286133,-3.632115602493286,25.18268585205078,23.91535758972168,15.025816917419434,,49.171016693115234,,5.81553,5.1050363,5.868,0.3814818706512453
2026,Bolivia,5.990253671646118,,,,,,,,,,,1.9013127088546753,,4178.271484375,10.069414138793945,6.546898365020752,15.464309692382812,3.672178030014038,-7.531003475189209,25.670093536376953,23.178050994873047,17.763105392456055,,57.94948959350586,,5.402014,5.1050363,5.868,0.3814818706512453
2027,Bolivia,5.979824766159058,,,,,,,,,,,10.932942390441895,,10503.1142578125,11.24502182006836,2.622398614883423,2.5084450244903564,3.1787631511688232,-8.103255271911621,24.83375358581543,26.441099166870117,15.44951057434082,,55.4080696105957,,5.577485,5.1050363,5.868,0.3814818706512453
2028,Bolivia,5.994284694035848,,,,,,,,,,,2.0009777545928955,,4983.04248046875,6.777832508087158,9.031927108764648,10.65695858001709,3.5870447158813477,-3.4262843132019043,30.329561233520508,22.740726470947266,17.145719528198242,,47.547607421875,,5.8589096,5.1050363,5.868,0.3814818706512453
2029,Bolivia,5.927791182835897,,,,,,,,,,,8.254040718078613,,9443.080078125,13.761185646057129,3.275503635406494,2.2836432456970215,2.6336708068847656,-7.307993412017822,21.644052505493164,29.02415657043457,14.996312141418457,,49.809303283691406,,5.2025332,5.1050363,5.868,0.3814818706512453
2030,Bolivia,5.764904086430867,,,,,,,,,,,2.037644147872925,,1975.311279296875,7.250279426574707,8.907682418823242,9.092717170715332,3.579393148422241,-0.6627026796340942,32.73481369018555,21.160293579101562,18.79668617248535,,46.50478744506836,,5.088824,5.1050363,5.868,0.3814818706512453
2025,Bosnia and Herzegovina,6.763686340332031,,,,,,,,,,,86.74722290039062,,6072.9482421875,7.147250652313232,0.8836075663566589,0.2522023916244507,2.630289077758789,-5.1438446044921875,25.336240768432617,24.0821475982666,15.171631813049316,,53.1534309387207,,5.9236546,4.4559364,6.136,0.8400317840576172
2026,Bosnia and Herzegovina,6.633989017486572,,,,,,,,,,,0.9403489232063293,,6567.30078125,8.774214744567871,0.08226273953914642,25.750696182250977,1.5335001945495605,-6.448703289031982,25.255512237548828,23.193498611450195,16.96435546875,,51.15062713623047,,5.66426,4.4559364,6.136,0.8400317840576172
2027,Bosnia and Herzegovina,6.589991093953451,,,,,,,,,,,13.539978981018066,,10928.9521484375,12.397361755371094,-5.758053302764893,4.280439853668213,1.9627782106399536,-3.4130818843841553,26.13031578063965,25.951719284057617,14.370035171508789,,52.994224548339844,,5.6619635,4.4559364,6.136,0.8400317840576172
2028,Bosnia and Herzegovina,6.5675350837707525,,,,,,,,,,,2.5455784797668457,,5829.46923828125,8.080726623535156,7.557474136352539,24.443397521972656,2.966064929962158,-0.030364491045475006,30.477264404296875,23.623090744018555,16.49040412902832,,53.69364929199219,,5.8562865,4.4559364,6.136,0.8400317840576172
2029,Bosnia and Herzegovina,6.503646533966065,,,,,,,,,,,13.680936813354492,,10690.9052734375,12.57468318939209,-9.311704635620117,2.6699740886688232,0.936352014541626,-5.801133155822754,25.72483253479004,29.370283126831055,13.768241882324219,,50.788238525390625,,5.4725943,4.4559364,6.136,0.8400317840576172
2030,Bosnia and Herzegovina,6.54849020767212,,,,,,,,,,,1.6519947052001953,,7375.2294921875,7.673015594482422,10.770543098449707,30.03740882873535,3.6265065670013428,1.6431349515914917,33.04338455200195,23.56969451904297,17.906476974487305,,54.23172378540039,,5.7964945,4.4559364,6.136,0.8400317840576172
2025,Botswana,5.081789154052735,,,,,,,,,,,79.75495910644531,,4618.39404296875,7.577159404754639,-2.4423274993896484,-0.4736173152923584,-1.1998018026351929,-7.853476047515869,25.206329345703125,23.68109130859375,15.393199920654297,,50.13692855834961,,5.568579,4.41158,3.438,-0.4867900428771972
2026,Botswana,5.068535465240479,,,,,,,,,,,1.060170292854309,,4959.45263671875,9.679587364196777,0.45170342922210693,28.462495803833008,0.6739036440849304,-7.102926731109619,25.087230682373047,23.110797882080078,17.334365844726562,,63.99077224731445,,5.542072,4.41158,3.438,-0.4867900428771972
2027,Botswana,5.160534042358399,,,,,,,,,,,16.614322662353516,,10676.2177734375,12.165539741516113,-2.6330254077911377,4.247084617614746,1.8966450691223145,-5.34145450592041,25.675399780273438,26.33626937866211,14.551324844360352,,54.89007568359375,,5.8313212,4.41158,3.438,-0.4867900428771972
2028,Botswana,5.295249917348226,,,,,,,,,,,2.149714708328247,,6798.71337890625,7.376136779785156,7.972548007965088,19.028278350830078,4.428898334503174,-2.464236259460449,30.9595890045166,23.464113235473633,16.525575637817383,,57.823081970214844,,5.972727,4.41158,3.438,-0.4867900428771972
2029,Botswana,5.279582955678304,,,,,,,,,,,12.751520156860352,,14165.916015625,12.595316886901855,-2.447402000427246,1.8358590602874756,0.5108985900878906,-6.157883644104004,24.37483787536621,28.768945693969727,13.146113395690918,,41.01044464111328,,5.495071,4.41158,3.438,-0.4867900428771972
2030,Botswana,5.2852735303243,,,,,,,,,,,1.4232661724090576,,6407.4765625,5.845980644226074,9.850776672363281,17.359371185302734,3.6778953075408936,1.796615481376648,32.523155212402344,23.178979873657227,18.047386169433594,,61.04003143310547,,5.848393,4.41158,3.438,-0.4867900428771972
2025,Brazil,6.428584119796753,,,,,,,,,,,87.87818908691406,,3971.519287109375,7.859255313873291,3.311363935470581,1.5531822443008423,2.744844913482666,-5.9570817947387695,25.475440979003906,24.015581130981445,15.448230743408203,,49.83597946166992,,5.5605426,4.757917,6.494,0.8680415363311766
2026,Brazil,6.28698327255249,,,,,,,,,,,1.9529707431793213,,4786.51416015625,9.112486839294434,-1.7882999181747437,38.70222473144531,1.9712921380996704,-8.179316520690918,26.56191062927246,23.05255889892578,17.975223541259766,,51.52361297607422,,5.277341,4.757917,6.494,0.8680415363311766
2027,Brazil,6.412233055750529,,,,,,,,,,,17.66786003112793,,13289.8037109375,12.447006225585938,-6.700005054473877,7.180802822113037,0.23493605852127075,-4.418828964233398,25.582651138305664,27.172954559326172,15.005171775817871,,55.146522521972656,,5.794691,4.757917,6.494,0.8680415363311766
2028,Brazil,6.508157115300496,,,,,,,,,,,3.8563690185546875,,6203.138671875,8.38736343383789,7.545150279998779,27.292499542236328,4.185859203338623,-0.7480623126029968,32.40642547607422,23.682443618774414,16.41850471496582,,50.16630935668945,,5.848315,4.757917,6.494,0.8680415363311766
2029,Brazil,6.360155126571655,,,,,,,,,,,16.332706451416016,,5625.1767578125,11.899636268615723,-7.82725715637207,2.566787004470825,1.3198859691619873,-5.661104679107666,25.363534927368164,30.18240737915039,13.776785850524902,,51.39067077636719,,4.833335,4.757917,6.494,0.8680415363311766
2030,Brazil,6.27996685218811,,,,,,,,,,,0.5363557934761047,,5653.43896484375,9.412583351135254,13.363964080810547,28.81510353088379,3.1933884620666504,0.3233136236667633,31.739864349365234,23.177875518798828,19.051319122314453,,59.643333435058594,,5.5541263,4.757917,6.494,0.8680415363311766
2025,Bulgaria,6.088290502548218,,,,,,,,,,,30.12619400024414,,7824.96142578125,7.890637397766113,0.5305661559104919,-0.5918476581573486,3.2249488830566406,-4.250726222991943,25.116661071777344,23.996871948242188,15.182004928588867,,51.207401275634766,,5.701961,4.781341,5.554,0.38632946205139174
2026,Bulgaria,5.934598733901978,,,,,,,,,,,0.9675732254981995,,4382.0615234375,9.470475196838379,6.83616828918457,15.992663383483887,2.4364919662475586,-7.175723552703857,26.65149688720703,23.20224952697754,16.59146499633789,,51.77280807495117,,5.3945775,4.781341,5.554,0.38632946205139174
2027,Bulgaria,5.901464273452759,,,,,,,,,,,11.0657320022583,,7897.05224609375,9.243929862976074,1.057320475578308,2.1467065811157227,2.0253353118896484,-7.332636833190918,26.582569122314453,25.9356632232666,15.55133056640625,,51.944908142089844,,5.448866,4.781341,5.554,0.38632946205139174
2028,Bulgaria,6.025478968938192,,,,,,,,,,,1.5137920379638672,,6205.3642578125,8.65068531036377,8.51760482788086,11.923215866088867,3.4064128398895264,-4.341190814971924,31.529895782470703,23.77273941040039,17.410144805908203,,49.46457290649414,,6.074005,4.781341,5.554,0.38632946205139174
2029,Bulgaria,6.148360063552857,,,,,,,,,,,8.424219131469727,,11305.6298828125,13.288357734680176,1.0120021104812622,1.7070339918136597,2.9650115966796875,-5.86520528793335,25.45750617980957,30.38488006591797,14.668779373168945,,53.450984954833984,,5.763221,4.781341,5.554,0.38632946205139174
2030,Bulgaria,6.320898502985636,,,,,,,,,,,1.6568008661270142,,5236.8564453125,5.560923099517822,8.686269760131836,10.568733215332031,3.7452120780944824,-1.1049978733062744,33.157440185546875,23.749082565307617,18.344375610351562,,47.139015197753906,,5.966481,4.781341,5.554,0.38632946205139174
2025,Burkina Faso,5.422544054031372,,,,,,,,,,,217.0138397216797,,4807.57080078125,7.859255313873291,3.604522466659546,1.095078706741333,2.840278387069702,-5.099418640136719,25.04867935180664,24.479019165039062,15.295860290527344,,49.362220764160156,,5.6685343,4.8749804,4.383,-0.24599022483825683
2026,Burkina Faso,5.228234819412231,,,,,,,,,,,1.6067091226577759,,3952.217041015625,9.03228759765625,-1.3338429927825928,37.94168472290039,1.8256733417510986,-8.39194393157959,26.62675666809082,23.065523147583008,17.851791381835938,,50.53192138671875,,5.279916,4.8749804,4.383,-0.24599022483825683
2027,Burkina Faso,5.269373309453328,,,,,,,,,,,18.0609188079834,,13440.0166015625,12.440434455871582,-6.992593288421631,7.0711669921875,0.6554073095321655,-4.577637195587158,25.919050216674805,26.608959197998047,15.05601692199707,,53.68183517456055,,5.5976405,4.8749804,4.383,-0.24599022483825683
2028,Burkina Faso,5.288836053848266,,,,,,,,,,,3.823214054107666,,6740.17138671875,8.844010353088379,5.9071736335754395,28.99098014831543,4.361576557159424,-0.8494250178337097,31.266305923461914,23.692625045776367,16.457712173461914,,50.16506576538086,,5.7269225,4.8749804,4.383,-0.24599022483825683
2029,Burkina Faso,5.099343669255574,,,,,,,,,,,16.249223709106445,,5409.57421875,12.388609886169434,-7.670473098754883,2.7167294025421143,1.263046145439148,-5.7228899002075195,25.325439453125,29.791000366210938,13.819302558898926,,46.637046813964844,,4.7114387,4.8749804,4.383,-0.24599022483825683
2030,Burkina Faso,5.089945049921671,,,,,,,,,,,0.6229106783866882,,6123.30859375,9.594337463378906,11.95763874053955,28.84079933166504,3.2888987064361572,-0.18087038397789001,31.72254753112793,23.26337432861328,19.129487991333008,,60.135597229003906,,5.5694447,4.8749804,4.383,-0.24599022483825683
2025,Burundi,,,,,,,,,,,,7.312527656555176,,4718.85595703125,3.244124174118042,12.927362442016602,5.9315667152404785,3.653757333755493,-14.184880256652832,20.007062911987305,17.102670669555664,13.857598304748535,,49.82909393310547,,5.7605233,,,
2026,Burundi,,,,,,,,,,,,5.345990180969238,,1457.6343994140625,7.0594940185546875,6.426920413970947,5.835189342498779,4.509574890136719,-5.861384391784668,18.86611557006836,20.63269805908203,13.169888496398926,,51.71232986450195,,4.722728,,,
2027,Burundi,,,,,,,,,,,,5.514107704162598,,-5.331165313720703,3.963599681854248,6.766536235809326,5.534299373626709,4.1915764808654785,-5.560762405395508,19.815109252929688,18.534521102905273,17.457849502563477,,49.9287223815918,,4.158289,,,
2028,Burundi,,,,,,,,,,,,6.76496696472168,,34856.0703125,3.585916519165039,17.129440307617188,5.617898941040039,4.233919143676758,-17.18065071105957,18.113943099975586,19.272138595581055,15.020020484924316,,49.831024169921875,,6.238455,,,
2029,Burundi,,,,,,,,,,,,6.739203929901123,,428.33099365234375,5.302789688110352,2.6514601707458496,0.14228564500808716,2.817811965942383,0.37541434168815613,21.117143630981445,19.155941009521484,14.280562400817871,,69.44281005859375,,3.5827122,,,
2030,Burundi,,,,,,,,,,,,4.973580837249756,,6155.6103515625,2.420074224472046,35.792022705078125,8.276555061340332,3.010364055633545,-18.652877807617188,20.68040657043457,19.074106216430664,15.103869438171387,,50.81666946411133,,5.745174,,,
2025,Cambodia,5.4472262458801275,,,,,,,,,,,31.848712921142578,,7226.248046875,6.680135726928711,2.435025215148926,-0.9987899661064148,5.404455184936523,-0.8998737335205078,24.990093231201172,23.544401168823242,14.487682342529297,,47.56891632080078,,5.7710056,4.988559,4.341,-0.323779384613037
2026,Cambodia,5.262240846633912,,,,,,,,,,,1.21355402469635,,4164.52294921875,8.972092628479004,7.799869060516357,15.232855796813965,2.4908792972564697,-7.203629970550537,22.922893524169922,24.331069946289062,16.267850875854492,,46.07804489135742,,5.401035,4.988559,4.341,-0.323779384613037
2027,Cambodia,5.2721367276509605,,,,,,,,,,,11.057087898254395,,7929.02294921875,8.460224151611328,1.7782925367355347,2.14931583404541,3.931175947189331,-6.496791839599609,26.50542449951172,24.240365982055664,16.57724952697754,,55.35774612426758,,5.615708,4.988559,4.341,-0.323779384613037
2028,Cambodia,5.294254501342774,,,,,,,,,,,1.9576424360275269,,7118.69384765625,8.419683456420898,8.764961242675781,10.736868858337402,3.0651116371154785,-5.591340065002441,27.571273803710938,24.469575881958008,17.25627899169922,,43.762271881103516,,5.837359,4.988559,4.341,-0.323779384613037
2029,Cambodia,5.430047869364421,,,,,,,,,,,8.29994010925293,,9280.4326171875,9.38813591003418,3.2555184364318848,2.232234477996826,3.055086851119995,-6.078824996948242,25.568889617919922,27.621862411499023,14.870864868164062,,46.039894104003906,,5.808415,4.988559,4.341,-0.323779384613037
2030,Cambodia,5.5170426762898765,,,,,,,,,,,2.1089043617248535,,4153.7880859375,7.333566665649414,9.17153549194336,9.101137161254883,3.3980536460876465,-3.1579761505126953,30.728870391845703,23.547958374023438,17.536706924438477,,48.906455993652344,,5.8766923,4.988559,4.341,-0.323779384613037
2025,Cameroon,5.650983768463135,,,,,,,,,,,30.12619400024414,,5259.49462890625,6.680135726928711,4.4647955894470215,0.5832337737083435,5.03204870223999,-0.5745458602905273,25.10650062561035,23.88641357421875,15.311925888061523,,50.63103103637695,,5.678615,4.9422626,4.887,-0.027631324768066623
2026,Cameroon,4.964394527435303,,,,,,,,,,,1.395274043083191,,1060.2178955078125,9.100397109985352,7.348880290985107,15.005507469177246,3.5717275142669678,-8.803319931030273,22.848085403442383,24.11421012878418,17.513126373291016,,55.30246353149414,,4.3054366,4.9422626,4.887,-0.027631324768066623
2027,Cameroon,5.1896600303649905,,,,,,,,,,,11.484624862670898,,9635.025390625,7.892510414123535,4.298444747924805,2.6532394886016846,4.859504699707031,-9.62343978881836,24.87940216064453,23.2227840423584,17.63158416748047,,53.13442611694336,,5.6678224,4.9422626,4.887,-0.027631324768066623
2028,Cameroon,4.777446228027344,,,,,,,,,,,2.0587363243103027,,555.9773559570312,9.01930046081543,8.455426216125488,9.858573913574219,3.431166172027588,-4.462503433227539,26.371109008789062,24.49457359313965,16.349136352539062,,45.71038818359375,,4.4419737,4.9422626,4.887,-0.027631324768066623
2029,Cameroon,5.298657693227132,,,,,,,,,,,8.908950805664062,,10408.2939453125,5.537537097930908,7.281941890716553,2.607903003692627,4.387548923492432,-19.367267608642578,28.560333251953125,23.332048416137695,18.534618377685547,,51.13820266723633,,5.869071,4.9422626,4.887,-0.027631324768066623
2030,Cameroon,5.000184176127116,,,,,,,,,,,5.317208766937256,,2543.239990234375,11.714054107666016,7.809513568878174,5.991990089416504,3.1763947010040283,-3.362180233001709,23.19742774963379,26.114208221435547,15.97590160369873,,44.56106948852539,,4.772402,4.9422626,4.887,-0.027631324768066623
2025,Canada,6.993582977294922,,,,,,,,,,,87.87818908691406,,7227.36767578125,7.890637397766113,1.026885986328125,0.39125221967697144,2.62801456451416,-4.9648003578186035,25.199729919433594,24.074186325073242,15.383646011352539,,51.04561996459961,,5.9155993,4.6470327,6.803,1.0779836311340332
2026,Canada,6.7188313140869145,,,,,,,,,,,0.9776501059532166,,4698.95361328125,9.476639747619629,-0.6813464164733887,39.47257995605469,1.698352575302124,-6.880634307861328,27.165000915527344,23.05840301513672,16.78324317932129,,47.08966064453125,,5.366096,4.6470327,6.803,1.0779836311340332
2027,Canada,6.8926839167277025,,,,,,,,,,,16.07208824157715,,12297.974609375,9.541671752929688,-5.980086326599121,5.573350429534912,0.22320647537708282,-4.694530963897705,25.970714569091797,28.228363037109375,14.556126594543457,,55.0749626159668,,6.1624055,4.6470327,6.803,1.0779836311340332
2028,Canada,6.902144048055014,,,,,,,,,,,4.141353607177734,,6758.2021484375,7.603126049041748,7.7591471672058105,24.233566284179688,2.929553508758545,-1.5646910667419434,32.56289291381836,23.328474044799805,17.026784896850586,,48.551673889160156,,5.9439797,4.6470327,6.803,1.0779836311340332
2029,Canada,6.621203992207846,,,,,,,,,,,13.789125442504883,,5430.71630859375,15.067166328430176,-7.484435558319092,3.3325881958007812,1.2178586721420288,-6.102657318115234,24.047422409057617,30.33586883544922,13.656486511230469,,42.94377899169922,,4.523276,4.6470327,6.803,1.0779836311340332
2030,Canada,6.469976676940919,,,,,,,,,,,0.8051380515098572,,5159.83935546875,8.719676971435547,11.609859466552734,28.04004669189453,3.484898567199707,1.367220401763916,31.22478675842285,23.347766876220703,19.60230827331543,,60.496307373046875,,5.7087235,4.6470327,6.803,1.0779836311340332
2025,Central African Republic,,,,,,,,,,,,2.468132495880127,,3195.237060546875,5.958573341369629,6.928794860839844,4.120870113372803,4.171515464782715,-4.682704448699951,10.109862327575684,8.534907341003418,8.226125717163086,,48.860965728759766,,4.7323875,,,
2026,Central African Republic,,,,,,,,,,,,4.763635635375977,,9301.5498046875,3.6607744693756104,3.217132568359375,2.72601318359375,5.413891792297363,-2.269658327102661,11.735583305358887,10.871415138244629,8.540031433105469,,49.856468200683594,,5.7865763,,,
2027,Central African Republic,,,,,,,,,,,,3.3282909393310547,,11779.205078125,4.409512519836426,5.805663585662842,4.083080768585205,5.318856716156006,-0.11696691811084747,14.94471263885498,11.619290351867676,9.522624969482422,,44.52919387817383,,5.6654673,,,
2028,Central African Republic,,,,,,,,,,,,4.097706317901611,,13414.5068359375,4.18341588973999,4.054426193237305,2.3621270656585693,5.009087562561035,-1.6792577505111694,17.34321403503418,13.290555953979492,10.817975997924805,,46.3043098449707,,5.7029486,,,
2029,Central African Republic,,,,,,,,,,,,2.203435182571411,,7603.87109375,4.390949249267578,5.147811412811279,3.537628173828125,3.9791908264160156,-2.118746042251587,15.672454833984375,14.690177917480469,11.15076732635498,,47.572265625,,4.99914,,,
2030,Central African Republic,,,,,,,,,,,,3.5686964988708496,,11840.8447265625,5.084293842315674,4.549289226531982,2.314581871032715,4.560025215148926,-2.5929579734802246,15.630230903625488,13.397727966308594,11.912951469421387,,47.02922439575195,,5.69731,,,
2025,Chad,5.414740888595581,,,,,,,,,,,31.848712921142578,,6860.28564453125,7.407685279846191,2.0283572673797607,2.769409656524658,3.8301985263824463,0.6408275365829468,25.041608810424805,23.66124725341797,14.331459999084473,,47.89737319946289,,5.7911386,5.1367955,4.384,-0.3763977603912352
2026,Chad,5.034121839523316,,,,,,,,,,,2.2132749557495117,,3614.638916015625,9.422975540161133,7.097670555114746,15.590489387512207,3.697580099105835,-6.170259475708008,23.822919845581055,23.833009719848633,16.102928161621094,,43.97856521606445,,5.0299006,5.1367955,4.384,-0.3763977603912352
2027,Chad,5.113228965123494,,,,,,,,,,,11.183743476867676,,8522.958984375,8.638351440429688,1.0965112447738647,2.601179838180542,3.2542848587036133,-7.159745693206787,25.555938720703125,24.615049362182617,16.22210693359375,,52.97556686401367,,5.647841,5.1367955,4.384,-0.3763977603912352
2028,Chad,5.093227076848348,,,,,,,,,,,1.8126027584075928,,4567.56103515625,8.656647682189941,8.417819023132324,11.590455055236816,3.5439629554748535,-5.265317440032959,28.417827606201172,24.48352813720703,17.2654972076416,,47.12361145019531,,5.731133,5.1367955,4.384,-0.3763977603912352
2029,Chad,5.202712067286174,,,,,,,,,,,8.424219131469727,,10525.3662109375,13.876371383666992,2.0506107807159424,2.2781405448913574,3.141496181488037,-7.411060333251953,25.27745819091797,27.802358627319336,15.410726547241211,,52.361167907714844,,5.3583555,5.1367955,4.384,-0.3763977603912352
2030,Chad,5.228275466283162,,,,,,,,,,,1.804957389831543,,2831.565185546875,6.0157670974731445,7.485755920410156,9.784653663635254,3.381371021270752,-3.85077166557312,30.888248443603516,22.84848403930664,17.436893463134766,,49.138877868652344,,5.724531,5.1367955,4.384,-0.3763977603912352
2025,Chile,6.337209909439087,,,,,,,,,,,87.87818908691406,,3849.500732421875,7.859255313873291,3.233396291732788,1.5531822443008423,2.744844913482666,-6.583429336547852,25.495962142944336,24.01630210876465,15.330751419067383,,51.568668365478516,,5.51605,4.71868,6.361,0.8211600475311278
2026,Chile,6.25278970527649,,,,,,,,,,,1.8431458473205566,,4583.32177734375,8.970873832702637,-1.5902842283248901,39.025638580322266,1.7886416912078857,-8.815909385681152,26.61135482788086,23.027376174926758,18.277606964111328,,51.08271408081055,,5.3472095,4.71868,6.361,0.8211600475311278
2027,Chile,6.251007605870565,,,,,,,,,,,16.99676513671875,,13289.8037109375,15.75703239440918,-7.186386585235596,7.0479350090026855,-0.06530431658029556,-4.936681747436523,24.533309936523438,27.068937301635742,15.171719551086426,,54.92430114746094,,5.4262834,4.71868,6.361,0.8211600475311278
2028,Chile,6.295984317143758,,,,,,,,,,,3.602145195007324,,5247.8173828125,8.605086326599121,6.987878799438477,26.174530029296875,4.207125663757324,-0.7220115661621094,32.33040237426758,23.080764770507812,16.92412757873535,,51.02669143676758,,5.65098,4.71868,6.361,0.8211600475311278
2029,Chile,6.051083295822143,,,,,,,,,,,14.080254554748535,,5570.1123046875,12.442755699157715,-6.594429016113281,2.6565139293670654,0.7780327200889587,-6.782504081726074,24.08739471435547,31.094430923461914,14.2162446975708,,55.44472885131836,,4.6125064,4.71868,6.361,0.8211600475311278
2030,Chile,6.141171663284301,,,,,,,,,,,1.75936758518219,,6697.2021484375,8.33812427520752,11.881016731262207,25.032604217529297,3.3393945693969727,0.3887023329734802,32.87503433227539,23.235937118530273,20.00088119506836,,59.340667724609375,,5.6965485,4.71868,6.361,0.8211600475311278
2025,China,6.355688570022583,,,,,,,,,,,32.60033416748047,,7418.10498046875,7.371688365936279,-0.4249298870563507,-0.2867656648159027,3.089423179626465,-4.182260513305664,25.552759170532227,23.91486358642578,15.237541198730469,,52.96431350708008,,5.772988,4.7555985,5.921,0.5827007274627687
2026,China,6.322023866653442,,,,,,,,,,,0.5215361714363098,,5037.2373046875,9.915587425231934,7.989003658294678,27.428817749023438,0.3851366937160492,-7.3925347328186035,24.737293243408203,23.677799224853516,16.933860778808594,,57.32284927368164,,5.7056584,4.7555985,5.921,0.5827007274627687
2027,China,6.266346929550171,,,,,,,,,,,17.63484764099121,,9607.51953125,10.012901306152344,-4.059060573577881,1.7637330293655396,1.8658537864685059,-5.991639137268066,25.57440757751465,25.9233455657959,15.442850112915039,,57.806297302246094,,5.5722923,4.7555985,5.921,0.5827007274627687
2028,China,6.363654770533244,,,,,,,,,,,2.6954431533813477,,7012.2216796875,6.966148376464844,9.909811973571777,21.214000701904297,4.024065017700195,-4.093238353729248,31.002904891967773,23.56255340576172,16.517662048339844,,64.92818450927734,,6.0649114,4.7555985,5.921,0.5827007274627687
2029,China,6.329426445643107,,,,,,,,,,,15.2175874710083,,15364.1884765625,12.086220741271973,-1.0596402883529663,2.130777359008789,1.3038665056228638,-6.269234657287598,24.07407569885254,28.72052764892578,13.22475814819336,,40.3807373046875,,5.6029735,4.7555985,5.921,0.5827007274627687
2030,China,6.391601719538371,,,,,,,,,,,1.0923221111297607,,6528.2265625,6.459754467010498,10.31959342956543,17.38090705871582,3.318148374557495,0.8935097455978394,32.833675384521484,23.167943954467773,18.05650520324707,,60.2367057800293,,5.758818,4.7555985,5.921,0.5827007274627687
2025,Colombia,6.151697780609131,,,,,,,,,,,86.73924255371094,,3040.892578125,7.383251190185547,4.179045677185059,4.851527214050293,3.8033435344696045,-7.7312703132629395,25.4520320892334,24.01630210876465,15.316398620605469,,51.64093780517578,,5.5137506,4.7281055,6.004,0.6379472274780271
2026,Colombia,5.8986763019561765,,,,,,,,,,,4.488356590270996,,2457.056640625,7.484641075134277,-1.9474923610687256,25.945690155029297,1.8389616012573242,-8.945368766784668,24.56540870666504,22.293970108032227,18.36842155456543,,50.028778076171875,,5.0077076,4.7281055,6.004,0.6379472274780271
2027,Colombia,5.747170434316,,,,,,,,,,,14.51816177368164,,6816.48486328125,12.500408172607422,-3.362462282180786,9.392111778259277,2.0252583026885986,-3.9626553058624268,23.01751708984375,25.051605224609375,15.712443351745605,,52.05469512939453,,4.8062115,4.7281055,6.004,0.6379472274780271
2028,Colombia,5.757755583445231,,,,,,,,,,,8.577081680297852,,4216.48193359375,8.370318412780762,6.1749467849731445,20.923545837402344,3.776803493499756,-2.562819719314575,28.15646743774414,23.877103805541992,16.722810745239258,,47.0188102722168,,5.545506,4.7281055,6.004,0.6379472274780271
2029,Colombia,5.697187568664551,,,,,,,,,,,14.24801254272461,,5059.400390625,10.995427131652832,-2.309771776199341,7.909094333648682,1.8973534107208252,-7.04624080657959,24.75391387939453,28.52879524230957,15.179939270019531,,49.781524658203125,,4.8260036,4.7281055,6.004,0.6379472274780271
2030,Colombia,6.013610507965088,,,,,,,,,,,5.340505599975586,,4490.91455078125,8.438108444213867,7.642954349517822,19.23031997680664,3.6739537715911865,-2.602169990539551,30.80451774597168,23.800901412963867,19.0633544921875,,56.2841796875,,5.7554803,4.7281055,6.004,0.6379472274780271
2025,Comoros,5.090024854660034,,,,,,,,,,,30.12619400024414,,5251.42431640625,6.680135726928711,4.385504245758057,0.5832337737083435,5.058197498321533,-0.7413710951805115,25.086254119873047,23.88641357421875,15.290114402770996,,50.6630744934082,,5.67972,4.93339,3.754,-0.5896950702667236
2026,Comoros,4.418732788085937,,,,,,,,,,,1.3779734373092651,,1060.2178955078125,9.121942520141602,7.677304267883301,15.005507469177246,3.5717275142669678,-8.803319931030273,22.848085403442383,24.11421012878418,17.513126373291016,,55.2972297668457,,4.337136,4.93339,3.754,-0.5896950702667236
2027,Comoros,4.637080099105835,,,,,,,,,,,11.484624862670898,,9635.025390625,7.496204853057861,4.335634231567383,2.6532394886016846,4.859504699707031,-9.177693367004395,24.87940216064453,23.2227840423584,17.61901092529297,,53.35425567626953,,5.66347,4.93339,3.754,-0.5896950702667236
2028,Comoros,4.48022372118632,,,,,,,,,,,2.0587363243103027,,2095.107177734375,8.183465957641602,8.455426216125488,9.858573913574219,3.431166172027588,-4.462503433227539,24.93159294128418,24.507474899291992,16.437236785888672,,45.70448684692383,,5.209151,4.93339,3.754,-0.5896950702667236
2029,Comoros,4.995989864985148,,,,,,,,,,,8.860458374023438,,8820.193359375,5.971386432647705,4.500020503997803,2.7930002212524414,4.321690082550049,-6.7832207679748535,25.955738067626953,23.403827667236328,17.415714263916016,,55.59687042236328,,5.884434,4.93339,3.754,-0.5896950702667236
2030,Comoros,4.962492849349975,,,,,,,,,,,2.3455169200897217,,5878.38232421875,9.520991325378418,8.868103981018066,8.567839622497559,2.800694465637207,-5.143868923187256,23.919023513793945,25.508636474609375,16.569679260253906,,40.20875549316406,,5.5629787,4.93339,3.754,-0.5896950702667236
2025,Congo,5.648292675018311,,,,,,,,,,,79.72041320800781,,2481.51318359375,6.680135726928711,0.5506755709648132,-0.5054078102111816,0.8441524505615234,-4.120873928070068,24.164640426635742,24.002840042114258,15.359679222106934,,51.7801399230957,,5.354094,4.4416027,5.03,0.2941986465454103
2026,Congo,5.769429817199708,,,,,,,,,,,1.6599065065383911,,5459.22998046875,8.063796043395996,1.7836744785308838,26.659229278564453,1.2612700462341309,-8.710411071777344,24.40571403503418,21.787525177001953,17.88186264038086,,58.212772369384766,,5.5963683,4.4416027,5.03,0.2941986465454103
2027,Congo,5.832750136057537,,,,,,,,,,,15.173467636108398,,12395.6484375,14.684488296508789,-3.7824602127075195,3.499375581741333,2.1192591190338135,-5.762214660644531,24.414003372192383,26.078285217285156,14.864713668823242,,57.51457214355469,,5.665192,4.4416027,5.03,0.2941986465454103
2028,Congo,6.017631028493246,,,,,,,,,,,3.353064775466919,,5600.951171875,7.233031272888184,8.06151008605957,20.325376510620117,3.14780330657959,-1.219104290008545,31.131200790405273,22.91258430480957,16.29392433166504,,56.56071472167969,,5.9087367,4.4416027,5.03,0.2941986465454103
2029,Congo,5.938105716705323,,,,,,,,,,,14.572295188903809,,9913.5576171875,13.187347412109375,-2.198173761367798,2.4231011867523193,1.0775976181030273,-6.5438714027404785,22.04150390625,29.124492645263672,14.252161979675293,,50.92225646972656,,5.3577924,4.4416027,5.03,0.2941986465454103
2030,Congo,5.894285176595052,,,,,,,,,,,1.8417037725448608,,3736.74609375,7.289970397949219,10.37891674041748,17.920330047607422,3.7105631828308105,1.443461537361145,33.540618896484375,21.364126205444336,18.342594146728516,,53.486083984375,,5.5337305,4.4416027,5.03,0.2941986465454103
2025,Costa Rica,7.331356441497803,,,,,,,,,,,87.87818908691406,,5484.05224609375,8.011382102966309,-0.08006816357374191,0.030639585107564926,3.029719591140747,-4.586536407470703,25.56927490234375,23.8843994140625,14.481402397155762,,54.334999084472656,,5.9544034,4.520094,7.274,1.3769530410766602
2026,Costa Rica,7.195667659759522,,,,,,,,,,,0.9675732254981995,,6307.8671875,9.006595611572266,-7.477402687072754e-05,39.60308074951172,0.7271987199783325,-5.469967365264893,26.198226928710938,23.936492919921875,17.656330108642578,,64.6300048828125,,5.683026,4.520094,7.274,1.3769530410766602
2027,Costa Rica,7.211037392934164,,,,,,,,,,,18.121849060058594,,14652.376953125,11.976325035095215,-6.264836311340332,4.003641128540039,0.9822286367416382,-3.652618408203125,26.29022979736328,26.805044174194336,14.257302284240723,,47.32681655883789,,5.864824,4.520094,7.274,1.3769530410766602
2028,Costa Rica,7.1885926678975425,,,,,,,,,,,1.8685282468795776,,6286.4150390625,9.107146263122559,7.842966079711914,24.16916275024414,4.3934245109558105,-1.6781041622161865,30.840612411499023,23.749542236328125,16.592041015625,,52.226871490478516,,5.887069,4.520094,7.274,1.3769530410766602
2029,Costa Rica,7.183713034311931,,,,,,,,,,,13.658616065979004,,12287.67578125,12.133699417114258,-8.912256240844727,1.9618568420410156,0.9104121923446655,-6.175289630889893,25.461437225341797,29.35194206237793,13.180764198303223,,49.31102752685547,,5.668387,4.520094,7.274,1.3769530410766602
2030,Costa Rica,7.122178311665853,,,,,,,,,,,1.006284236907959,,6409.2626953125,7.687704086303711,11.309066772460938,30.02058219909668,3.6695570945739746,3.0549380779266357,33.17623519897461,23.625654220581055,17.953718185424805,,59.787227630615234,,5.6802197,4.520094,7.274,1.3769530410766602
2025,Côte d’Ivoire,5.874723077774048,,,,,,,,,,,30.06559944152832,,8107.9892578125,7.714235782623291,2.211280345916748,-0.5602512359619141,3.332146644592285,-2.557570695877075,25.089717864990234,23.613927841186523,15.021076202392578,,48.365821838378906,,5.827068,5.0066895,5.102,0.047655225753784336
2026,Côte d’Ivoire,5.55869853591919,,,,,,,,,,,1.1878498792648315,,3748.59912109375,9.623501777648926,6.799227714538574,15.403485298156738,2.606264352798462,-7.940463066101074,25.00330352783203,23.159650802612305,16.362266540527344,,45.97304916381836,,5.195019,5.0066895,5.102,0.047655225753784336
2027,Côte d’Ivoire,5.553234697341918,,,,,,,,,,,11.073525428771973,,7392.0908203125,8.688760757446289,1.7961355447769165,2.2519326210021973,3.342186212539673,-6.697713375091553,26.266326904296875,25.02661895751953,15.758757591247559,,54.078369140625,,5.494652,5.0066895,5.102,0.047655225753784336
2028,Côte d’Ivoire,5.544257761001586,,,,,,,,,,,1.8134952783584595,,7301.62158203125,8.934513092041016,9.06429672241211,11.009575843811035,3.10861873626709,-5.490927696228027,27.467483520507812,24.141935348510742,17.524694442749023,,43.19605255126953,,5.800137,5.0066895,5.102,0.047655225753784336
2029,Côte d’Ivoire,5.808284402847289,,,,,,,,,,,8.401615142822266,,10044.3798828125,9.219975471496582,3.032740354537964,2.1944308280944824,3.0023858547210693,-6.586899757385254,25.50162696838379,26.836214065551758,14.869158744812012,,46.63028335571289,,5.9870987,5.0066895,5.102,0.047655225753784336
2030,Côte d’Ivoire,5.958680908838907,,,,,,,,,,,2.0642759799957275,,4480.35888671875,6.849431037902832,9.048852920532227,9.409265518188477,3.640272378921509,-2.8682987689971924,29.700489044189453,23.477609634399414,17.779102325439453,,48.330204010009766,,5.9458413,5.0066895,5.102,0.047655225753784336
2025,Croatia,6.510005531311036,,,,,,,,,,,220.7205810546875,,5092.87890625,6.680135726928711,5.4678192138671875,1.9538164138793945,4.285884857177734,-2.0998377799987793,24.9569034576416,24.321630477905273,15.320311546325684,,50.57082748413086,,5.9496117,4.7492123,5.87,0.5603938674926758
2026,Croatia,5.861022052764893,,,,,,,,,,,2.142726182937622,,1428.890625,8.154034614562988,0.5854928493499756,38.588111877441406,1.808170199394226,-8.26280403137207,24.76129913330078,23.422880172729492,17.601091384887695,,52.000152587890625,,4.6516447,4.7492123,5.87,0.5603938674926758
2027,Croatia,6.065041122436523,,,,,,,,,,,19.29811668395996,,11737.7177734375,9.782413482666016,-5.9199419021606445,5.072512626647949,0.7206031084060669,-5.843421459197998,25.67909812927246,24.806692123413086,15.078042030334473,,56.78281021118164,,5.9126854,4.7492123,5.87,0.5603938674926758
2028,Croatia,6.021002667744955,,,,,,,,,,,4.479342937469482,,6528.95654296875,8.372259140014648,7.2467193603515625,24.96321678161621,4.339090347290039,-4.058078289031982,27.737613677978516,23.330738067626953,16.66666603088379,,50.21823501586914,,5.8174963,4.7492123,5.87,0.5603938674926758
2029,Croatia,6.156849918365478,,,,,,,,,,,14.465431213378906,,5326.67724609375,9.752687454223633,-5.890484809875488,3.7141478061676025,1.2736024856567383,-6.124227046966553,25.710342407226562,28.095666885375977,14.119696617126465,,43.981746673583984,,5.0591865,4.7492123,5.87,0.5603938674926758
2030,Croatia,6.102540868123373,,,,,,,,,,,3.0019690990448,,6163.140625,9.331007957458496,11.13632583618164,25.08478546142578,3.368959903717041,-2.1246049404144287,30.38633155822754,24.014406204223633,18.539255142211914,,65.04846954345703,,5.7497582,4.7492123,5.87,0.5603938674926758
2025,Cuba,,,,,,,,,,,,3.558021068572998,,2405.5478515625,8.894984245300293,5.918084144592285,3.3503661155700684,5.750144004821777,-0.9551485180854797,25.296316146850586,24.213279724121094,15.090336799621582,,48.31348419189453,,5.218853,,,
2026,Cuba,,,,,,,,,,,,3.1394951343536377,,9620.83203125,6.647258758544922,8.909747123718262,3.332597255706787,3.81599497795105,-7.855362415313721,25.41229248046875,22.45899200439453,17.855451583862305,,52.54716873168945,,6.124929,,,
2027,Cuba,,,,,,,,,,,,2.685643196105957,,5387.82177734375,7.016238689422607,6.2522735595703125,2.665914535522461,3.1805529594421387,-5.464915752410889,22.43799591064453,24.09784507751465,16.69834327697754,,47.93318176269531,,5.660872,,,
2028,Cuba,,,,,,,,,,,,2.545295476913452,,6059.55859375,8.38276481628418,6.891725540161133,2.6438591480255127,3.382929801940918,-6.003637313842773,23.980022430419922,22.59688949584961,18.651968002319336,,51.80131149291992,,5.571899,,,
2029,Cuba,,,,,,,,,,,,2.52075457572937,,7009.87890625,13.803860664367676,6.6967644691467285,2.7078680992126465,3.4539475440979004,-5.956517219543457,23.376279830932617,24.34746742248535,17.533674240112305,,54.600067138671875,,4.8454523,,,
2030,Cuba,,,,,,,,,,,,2.5583457946777344,,8139.22216796875,10.596626281738281,6.885074138641357,2.6206419467926025,3.197739601135254,-6.3596415519714355,25.740280151367188,23.91339111328125,17.754911422729492,,49.66714096069336,,5.397418,,,
2025,Cyprus,6.40547756767273,,,,,,,,,,,21.72661781311035,,7206.525390625,7.147250652313232,0.6342161893844604,-0.021176382899284363,2.62801456451416,-4.100029468536377,25.126270294189453,24.24481773376465,15.13425064086914,,52.505069732666016,,5.788352,4.707749,5.942,0.6171255550384522
2026,Cyprus,6.311360164642334,,,,,,,,,,,0.9675732254981995,,4849.7626953125,9.594008445739746,9.7308931350708,18.17097282409668,2.3988068103790283,-6.2984466552734375,26.177825927734375,23.030685424804688,16.520977020263672,,50.019161224365234,,5.600117,4.707749,5.942,0.6171255550384522
2027,Cyprus,6.27206504758199,,,,,,,,,,,14.762089729309082,,7857.43701171875,8.347124099731445,0.050693392753601074,2.0452725887298584,1.3831207752227783,-7.257993221282959,25.213436126708984,26.347293853759766,15.251456260681152,,54.13320541381836,,5.5763493,4.707749,5.942,0.6171255550384522
2028,Cyprus,6.3019379418691,,,,,,,,,,,1.2883819341659546,,6939.93408203125,9.647146224975586,9.117353439331055,15.7832612991333,3.0578863620758057,-4.826505184173584,30.850723266601562,22.816484451293945,17.17500877380371,,55.95415115356445,,5.8779707,4.707749,5.942,0.6171255550384522
2029,Cyprus,6.234592799504598,,,,,,,,,,,11.245269775390625,,9404.0625,13.155717849731445,-0.682509183883667,1.6258926391601562,1.320342779159546,-6.64390754699707,24.562198638916016,29.138046264648438,13.521895408630371,,45.90999221801758,,5.398082,4.707749,5.942,0.6171255550384522
2030,Cyprus,6.304781162897746,,,,,,,,,,,1.0909602642059326,,5981.21240234375,7.9707841873168945,11.015630722045898,13.782988548278809,3.50014591217041,1.0146397352218628,33.608253479003906,23.043432235717773,17.896270751953125,,60.383419036865234,,5.7869143,4.707749,5.942,0.6171255550384522
2025,Czechia,7.132466745376587,,,,,,,,,,,30.06559944152832,,9683.9580078125,7.890637397766113,0.17389079928398132,-0.6333351135253906,3.1451821327209473,-2.461411237716675,25.096609115600586,23.65485954284668,14.914263725280762,,50.64177322387695,,6.19325,4.896567,6.775,0.9392165660858156
2026,Czechia,6.799936962127686,,,,,,,,,,,0.9868692755699158,,3748.870849609375,8.138165473937988,7.185696125030518,16.355632781982422,2.9376909732818604,-4.759011268615723,26.61100959777832,23.34401512145996,15.853425025939941,,52.640472412109375,,5.5281906,4.896567,6.775,0.9392165660858156
2027,Czechia,6.633637698491415,,,,,,,,,,,11.428427696228027,,8402.0810546875,9.149042129516602,0.6311594247817993,2.0872676372528076,1.8607193231582642,-7.166021823883057,26.574007034301758,25.51279640197754,15.24488353729248,,51.026371002197266,,5.3618226,4.896567,6.775,0.9392165660858156
2028,Czechia,6.564280462265015,,,,,,,,,,,1.5046210289001465,,6248.90673828125,8.392536163330078,8.45671272277832,12.074471473693848,3.027724266052246,-5.522305011749268,29.416975021362305,23.555360794067383,17.122089385986328,,51.2689094543457,,5.9851785,4.896567,6.775,0.9392165660858156
2029,Czechia,6.4331543763478605,,,,,,,,,,,8.35902214050293,,8135.53076171875,14.27310848236084,1.5316696166992188,2.104635715484619,2.906644105911255,-5.673874855041504,25.78868865966797,28.210386276245117,14.675143241882324,,49.61209487915039,,5.1348124,4.896567,6.775,0.9392165660858156
2030,Czechia,6.649676752090454,,,,,,,,,,,1.9199085235595703,,5114.6806640625,7.458984375,8.36777114868164,10.188028335571289,3.1656858921051025,-4.563425540924072,31.08750343322754,23.520954132080078,17.569034576416016,,51.26750183105469,,6.0113897,4.896567,6.775,0.9392165660858156
2025,Denmark,7.197208688735962,,,,,,,,,,,21.72661781311035,,6455.3427734375,7.441922187805176,0.8497177958488464,-0.061446741223335266,2.672041416168213,-3.1306867599487305,25.066984176635742,24.24481773376465,15.167418479919434,,52.014892578125,,5.79705,4.7206826,7.521,1.4001586894989013
2026,Denmark,7.120442197799683,,,,,,,,,,,0.9216727614402771,,4781.62109375,9.38736343383789,9.800634384155273,18.365768432617188,2.279780387878418,-6.270267486572266,26.24237823486328,23.38287925720215,16.597091674804688,,50.43941116333008,,5.643517,4.7206826,7.521,1.4001586894989013
2027,Denmark,7.083079304377239,,,,,,,,,,,13.628040313720703,,7922.09033203125,8.114273071289062,-0.4445018470287323,1.9953536987304688,1.1620327234268188,-6.745460033416748,26.3392276763916,26.338754653930664,15.247170448303223,,53.63078308105469,,5.608195,4.7206826,7.521,1.4001586894989013
2028,Denmark,7.155671403884888,,,,,,,,,,,1.3615093231201172,,7423.810546875,9.642012596130371,8.746637344360352,16.67098617553711,3.00551700592041,-3.5182254314422607,30.841360092163086,23.57915496826172,17.358125686645508,,55.82500076293945,,6.0148263,4.7206826,7.521,1.4001586894989013
2029,Denmark,7.0479608834584555,,,,,,,,,,,11.2190523147583,,9215.5625,13.267937660217285,-1.9305137395858765,1.6258926391601562,1.2655402421951294,-6.103156089782715,25.766990661621094,29.588956832885742,13.385892868041992,,46.330711364746094,,5.3203855,4.7206826,7.521,1.4001586894989013
2030,Denmark,7.139297292709351,,,,,,,,,,,1.4913212060928345,,6550.3603515625,7.985150337219238,11.052801132202148,15.269058227539062,3.4999618530273438,-0.12214495241641998,33.780391693115234,23.6616153717041,17.841632843017578,,61.2381477355957,,5.882204,4.7206826,7.521,1.4001586894989013
2025,Djibouti,,,,,,,,,,,,2.9956395626068115,,13332.4072265625,16.126123428344727,5.897066593170166,3.2034988403320312,10.555717468261719,7.2487335205078125,23.97684097290039,25.395523071289062,15.446809768676758,,54.41653060913086,,5.221825,,,
2026,Djibouti,,,,,,,,,,,,1.870597004890442,,3842.048828125,6.529369831085205,4.326595783233643,2.91011381149292,3.2901198863983154,-7.244149684906006,25.312721252441406,25.06503677368164,16.54595947265625,,49.4149169921875,,5.2082267,,,
2027,Djibouti,,,,,,,,,,,,2.351041793823242,,7667.962890625,8.441981315612793,6.837833404541016,3.2438602447509766,3.6161153316497803,-6.228265285491943,25.160472869873047,23.358783721923828,18.921846389770508,,49.7336540222168,,5.5522075,,,
2028,Djibouti,,,,,,,,,,,,2.781076192855835,,6455.42529296875,12.634387969970703,6.242072105407715,2.6629414558410645,3.403731346130371,-6.4863104820251465,25.541393280029297,24.100330352783203,16.90587615966797,,51.79730987548828,,5.2300816,,,
2029,Djibouti,,,,,,,,,,,,2.4843862056732178,,6513.79150390625,9.406049728393555,6.869450569152832,2.6370372772216797,3.0945358276367188,-6.6834187507629395,26.02347755432129,24.920856475830078,17.855789184570312,,51.466453552246094,,5.397353,,,
2030,Djibouti,,,,,,,,,,,,2.476126194000244,,8083.5908203125,11.370550155639648,6.622732162475586,2.7436704635620117,3.044928789138794,-6.557670593261719,25.61211585998535,24.943355560302734,18.14375114440918,,48.3450927734375,,5.0697975,,,
2025,Dominican Republic,6.300323389053345,,,,,,,,,,,22.75346565246582,,6991.634765625,7.6667094230651855,2.9026238918304443,0.07282130420207977,2.62801456451416,-5.163836479187012,25.01405906677246,24.20379638671875,15.325982093811035,,49.77208709716797,,5.756703,4.758759,5.846,0.5436204891204834
2026,Dominican Republic,6.236685894012451,,,,,,,,,,,1.2221555709838867,,4457.26171875,8.916820526123047,9.739530563354492,17.635751724243164,2.429671049118042,-7.7513885498046875,26.224288940429688,22.84077262878418,16.877918243408203,,44.77981185913086,,5.629428,4.758759,5.846,0.5436204891204834
2027,Dominican Republic,6.267845056533813,,,,,,,,,,,11.439695358276367,,9210.5908203125,8.234149932861328,0.237517312169075,2.1106693744659424,2.134336471557617,-7.520769119262695,24.620412826538086,26.779190063476562,15.54952335357666,,54.201595306396484,,5.786543,4.758759,5.846,0.5436204891204834
2028,Dominican Republic,6.364517432530721,,,,,,,,,,,1.4764912128448486,,5876.5,7.883183002471924,9.096345901489258,12.245516777038574,3.046013116836548,-2.4281952381134033,31.886980056762695,23.1204891204834,16.866527557373047,,53.593055725097656,,6.04672,4.758759,5.846,0.5436204891204834
2029,Dominican Republic,6.352648001988729,,,,,,,,,,,8.433807373046875,,9529.212890625,11.600504875183105,0.45415157079696655,1.7366029024124146,2.962663412094116,-6.228759288787842,25.504858016967773,29.98865509033203,14.529274940490723,,48.82823181152344,,5.5938196,4.758759,5.846,0.5436204891204834
2030,Dominican Republic,6.3815649967193595,,,,,,,,,,,1.7938412427902222,,4935.68896484375,5.628737449645996,10.72590446472168,11.050661087036133,3.706845760345459,-0.6875439286231995,32.55154037475586,23.980104446411133,18.29331398010254,,50.209983825683594,,5.873294,4.758759,5.846,0.5436204891204834
2025,DR Congo,5.084881374359131,,,,,,,,,,,32.15974426269531,,5130.10595703125,6.680135726928711,4.8115715980529785,1.8593735694885254,5.002843379974365,-2.196840763092041,25.511568069458008,23.850582122802734,15.290114402770996,,50.545875549316406,,5.7744536,4.8481445,3.469,-0.6895722656250001
2026,DR Congo,4.472259351730346,,,,,,,,,,,2.115499258041382,,1653.604248046875,9.591469764709473,6.392580032348633,15.076621055603027,3.5789601802825928,-8.792003631591797,23.177589416503906,24.252059936523438,17.68292808532715,,54.68015670776367,,4.5492096,4.8481445,3.469,-0.6895722656250001
2027,DR Congo,4.746755191802978,,,,,,,,,,,11.33887004852295,,10809.634765625,8.29330062866211,2.293144702911377,3.054314613342285,4.662136077880859,-7.6755523681640625,25.06529998779297,24.350095748901367,16.795120239257812,,52.8336296081543,,5.985319,4.8481445,3.469,-0.6895722656250001
2028,DR Congo,4.751705874125162,,,,,,,,,,,2.1899449825286865,,4424.5703125,6.317667007446289,7.722936153411865,10.480904579162598,3.4583888053894043,-3.7920429706573486,27.037460327148438,24.361637115478516,16.715404510498047,,47.313106536865234,,5.7893057,4.8481445,3.469,-0.6895722656250001
2029,DR Congo,5.134363243103027,,,,,,,,,,,8.291885375976562,,10376.8701171875,9.174103736877441,3.6664516925811768,2.296349048614502,3.2596075534820557,-7.052091121673584,24.60398292541504,26.543079376220703,16.50977325439453,,46.05536651611328,,5.6971817,4.8481445,3.469,-0.6895722656250001
2030,DR Congo,4.987467198689778,,,,,,,,,,,2.0572352409362793,,3203.8193359375,6.596582412719727,7.83996057510376,8.800301551818848,3.6363184452056885,-3.774451732635498,29.130905151367188,24.044906616210938,17.65230941772461,,47.9770393371582,,5.544631,4.8481445,3.469,-0.6895722656250001
2025,Ecuador,6.291627569198608,,,,,,,,,,,28.565458297729492,,7601.1162109375,7.419795989990234,0.4853176474571228,-0.04070013761520386,2.9712178707122803,-3.9974794387817383,24.974876403808594,24.4324951171875,15.12154483795166,,52.014892578125,,5.6936855,4.769116,5.965,0.5979420375823974
2026,Ecuador,6.153999967575073,,,,,,,,,,,0.9675732254981995,,4562.216796875,8.963593482971191,6.730621814727783,15.978068351745605,2.374659538269043,-6.374977111816406,26.16803741455078,23.05841636657715,16.532888412475586,,49.872657775878906,,5.4184303,4.769116,5.965,0.5979420375823974
2027,Ecuador,6.120123866399129,,,,,,,,,,,11.316533088684082,,8148.619140625,9.38815975189209,0.4108443558216095,2.030766487121582,2.0255186557769775,-7.2990899085998535,26.518932342529297,26.085168838500977,15.471786499023438,,51.94474792480469,,5.4544296,4.769116,5.965,0.5979420375823974
2028,Ecuador,6.251002950668334,,,,,,,,,,,1.4433282613754272,,5621.5556640625,8.429370880126953,8.51760482788086,12.376825332641602,3.290522575378418,-3.786820650100708,31.640226364135742,23.599212646484375,17.172134399414062,,51.321189880371094,,6.086323,4.769116,5.965,0.5979420375823974
2029,Ecuador,6.29176235516866,,,,,,,,,,,8.525196075439453,,9783.8994140625,13.500631332397461,1.2427140474319458,1.5676391124725342,3.063279628753662,-5.784143924713135,24.987346649169922,30.156967163085938,14.970500946044922,,57.13558578491211,,5.5407085,4.769116,5.965,0.5979420375823974
2030,Ecuador,6.429399811426798,,,,,,,,,,,1.7254959344863892,,4816.06005859375,5.553472995758057,9.90722942352295,10.469014167785645,3.4092371463775635,-1.9498134851455688,32.94306564331055,22.905677795410156,18.1406192779541,,45.88082504272461,,5.867342,4.769116,5.965,0.5979420375823974
2025,Egypt,5.271784349441528,,,,,,,,,,,87.87818908691406,,4112.7158203125,6.680135726928711,5.1746625900268555,2.836134672164917,4.173593521118164,-2.82633638381958,25.315465927124023,23.986637115478516,15.42533016204834,,50.85204315185547,,5.727127,4.7276855,3.817,-0.4553427257537841
2026,Egypt,4.661949678421021,,,,,,,,,,,2.5167236328125,,1617.3905029296875,8.847427368164062,-0.16093142330646515,39.44594955444336,2.022393226623535,-8.368829727172852,23.75152587890625,22.777925491333008,17.730449676513672,,52.380523681640625,,4.5074577,4.7276855,3.817,-0.4553427257537841
2027,Egypt,4.916102294286092,,,,,,,,,,,19.1032772064209,,12021.705078125,9.876768112182617,-5.853073596954346,5.743452072143555,1.1082311868667603,-5.36660623550415,24.886310577392578,24.513521194458008,15.78072452545166,,56.95296859741211,,5.8797503,4.7276855,3.817,-0.4553427257537841
2028,Egypt,5.005396092096965,,,,,,,,,,,4.258197784423828,,6518.7705078125,8.264923095703125,7.581132888793945,24.95261573791504,4.398961067199707,-3.3980231285095215,27.681499481201172,23.118452072143555,16.024513244628906,,50.22464370727539,,5.9950085,4.7276855,3.817,-0.4553427257537841
2029,Egypt,5.140543027877808,,,,,,,,,,,14.243066787719727,,4968.6455078125,9.519503593444824,-6.569285869598389,3.7141478061676025,1.3444981575012207,-6.0744781494140625,25.651994705200195,28.04576301574707,14.07282829284668,,47.08485794067383,,4.9128985,4.7276855,3.817,-0.4553427257537841
2030,Egypt,5.103667462031047,,,,,,,,,,,1.989980936050415,,6126.48779296875,9.703124046325684,11.307872772216797,25.624155044555664,3.368959903717041,-2.2237987518310547,30.47108268737793,23.939977645874023,18.394697189331055,,63.470157623291016,,5.7691236,4.7276855,3.817,-0.4553427257537841
2025,El Salvador,6.974378057479859,,,,,,,,,,,30.12619400024414,,9447.78125,7.2183756828308105,-0.8805606961250305,-0.8483908772468567,3.1677660942077637,-1.9530017375946045,25.06608772277832,23.981674194335938,14.97034740447998,,52.54985046386719,,6.1482954,4.8398347,6.492,0.8260826549530029
2026,El Salvador,6.7407276115417485,,,,,,,,,,,0.4756356179714203,,5007.2939453125,8.996437072753906,7.213076591491699,17.371864318847656,2.540919303894043,-4.895044803619385,25.0323486328125,23.616493225097656,15.892786979675293,,57.47719955444336,,5.6809945,4.8398347,6.492,0.8260826549530029
2027,El Salvador,6.74594413057963,,,,,,,,,,,11.30020523071289,,10886.46484375,8.978487014770508,0.9351245760917664,1.7276577949523926,1.7240334749221802,-6.616620063781738,26.529504776000977,25.314775466918945,15.384065628051758,,56.98008728027344,,5.9302945,4.8398347,6.492,0.8260826549530029
2028,El Salvador,6.748237717310587,,,,,,,,,,,1.616167426109314,,8286.1787109375,7.266951560974121,8.550834655761719,11.866035461425781,3.652372360229492,-4.366631031036377,29.600271224975586,23.507423400878906,16.87001609802246,,49.24091720581055,,6.155176,4.8398347,6.492,0.8260826549530029
2029,El Salvador,6.734706191380819,,,,,,,,,,,8.424219131469727,,9925.3046875,10.596623420715332,0.7746747136116028,2.120600938796997,2.902165412902832,-5.710756301879883,24.632783889770508,28.2257080078125,14.260720252990723,,41.742576599121094,,5.6404,4.8398347,6.492,0.8260826549530029
2030,El Salvador,6.804079799016317,,,,,,,,,,,1.837048053741455,,5101.56591796875,4.924285888671875,10.158415794372559,10.611223220825195,3.8567793369293213,-2.1119801998138428,30.80752944946289,23.460689544677734,17.33539390563965,,50.79548263549805,,6.1384153,4.8398347,6.492,0.8260826549530029
2025,Estonia,6.524280401229858,,,,,,,,,,,87.87818908691406,,4554.09912109375,7.714235782623291,3.388213872909546,0.7021161317825317,2.744844913482666,-5.967099666595459,25.586233139038086,24.033254623413086,15.35018253326416,,50.02433395385742,,5.675054,4.7185473,6.417,0.8492263278961181
2026,Estonia,6.382532688140869,,,,,,,,,,,1.3674416542053223,,4656.841796875,8.930633544921875,-1.7447197437286377,38.30264663696289,1.5138564109802246,-9.218391418457031,24.963245391845703,23.53183937072754,18.01848602294922,,51.82197952270508,,5.3915586,4.7185473,6.417,0.8492263278961181
2027,Estonia,6.389970473607381,,,,,,,,,,,15.292304039001465,,11063.3505859375,14.821725845336914,-5.7998247146606445,6.780910968780518,0.39561158418655396,-3.187645196914673,25.536771774291992,26.390016555786133,15.106864929199219,,57.946292877197266,,5.5556197,4.7185473,6.417,0.8492263278961181
2028,Estonia,6.451633306503296,,,,,,,,,,,4.807608604431152,,5271.638671875,9.125594139099121,7.436654090881348,23.923255920410156,2.807131290435791,-0.8186429142951965,31.221050262451172,23.742889404296875,16.29927635192871,,51.506168365478516,,5.8600426,4.7185473,6.417,0.8492263278961181
2029,Estonia,6.25778183555603,,,,,,,,,,,13.925673484802246,,5205.2607421875,13.065555572509766,-6.5861287117004395,4.017749309539795,1.05417001247406,-6.5591139793396,25.633899688720703,29.230920791625977,14.457538604736328,,55.46742630004883,,4.810004,4.7185473,6.417,0.8492263278961181
2030,Estonia,6.386928411483765,,,,,,,,,,,2.9224627017974854,,6219.8046875,8.75061321258545,9.087564468383789,25.036035537719727,3.147805690765381,-1.4365187883377075,32.28318405151367,23.844179153442383,19.352874755859375,,61.22041320800781,,5.9430594,4.7185473,6.417,0.8492263278961181
2025,Eswatini,5.137994443893433,,,,,,,,,,,79.92887878417969,,2481.51318359375,6.680135726928711,0.8896328806877136,0.6664292812347412,0.6594163179397583,-2.3617568016052246,25.14605712890625,23.558090209960938,16.277477264404297,,49.696678161621094,,5.4880533,4.4741178,3.774,-0.3500588779449463
2026,Eswatini,5.142245447158814,,,,,,,,,,,1.6792024374008179,,4851.58447265625,8.75145435333252,2.334214687347412,28.539464950561523,2.428736686706543,-7.418830394744873,23.813011169433594,22.92761993408203,17.422325134277344,,54.61263656616211,,5.4965553,4.4741178,3.774,-0.3500588779449463
2027,Eswatini,5.1448666210174565,,,,,,,,,,,16.779970169067383,,12221.0556640625,11.427576065063477,-4.773015022277832,3.148620843887329,1.6661670207977295,-5.816432476043701,24.38698387145996,25.841449737548828,15.255640983581543,,56.38284683227539,,5.500168,4.4741178,3.774,-0.3500588779449463
2028,Eswatini,5.368919368108114,,,,,,,,,,,2.4373888969421387,,8186.39990234375,7.464942455291748,9.094447135925293,24.88015365600586,4.3631486892700195,-3.970677614212036,28.994558334350586,22.72892189025879,16.285165786743164,,56.92812728881836,,6.1602116,4.4741178,3.774,-0.3500588779449463
2029,Eswatini,5.381884252548218,,,,,,,,,,,14.35143756866455,,14838.10546875,10.72670841217041,-6.966697692871094,2.6414785385131836,1.2119474411010742,-7.3249592781066895,23.5704288482666,27.931241989135742,13.050890922546387,,40.955543518066406,,5.53545,4.4741178,3.774,-0.3500588779449463
2030,Eswatini,5.497500733057659,,,,,,,,,,,-0.26472699642181396,,7089.5703125,6.821043491363525,9.125570297241211,25.652862548828125,3.5145983695983887,1.8823078870773315,31.045915603637695,22.5838623046875,16.81243896484375,,56.91612243652344,,5.8470173,4.4741178,3.774,-0.3500588779449463
2025,Ethiopia,5.1844915142059325,,,,,,,,,,,30.12619400024414,,5408.33251953125,6.680135726928711,4.326485633850098,0.5832337737083435,5.008167743682861,-0.645168662071228,25.133634567260742,23.88641357421875,15.414921760559082,,50.418209075927734,,5.7003164,4.92965,3.898,-0.5158249149322509
2026,Ethiopia,4.498264192581177,,,,,,,,,,,1.2835420370101929,,1060.2178955078125,9.100397109985352,7.4369072914123535,15.037283897399902,3.5717275142669678,-8.504881858825684,22.922807693481445,24.11421012878418,17.513126373291016,,55.07292175292969,,4.327862,4.92965,3.898,-0.5158249149322509
2027,Ethiopia,4.787696718215942,,,,,,,,,,,11.506026268005371,,10149.27734375,7.624153137207031,4.320141315460205,2.6532394886016846,4.730660438537598,-9.544906616210938,24.87940216064453,23.89223289489746,17.60238265991211,,53.35425567626953,,5.8823867,4.92965,3.898,-0.5158249149322509
2028,Ethiopia,4.645793794631958,,,,,,,,,,,2.0587363243103027,,2482.408203125,9.03079891204834,7.883382797241211,9.858573913574219,3.5912363529205322,-3.8613460063934326,24.939285278320312,24.466856002807617,16.956233978271484,,45.29483413696289,,5.2746077,4.92965,3.898,-0.5158249149322509
2029,Ethiopia,5.131297468185425,,,,,,,,,,,8.83627700805664,,8928.380859375,7.328983783721924,4.32298469543457,2.698725938796997,4.2444329261779785,-7.17557430267334,25.335500717163086,24.060993194580078,17.530485153198242,,55.72553253173828,,5.784373,4.92965,3.898,-0.5158249149322509
2030,Ethiopia,4.990113456090291,,,,,,,,,,,2.1036181449890137,,3178.927490234375,8.281575202941895,9.055680274963379,8.576870918273926,3.0835273265838623,-5.306047439575195,24.611106872558594,24.359643936157227,17.296554565429688,,42.73609161376953,,5.4588346,4.92965,3.898,-0.5158249149322509
2025,Finland,7.528627841949463,,,,,,,,,,,87.87818908691406,,6572.42529296875,7.419795989990234,0.7827752828598022,0.37249425053596497,2.557880401611328,-4.458413600921631,25.553361892700195,24.0821475982666,15.173328399658203,,53.79684829711914,,5.926502,4.531749,7.736,1.6021256141662596
2026,Finland,7.36049815940857,,,,,,,,,,,0.9675732254981995,,6679.0654296875,9.332541465759277,-0.6860120296478271,39.56399154663086,1.69868803024292,-6.398845672607422,25.532432556152344,23.735734939575195,16.992704391479492,,48.98189163208008,,5.590243,4.531749,7.736,1.6021256141662596
2027,Finland,7.412969399770101,,,,,,,,,,,16.490108489990234,,12245.076171875,11.670076370239258,-7.4276227951049805,5.202836513519287,0.6675220727920532,-2.8765742778778076,26.103546142578125,26.943153381347656,14.857073783874512,,51.80904006958008,,5.9157863,4.531749,7.736,1.6021256141662596
2028,Finland,7.37455730565389,,,,,,,,,,,1.7589154243469238,,5336.07421875,9.394831657409668,8.656623840332031,28.60856056213379,3.072457790374756,0.13416051864624023,30.798322677612305,23.55160140991211,16.6187801361084,,48.09092712402344,,5.811266,4.531749,7.736,1.6021256141662596
2029,Finland,7.250712046305338,,,,,,,,,,,16.174530029296875,,8650.7490234375,11.77572250366211,-9.543025970458984,2.0783777236938477,1.4679560661315918,-6.464491367340088,24.880863189697266,29.546974182128906,13.125284194946289,,54.9112434387207,,5.218707,4.531749,7.736,1.6021256141662596
2030,Finland,7.327270000457763,,,,,,,,,,,0.38860777020454407,,10612.587890625,8.215821266174316,13.623909950256348,30.340560913085938,2.7939202785491943,-0.29056763648986816,32.23580551147461,22.284786224365234,17.904977798461914,,58.73980712890625,,6.14546,4.531749,7.736,1.6021256141662596
2025,France,6.934169801712036,,,,,,,,,,,87.87818908691406,,6449.7900390625,7.185527801513672,0.7537311315536499,0.4601360559463501,2.62801456451416,-5.097225189208984,25.36067771911621,24.0814266204834,15.215520858764648,,53.428104400634766,,5.920917,4.5664945,6.593,1.0132527675628662
2026,France,6.805088552474976,,,,,,,,,,,0.9403489232063293,,6747.20703125,8.880698204040527,-0.6324241161346436,38.969268798828125,1.6910531520843506,-6.733778476715088,25.638046264648438,23.093095779418945,16.90129280090332,,52.04288864135742,,5.6627545,4.5664945,6.593,1.0132527675628662
2027,France,6.922238382339477,,,,,,,,,,,16.502222061157227,,12180.697265625,9.579649925231934,-6.8803486824035645,5.297523498535156,0.2710888087749481,-3.1121668815612793,26.196971893310547,26.931156158447266,14.446698188781738,,52.85895538330078,,6.1432853,4.5664945,6.593,1.0132527675628662
2028,France,6.8479748096466055,,,,,,,,,,,1.7634897232055664,,5119.427734375,9.140803337097168,7.571482181549072,28.336645126342773,3.84205961227417,-0.046220555901527405,30.836448669433594,23.4954776763916,16.687631607055664,,47.87969970703125,,5.6981263,4.5664945,6.593,1.0132527675628662
2029,France,6.784565163294474,,,,,,,,,,,16.332706451416016,,9373.2744140625,12.631651878356934,-9.629190444946289,2.037745475769043,1.4280531406402588,-6.544331073760986,24.851280212402344,29.668264389038086,13.633933067321777,,53.36203384399414,,5.4725256,4.5664945,6.593,1.0132527675628662
2030,France,6.719156933466593,,,,,,,,,,,0.3639056980609894,,9536.5283203125,7.998147487640381,12.105080604553223,29.35409164428711,2.9138975143432617,0.8434070944786072,33.292510986328125,22.76742172241211,18.012338638305664,,58.80787658691406,,5.9470606,4.5664945,6.593,1.0132527675628662
2025,Gabon,5.943800506591797,,,,,,,,,,,79.72041320800781,,4673.6904296875,7.2183756828308105,-3.144479751586914,-1.4707791805267334,-0.9595298171043396,-6.481400489807129,24.185150146484375,24.146347045898438,15.204957008361816,,53.497314453125,,5.5386386,4.309676,5.12,0.4051619148254395
2026,Gabon,6.014660415649415,,,,,,,,,,,1.3291563987731934,,7241.06689453125,9.225193977355957,1.7296204566955566,29.723308563232422,0.8253956437110901,-7.034454822540283,25.649921417236328,23.230072021484375,15.63539981842041,,62.01646041870117,,5.6803584,4.309676,5.12,0.4051619148254395
2027,Gabon,6.081309375762939,,,,,,,,,,,16.45667839050293,,11228.8154296875,9.826221466064453,-3.668384313583374,3.1956558227539062,2.2248997688293457,-5.737758636474609,26.876615524291992,25.671987533569336,14.224156379699707,,49.686439514160156,,5.8094454,4.309676,5.12,0.4051619148254395
2028,Gabon,6.208000240325927,,,,,,,,,,,3.1647424697875977,,5579.49951171875,7.005092144012451,9.272598266601562,20.83381462097168,3.202399730682373,-2.686819314956665,28.86380386352539,24.3067684173584,16.42884635925293,,50.79159164428711,,5.918711,4.309676,5.12,0.4051619148254395
2029,Gabon,5.968065636952718,,,,,,,,,,,14.330409049987793,,8082.88330078125,12.012251853942871,-3.32352352142334,2.648282289505005,1.6706700325012207,-5.704367637634277,24.930423736572266,28.005277633666992,14.926859855651855,,45.89459991455078,,4.9605546,4.309676,5.12,0.4051619148254395
2030,Gabon,6.0483530934651695,,,,,,,,,,,3.4375927448272705,,6884.16162109375,8.186929702758789,8.820694923400879,20.857515335083008,3.3509788513183594,-2.8585448265075684,32.004634857177734,23.34320640563965,16.987611770629883,,57.06894302368164,,6.0503078,4.309676,5.12,0.4051619148254395
2025,Gambia,5.605286907196045,,,,,,,,,,,87.87818908691406,,4527.91552734375,6.680135726928711,5.12950325012207,2.836134672164917,4.173593521118164,-2.528569459915161,25.147218704223633,23.986637115478516,15.448126792907715,,50.623695373535156,,5.770648,4.753722,4.423,-0.16536109542846678
2026,Gambia,4.98987347984314,,,,,,,,,,,2.5819196701049805,,1632.1282958984375,9.020819664001465,0.4796828627586365,39.320499420166016,1.8793638944625854,-8.143698692321777,23.62230110168457,23.047618865966797,17.614181518554688,,52.01737976074219,,4.539821,4.753722,4.423,-0.16536109542846678
2027,Gambia,5.283955565134684,,,,,,,,,,,19.1032772064209,,12129.0419921875,8.650416374206543,-5.539949417114258,5.617527008056641,0.813362717628479,-6.095839500427246,24.592390060424805,24.52019691467285,15.785204887390137,,56.87326431274414,,6.037481,4.753722,4.423,-0.16536109542846678
2028,Gambia,5.30390182240804,,,,,,,,,,,5.162647247314453,,6249.07470703125,8.336514472961426,7.067415237426758,24.992782592773438,4.281775951385498,-3.0955090522766113,27.509506225585938,23.220993041992188,16.41234016418457,,51.025028228759766,,5.830487,4.753722,4.423,-0.16536109542846678
2029,Gambia,5.602657786051432,,,,,,,,,,,13.58737850189209,,5386.70166015625,9.046256065368652,-7.061517238616943,5.185628414154053,1.2011585235595703,-6.1493449211120605,25.622509002685547,27.14114761352539,14.089125633239746,,46.83206558227539,,5.436089,4.753722,4.423,-0.16536109542846678
2030,Gambia,5.468698492685953,,,,,,,,,,,2.003065824508667,,5316.5966796875,10.412332534790039,9.750763893127441,28.73161506652832,3.6708853244781494,0.4536769986152649,29.86537742614746,23.840356826782227,18.407150268554688,,61.85097122192383,,5.635603,4.753722,4.423,-0.16536109542846678
2025,Georgia,6.338135433197022,,,,,,,,,,,86.74722290039062,,5858.529296875,7.2183756828308105,0.7885541319847107,0.4786151349544525,2.8314268589019775,-5.156656742095947,25.305784225463867,24.0821475982666,15.237466812133789,,52.984676361083984,,5.883498,4.4907255,5.4,0.45463724136352557
2026,Georgia,6.179904174804688,,,,,,,,,,,0.9403489232063293,,4457.26171875,8.634018898010254,-0.03108840435743332,25.750696182250977,1.6884546279907227,-6.994077205657959,25.288393020629883,23.208826065063477,17.313400268554688,,52.20109558105469,,5.5670357,4.4907255,5.4,0.45463724136352557
2027,Georgia,6.24175360997518,,,,,,,,,,,13.326187133789062,,11815.4248046875,11.877010345458984,-4.487941265106201,4.65095329284668,2.087960720062256,-4.289988994598389,25.908260345458984,25.9068603515625,14.915083885192871,,58.338165283203125,,5.9108152,4.4907255,5.4,0.45463724136352557
2028,Georgia,6.283864847819011,,,,,,,,,,,3.7561025619506836,,7737.69775390625,7.825176239013672,8.960827827453613,22.57700538635254,3.3955252170562744,-0.8242180943489075,31.0076847076416,23.683319091796875,16.462488174438477,,58.10794448852539,,6.009832,4.4907255,5.4,0.45463724136352557
2029,Georgia,6.0610316912333175,,,,,,,,,,,13.925673484802246,,6439.9208984375,10.54664134979248,-5.706238269805908,2.60741925239563,1.2296218872070312,-6.089649677276611,26.312320709228516,29.170791625976562,13.124094009399414,,40.26900863647461,,4.898536,4.4907255,5.4,0.45463724136352557
2030,Georgia,6.032265535990398,,,,,,,,,,,2.052147388458252,,7581.951171875,7.745765209197998,11.246289253234863,24.72806739807129,3.141117811203003,-1.0428879261016846,30.933034896850586,23.69423484802246,18.29067039489746,,50.573429107666016,,5.824517,4.4907255,5.4,0.45463724136352557
2025,Germany,6.683582414627075,,,,,,,,,,,30.12619400024414,,8121.46533203125,7.580719470977783,0.3804071247577667,-0.6802204251289368,3.2033615112304688,-3.2082741260528564,25.144195556640625,23.996871948242188,15.25768756866455,,50.99612045288086,,5.761165,4.9081655,6.753,0.9224172725677491
2026,Germany,6.523392070770264,,,,,,,,,,,0.9216727614402771,,4463.751953125,9.278922080993652,6.750250339508057,16.310768127441406,2.716719388961792,-7.593523979187012,25.28611183166504,23.411657333374023,16.350948333740234,,52.182743072509766,,5.4407845,4.9081655,6.753,0.9224172725677491
2027,Germany,6.477128137588501,,,,,,,,,,,11.0657320022583,,6761.1845703125,9.122628211975098,1.160157561302185,2.113959550857544,1.7685045003890991,-6.366109848022461,26.514772415161133,25.2153263092041,15.588367462158203,,54.948028564453125,,5.462183,4.9081655,6.753,0.9224172725677491
2028,Germany,6.518118331273397,,,,,,,,,,,1.8089227676391602,,8018.60986328125,9.513471603393555,9.185375213623047,11.91809368133545,3.5175058841705322,-5.321065902709961,28.836793899536133,23.713788986206055,17.255359649658203,,46.07072448730469,,5.8841357,4.9081655,6.753,0.9224172725677491
2029,Germany,6.587987372716268,,,,,,,,,,,8.424219131469727,,9475.3583984375,11.334915161132812,1.3289999961853027,2.2363781929016113,3.196591854095459,-6.610389232635498,25.98961067199707,27.509897232055664,14.702651977539062,,47.6412239074707,,5.6503916,4.9081655,6.753,0.9224172725677491
2030,Germany,6.761571039199829,,,,,,,,,,,1.8935372829437256,,5400.37548828125,6.160574436187744,9.86921215057373,10.392524719238281,3.7041172981262207,-2.882632255554199,30.035945892333984,23.737934112548828,17.429231643676758,,44.330013275146484,,5.982934,4.9081655,6.753,0.9224172725677491
2025,Ghana,5.331022186279297,,,,,,,,,,,30.12619400024414,,5061.22119140625,7.087978363037109,3.4407081604003906,6.023126125335693,4.460815906524658,-3.2017502784729004,25.03077507019043,23.908384323120117,15.016092300415039,,49.2906494140625,,5.782236,5.242428,4.34,-0.45121391296386726
2026,Ghana,5.149056596755981,,,,,,,,,,,4.902721881866455,,4156.044921875,8.912875175476074,4.899488925933838,15.03108024597168,3.3963429927825928,-7.489068508148193,23.389450073242188,23.31032371520996,17.409818649291992,,52.85198974609375,,5.418305,5.242428,4.34,-0.45121391296386726
2027,Ghana,4.85383804957072,,,,,,,,,,,10.857064247131348,,2027.0020751953125,10.555845260620117,2.3757946491241455,5.214625358581543,3.739429235458374,-6.686845302581787,25.325422286987305,25.22677230834961,16.439363479614258,,54.40629959106445,,4.714615,5.242428,4.34,-0.45121391296386726
2028,Ghana,4.885317567189534,,,,,,,,,,,4.499002456665039,,4544.201171875,5.691041469573975,8.58960247039795,11.976616859436035,4.0287394523620605,-6.3672685623168945,26.69651222229004,22.39552116394043,18.624427795410156,,51.548362731933594,,5.8766747,5.242428,4.34,-0.45121391296386726
2029,Ghana,4.691044890085856,,,,,,,,,,,8.350866317749023,,6365.6162109375,12.659808158874512,2.6329660415649414,3.712825298309326,3.5631988048553467,-7.368668079376221,21.299083709716797,26.763635635375977,16.268096923828125,,45.99148941040039,,4.835487,5.242428,4.34,-0.45121391296386726
2030,Ghana,4.77145092010498,,,,,,,,,,,3.0732638835906982,,1648.64794921875,7.361621856689453,9.229660034179688,9.425260543823242,3.726126194000244,-4.069208145141602,28.559316635131836,22.392013549804688,18.230926513671875,,50.83893585205078,,4.955833,5.242428,4.34,-0.45121391296386726
2025,Greece,6.437889087677002,,,,,,,,,,,86.73924255371094,,6172.18212890625,7.577159404754639,1.1561819314956665,0.36221352219581604,2.630289077758789,-6.252598285675049,25.430727005004883,24.068056106567383,15.279585838317871,,51.129695892333984,,5.8334804,4.5671825,5.776,0.6044087295532226
2026,Greece,6.357271183013916,,,,,,,,,,,1.1240254640579224,,5153.47314453125,8.546420097351074,-0.04579644650220871,25.958227157592773,1.6884546279907227,-7.753333568572998,25.694711685180664,23.025386810302734,17.259077072143555,,49.461692810058594,,5.6722445,4.5671825,5.776,0.6044087295532226
2027,Greece,6.33924912261963,,,,,,,,,,,14.434845924377441,,12369.8681640625,12.06160831451416,-4.469174861907959,4.633842468261719,2.0789756774902344,-4.237606525421143,24.818750381469727,26.993539810180664,15.173768997192383,,61.28367614746094,,5.6987963,4.5671825,5.776,0.6044087295532226
2028,Greece,6.392442056020101,,,,,,,,,,,3.574906826019287,,6299.765625,7.716015815734863,9.48142147064209,23.377798080444336,3.4258015155792236,-1.9050147533416748,31.492338180541992,22.954435348510742,15.814312934875488,,56.59135055541992,,5.993059,4.5671825,5.776,0.6044087295532226
2029,Greece,6.124883640289307,,,,,,,,,,,13.914511680603027,,6439.9208984375,11.626421928405762,-6.773780822753906,2.45680832862854,1.0847285985946655,-6.586694717407227,22.988203048706055,29.636642456054688,13.487777709960938,,47.44371795654297,,4.8695693,4.5671825,5.776,0.6044087295532226
2030,Greece,6.115238019307455,,,,,,,,,,,1.2572938203811646,,5719.314453125,8.20235538482666,13.787487030029297,27.980939865112305,3.5330450534820557,1.198088526725769,31.7875919342041,22.130563735961914,18.53472137451172,,56.07200241088867,,5.6698594,4.5671825,5.776,0.6044087295532226
2025,Guatemala,6.937072521209717,,,,,,,,,,,30.422313690185547,,9915.7666015625,7.622411727905273,-0.9928336143493652,-1.5113083124160767,3.1451821327209473,-2.1641829013824463,25.096609115600586,23.629135131835938,14.96013355255127,,48.630210876464844,,6.22055,4.928955,6.362,0.7165224609375
2026,Guatemala,6.752448564529419,,,,,,,,,,,0.5408318638801575,,4895.375,8.096571922302246,7.9696502685546875,17.56316375732422,3.0800933837890625,-4.760279655456543,25.1739444732666,23.39129066467285,13.077139854431152,,58.076255798339844,,5.851302,4.928955,6.362,0.7165224609375
2027,Guatemala,6.832526927947998,,,,,,,,,,,11.361369132995605,,11277.80078125,9.597710609436035,3.9423508644104004,1.7652405500411987,1.5120309591293335,-5.137585163116455,24.5889949798584,24.006969451904297,14.977302551269531,,56.48409652709961,,6.276161,4.928955,6.362,0.7165224609375
2028,Guatemala,6.7714340744018555,,,,,,,,,,,1.7627172470092773,,5210.07763671875,8.897464752197266,8.482748985290527,9.837431907653809,3.4907686710357666,-4.416123867034912,29.05149269104004,22.585372924804688,16.412391662597656,,52.161598205566406,,6.0372715,4.928955,6.362,0.7165224609375
2029,Guatemala,6.525612916310628,,,,,,,,,,,8.20840072631836,,8980.9580078125,12.394466400146484,4.036271095275879,2.3267736434936523,2.84879469871521,-7.270456314086914,24.136348724365234,27.397113800048828,15.805078506469727,,55.53899383544922,,5.1138387,4.928955,6.362,0.7165224609375
2030,Guatemala,6.087506697336832,,,,,,,,,,,2.024589776992798,,1895.2689208984375,7.369834899902344,9.360530853271484,8.80746841430664,3.473581075668335,-5.991483211517334,30.520946502685547,23.5781307220459,17.49110984802246,,47.6475944519043,,4.9618425,4.928955,6.362,0.7165224609375
2025,Guinea,5.794385482788086,,,,,,,,,,,220.7205810546875,,4324.3291015625,7.494921684265137,4.560424327850342,5.886569023132324,3.294550895690918,-3.868114471435547,24.835783004760742,24.435073852539062,15.284736633300781,,49.51451110839844,,5.7405133,4.8212557,4.929,0.053872158050537244
2026,Guinea,5.270938684463501,,,,,,,,,,,5.049545764923096,,1262.9775390625,8.576591491699219,-3.0893664360046387,38.173011779785156,1.6337413787841797,-8.443721771240234,25.5233211517334,22.646324157714844,17.469167709350586,,50.55107879638672,,4.6936197,4.8212557,4.929,0.053872158050537244
2027,Guinea,5.297042260487874,,,,,,,,,,,19.796201705932617,,8593.5654296875,10.77829647064209,-2.2778754234313965,13.31171989440918,0.7598521709442139,-5.962751865386963,24.94122314453125,25.753828048706055,16.129201889038086,,55.95287322998047,,5.2953773,4.8212557,4.929,0.053872158050537244
2028,Guinea,5.24114295832316,,,,,,,,,,,10.406428337097168,,7947.9580078125,8.07460880279541,3.0901129245758057,19.708791732788086,4.181851387023926,-4.166642665863037,27.521432876586914,24.672847747802734,15.912822723388672,,45.11254119873047,,5.5728154,4.8212557,4.929,0.053872158050537244
2029,Guinea,5.508411139170328,,,,,,,,,,,13.208696365356445,,7298.396484375,8.234138488769531,-1.7652047872543335,8.949175834655762,1.0375252962112427,-4.648217678070068,27.653108596801758,27.823732376098633,14.400923728942871,,40.669525146484375,,5.4954243,4.8212557,4.929,0.053872158050537244
2030,Guinea,5.617244293212891,,,,,,,,,,,6.883350372314453,,7128.5068359375,7.30935525894165,6.299899578094482,16.98368263244629,3.1085894107818604,-1.1423572301864624,30.729496002197266,26.89030647277832,15.435051918029785,,42.662845611572266,,5.6218767,4.8212557,4.929,0.053872158050537244
2025,Guyana,,,,,,,,,,,,3.924865245819092,,2249.660400390625,11.053025245666504,10.109902381896973,3.3708059787750244,4.16220760345459,-6.23643159866333,25.566009521484375,24.582162857055664,15.372270584106445,,53.022830963134766,,5.0509233,,,
2026,Guyana,,,,,,,,,,,,3.4952805042266846,,1649.850830078125,5.936445713043213,8.772018432617188,3.5593626499176025,3.9724550247192383,-8.520271301269531,25.855152130126953,22.57794761657715,18.61753273010254,,55.240604400634766,,4.8995843,,,
2027,Guyana,,,,,,,,,,,,3.8688650131225586,,13106.6103515625,10.909713745117188,8.339813232421875,3.3500165939331055,3.8550655841827393,-8.352572441101074,20.906841278076172,24.532054901123047,17.666610717773438,,53.393924713134766,,5.817689,,,
2028,Guyana,,,,,,,,,,,,2.2554335594177246,,1038.997314453125,7.756829738616943,6.446990013122559,2.9279613494873047,3.803121566772461,-3.612416982650757,26.486509323120117,21.056270599365234,17.344276428222656,,52.641021728515625,,4.3887277,,,
2029,Guyana,,,,,,,,,,,,3.1033687591552734,,7797.93017578125,8.13967514038086,6.855346202850342,2.9633586406707764,3.8970725536346436,-11.206127166748047,22.955076217651367,24.09020233154297,17.39600372314453,,48.247371673583984,,5.441228,,,
2030,Guyana,,,,,,,,,,,,2.639753818511963,,5218.6220703125,12.675508499145508,7.458718776702881,2.7727675437927246,3.609285593032837,-5.503044128417969,25.934940338134766,22.88374137878418,17.943004608154297,,48.897186279296875,,5.1785297,,,
2025,Haiti,,,,,,,,,,,,24.613174438476562,,1896.71630859375,8.68415641784668,-0.07550402730703354,23.999597549438477,-4.471429347991943,-3.6435916423797607,25.758527755737305,23.800878524780273,14.946609497070312,,52.03514099121094,,4.875976,,,
2026,Haiti,,,,,,,,,,,,20.649717330932617,,7083.87890625,8.326974868774414,-1.7980765104293823,23.329971313476562,2.1430511474609375,-5.926514148712158,26.374326705932617,23.90201187133789,16.066259384155273,,56.44974136352539,,5.651948,,,
2027,Haiti,,,,,,,,,,,,13.677881240844727,,9991.7578125,9.570688247680664,-2.62595272064209,19.484024047851562,2.6239688396453857,-4.892535209655762,26.068477630615234,26.748552322387695,15.202047348022461,,45.1672248840332,,5.618476,,,
2028,Haiti,,,,,,,,,,,,12.061978340148926,,6602.45263671875,7.484683990478516,0.7528907656669617,18.494958877563477,1.707141637802124,-0.49279388785362244,30.391864776611328,25.869001388549805,15.486675262451172,,41.966033935546875,,5.668365,,,
2029,Haiti,,,,,,,,,,,,12.229493141174316,,8717.517578125,12.507047653198242,-2.7378976345062256,11.9915771484375,0.9343889355659485,-3.6359596252441406,29.634368896484375,29.096160888671875,14.206347465515137,,37.386531829833984,,5.1147923,,,
2030,Haiti,,,,,,,,,,,,7.274415016174316,,5048.69189453125,7.804094314575195,4.508297920227051,14.725605010986328,2.7587950229644775,-1.4181084632873535,32.753257751464844,27.728618621826172,16.336145401000977,,39.5250244140625,,5.296343,,,
2025,Honduras,6.105254776000977,,,,,,,,,,,102.86869812011719,,4357.99462890625,7.986211776733398,3.3490216732025146,1.6271628141403198,2.814979076385498,-5.599588871002197,25.253734588623047,24.131786346435547,15.303335189819336,,49.429405212402344,,5.60281,4.9591103,5.964,0.5024448699951174
2026,Honduras,6.020544178009033,,,,,,,,,,,1.8933769464492798,,4413.68408203125,9.120847702026367,-1.5359257459640503,38.62809371948242,1.9834107160568237,-8.27204418182373,26.544523239135742,22.687620162963867,18.00140380859375,,54.338863372802734,,5.4333887,4.9591103,5.964,0.5024448699951174
2027,Honduras,6.0546318359375,,,,,,,,,,,17.66786003112793,,15549.0087890625,12.291003227233887,-7.2358293533325195,6.979928493499756,0.3648231327533722,-5.190351486206055,24.535429000854492,26.849374771118164,15.129685401916504,,55.0004768371582,,5.6203623,4.9591103,5.964,0.5024448699951174
2028,Honduras,6.090569622039795,,,,,,,,,,,3.653576612472534,,5723.6904296875,7.699681282043457,6.239612102508545,25.764808654785156,4.580593109130859,-0.3545612692832947,31.58548355102539,23.11636734008789,16.43454933166504,,49.319068908691406,,5.7106233,4.9591103,5.964,0.5024448699951174
2029,Honduras,5.858825332641602,,,,,,,,,,,13.770429611206055,,5331.65185546875,11.919942855834961,-7.083117485046387,2.7792508602142334,1.2036564350128174,-6.2732415199279785,23.3879451751709,30.588531494140625,13.979984283447266,,47.8719596862793,,4.738156,4.9591103,5.964,0.5024448699951174
2030,Honduras,5.851595050811768,,,,,,,,,,,0.6144497990608215,,5675.52197265625,9.103643417358398,13.430582046508789,28.729333877563477,3.9473819732666016,2.0979294776916504,31.57051658630371,22.93428611755371,19.213319778442383,,60.229225158691406,,5.5986714,4.9591103,5.964,0.5024448699951174
2025,Hong Kong SAR of China,6.4864284114837645,,,,,,,,,,,30.12619400024414,,9537.8779296875,7.147250652313232,-0.0583205446600914,-0.7433462142944336,3.1451821327209473,-2.2649147510528564,25.09654426574707,24.004112243652344,14.828655242919922,,52.29330062866211,,6.162319,4.8427815,5.491,0.3241092281341551
2026,Hong Kong SAR of China,6.253191621780395,,,,,,,,,,,0.9216727614402771,,4801.50390625,8.163137435913086,7.190795421600342,16.172779083251953,2.9026498794555664,-4.49480676651001,25.09177589416504,23.250638961791992,15.874285697937012,,50.5964241027832,,5.6958456,4.8427815,5.491,0.3241092281341551
2027,Hong Kong SAR of China,6.062550377527873,,,,,,,,,,,11.316533088684082,,6786.5732421875,9.444233894348145,-0.14059047400951385,1.944624900817871,1.8202476501464844,-6.261373519897461,26.547706604003906,25.419599533081055,15.317438125610352,,54.61336898803711,,5.3571587,4.8427815,5.491,0.3241092281341551
2028,Hong Kong SAR of China,5.994388413111369,,,,,,,,,,,1.719523310661316,,7742.42626953125,9.355420112609863,9.185375213623047,12.352100372314453,3.399238348007202,-5.2177300453186035,28.90676498413086,23.501611709594727,17.00196075439453,,52.31406784057617,,5.9578333,4.8427815,5.491,0.3241092281341551
2029,Hong Kong SAR of China,5.981496166865031,,,,,,,,,,,8.549378395080566,,8809.0009765625,11.362567901611328,1.7903097867965698,2.2363781929016113,2.94619083404541,-6.40377950668335,25.835838317871094,27.453731536865234,14.593181610107422,,47.583396911621094,,5.657169,4.8427815,5.491,0.3241092281341551
2030,Hong Kong SAR of China,6.231628250757853,,,,,,,,,,,2.107290267944336,,6115.89990234375,7.375699043273926,10.267570495605469,9.78254222869873,3.282405138015747,-4.439522743225098,30.33498191833496,23.740474700927734,17.28743553161621,,49.36408233642578,,6.107555,4.8427815,5.491,0.3241092281341551
2025,Hungary,6.027594347000122,,,,,,,,,,,32.15974426269531,,4872.708984375,7.799880027770996,2.744046688079834,0.43704846501350403,3.4119133949279785,-5.142663478851318,25.109769821166992,23.95594024658203,15.285957336425781,,49.776390075683594,,5.5471025,4.954016,5.915,0.4804918956756592
2026,Hungary,5.936371583938598,,,,,,,,,,,1.2221555709838867,,3920.938720703125,9.847100257873535,7.532508373260498,15.314323425292969,3.4451119899749756,-8.49877643585205,25.83246612548828,23.188447952270508,17.99759292602539,,52.92043685913086,,5.364657,4.954016,5.915,0.4804918956756592
2027,Hungary,5.883527695337931,,,,,,,,,,,10.916504859924316,,9534.1474609375,12.747751235961914,1.9722795486450195,2.2519326210021973,3.89315128326416,-7.7025065422058105,24.66624641418457,26.32404136657715,15.714712142944336,,54.89303207397461,,5.297348,4.954016,5.915,0.4804918956756592
2028,Hungary,5.980757811864216,,,,,,,,,,,1.7743616104125977,,4111.48486328125,6.382071018218994,8.908997535705566,11.085067749023438,3.3573577404022217,-3.5379135608673096,30.41246795654297,23.374238967895508,17.135683059692383,,49.074729919433594,,5.838793,4.954016,5.915,0.4804918956756592
2029,Hungary,5.871666847864787,,,,,,,,,,,8.355713844299316,,9527.904296875,13.193891525268555,3.150803565979004,2.3086843490600586,2.965160369873047,-7.001736640930176,23.105445861816406,28.500484466552734,15.149398803710938,,49.33586120605469,,5.037384,4.954016,5.915,0.4804918956756592
2030,Hungary,6.0127820364634195,,,,,,,,,,,2.0657737255096436,,3518.248046875,6.088900089263916,8.442498207092285,9.334885597229004,3.7199060916900635,-3.5642504692077637,31.426712036132812,22.451814651489258,18.719362258911133,,49.654788970947266,,5.7206936,4.954016,5.915,0.4804918956756592
2025,Iceland,6.740226335525513,,,,,,,,,,,30.12619400024414,,5074.2998046875,7.383251190185547,3.6136133670806885,3.377629280090332,3.913818597793579,-3.796929121017456,25.202531814575195,23.91535758972168,15.264344215393066,,49.171016693115234,,5.5513744,5.137296,7.515,1.1888519001007078
2026,Iceland,6.553248233795166,,,,,,,,,,,2.502838134765625,,3757.583984375,10.0094575881958,6.324282646179199,14.829215049743652,3.3669540882110596,-8.096903800964355,23.879653930664062,23.19428825378418,17.68962287902832,,53.89479446411133,,5.177418,5.137296,7.515,1.1888519001007078
2027,Iceland,6.624107109705608,,,,,,,,,,,10.855340957641602,,10732.43359375,11.189596176147461,2.094020366668701,3.059842109680176,4.0818705558776855,-7.6660566329956055,25.066295623779297,25.36324119567871,16.323402404785156,,52.310035705566406,,5.576973,5.137296,7.515,1.1888519001007078
2028,Iceland,6.769500004450481,,,,,,,,,,,2.19610333442688,,4381.1787109375,6.096592903137207,8.074969291687012,10.936958312988281,3.6190805435180664,-3.7059578895568848,27.567359924316406,23.731231689453125,16.96378517150879,,47.00053024291992,,5.987553,5.137296,7.515,1.1888519001007078
2029,Iceland,6.811548458735149,,,,,,,,,,,8.275757789611816,,9790.2373046875,10.986027717590332,3.0598583221435547,2.336759328842163,3.1697657108306885,-6.938344478607178,23.21214485168457,27.843481063842773,15.14799690246582,,47.82130813598633,,5.3035636,5.137296,7.515,1.1888519001007078
2030,Iceland,6.883378254572551,,,,,,,,,,,2.0573129653930664,,3597.9375,5.887566089630127,8.740365982055664,9.268516540527344,3.8348145484924316,-3.490035057067871,30.582664489746094,22.597885131835938,17.69860076904297,,47.339317321777344,,5.7924623,5.137296,7.515,1.1888519001007078
2025,India,5.269460947036743,,,,,,,,,,,30.12619400024414,,4713.3642578125,7.986211776733398,2.6609437465667725,1.7149235010147095,3.4553894996643066,-4.6084065437316895,25.13796615600586,23.91535758972168,15.256568908691406,,49.5411491394043,,5.531005,4.912088,4.389,-0.2615439586639403
2026,India,5.179394752502441,,,,,,,,,,,1.8755311965942383,,4178.271484375,9.997329711914062,6.516372203826904,15.742895126342773,3.6614155769348145,-8.698583602905273,25.776803970336914,23.111278533935547,17.82422637939453,,56.09514236450195,,5.3508725,4.912088,4.389,-0.2615439586639403
2027,India,5.212849885940551,,,,,,,,,,,10.911540985107422,,11249.07421875,12.7670259475708,1.458520770072937,2.5084450244903564,3.263789415359497,-8.103255271911621,24.753538131713867,26.441099166870117,15.6850004196167,,55.92906188964844,,5.541304,4.912088,4.389,-0.2615439586639403
2028,India,5.345971853256226,,,,,,,,,,,1.7261264324188232,,5033.98388671875,6.736282825469971,8.273500442504883,11.686738967895508,3.493561029434204,-3.34574031829834,31.23649024963379,23.46625518798828,16.980253219604492,,48.73500061035156,,5.930371,4.912088,4.389,-0.2615439586639403
2029,India,5.225643426895141,,,,,,,,,,,8.378317832946777,,9334.8486328125,14.892788887023926,0.9703508615493774,1.8619505167007446,2.7298197746276855,-5.9776105880737305,23.06599998474121,29.42173957824707,15.13101863861084,,52.229373931884766,,4.989887,4.912088,4.389,-0.2615439586639403
2030,India,5.1853200105031325,,,,,,,,,,,1.7598463296890259,,2673.4375,6.460350513458252,8.45673656463623,10.5260648727417,3.6330008506774902,-1.864715337753296,32.94905471801758,22.773500442504883,17.996919631958008,,49.03207778930664,,5.420334,4.912088,4.389,-0.2615439586639403
2025,Indonesia,6.05716271018982,,,,,,,,,,,30.12619400024414,,5865.05322265625,6.680135726928711,4.370639324188232,0.5832337737083435,5.008167743682861,-0.645168662071228,25.133634567260742,23.88641357421875,15.38651180267334,,50.15950012207031,,5.7135816,4.9298377,5.617,0.343581148147583
2026,Indonesia,5.3373321971893315,,,,,,,,,,,1.2835420370101929,,1060.2178955078125,8.783857345581055,7.224093914031982,14.800310134887695,3.5717275142669678,-8.17816162109375,23.134220123291016,24.010530471801758,16.99140739440918,,50.65621566772461,,4.2739205,4.9298377,5.617,0.343581148147583
2027,Indonesia,5.552093772252401,,,,,,,,,,,11.585445404052734,,9258.8623046875,7.090582370758057,4.116941928863525,2.6532394886016846,4.81380558013916,-9.201022148132324,24.963436126708984,24.34762191772461,17.666120529174805,,53.13442611694336,,5.638036,4.9298377,5.617,0.343581148147583
2028,Indonesia,5.297830689112346,,,,,,,,,,,2.0587363243103027,,1916.8973388671875,8.728880882263184,8.549423217773438,9.675721168518066,3.2682032585144043,-4.0959248542785645,26.057411193847656,24.507474899291992,17.017053604125977,,42.54609298706055,,4.9507923,4.9298377,5.617,0.343581148147583
2029,Indonesia,5.847929108301798,,,,,,,,,,,8.809833526611328,,10463.826171875,6.392090320587158,4.731558799743652,2.7930002212524414,4.180272102355957,-7.667166233062744,25.350479125976562,24.873619079589844,17.614364624023438,,52.66355514526367,,5.924216,4.9298377,5.617,0.343581148147583
2030,Indonesia,5.774287490208944,,,,,,,,,,,2.2753682136535645,,2572.91552734375,6.3992228507995605,7.696707248687744,8.488383293151855,3.4830574989318848,-2.876055955886841,25.280029296875,24.366151809692383,17.260936737060547,,41.79126739501953,,5.417111,4.9298377,5.617,0.343581148147583
2025,Iran,5.916788848876953,,,,,,,,,,,87.87818908691406,,3990.698486328125,6.680135726928711,5.0966949462890625,3.28769850730896,4.103460311889648,-3.2111682891845703,25.389446258544922,23.98735809326172,15.30785083770752,,52.475189208984375,,5.6919203,4.643263,5.093,0.22486856842041014
2026,Iran,5.524817737579346,,,,,,,,,,,2.571767807006836,,2430.165283203125,8.766443252563477,-0.27785664796829224,38.67666244506836,1.9791182279586792,-8.667169570922852,23.758413314819336,22.64596939086914,17.730449676513672,,52.43278884887695,,4.907978,4.643263,5.093,0.22486856842041014
2027,Iran,5.620980533599853,,,,,,,,,,,17.830400466918945,,12021.705078125,11.28815746307373,-6.331638336181641,6.597701549530029,0.8347580432891846,-4.399511337280273,24.891403198242188,24.826091766357422,15.706987380981445,,56.99662399291992,,5.5884376,4.643263,5.093,0.22486856842041014
2028,Iran,5.776402903238932,,,,,,,,,,,3.764859914779663,,6073.3369140625,7.898989677429199,8.337432861328125,26.49358367919922,4.40995979309082,-2.7282912731170654,28.806474685668945,23.65345001220703,16.093725204467773,,51.683860778808594,,6.1581874,4.643263,5.093,0.22486856842041014
2029,Iran,5.630938641866048,,,,,,,,,,,13.72407054901123,,4236.9560546875,12.404059410095215,-7.178007125854492,2.978895902633667,0.8465629816055298,-5.661104679107666,25.348590850830078,27.97974967956543,14.206904411315918,,43.10328674316406,,4.4715853,4.643263,5.093,0.22486856842041014
2030,Iran,5.745478265126546,,,,,,,,,,,2.1708221435546875,,6156.67724609375,8.358536720275879,10.874884605407715,28.63661766052246,4.010834693908691,-1.4396264553070068,30.259572982788086,23.080158233642578,18.251062393188477,,61.835304260253906,,5.9320564,4.643263,5.093,0.22486856842041014
2025,Iraq,5.694251621246337,,,,,,,,,,,80.51298522949219,,2481.51318359375,6.680135726928711,1.8167994022369385,3.049875020980835,2.2573001384735107,-3.4038381576538086,25.27105140686035,23.84300422668457,15.282455444335938,,52.37163162231445,,5.3923135,4.3721237,4.976,0.3019381408691406
2026,Iraq,5.730689371109008,,,,,,,,,,,2.7854626178741455,,4929.55322265625,8.242975234985352,1.2627110481262207,25.87015151977539,2.296837329864502,-8.356083869934082,23.935144424438477,21.521181106567383,17.816082000732422,,53.590763092041016,,5.465189,4.3721237,4.976,0.3019381408691406
2027,Iraq,5.822855874379475,,,,,,,,,,,13.583012580871582,,11365.2177734375,10.92628288269043,-4.840662002563477,4.469607353210449,2.0459096431732178,-6.416493892669678,24.614511489868164,25.698068618774414,15.270191192626953,,54.586517333984375,,5.7052507,4.3721237,4.976,0.3019381408691406
2028,Iraq,5.903274143218994,,,,,,,,,,,3.3729794025421143,,6887.5302734375,6.7768754959106445,7.301111221313477,24.323789596557617,3.394688606262207,-1.9180032014846802,28.924301147460938,22.7968692779541,16.427366256713867,,55.09797668457031,,5.6335683,4.3721237,4.976,0.3019381408691406
2029,Iraq,5.826704427083333,,,,,,,,,,,13.621953010559082,,10502.07421875,13.42379379272461,-7.461551189422607,2.7208635807037354,0.9200714826583862,-6.419660568237305,22.588869094848633,27.9830379486084,13.949772834777832,,37.97174072265625,,5.23548,4.3721237,4.976,0.3019381408691406
2030,Iraq,5.814958338419596,,,,,,,,,,,1.39859938621521,,3666.269775390625,6.149889945983887,10.041505813598633,26.9574031829834,3.820981502532959,1.3124887943267822,31.163925170898438,21.783021926879883,17.193220138549805,,56.9376106262207,,5.6700125,4.3721237,4.976,0.3019381408691406
2025,Ireland,6.796914846420288,,,,,,,,,,,31.441808700561523,,7462.583984375,7.315394878387451,0.21225281059741974,-0.048654139041900635,3.2249488830566406,-4.619643688201904,25.116661071777344,24.004112243652344,15.036676406860352,,53.36308288574219,,5.7466035,4.7883773,6.889,1.050311357498169
2026,Ireland,6.700056344985962,,,,,,,,,,,0.9403489232063293,,5859.3857421875,9.609675407409668,7.147240161895752,15.978068351745605,2.479201316833496,-6.198708534240723,25.03700828552246,23.15256690979004,16.61683464050293,,49.688690185546875,,5.5528865,4.7883773,6.889,1.050311357498169
2027,Ireland,6.638060679753622,,,,,,,,,,,11.316533088684082,,6442.18505859375,9.01124382019043,0.045882076025009155,1.9528299570083618,2.108703136444092,-5.843726634979248,26.63706398010254,25.315135955810547,15.198081016540527,,55.13661193847656,,5.463758,4.7883773,6.889,1.050311357498169
2028,Ireland,6.745494475682577,,,,,,,,,,,1.719523310661316,,7868.23779296875,9.07913589477539,9.22108268737793,12.340808868408203,3.4557318687438965,-5.235887050628662,29.012378692626953,23.5069522857666,17.005992889404297,,54.9797248840332,,6.068905,4.7883773,6.889,1.050311357498169
2029,Ireland,6.826771369298299,,,,,,,,,,,8.549378395080566,,10389.9912109375,11.325766563415527,1.7903097867965698,2.2363781929016113,2.9948275089263916,-6.594541549682617,25.99070930480957,27.467811584472656,14.63062572479248,,47.583396911621094,,5.796717,4.7883773,6.889,1.050311357498169
2030,Ireland,7.040789237340292,,,,,,,,,,,2.02667498588562,,5945.85595703125,6.007750511169434,9.353968620300293,9.816978454589844,3.539271593093872,-2.937528133392334,30.299163818359375,23.702550888061523,17.436622619628906,,44.49537658691406,,6.1058116,4.7883773,6.889,1.050311357498169
2025,Israel,6.9501592082977295,,,,,,,,,,,30.12619400024414,,8129.51806640625,7.6667094230651855,1.6901941299438477,-0.5591063499450684,3.2033615112304688,-3.6756961345672607,25.144195556640625,23.963090896606445,15.296592712402344,,49.49420166015625,,5.810439,4.95456,7.234,1.1397200984954834
2026,Israel,6.761922733306885,,,,,,,,,,,1.17838454246521,,4916.97705078125,9.111266136169434,6.762409687042236,15.271096229553223,2.3696787357330322,-8.402116775512695,25.35017204284668,23.034265518188477,16.418834686279297,,46.90024948120117,,5.433966,4.95456,7.234,1.1397200984954834
2027,Israel,6.676866984685262,,,,,,,,,,,10.99592399597168,,8031.2509765625,10.074629783630371,1.9001328945159912,2.093620777130127,3.6531496047973633,-6.592909812927246,25.107803344726562,25.540573120117188,15.755483627319336,,55.11271667480469,,5.3670354,4.95456,7.234,1.1397200984954834
2028,Israel,6.683272020339966,,,,,,,,,,,1.9334203004837036,,4962.03466796875,8.048050880432129,8.8873291015625,10.98344898223877,3.392409563064575,-5.438887119293213,28.06934356689453,23.34514617919922,17.24689292907715,,47.57743835449219,,5.829654,4.95456,7.234,1.1397200984954834
2029,Israel,6.791517711003621,,,,,,,,,,,8.29994010925293,,9944.291015625,10.917856216430664,3.340672254562378,2.3746602535247803,3.055086851119995,-7.3827924728393555,25.045913696289062,28.04010009765625,15.010055541992188,,54.27505111694336,,5.758703,4.95456,7.234,1.1397200984954834
2030,Israel,6.953952606836954,,,,,,,,,,,2.0071001052856445,,4293.796875,6.622504711151123,9.309792518615723,9.023943901062012,3.505216121673584,-4.003758430480957,30.88665771484375,22.831024169921875,17.792394638061523,,47.75551986694336,,5.85434,4.95456,7.234,1.1397200984954834
2025,Italy,6.8870089244842525,,,,,,,,,,,87.87818908691406,,6059.3427734375,7.2183756828308105,0.6839591860771179,0.29405665397644043,2.672041416168213,-4.184971809387207,25.18987274169922,24.058988571166992,15.430148124694824,,53.08644485473633,,5.962707,4.566396,6.415,0.9243018817901612
2026,Italy,6.6921353530883785,,,,,,,,,,,0.9675732254981995,,4944.1416015625,8.732722282409668,-0.7422549724578857,39.1470832824707,1.6086609363555908,-6.465525150299072,25.50122833251953,23.186260223388672,17.069791793823242,,55.12220001220703,,5.57296,4.566396,6.415,0.9243018817901612
2027,Italy,6.755989173253377,,,,,,,,,,,16.765981674194336,,13659.3984375,12.378191947937012,-6.025157928466797,5.406784534454346,0.40515467524528503,-4.110296249389648,25.9056396484375,27.07316017150879,14.960025787353516,,58.17204666137695,,5.959395,4.566396,6.415,0.9243018817901612
2028,Italy,6.6804503790537515,,,,,,,,,,,4.0908074378967285,,6747.0263671875,8.93354320526123,7.2850117683410645,24.528663635253906,3.9697320461273193,-2.437359094619751,32.639610290527344,23.294761657714844,16.528127670288086,,55.308773040771484,,5.7360907,4.566396,6.415,0.9243018817901612
2029,Italy,6.410814542770385,,,,,,,,,,,13.621953010559082,,8044.2265625,13.201875686645508,-7.2466278076171875,3.306462049484253,0.8898599743843079,-6.816115379333496,25.528953552246094,29.462779998779297,14.091175079345703,,48.00472640991211,,4.7640524,4.566396,6.415,0.9243018817901612
2030,Italy,6.347561934789021,,,,,,,,,,,1.2307088375091553,,5179.43115234375,8.18763542175293,10.314589500427246,27.00016212463379,3.5170512199401855,1.8322077989578247,33.104942321777344,23.62074851989746,18.25472640991211,,52.6042366027832,,5.769637,4.566396,6.415,0.9243018817901612
2025,Jamaica,5.8124976730346685,,,,,,,,,,,28.120859146118164,,4338.97021484375,7.33828592300415,3.314425468444824,3.5246214866638184,2.9255073070526123,-5.31845235824585,25.015979766845703,24.49159812927246,15.256568908691406,,49.44890213012695,,5.37902,5.003045,5.87,0.4334774589538575
2026,Jamaica,5.763335285186768,,,,,,,,,,,2.636420965194702,,3912.98681640625,8.997821807861328,6.277388572692871,15.652076721191406,3.6292333602905273,-8.618460655212402,25.764833450317383,22.669281005859375,17.750436782836914,,50.15153503417969,,5.2806954,5.003045,5.87,0.4334774589538575
2027,Jamaica,5.773956038157145,,,,,,,,,,,11.0521240234375,,10388.376953125,13.088394165039062,1.1757923364639282,3.0337159633636475,3.161332607269287,-7.802822589874268,23.624643325805664,26.377685546875,16.501541137695312,,54.94237518310547,,5.36172,5.003045,5.87,0.4334774589538575
2028,Jamaica,5.929898478190104,,,,,,,,,,,2.0028703212738037,,4344.85595703125,6.446931838989258,7.784525394439697,11.733879089355469,3.9409477710723877,-2.7779629230499268,30.962989807128906,23.43712615966797,16.79026222229004,,48.40570068359375,,5.8468475,5.003045,5.87,0.4334774589538575
2029,Jamaica,5.799890416463216,,,,,,,,,,,8.308647155761719,,8662.5693359375,13.061370849609375,0.7780421376228333,1.876232385635376,2.996964454650879,-7.136878967285156,22.955392837524414,28.393436431884766,15.287775993347168,,48.47391128540039,,4.8906713,5.003045,5.87,0.4334774589538575
2030,Jamaica,5.8659495290120445,,,,,,,,,,,1.5769771337509155,,3199.340576171875,6.902827262878418,8.711054801940918,10.529997825622559,3.7994205951690674,-4.716794013977051,31.269880294799805,22.218629837036133,18.329057693481445,,51.859947204589844,,5.5598974,5.003045,5.87,0.4334774589538575
2025,Japan,6.796600423812866,,,,,,,,,,,30.06559944152832,,9387.0478515625,7.577159404754639,0.2309482842683792,-0.6333351135253906,3.1451821327209473,-2.5795671939849854,25.096609115600586,23.648008346557617,14.96013355255127,,49.77545166015625,,6.1807175,4.915234,6.147,0.6158829555511476
2026,Japan,6.456318698883057,,,,,,,,,,,0.9868692755699158,,4101.494140625,9.073704719543457,7.193876266479492,16.355632781982422,2.818188190460205,-5.81117582321167,25.13682746887207,23.34401512145996,16.06374740600586,,52.106258392333984,,5.500154,4.915234,6.147,0.6158829555511476
2027,Japan,6.310002726872763,,,,,,,,,,,11.428427696228027,,6636.1357421875,9.19201374053955,0.6103781461715698,2.0366811752319336,2.022791624069214,-6.924923896789551,26.508146286010742,24.979732513427734,15.435962677001953,,55.08673095703125,,5.401488,4.915234,6.147,0.6158829555511476
2028,Japan,6.272507113774618,,,,,,,,,,,1.471458077430725,,8340.724609375,9.265019416809082,9.23643684387207,12.001416206359863,3.006657600402832,-5.450737953186035,28.87051773071289,23.581483840942383,17.381694793701172,,50.43768310546875,,6.0682306,4.915234,6.147,0.6158829555511476
2029,Japan,6.165961665471396,,,,,,,,,,,8.445451736450195,,8089.74072265625,11.613184928894043,1.4288132190704346,2.1539366245269775,2.98038649559021,-6.259555339813232,26.33808708190918,27.37533187866211,14.431246757507324,,47.21125793457031,,5.1805177,4.915234,6.147,0.6158829555511476
2030,Japan,6.377608063379924,,,,,,,,,,,1.9381659030914307,,5915.24951171875,7.893487453460693,10.376138687133789,10.34160041809082,3.4223923683166504,-4.508144378662109,29.928354263305664,23.755891799926758,17.403446197509766,,44.442440032958984,,6.036427,4.915234,6.147,0.6158829555511476
2025,Jordan,5.399123697280883,,,,,,,,,,,79.28684997558594,,2481.51318359375,6.680135726928711,1.6521642208099365,2.0916285514831543,2.270951986312866,-3.312610626220703,25.039817810058594,23.89188575744629,15.26880931854248,,52.356624603271484,,5.456682,4.425117,4.31,-0.05755850791931172
2026,Jordan,5.41024353981018,,,,,,,,,,,2.2447128295898438,,4779.712890625,8.434305191040039,1.30702543258667,26.16446876525879,2.2314116954803467,-8.44107437133789,24.108097076416016,21.54408836364746,17.90350341796875,,53.85763168334961,,5.478922,4.425117,4.31,-0.05755850791931172
2027,Jordan,5.574769366582234,,,,,,,,,,,14.149211883544922,,11732.9775390625,11.043991088867188,-4.640514850616455,4.131103992462158,1.7659598588943481,-6.251150608062744,24.234943389892578,25.967327117919922,14.618350982666016,,56.46709442138672,,5.9613795,4.425117,4.31,-0.05755850791931172
2028,Jordan,5.727704394658406,,,,,,,,,,,4.465231895446777,,6790.134765625,7.34457540512085,7.9636735916137695,23.429691314697266,3.663733959197998,-1.1038504838943481,30.732219696044922,23.011051177978516,16.48737907409668,,55.83596420288086,,5.9154873,4.425117,4.31,-0.05755850791931172
2029,Jordan,5.378761796951292,,,,,,,,,,,13.893279075622559,,6421.46142578125,13.410428047180176,-6.813506603240967,3.455580711364746,0.9777494668960571,-6.550057411193848,22.488637924194336,29.078630447387695,13.534900665283203,,39.2214241027832,,4.432094,4.425117,4.31,-0.05755850791931172
2030,Jordan,5.2285900402069085,,,,,,,,,,,1.7623419761657715,,4113.28857421875,6.312567234039307,11.42359733581543,27.310487747192383,2.9728074073791504,1.0704580545425415,30.989883422851562,21.79214859008789,18.939950942993164,,56.54277420043945,,5.5108643,4.425117,4.31,-0.05755850791931172
2025,Kazakhstan,6.191490043640137,,,,,,,,,,,28.565458297729492,,4647.56982421875,7.986211776733398,3.013906717300415,1.7750564813613892,3.158182382583618,-5.1964216232299805,25.023414611816406,24.366649627685547,15.256568908691406,,49.44890213012695,,5.4847126,4.964445,6.378,0.706777442932129
2026,Kazakhstan,6.090814937591553,,,,,,,,,,,1.8933769464492798,,3793.220458984375,8.987688064575195,6.516372203826904,15.630853652954102,3.6691930294036865,-8.637947082519531,26.101903915405273,23.018945693969727,17.729869842529297,,54.36109161376953,,5.2833624,4.964445,6.378,0.706777442932129
2027,Kazakhstan,6.10269644800822,,,,,,,,,,,10.911540985107422,,12156.9833984375,12.586735725402832,1.546805739402771,2.6256988048553467,3.155579090118408,-8.119939804077148,23.538562774658203,26.30206871032715,15.823352813720703,,50.633148193359375,,5.419682,4.964445,6.378,0.706777442932129
2028,Kazakhstan,6.1367183024088545,,,,,,,,,,,1.7197610139846802,,2942.466796875,6.468796253204346,7.900351524353027,11.549030303955078,3.7041573524475098,-3.0387072563171387,31.066213607788086,23.39006233215332,16.863332748413086,,48.425689697265625,,5.586778,4.964445,6.378,0.706777442932129
2029,Kazakhstan,6.187122692108154,,,,,,,,,,,8.740033149719238,,9415.0458984375,11.02597427368164,1.0662633180618286,2.1747004985809326,3.3563153743743896,-6.678618907928467,23.293624877929688,26.949705123901367,15.402168273925781,,50.69600296020508,,5.4345756,4.964445,6.378,0.706777442932129
2030,Kazakhstan,6.232149630228679,,,,,,,,,,,1.7224924564361572,,2793.848876953125,7.243949890136719,8.998961448669434,10.563222885131836,3.942194700241089,-2.4414284229278564,29.256628036499023,22.77035140991211,17.530628204345703,,49.220699310302734,,5.554763,4.964445,6.378,0.706777442932129
2025,Kenya,5.251099233627319,,,,,,,,,,,14.311809539794922,,4376.361328125,7.862894535064697,3.1628050804138184,1.050736427307129,2.8137543201446533,-4.994547367095947,25.063419342041016,24.350574493408203,15.293733596801758,,49.44890213012695,,5.441769,4.89134,4.51,-0.19066988945007335
2026,Kenya,5.316136960983276,,,,,,,,,,,1.3066459894180298,,4322.2412109375,9.794318199157715,9.527444839477539,14.37264347076416,3.286421537399292,-7.601939678192139,27.82044792175293,22.829856872558594,17.865665435791016,,49.98809051513672,,5.5718446,4.89134,4.51,-0.19066988945007335
2027,Kenya,5.276377007166545,,,,,,,,,,,11.090195655822754,,8637.416015625,10.173163414001465,1.229542851448059,2.1081268787384033,3.666383981704712,-7.834517478942871,23.55401039123535,28.53535270690918,14.541855812072754,,52.61406707763672,,5.387527,4.89134,4.51,-0.19066988945007335
2028,Kenya,5.296334708531698,,,,,,,,,,,1.5327277183532715,,3087.802490234375,6.84724760055542,9.281145095825195,11.81534194946289,3.782672166824341,-3.2887988090515137,32.137508392333984,22.66008949279785,18.135976791381836,,48.6711311340332,,5.501642,4.89134,4.51,-0.19066988945007335
2029,Kenya,5.2141165383656825,,,,,,,,,,,8.853540420532227,,11435.232421875,11.780420303344727,0.9279953241348267,1.8877733945846558,3.5410656929016113,-7.25360631942749,21.42536735534668,29.568605422973633,15.187687873840332,,50.71925735473633,,5.32519,4.89134,4.51,-0.19066988945007335
2030,Kenya,5.236628656387329,,,,,,,,,,,1.4227806329727173,,2292.783447265625,5.284595489501953,9.001471519470215,10.56512451171875,4.081234455108643,0.513828694820404,32.67258834838867,21.679948806762695,18.611572265625,,47.8092041015625,,5.4550633,4.89134,4.51,-0.19066988945007335
2025,Kosovo,6.919043581008911,,,,,,,,,,,79.52009582519531,,8416.892578125,7.147250652313232,-0.4440751075744629,-0.08376146852970123,2.836254119873047,-5.9334588050842285,24.764604568481445,23.678020477294922,15.01613998413086,,52.12009811401367,,6.0037065,4.8283257,6.659,0.9153371257781981
2026,Kosovo,6.710539381027221,,,,,,,,,,,0.899334192276001,,4176.4638671875,8.49252986907959,-0.6595221757888794,26.53584861755371,0.41927483677864075,-6.331496238708496,25.32002067565918,23.021915435791016,16.180627822875977,,57.659854888916016,,5.586698,4.8283257,6.659,0.9153371257781981
2027,Kosovo,6.847849568049113,,,,,,,,,,,14.049944877624512,,10354.2431640625,9.129536628723145,-4.867366313934326,5.259250164031982,1.8806476593017578,-4.253543376922607,25.540273666381836,25.374465942382812,14.84531021118164,,56.01313018798828,,6.207133,4.8283257,6.659,0.9153371257781981
2028,Kosovo,6.8059592647552485,,,,,,,,,,,3.2504358291625977,,6798.59130859375,7.0638628005981445,7.8879265785217285,24.375329971313477,3.2610669136047363,-1.2732263803482056,28.61220359802246,23.30441665649414,16.568082809448242,,52.7657585144043,,5.8780355,4.8283257,6.659,0.9153371257781981
2029,Kosovo,6.476390878677368,,,,,,,,,,,13.648542404174805,,7959.09375,12.832008361816406,-7.190735340118408,2.614978313446045,0.9472007751464844,-6.134622573852539,23.959543228149414,28.1369686126709,13.452278137207031,,39.398014068603516,,4.597993,4.8283257,6.659,0.9153371257781981
2030,Kosovo,6.3322139186859125,,,,,,,,,,,1.4216880798339844,,5275.60498046875,6.792356491088867,11.354227066040039,27.20245361328125,3.6236515045166016,-0.3061700761318207,30.60275650024414,23.207862854003906,17.4400577545166,,56.6114616394043,,5.774602,4.8283257,6.659,0.9153371257781981
2025,Kuwait,7.099702026367187,,,,,,,,,,,30.422313690185547,,9938.6796875,7.622411727905273,-0.9928336143493652,-1.7390389442443848,3.1278529167175293,-3.2334110736846924,25.096609115600586,23.621078491210938,15.019245147705078,,48.17947769165039,,6.2444205,4.918437,6.629,0.855281497955322
2026,Kuwait,6.920360948562622,,,,,,,,,,,0.5408318638801575,,4811.13623046875,8.122292518615723,7.996204853057861,17.395442962646484,3.120668888092041,-4.760279655456543,25.20844268798828,23.349069595336914,13.378325462341309,,58.12852096557617,,5.8857384,4.918437,6.629,0.855281497955322
2027,Kuwait,6.936116045633952,,,,,,,,,,,11.361369132995605,,11027.44140625,9.597710609436035,3.9423508644104004,1.7652405500411987,1.5371085405349731,-5.579066753387451,24.67280387878418,24.525413513183594,14.977302551269531,,56.55216598510742,,6.1123447,4.918437,6.629,0.855281497955322
2028,Kuwait,6.835686351776123,,,,,,,,,,,1.7627172470092773,,4823.1923828125,8.685254096984863,8.542749404907227,9.837431907653809,3.4907686710357666,-4.416123867034912,28.93648910522461,22.585372924804688,16.682466506958008,,51.74153137207031,,5.9431314,4.918437,6.629,0.855281497955322
2029,Kuwait,6.609389450073242,,,,,,,,,,,8.20840072631836,,8980.9580078125,11.906018257141113,4.036271095275879,2.343884229660034,2.84879469871521,-7.500830173492432,24.136348724365234,27.369958877563477,15.856700897216797,,54.324951171875,,5.2068477,4.918437,6.629,0.855281497955322
2030,Kuwait,6.225888715108236,,,,,,,,,,,2.0161290168762207,,1895.2689208984375,7.29720401763916,9.380064964294434,8.80746841430664,3.504709482192993,-5.991483211517334,30.464336395263672,23.594886779785156,17.49110984802246,,47.35363006591797,,4.9618425,4.918437,6.629,0.855281497955322
2025,Kyrgyzstan,6.17766271018982,,,,,,,,,,,30.12619400024414,,5865.05322265625,6.680135726928711,4.370639324188232,0.5832337737083435,5.008167743682861,-0.645168662071228,25.133634567260742,23.88641357421875,15.38651180267334,,50.15950012207031,,5.7135816,4.9298377,5.858,0.46408114814758283
2026,Kyrgyzstan,5.457832197189331,,,,,,,,,,,1.2835420370101929,,1060.2178955078125,8.783857345581055,7.224093914031982,14.800310134887695,3.5717275142669678,-8.17816162109375,23.134220123291016,24.010530471801758,16.99140739440918,,50.65621566772461,,4.2739205,4.9298377,5.858,0.46408114814758283
2027,Kyrgyzstan,5.672593772252401,,,,,,,,,,,11.585445404052734,,9258.8623046875,7.090582370758057,4.116941928863525,2.6532394886016846,4.81380558013916,-9.201022148132324,24.963436126708984,24.34762191772461,17.666120529174805,,53.13442611694336,,5.638036,4.9298377,5.858,0.46408114814758283
2028,Kyrgyzstan,5.418330689112345,,,,,,,,,,,2.0587363243103027,,1916.8973388671875,8.728880882263184,8.549423217773438,9.675721168518066,3.2682032585144043,-4.0959248542785645,26.057411193847656,24.507474899291992,17.017053604125977,,42.54609298706055,,4.9507923,4.9298377,5.858,0.46408114814758283
2029,Kyrgyzstan,5.968429108301798,,,,,,,,,,,8.809833526611328,,10463.826171875,6.392090320587158,4.731558799743652,2.7930002212524414,4.180272102355957,-7.667166233062744,25.350479125976562,24.873619079589844,17.614364624023438,,52.66355514526367,,5.924216,4.9298377,5.858,0.46408114814758283
2030,Kyrgyzstan,5.894787490208944,,,,,,,,,,,2.2753682136535645,,2572.91552734375,6.3992228507995605,7.696707248687744,8.488383293151855,3.4830574989318848,-2.876055955886841,25.280029296875,24.366151809692383,17.260936737060547,,41.79126739501953,,5.417111,4.9298377,5.858,0.46408114814758283
2025,Lao PDR,5.851030529022217,,,,,,,,,,,31.468294143676758,,7122.7724609375,7.087978363037109,2.0500197410583496,3.8033251762390137,4.44348669052124,-1.5682835578918457,25.018596649169922,23.56637191772461,14.261927604675293,,47.89737319946289,,5.829651,5.2582407,5.301,0.021379650115966875
2026,Lao PDR,5.625386655807495,,,,,,,,,,,3.173093557357788,,4181.55712890625,8.734966278076172,6.962918281555176,15.257497787475586,3.5761210918426514,-5.975373268127441,23.577089309692383,23.62925910949707,16.24663734436035,,45.04007339477539,,5.378363,5.2582407,5.301,0.021379650115966875
2027,Lao PDR,5.595359186808268,,,,,,,,,,,11.106142044067383,,8001.39404296875,8.231056213378906,1.4036911725997925,2.8427188396453857,3.894763231277466,-6.507822036743164,25.587890625,24.826406478881836,16.471994400024414,,53.64292907714844,,5.5139246,5.2582407,5.301,0.021379650115966875
2028,Lao PDR,5.66807272084554,,,,,,,,,,,2.1992783546447754,,5852.68359375,8.12414836883545,8.364866256713867,11.377443313598633,3.260167121887207,-5.143255710601807,28.274555206298828,24.42435646057129,17.274070739746094,,48.03461456298828,,6.0477915,5.2582407,5.301,0.021379650115966875
2029,Lao PDR,5.755407194773356,,,,,,,,,,,8.401615142822266,,9343.0458984375,11.844598770141602,1.6893693208694458,2.290055990219116,3.027273178100586,-6.05064582824707,25.515085220336914,27.71719741821289,14.660539627075195,,50.53337478637695,,5.6403666,5.2582407,5.301,0.021379650115966875
2030,Lao PDR,5.896909893035889,,,,,,,,,,,2.2563490867614746,,4331.70166015625,6.667872428894043,9.293265342712402,10.227368354797363,3.533752918243408,-3.10603928565979,30.771671295166016,23.6085205078125,17.25260353088379,,48.39639663696289,,5.9384327,5.2582407,5.301,0.021379650115966875
2025,Latvia,6.781381479263306,,,,,,,,,,,87.87818908691406,,6246.8349609375,7.357884407043457,0.6546160578727722,0.24097071588039398,2.672041416168213,-4.184971809387207,25.15996742248535,24.0814266204834,15.34447193145752,,52.17369842529297,,5.9665103,4.5772576,6.207,0.8148711833953857
2026,Latvia,6.5715154323577885,,,,,,,,,,,0.9675732254981995,,4944.1416015625,8.617941856384277,-0.7422549724578857,39.64347457885742,1.4537060260772705,-6.867016792297363,25.638046264648438,23.222129821777344,16.862503051757812,,54.73078536987305,,5.546778,4.5772576,6.207,0.8148711833953857
2027,Latvia,6.6835939400990805,,,,,,,,,,,16.328283309936523,,13659.3984375,10.43828010559082,-5.553874492645264,5.5099077224731445,0.2330256849527359,-4.219542026519775,25.999065399169922,27.0611629486084,14.967947006225586,,59.26850509643555,,6.09288,4.5772576,6.207,0.8148711833953857
2028,Latvia,6.694657197952271,,,,,,,,,,,4.120997428894043,,6741.67431640625,9.003133773803711,9.09148120880127,24.227678298950195,2.952561616897583,-2.3784050941467285,32.45245361328125,23.290287017822266,16.549148559570312,,48.42613220214844,,5.9997,4.5772576,6.207,0.8148711833953857
2029,Latvia,6.422043672561646,,,,,,,,,,,13.789125442504883,,5339.923828125,12.6990385055542,-7.429239273071289,3.3470942974090576,1.274653673171997,-6.517752647399902,26.34551239013672,29.49568748474121,13.685879707336426,,49.05286407470703,,4.7289376,4.5772576,6.207,0.8148711833953857
2030,Latvia,6.2329971307118734,,,,,,,,,,,0.6323079466819763,,5714.10107421875,9.605240821838379,12.175766944885254,28.474477767944336,3.6118998527526855,0.2368888407945633,31.522493362426758,23.88736915588379,19.40221405029297,,56.2374382019043,,5.52574,4.5772576,6.207,0.8148711833953857
2025,Lebanon,5.022848505020142,,,,,,,,,,,79.52009582519531,,5656.87060546875,6.680135726928711,3.8066024780273438,1.2934465408325195,4.878684043884277,-4.094208717346191,24.759172439575195,23.510730743408203,15.139891624450684,,50.35478591918945,,5.9064727,4.9552484,3.188,-0.8836241779327392
2026,Lebanon,4.262899059295655,,,,,,,,,,,1.657495379447937,,879.1619873046875,7.9735107421875,0.700456440448761,23.81917953491211,1.730539321899414,-7.598514080047607,23.266237258911133,23.51803970336914,17.34638023376465,,50.938106536865234,,4.386574,4.9552484,3.188,-0.8836241779327392
2027,Lebanon,4.592968680699666,,,,,,,,,,,14.782166481018066,,11071.0947265625,7.794116020202637,-1.0485016107559204,5.010031223297119,2.032287120819092,-7.4014763832092285,25.33298683166504,24.429306030273438,16.672935485839844,,56.9771842956543,,6.136732,4.9552484,3.188,-0.8836241779327392
2028,Lebanon,4.592793363571167,,,,,,,,,,,2.9717588424682617,,7375.693359375,7.061425685882568,7.574873924255371,17.54938316345215,3.3743703365325928,-2.5718741416931152,28.875125885009766,23.78862953186035,16.362869262695312,,47.51575469970703,,5.9059467,4.9552484,3.188,-0.8836241779327392
2029,Lebanon,4.85893239402771,,,,,,,,,,,11.038352012634277,,9163.56640625,12.988129615783691,-2.7946813106536865,2.6004722118377686,1.3307254314422607,-5.711277008056641,24.388334274291992,27.751476287841797,14.44722843170166,,38.358154296875,,5.184991,4.9552484,3.188,-0.8836241779327392
2030,Lebanon,4.7491682949066165,,,,,,,,,,,1.5919522047042847,,4176.05859375,6.806807041168213,9.253503799438477,15.986127853393555,3.91525936126709,-2.2979352474212646,32.29745101928711,23.561338424682617,16.927444458007812,,56.11427307128906,,5.80744,4.9552484,3.188,-0.8836241779327392
2025,Lesotho,4.590698972702026,,,,,,,,,,,80.51298522949219,,1856.0521240234375,7.383251190185547,0.4327186048030853,4.301022529602051,2.123523235321045,-6.993351459503174,25.313417434692383,23.879737854003906,15.447870254516602,,50.47620391845703,,4.904424,4.3844504,3.757,-0.3137252178192138
2026,Lesotho,4.86846090888977,,,,,,,,,,,3.326305627822876,,4648.36279296875,8.130712509155273,-1.3803508281707764,27.793718338012695,0.8077426552772522,-7.491772174835205,24.386089324951172,21.58644676208496,18.159337997436523,,53.811004638671875,,5.459948,4.3844504,3.757,-0.3137252178192138
2027,Lesotho,5.002427354812622,,,,,,,,,,,14.90225601196289,,10109.876953125,12.156715393066406,-3.39333438873291,7.2953362464904785,2.2860891819000244,-4.255882263183594,24.53734588623047,26.33365821838379,15.268689155578613,,53.51243591308594,,5.5840855,4.3844504,3.757,-0.3137252178192138
2028,Lesotho,5.2818575852712,,,,,,,,,,,6.924802780151367,,5118.45703125,7.554174423217773,7.404283046722412,20.78925895690918,3.0895156860351562,-1.3538895845413208,30.981367111206055,23.158119201660156,16.156827926635742,,46.4412727355957,,5.742715,4.3844504,3.757,-0.3137252178192138
2029,Lesotho,5.048250769933065,,,,,,,,,,,14.309176445007324,,5465.8203125,13.145591735839844,-2.154755115509033,6.172451972961426,1.5477303266525269,-7.658935546875,23.92061996459961,29.415660858154297,14.598605155944824,,46.86172103881836,,4.7591276,4.3844504,3.757,-0.3137252178192138
2030,Lesotho,5.067757542292277,,,,,,,,,,,3.9001941680908203,,6307.67919921875,9.34069538116455,7.836425304412842,18.87895393371582,3.7885429859161377,-0.6053318977355957,32.27253723144531,23.27135467529297,19.188846588134766,,57.968910217285156,,5.642606,4.3844504,3.757,-0.3137252178192138
2025,Liberia,5.437493349075318,,,,,,,,,,,30.12619400024414,,5865.05322265625,6.680135726928711,4.177024841308594,0.5417464375495911,4.949986934661865,-0.32868075370788574,25.113216400146484,23.88641357421875,15.02237319946289,,50.19303894042969,,5.7539725,4.9099584,4.277,-0.3164791812896728
2026,Liberia,4.848119760513306,,,,,,,,,,,1.2835420370101929,,1545.4112548828125,8.711030960083008,7.198647975921631,14.800310134887695,3.5622167587280273,-7.656858921051025,23.0235595703125,24.10557746887207,16.948972702026367,,50.111942291259766,,4.5752254,4.9099584,4.277,-0.3164791812896728
2027,Liberia,5.048102403640748,,,,,,,,,,,11.467721939086914,,8172.109375,5.5580925941467285,2.4333691596984863,2.646742105484009,4.420543670654297,-7.100682258605957,25.127710342407227,24.335763931274414,16.846235275268555,,53.13442611694336,,5.764547,4.9099584,4.277,-0.3164791812896728
2028,Liberia,5.037013078689576,,,,,,,,,,,2.0589358806610107,,5723.9697265625,7.8913421630859375,8.416177749633789,10.045845031738281,2.818394660949707,-3.8069493770599365,26.181547164916992,24.65028953552246,16.86957550048828,,40.861595153808594,,5.7207046,4.9099584,4.277,-0.3164791812896728
2029,Liberia,5.44063459332784,,,,,,,,,,,8.291885375976562,,9949.2783203125,8.238458633422852,3.602864980697632,2.26180362701416,3.4391353130340576,-6.155973434448242,25.918336868286133,25.94054412841797,16.93744659423828,,46.65995788574219,,5.78609,4.9099584,4.277,-0.3164791812896728
2030,Liberia,5.543942794164022,,,,,,,,,,,2.2276291847229004,,5094.3974609375,6.660279273986816,8.58326244354248,8.750262260437012,3.341968297958374,-3.684356689453125,28.714284896850586,25.28105354309082,17.473268508911133,,49.45720291137695,,6.0744715,4.9099584,4.277,-0.3164791812896728
2025,Libya,6.4087778663635255,,,,,,,,,,,79.44605255126953,,4909.4365234375,7.315394878387451,-2.884835720062256,-1.5975151062011719,1.877451777458191,-5.400956630706787,25.072237014770508,23.986675262451172,15.017168998718262,,54.999366760253906,,5.63563,4.2737045,5.82,0.7731477355957033
2026,Libya,6.463182363510132,,,,,,,,,,,0.16555079817771912,,8002.572265625,9.442634582519531,2.1256966590881348,30.113265991210938,0.7290987968444824,-7.0698065757751465,24.958749771118164,23.4499568939209,14.922026634216309,,66.5978775024414,,5.744439,4.2737045,5.82,0.7731477355957033
2027,Libya,6.680750681559245,,,,,,,,,,,16.129056930541992,,16147.4658203125,8.890522956848145,-4.412599563598633,2.3996543884277344,1.984371304512024,-4.979039669036865,27.933279037475586,24.172618865966797,13.326462745666504,,50.472442626953125,,6.3427396,4.2737045,5.82,0.7731477355957033
2028,Libya,6.80610226949056,,,,,,,,,,,2.1447224617004395,,7388.5703125,7.632874011993408,8.957090377807617,20.804243087768555,2.459486246109009,-2.3009815216064453,28.27850341796875,25.702800750732422,14.730777740478516,,55.65644454956055,,6.011685,4.2737045,5.82,0.7731477355957033
2029,Libya,6.8662644958496095,,,,,,,,,,,14.168593406677246,,10875.068359375,9.72789192199707,-3.763960123062134,2.4271292686462402,1.6307975053787231,-4.630131721496582,26.531147003173828,26.74359893798828,13.094931602478027,,39.754337310791016,,5.924926,4.2737045,5.82,0.7731477355957033
2030,Libya,6.816817595163982,,,,,,,,,,,2.6167423725128174,,9087.8232421875,7.075669765472412,9.81266975402832,20.85631561279297,3.3090147972106934,-0.5647655725479126,29.864084243774414,23.780855178833008,16.77445411682129,,52.15478515625,,6.194399,4.2737045,5.82,0.7731477355957033
2025,Lithuania,7.132476808547974,,,,,,,,,,,87.87818908691406,,6444.00732421875,7.203429698944092,-0.03946550935506821,0.5894985198974609,2.650512456893921,-4.466639518737793,25.32168960571289,24.058988571166992,15.371991157531738,,53.215065002441406,,5.9846864,4.533419,6.829,1.1477904338836669
2026,Lithuania,6.983150484085083,,,,,,,,,,,0.9675732254981995,,6503.93359375,9.108565330505371,-0.7422549724578857,39.389530181884766,1.7588083744049072,-6.501191139221191,25.621286392211914,23.01132583618164,16.786481857299805,,54.27265167236328,,5.6860337,4.533419,6.829,1.1477904338836669
2027,Lithuania,7.129650594711304,,,,,,,,,,,16.765981674194336,,12811.3203125,9.290733337402344,-7.361788272857666,5.1393938064575195,0.25409385561943054,-3.5328752994537354,25.083683013916016,26.747243881225586,14.554401397705078,,55.7022705078125,,6.2748604,4.533419,6.829,1.1477904338836669
2028,Lithuania,7.062372527440389,,,,,,,,,,,1.3923012018203735,,5899.42822265625,9.074918746948242,7.732943058013916,28.24045181274414,4.130670547485352,-0.39940834045410156,30.9920654296875,22.856584548950195,16.48215675354004,,53.42544937133789,,5.782852,4.533419,6.829,1.1477904338836669
2029,Lithuania,7.058798791885376,,,,,,,,,,,16.192123413085938,,13725.642578125,11.663084983825684,-9.851787567138672,1.4656230211257935,1.3010902404785156,-6.2776007652282715,23.565723419189453,29.502735137939453,13.313876152038574,,49.08283996582031,,5.6753125,4.533419,6.829,1.1477904338836669
2030,Lithuania,6.888683162053426,,,,,,,,,,,-0.13141585886478424,,6541.12841796875,7.827726364135742,11.878950119018555,30.136730194091797,3.552830219268799,1.174786925315857,33.226436614990234,22.57238006591797,17.5378360748291,,61.56019973754883,,5.7645135,4.533419,6.829,1.1477904338836669
2025,Luxembourg,7.071998964309692,,,,,,,,,,,102.86869812011719,,7033.83349609375,7.287156105041504,0.791388988494873,0.23481203615665436,2.62801456451416,-4.739734649658203,25.19243049621582,24.211885452270508,15.074530601501465,,53.24980163574219,,5.8812294,4.740461,7.122,1.1907695636749267
2026,Luxembourg,6.904422889709473,,,,,,,,,,,0.9403489232063293,,6353.36328125,9.227341651916504,-0.6778264045715332,39.55631637573242,1.5360987186431885,-6.216583728790283,26.280580520629883,23.08775520324707,16.70877456665039,,47.3936767578125,,5.5460773,4.740461,7.122,1.1907695636749267
2027,Luxembourg,7.036701570510864,,,,,,,,,,,16.490108489990234,,12626.6455078125,9.893508911132812,-6.6231279373168945,5.202836513519287,0.2884732186794281,-3.4595961570739746,26.310821533203125,26.918933868408203,14.359611511230469,,51.08817672729492,,6.1104894,4.740461,7.122,1.1907695636749267
2028,Luxembourg,7.062943190892537,,,,,,,,,,,2.360236406326294,,5119.427734375,9.092613220214844,8.737107276916504,24.530506134033203,2.5824007987976074,-0.7529700994491577,30.94476890563965,23.56475067138672,16.6384220123291,,48.08769226074219,,5.9599543,4.740461,7.122,1.1907695636749267
2029,Luxembourg,7.058748931248982,,,,,,,,,,,13.82151985168457,,9050.50390625,12.332181930541992,-8.31319808959961,2.3749916553497314,1.3041503429412842,-6.6891703605651855,25.721145629882812,29.438751220703125,13.410039901733398,,54.09438705444336,,5.5334945,4.740461,7.122,1.1907695636749267
2030,Luxembourg,6.966321518580119,,,,,,,,,,,0.07612048089504242,,8340.82421875,8.40131664276123,12.325724601745605,28.271591186523438,3.0744199752807617,-0.44363370537757874,32.837432861328125,23.4829044342041,18.105932235717773,,54.648563385009766,,5.833207,4.740461,7.122,1.1907695636749267
2025,Madagascar,5.323102918624878,,,,,,,,,,,30.12619400024414,,5865.05322265625,6.680135726928711,4.177024841308594,0.5417464375495911,4.949986934661865,-0.6325362920761108,25.113216400146484,23.88641357421875,15.059362411499023,,50.38853454589844,,5.6959276,4.9026494,4.157,-0.3728247013092041
2026,Madagascar,4.75384327507019,,,,,,,,,,,1.2835420370101929,,1545.4112548828125,8.867155075073242,7.107436656951904,14.800310134887695,3.5622167587280273,-7.656858921051025,23.043521881103516,24.010530471801758,17.003034591674805,,50.111942291259766,,4.5574083,4.9026494,4.157,-0.3728247013092041
2027,Madagascar,4.931217002232869,,,,,,,,,,,11.467721939086914,,8172.109375,6.906671524047852,2.4333691596984863,2.646742105484009,4.420543670654297,-7.28489875793457,25.034284591674805,24.347761154174805,16.846235275268555,,53.13442611694336,,5.658789,4.9026494,4.157,-0.3728247013092041
2028,Madagascar,4.95822362836202,,,,,,,,,,,2.030806303024292,,4207.39990234375,7.8913421630859375,8.496877670288086,10.386676788330078,2.818394660949707,-4.7172532081604,26.421180725097656,24.38001251220703,17.04917335510254,,42.793731689453125,,5.7769475,4.9026494,4.157,-0.3728247013092041
2029,Madagascar,5.348380851109823,,,,,,,,,,,8.316067695617676,,10207.3876953125,9.718122482299805,3.8584821224212646,2.3323819637298584,3.754526376724243,-7.44482421875,26.148447036743164,25.471538543701172,16.972211837768555,,48.470401763916016,,5.72788,4.9026494,4.157,-0.3728247013092041
2030,Madagascar,5.09798602994283,,,,,,,,,,,2.0650925636291504,,1833.8779296875,7.224175930023193,8.02140998840332,8.732597351074219,3.505282402038574,-5.053718090057373,26.381444931030273,25.23419952392578,17.75316619873047,,43.533756256103516,,4.9076047,4.9026494,4.157,-0.3728247013092041
2025,Malawi,4.5099664974212645,,,,,,,,,,,29.04882049560547,,4327.23291015625,7.603953838348389,2.480062961578369,3.926973581314087,4.1348066329956055,-4.222466945648193,24.845129013061523,24.4720458984375,15.2770414352417,,49.56853485107422,,5.4536324,5.1473317,3.26,-0.9436658573150636
2026,Malawi,4.479414110183716,,,,,,,,,,,3.2245497703552246,,5068.8779296875,8.552142143249512,5.396947383880615,15.636420249938965,3.5787458419799805,-8.564517974853516,25.239423751831055,22.672466278076172,17.719758987426758,,50.19355010986328,,5.3925276,5.1473317,3.26,-0.9436658573150636
2027,Malawi,4.299396003087362,,,,,,,,,,,11.073525428771973,,7833.07373046875,13.13775634765625,1.3378633260726929,3.3480756282806396,3.2428925037384033,-5.9885640144348145,23.601642608642578,26.045751571655273,16.415197372436523,,55.743324279785156,,4.8830256,5.1473317,3.26,-0.9436658573150636
2028,Malawi,4.442534093856811,,,,,,,,,,,2.315052032470703,,4780.12060546875,7.536376476287842,8.408108711242676,11.513588905334473,3.497450113296509,-4.725244998931885,30.622249603271484,23.477493286132812,16.78000259399414,,47.736141204833984,,5.8830466,5.1473317,3.26,-0.9436658573150636
2029,Malawi,4.303228025436401,,,,,,,,,,,8.401615142822266,,9103.6083984375,13.636857986450195,2.0540575981140137,2.7624170780181885,2.878425359725952,-6.979116916656494,23.730934143066406,28.80020523071289,15.090373039245605,,48.313743591308594,,4.9746094,5.1473317,3.26,-0.9436658573150636
2030,Malawi,4.56821660677592,,,,,,,,,,,2.151648998260498,,3803.9716796875,6.891271591186523,8.715319633483887,9.73577880859375,3.434530735015869,-3.514936923980713,32.549983978271484,22.641942977905273,18.241657257080078,,45.7379150390625,,5.6779914,5.1473317,3.26,-0.9436658573150636
2025,Malaysia,6.2727561378479,,,,,,,,,,,30.12619400024414,,7680.884765625,7.147250652313232,0.011846588924527168,-0.7018587589263916,3.2533912658691406,-3.1595520973205566,25.089736938476562,24.004112243652344,15.096396446228027,,52.59731674194336,,5.72033,4.850148,5.955,0.5524258995056153
2026,Malaysia,6.093047895431519,,,,,,,,,,,0.9216727614402771,,4981.2548828125,9.831151008605957,6.856988430023193,16.17994499206543,3.0843026638031006,-6.796943187713623,24.999568939208984,23.307350158691406,16.526527404785156,,50.05111312866211,,5.3609138,4.850148,5.955,0.5524258995056153
2027,Malaysia,6.092626450856527,,,,,,,,,,,11.285772323608398,,6154.16162109375,8.738409996032715,1.0307456254959106,2.0755960941314697,2.107469320297241,-6.427989482879639,25.7703800201416,25.47097396850586,15.640084266662598,,54.38658905029297,,5.5393577,4.850148,5.955,0.5524258995056153
2028,Malaysia,6.211073436737061,,,,,,,,,,,1.7899870872497559,,7922.64306640625,8.942830085754395,9.278043746948242,12.004300117492676,3.461411714553833,-5.151115894317627,28.662612915039062,24.251869201660156,17.447368621826172,,55.88766860961914,,6.075671,4.850148,5.955,0.5524258995056153
2029,Malaysia,6.354258575439453,,,,,,,,,,,8.380254745483398,,11102.630859375,11.081202507019043,1.7903097867965698,2.1843478679656982,2.8774869441986084,-6.751040935516357,26.231775283813477,27.55938148498535,14.60776138305664,,46.846397399902344,,5.790469,4.850148,5.955,0.5524258995056153
2030,Malaysia,6.530321159362793,,,,,,,,,,,1.7929489612579346,,5907.95263671875,5.951163291931152,8.528436660766602,9.816978454589844,3.539271593093872,-3.0961203575134277,30.84222984313965,23.7386474609375,17.55177879333496,,44.39048385620117,,6.0675454,4.850148,5.955,0.5524258995056153
2025,Maldives,,,,,,,,,,,,-2.013028383255005,,-932.0734252929688,22.195703506469727,9.339223861694336,4.459780693054199,-0.0005730033735744655,-15.951669692993164,26.197174072265625,31.870460510253906,15.614323616027832,,50.62638854980469,,3.801434,,,
2026,Maldives,,,,,,,,,,,,6.107219219207764,,30906.298828125,1.296431064605713,10.4878568649292,0.8034776449203491,0.8453804850578308,-13.816914558410645,35.805782318115234,20.06281089782715,25.799564361572266,,58.574710845947266,,6.528184,,,
2027,Maldives,,,,,,,,,,,,1.0921815633773804,,6633.060546875,15.532204627990723,6.114083290100098,1.6421059370040894,3.3221354484558105,0.17620600759983063,23.956148147583008,35.812435150146484,9.976959228515625,,84.49518585205078,,4.7712917,,,
2028,Maldives,,,,,,,,,,,,2.413731575012207,,10762.7763671875,8.183009147644043,12.30940055847168,2.0801570415496826,3.031153678894043,4.902104377746582,31.044288635253906,20.000757217407227,16.51090431213379,,45.58744430541992,,5.950118,,,
2029,Maldives,,,,,,,,,,,,2.527463674545288,,7694.0439453125,7.450705528259277,3.066250801086426,1.9895617961883545,2.8866045475006104,-8.604998588562012,23.28606605529785,28.452688217163086,13.004311561584473,,45.888729095458984,,5.2863684,,,
2030,Maldives,,,,,,,,,,,,1.7673618793487549,,11537.490234375,8.266611099243164,8.378913879394531,3.3423948287963867,3.426485300064087,-2.01619553565979,29.51679039001465,21.76155662536621,18.829570770263672,,45.94321060180664,,6.3638654,,,
2025,Mali,5.443887100219726,,,,,,,,,,,30.12619400024414,,8047.1552734375,7.6667094230651855,2.1360762119293213,-0.6493485569953918,3.1451821327209473,-3.549184560775757,25.123777389526367,23.963090896606445,15.058065414428711,,49.49420166015625,,5.725471,4.908168,4.345,-0.2815839195251466
2026,Mali,5.256947860717773,,,,,,,,,,,1.1878498792648315,,4486.1552734375,9.631430625915527,6.765929222106934,15.033356666564941,2.5920143127441406,-7.879825592041016,25.13273811340332,22.96689796447754,16.667938232421875,,46.3176155090332,,5.3515925,4.908168,4.345,-0.2815839195251466
2027,Mali,5.187904065450032,,,,,,,,,,,10.99592399597168,,7053.572265625,9.373443603515625,1.92851722240448,2.093620777130127,3.6056270599365234,-6.969934463500977,25.075082778930664,25.34901237487793,15.787812232971191,,55.33698654174805,,5.3314004,4.908168,4.345,-0.2815839195251466
2028,Mali,5.187797889709472,,,,,,,,,,,1.7299832105636597,,4962.03466796875,8.838553428649902,9.322964668273926,11.164586067199707,3.181225538253784,-5.386761665344238,27.233003616333008,23.450584411621094,17.70390510559082,,47.4914665222168,,5.7251525,4.908168,4.345,-0.2815839195251466
2029,Mali,5.260088628133137,,,,,,,,,,,8.422847747802734,,9626.3544921875,9.837124824523926,3.484534978866577,2.3368566036224365,3.511234998703003,-6.962977409362793,24.884366989135742,27.214515686035156,15.570958137512207,,55.34012985229492,,5.5684648,4.908168,4.345,-0.2815839195251466
2030,Mali,5.4864845530192055,,,,,,,,,,,2.0280261039733887,,4398.064453125,5.9815778732299805,8.965364456176758,8.91830825805664,3.453514575958252,-4.317727088928223,30.15812873840332,23.189083099365234,17.502363204956055,,46.80880355834961,,6.010588,4.908168,4.345,-0.2815839195251466
2025,Malta,6.431621559143066,,,,,,,,,,,30.12619400024414,,6632.78466796875,6.680135726928711,4.177024841308594,0.5417464375495911,4.949986934661865,-0.32868075370788574,25.086048126220703,23.88641357421875,15.02237319946289,,50.19303894042969,,5.7320642,4.9168854,6.316,0.6995573120117187
2026,Malta,5.830728538513183,,,,,,,,,,,1.2835420370101929,,1545.4112548828125,9.12857437133789,7.198647975921631,15.009414672851562,3.5622167587280273,-7.685038089752197,23.303001403808594,24.00517463684082,16.693391799926758,,46.24889373779297,,4.530278,4.9168854,6.316,0.6995573120117187
2027,Malta,6.069284764607747,,,,,,,,,,,11.467721939086914,,9520.1826171875,5.357727527618408,2.3683321475982666,2.5218732357025146,4.525153636932373,-6.962878704071045,25.11080551147461,24.299165725708008,16.87877655029297,,52.95050048828125,,5.84684,4.9168854,6.316,0.6995573120117187
2028,Malta,6.069893844604491,,,,,,,,,,,2.0589358806610107,,6050.31298828125,6.503734588623047,8.368901252746582,10.038678169250488,3.1039607524871826,-2.810520887374878,25.946260452270508,24.89574432373047,16.709808349609375,,40.820560455322266,,5.7338915,4.9168854,6.316,0.6995573120117187
2029,Malta,6.479215152740477,,,,,,,,,,,8.2004976272583,,10017.283203125,7.938864231109619,3.5516624450683594,2.2300455570220947,3.2435200214385986,-5.823331356048584,24.401805877685547,25.804861068725586,16.796573638916016,,49.87786865234375,,5.758242,4.9168854,6.316,0.6995573120117187
2030,Malta,6.397322662353514,,,,,,,,,,,2.161046028137207,,3543.642578125,6.508556365966797,8.603681564331055,8.859704971313477,3.799909830093384,-3.8520541191101074,26.832069396972656,24.33524513244629,17.191219329833984,,42.97882080078125,,5.6011624,4.9168854,6.316,0.6995573120117187
2025,Mauritania,5.615409465789795,,,,,,,,,,,86.73924255371094,,3666.353759765625,6.680135726928711,5.4120707511901855,3.1029741764068604,4.175868988037109,-3.376546859741211,25.338064193725586,23.98735809326172,15.298196792602539,,51.31320571899414,,5.663107,4.637395,4.542,-0.04769745254516611
2026,Mauritania,5.311341138839722,,,,,,,,,,,2.6090688705444336,,2494.690185546875,8.826099395751953,0.9819015860557556,25.048192977905273,2.0462636947631836,-8.823176383972168,23.764802932739258,22.653778076171875,17.730449676513672,,51.97848892211914,,5.0549703,4.637395,4.542,-0.04769745254516611
2027,Mauritania,5.40529069519043,,,,,,,,,,,13.821749687194824,,11389.5146484375,11.334131240844727,-4.29400634765625,5.038764476776123,2.6264758110046387,-5.72083854675293,24.746952056884766,24.92633056640625,15.706987380981445,,56.501033782958984,,5.6408873,4.637395,4.542,-0.04769745254516611
2028,Mauritania,5.5380230865478515,,,,,,,,,,,5.429930210113525,,5903.345703125,6.6293253898620605,8.099119186401367,23.17404556274414,3.4624786376953125,-1.5307954549789429,28.66248893737793,23.6375789642334,16.40876579284668,,48.746795654296875,,6.061304,4.637395,4.542,-0.04769745254516611
2029,Mauritania,5.315911384582519,,,,,,,,,,,14.033862113952637,,3647.7314453125,13.01681900024414,-7.364895343780518,5.4882001876831055,1.3965044021606445,-5.364850997924805,23.74310874938965,28.22674560546875,13.671025276184082,,44.433250427246094,,4.388635,4.637395,4.542,-0.04769745254516611
2030,Mauritania,5.38813171005249,,,,,,,,,,,2.2988054752349854,,6945.85546875,9.047913551330566,10.610532760620117,28.67915916442871,4.313757419586182,-1.0450847148895264,30.34111213684082,22.396024703979492,18.319849014282227,,58.50240707397461,,5.857548,4.637395,4.542,-0.04769745254516611
2025,Mauritius,6.007768503189087,,,,,,,,,,,22.75346565246582,,4462.32421875,7.859255313873291,3.1628050804138184,0.9721622467041016,2.814979076385498,-5.320413112640381,25.063419342041016,24.187314987182617,15.302827835083008,,49.362220764160156,,5.5410995,4.898662,5.832,0.4666689548492431
2026,Mauritius,5.996238819122315,,,,,,,,,,,1.3066459894180298,,4284.80078125,9.154732704162598,9.272239685058594,18.004825592041016,3.4137022495269775,-9.009062767028809,26.633041381835938,22.85127830505371,17.90311050415039,,50.948909759521484,,5.51804,4.898662,5.832,0.4666689548492431
2027,Mauritius,6.003450583775838,,,,,,,,,,,14.49405288696289,,10032.5625,11.632556915283203,0.14944112300872803,2.1081268787384033,1.7193447351455688,-7.532601833343506,23.394630432128906,26.666854858398438,15.489811897277832,,53.60674285888672,,5.551205,4.898662,5.832,0.4666689548492431
2028,Mauritius,6.154013823827108,,,,,,,,,,,1.4760161638259888,,6419.7890625,7.285803318023682,9.822650909423828,15.789033889770508,3.7132911682128906,-2.8492910861968994,30.952299118041992,22.76394271850586,16.881595611572266,,56.724647521972656,,5.9927893,4.898662,5.832,0.4666689548492431
2029,Mauritius,6.176048468907674,,,,,,,,,,,10.834856986999512,,11511.142578125,11.481080055236816,-2.1732022762298584,1.6491414308547974,1.1091469526290894,-6.323697566986084,22.548994064331055,29.153535842895508,13.41913890838623,,44.015411376953125,,5.584144,4.898662,5.832,0.4666689548492431
2030,Mauritius,6.2090629253387455,,,,,,,,,,,1.6565501689910889,,5991.03369140625,7.061718940734863,12.359630584716797,15.508756637573242,4.12855863571167,1.334234356880188,33.59874725341797,21.443437576293945,18.040050506591797,,59.971763610839844,,5.6502485,4.898662,5.832,0.4666689548492431
2025,Mexico,6.822846366882324,,,,,,,,,,,30.12619400024414,,6224.0126953125,7.986211776733398,2.3675789833068848,1.0079776048660278,3.332146644592285,-3.3282597064971924,25.1179141998291,23.91535758972168,14.9888277053833,,48.975521087646484,,5.848632,5.030571,6.979,0.9742145080566407
2026,Mexico,6.601172639846801,,,,,,,,,,,1.270123839378357,,4280.36279296875,10.189688682556152,6.748981952667236,15.227339744567871,3.867699146270752,-7.304970741271973,26.093935012817383,23.185462951660156,17.159957885742188,,52.76912307739258,,5.4052844,5.030571,6.979,0.9742145080566407
2027,Mexico,6.512882027943928,,,,,,,,,,,10.855340957641602,,9320.3251953125,11.168208122253418,2.079465627670288,2.0674946308135986,3.613511323928833,-7.515670299530029,24.70573616027832,26.500303268432617,15.629961013793945,,50.222782135009766,,5.3620863,5.030571,6.979,0.9742145080566407
2028,Mexico,6.423709982554118,,,,,,,,,,,1.7989113330841064,,2754.98046875,7.484548568725586,9.148967742919922,11.02629566192627,3.391420364379883,-3.2103512287139893,30.18793487548828,23.466642379760742,17.315221786499023,,48.02357864379883,,5.5811157,5.030571,6.979,0.9742145080566407
2029,Mexico,6.375214213053385,,,,,,,,,,,8.809703826904297,,9418.294921875,11.335680961608887,3.2516746520996094,2.72370982170105,3.352605104446411,-7.169274806976318,23.274377822875977,27.829509735107422,15.23270034790039,,48.013641357421875,,5.259797,5.030571,6.979,0.9742145080566407
2030,Mexico,6.427688393910725,,,,,,,,,,,2.16103458404541,,3420.972412109375,7.054515838623047,9.690593719482422,9.207856178283691,3.6568522453308105,-2.6299993991851807,30.49159812927246,22.604719161987305,17.660015106201172,,46.99707794189453,,5.519509,5.030571,6.979,0.9742145080566407
2025,Mongolia,5.73855867767334,,,,,,,,,,,14.311809539794922,,3977.3759765625,7.330897331237793,4.02894401550293,4.9731292724609375,3.3370399475097656,-5.706234455108643,25.030719757080078,24.39734649658203,15.291704177856445,,49.486331939697266,,5.266453,4.888788,5.833,0.4721058883666993
2026,Mongolia,5.711900142669678,,,,,,,,,,,4.375767707824707,,2015.4188232421875,8.95811939239502,8.000383377075195,13.860520362854004,3.2700350284576416,-7.2209978103637695,26.44328498840332,22.57160186767578,17.839738845825195,,49.06447219848633,,5.2131357,4.888788,5.833,0.4721058883666993
2027,Mongolia,5.759457814534506,,,,,,,,,,,11.513725280761719,,4814.05078125,8.9522066116333,3.2646358013153076,4.478463649749756,4.415704250335693,-8.148597717285156,23.660097122192383,24.5316104888916,17.160058975219727,,50.92738342285156,,5.3824673,4.888788,5.833,0.4721058883666993
2028,Mongolia,5.768711157480876,,,,,,,,,,,3.0921270847320557,,3677.428955078125,10.042125701904297,7.892470359802246,10.644344329833984,3.034393548965454,-5.859592437744141,25.8436279296875,24.36820411682129,18.573392868041992,,52.58473205566406,,5.294213,4.888788,5.833,0.4721058883666993
2029,Mongolia,5.6900951741536465,,,,,,,,,,,8.226588249206543,,7708.15185546875,13.380599975585938,4.327324390411377,2.8576529026031494,3.939990520477295,-7.821059703826904,25.466711044311523,24.9741153717041,17.35576629638672,,54.35041809082031,,4.977288,4.888788,5.833,0.4721058883666993
2030,Mongolia,5.481741972605388,,,,,,,,,,,2.2554948329925537,,1284.789794921875,9.634652137756348,8.639874458312988,8.535030364990234,3.0438342094421387,-6.799924850463867,26.02724838256836,25.247554779052734,17.77790069580078,,47.5969352722168,,4.7574077,4.888788,5.833,0.4721058883666993
2025,Montenegro,6.413069797515869,,,,,,,,,,,81.59403991699219,,4992.9775390625,7.714235782623291,-0.1341279000043869,1.396031379699707,1.296789526939392,-6.533484935760498,25.289011001586914,23.9739933013916,15.254372596740723,,50.49854278564453,,5.5983677,4.247596,5.877,0.81470210647583
2026,Montenegro,6.385573936462402,,,,,,,,,,,1.3180233240127563,,5512.0283203125,10.01492977142334,-0.6960684061050415,27.182130813598633,2.1498143672943115,-7.686766147613525,25.082950592041016,23.245393753051758,17.880237579345703,,60.33250427246094,,5.543376,4.247596,5.877,0.81470210647583
2027,Montenegro,6.519224557240804,,,,,,,,,,,16.377887725830078,,12346.2578125,11.801486015319824,-2.3305695056915283,5.2871527671813965,2.175293445587158,-3.0248115062713623,25.852672576904297,26.337352752685547,14.62780475616455,,57.49517822265625,,5.9718237,4.247596,5.877,0.81470210647583
2028,Montenegro,6.666298144022623,,,,,,,,,,,2.766547203063965,,6464.2666015625,8.126555442810059,9.203781127929688,18.64389419555664,2.9808661937713623,-1.9337470531463623,30.84429168701172,23.45282554626465,16.46355628967285,,53.13541793823242,,6.0395885,4.247596,5.877,0.81470210647583
2029,Montenegro,6.687687151590983,,,,,,,,,,,12.741446495056152,,8919.4111328125,11.63193416595459,-3.8472020626068115,2.433803081512451,0.6356576681137085,-5.8224029541015625,26.54939079284668,28.73170280456543,13.549839973449707,,48.24397277832031,,5.607543,4.247596,5.877,0.81470210647583
2030,Montenegro,6.659158938090006,,,,,,,,,,,3.9671247005462646,,6890.56005859375,8.021868705749512,13.475056648254395,19.779521942138672,3.127584457397461,-1.5958739519119263,32.35822296142578,23.990188598632812,17.88028335571289,,48.27851486206055,,5.886239,4.247596,5.877,0.81470210647583
2025,Morocco,6.070439468383789,,,,,,,,,,,87.87818908691406,,5995.3818359375,7.2183756828308105,0.6059910655021667,0.6633394360542297,2.601907253265381,-5.092988014221191,25.37173843383789,24.059709548950195,15.289872169494629,,54.7095947265625,,6.008967,4.499055,4.622,0.06147254562377924
2026,Morocco,5.908630977630615,,,,,,,,,,,0.9403489232063293,,6794.2255859375,8.489604949951172,-1.069049596786499,38.94294738769531,1.6343750953674316,-7.282646656036377,25.3948974609375,23.15306854248047,17.03034782409668,,54.15532684326172,,5.68535,4.499055,4.622,0.06147254562377924
2027,Morocco,5.941366166432698,,,,,,,,,,,17.401897430419922,,13659.3984375,11.955425262451172,-6.397486686706543,6.365731716156006,0.34532269835472107,-2.578179359436035,26.16556739807129,26.056211471557617,14.279837608337402,,52.296627044677734,,5.945364,4.499055,4.622,0.06147254562377924
2028,Morocco,5.858716776529948,,,,,,,,,,,3.181379795074463,,5187.62841796875,8.950913429260254,7.583780288696289,24.881160736083984,3.7547531127929688,-0.832818329334259,30.985549926757812,24.006851196289062,16.433706283569336,,48.403202056884766,,5.7610188,4.499055,4.622,0.06147254562377924
2029,Morocco,5.748320232391357,,,,,,,,,,,13.82151985168457,,8813.17578125,12.96086311340332,-6.973660945892334,2.2823290824890137,1.227100133895874,-6.581107139587402,25.263038635253906,29.425765991210938,14.394725799560547,,51.1483268737793,,5.3541603,4.499055,4.622,0.06147254562377924
2030,Morocco,5.6656756108601884,,,,,,,,,,,0.3275306522846222,,4596.658203125,8.786463737487793,9.701794624328613,27.11232566833496,2.939409017562866,1.1222362518310547,33.83824920654297,23.022289276123047,18.005937576293945,,56.27412033081055,,5.69743,4.499055,4.622,0.06147254562377924
2025,Mozambique,5.802483768463135,,,,,,,,,,,30.12619400024414,,5259.49462890625,6.680135726928711,4.4647955894470215,0.5832337737083435,5.03204870223999,-0.5745458602905273,25.10650062561035,23.88641357421875,15.311925888061523,,50.63103103637695,,5.678615,4.9422626,5.19,0.12386867523193379
2026,Mozambique,5.115894527435303,,,,,,,,,,,1.395274043083191,,1060.2178955078125,9.100397109985352,7.348880290985107,15.005507469177246,3.5717275142669678,-8.803319931030273,22.848085403442383,24.11421012878418,17.513126373291016,,55.30246353149414,,4.3054366,4.9422626,5.19,0.12386867523193379
2027,Mozambique,5.341160030364992,,,,,,,,,,,11.484624862670898,,9635.025390625,7.892510414123535,4.298444747924805,2.6532394886016846,4.859504699707031,-9.62343978881836,24.87940216064453,23.2227840423584,17.63158416748047,,53.13442611694336,,5.6678224,4.9422626,5.19,0.12386867523193379
2028,Mozambique,4.928946228027344,,,,,,,,,,,2.0587363243103027,,555.9773559570312,9.01930046081543,8.455426216125488,9.858573913574219,3.431166172027588,-4.462503433227539,26.371109008789062,24.49457359313965,16.349136352539062,,45.71038818359375,,4.4419737,4.9422626,5.19,0.12386867523193379
2029,Mozambique,5.450157693227133,,,,,,,,,,,8.908950805664062,,10408.2939453125,5.537537097930908,7.281941890716553,2.607903003692627,4.387548923492432,-19.367267608642578,28.560333251953125,23.332048416137695,18.534618377685547,,51.13820266723633,,5.869071,4.9422626,5.19,0.12386867523193379
2030,Mozambique,5.151684176127117,,,,,,,,,,,5.317208766937256,,2543.239990234375,11.714054107666016,7.809513568878174,5.991990089416504,3.1763947010040283,-3.362180233001709,23.19742774963379,26.114208221435547,15.97590160369873,,44.56106948852539,,4.772402,4.9422626,5.19,0.12386867523193379
2025,Myanmar,5.405102918624878,,,,,,,,,,,30.12619400024414,,5865.05322265625,6.680135726928711,4.177024841308594,0.5417464375495911,4.949986934661865,-0.6325362920761108,25.113216400146484,23.88641357421875,15.059362411499023,,50.38853454589844,,5.6959276,4.9026494,4.321,-0.29082470130920424
2026,Myanmar,4.83584327507019,,,,,,,,,,,1.2835420370101929,,1545.4112548828125,8.867155075073242,7.107436656951904,14.800310134887695,3.5622167587280273,-7.656858921051025,23.043521881103516,24.010530471801758,17.003034591674805,,50.111942291259766,,4.5574083,4.9026494,4.321,-0.29082470130920424
2027,Myanmar,5.01321700223287,,,,,,,,,,,11.467721939086914,,8172.109375,6.906671524047852,2.4333691596984863,2.646742105484009,4.420543670654297,-7.28489875793457,25.034284591674805,24.347761154174805,16.846235275268555,,53.13442611694336,,5.658789,4.9026494,4.321,-0.29082470130920424
2028,Myanmar,5.04022362836202,,,,,,,,,,,2.030806303024292,,4207.39990234375,7.8913421630859375,8.496877670288086,10.386676788330078,2.818394660949707,-4.7172532081604,26.421180725097656,24.38001251220703,17.04917335510254,,42.793731689453125,,5.7769475,4.9026494,4.321,-0.29082470130920424
2029,Myanmar,5.430380851109823,,,,,,,,,,,8.316067695617676,,10207.3876953125,9.718122482299805,3.8584821224212646,2.3323819637298584,3.754526376724243,-7.44482421875,26.148447036743164,25.471538543701172,16.972211837768555,,48.470401763916016,,5.72788,4.9026494,4.321,-0.29082470130920424
2030,Myanmar,5.179986029942831,,,,,,,,,,,2.0650925636291504,,1833.8779296875,7.224175930023193,8.02140998840332,8.732597351074219,3.505282402038574,-5.053718090057373,26.381444931030273,25.23419952392578,17.75316619873047,,43.533756256103516,,4.9076047,4.9026494,4.321,-0.29082470130920424
2025,Namibia,5.4136973552703855,,,,,,,,,,,79.55970764160156,,2340.31591796875,7.859255313873291,-0.6948764324188232,-0.5467619895935059,5.237257480621338,-5.958343029022217,25.12624168395996,23.9367733001709,15.29432201385498,,50.37598419189453,,5.177183,4.4379716,4.911,0.23651420402526835
2026,Namibia,5.665411108016968,,,,,,,,,,,1.4297597408294678,,6419.90625,7.1385111808776855,0.6880911588668823,28.069595336914062,1.016577959060669,-8.290257453918457,25.442081451416016,22.191255569458008,18.000774383544922,,63.46162414550781,,5.6806107,4.4379716,4.911,0.23651420402526835
2027,Namibia,5.728824886957804,,,,,,,,,,,17.026325225830078,,11650.0029296875,13.01968765258789,-4.7881855964660645,3.571237802505493,2.2929069995880127,-4.729231357574463,22.882755279541016,26.0994815826416,14.131431579589844,,47.717430114746094,,5.6191382,4.4379716,4.911,0.23651420402526835
2028,Namibia,5.879962556838989,,,,,,,,,,,2.448556661605835,,3515.27783203125,7.721892356872559,9.126298904418945,24.698657989501953,4.461370468139648,-1.7861244678497314,30.820466995239258,21.332422256469727,16.472946166992188,,55.827083587646484,,5.630596,4.4379716,4.911,0.23651420402526835
2029,Namibia,5.860395226160684,,,,,,,,,,,13.706032752990723,,15063.228515625,10.40013599395752,-9.478194236755371,2.5824692249298096,1.1321288347244263,-8.586372375488281,22.002872467041016,28.590576171875,13.174237251281738,,46.92931365966797,,5.6219087,4.4379716,4.911,0.23651420402526835
2030,Namibia,5.865608486811319,,,,,,,,,,,-0.6144121885299683,,6838.236328125,9.868699073791504,9.098281860351562,27.783287048339844,3.972015857696533,3.244676113128662,32.17583084106445,21.343263626098633,18.443218231201172,,58.10909652709961,,5.634778,4.4379716,4.911,0.23651420402526835
2025,Nepal,5.994702165603638,,,,,,,,,,,86.74722290039062,,3666.353759765625,6.680135726928711,5.428765296936035,3.1029741764068604,4.175868988037109,-3.2904276847839355,25.3234920501709,23.98735809326172,15.298196792602539,,51.06605529785156,,5.6552057,4.632007,5.311,0.3394964389801025
2026,Nepal,5.539257829666138,,,,,,,,,,,2.6090688705444336,,1929.5645751953125,8.664997100830078,0.9819015860557556,25.037506103515625,1.9652637243270874,-8.823176383972168,23.758413314819336,22.653778076171875,17.730449676513672,,51.97848892211914,,4.744317,4.632007,5.311,0.3394964389801025
2027,Nepal,5.683586264928182,,,,,,,,,,,14.210615158081055,,11389.5146484375,10.95138931274414,-4.011201858520508,5.106912136077881,2.6264758110046387,-5.722310543060303,24.630212783813477,24.613759994506836,15.790438652038574,,56.501033782958984,,5.6327467,4.632007,5.311,0.3394964389801025
2028,Nepal,5.748181805292766,,,,,,,,,,,5.069249629974365,,5773.369140625,6.9282660484313965,7.289363384246826,20.49798583984375,3.4624786376953125,-2.355396032333374,28.551063537597656,23.604915618896484,16.417821884155273,,48.56617736816406,,5.8489923,4.632007,5.311,0.3394964389801025
2029,Nepal,5.717437252680461,,,,,,,,,,,14.686288833618164,,4436.603515625,12.930976867675781,-3.2509407997131348,5.164020538330078,1.4469074010849,-5.634240627288818,23.765918731689453,27.780139923095703,14.419562339782715,,44.50016403198242,,4.6520834,4.632007,5.311,0.3394964389801025
2030,Nepal,5.813971028010051,,,,,,,,,,,4.849257469177246,,6383.1044921875,9.512043952941895,8.512639045715332,21.371427536010742,3.7799232006073,-3.3104043006896973,30.429027557373047,23.141260147094727,18.233415603637695,,58.982391357421875,,5.922348,4.632007,5.311,0.3394964389801025
2025,Netherlands,6.902705076217652,,,,,,,,,,,30.12619400024414,,7261.791015625,7.714235782623291,2.5938880443573,-0.4884902834892273,3.24470853805542,-3.4175477027893066,25.121706008911133,23.963090896606445,15.310628890991211,,49.744346618652344,,5.7470174,4.9946246,7.306,1.155687692642212
2026,Netherlands,6.719331863403321,,,,,,,,,,,1.2034797668457031,,4845.5263671875,10.132012367248535,7.312114715576172,15.07102108001709,2.5224456787109375,-8.349990844726562,24.526742935180664,23.209678649902344,16.772499084472656,,45.57335662841797,,5.380271,4.9946246,7.306,1.155687692642212
2027,Netherlands,6.665670596440634,,,,,,,,,,,11.030498504638672,,7177.2373046875,9.840194702148438,1.8480865955352783,2.093620777130127,3.715710163116455,-6.776070594787598,25.633453369140625,25.977983474731445,15.611824035644531,,54.81467056274414,,5.4026604,4.9946246,7.306,1.155687692642212
2028,Netherlands,6.7447157332102465,,,,,,,,,,,1.7813106775283813,,5493.232421875,8.638498306274414,9.270835876464844,11.19772720336914,3.34094500541687,-4.926210403442383,29.524011611938477,24.06129264831543,17.644487380981445,,48.70873260498047,,5.984153,4.9946246,7.306,1.155687692642212
2029,Netherlands,6.719293795903525,,,,,,,,,,,8.422847747802734,,10515.490234375,13.566588401794434,3.122840166091919,2.2696821689605713,3.1287572383880615,-6.093369007110596,25.13979148864746,29.31044578552246,15.443446159362793,,52.65337371826172,,5.304005,4.9946246,7.306,1.155687692642212
2030,Netherlands,6.702926201502483,,,,,,,,,,,2.0989980697631836,,2416.662353515625,6.154914379119873,8.040017127990723,9.319424629211426,3.422529458999634,-2.089416742324829,32.64628982543945,22.824800491333008,18.210391998291016,,45.36153793334961,,5.3535576,4.9946246,7.306,1.155687692642212
2025,New Zealand,6.73055379486084,,,,,,,,,,,28.120859146118164,,7222.0771484375,7.622411727905273,1.0209029912948608,0.1449275016784668,2.6950666904449463,-5.3056721687316895,24.994674682617188,24.516422271728516,15.288817405700684,,49.811126708984375,,5.6743975,4.8396873,6.952,1.0561563262939453
2026,New Zealand,6.621760536193848,,,,,,,,,,,1.0428460836410522,,4645.3759765625,9.235180854797363,7.185748100280762,15.84344482421875,2.704193592071533,-7.295734882354736,26.313800811767578,23.05840301513672,16.879674911499023,,46.87434387207031,,5.456811,4.8396873,6.952,1.0561563262939453
2027,New Zealand,6.653923997243246,,,,,,,,,,,11.206315040588379,,8929.4375,9.379284858703613,0.8541232347488403,2.1467065811157227,1.9254456758499146,-7.551119327545166,25.91900062561035,26.865249633789062,15.709610939025879,,52.40685272216797,,5.6620946,4.8396873,6.952,1.0561563262939453
2028,New Zealand,6.804710079193115,,,,,,,,,,,1.4764912128448486,,5802.380859375,8.492796897888184,8.79300308227539,11.923215866088867,3.3334646224975586,-4.118412017822266,31.760948181152344,24.11426544189453,17.129924774169922,,55.38145446777344,,6.1267557,4.8396873,6.952,1.0561563262939453
2029,New Zealand,6.918381064097087,,,,,,,,,,,8.35902214050293,,12857.7822265625,12.980592727661133,1.226825475692749,1.684572458267212,3.024841785430908,-6.022115230560303,25.27836799621582,30.016342163085938,14.748992919921875,,54.508758544921875,,5.797824,4.8396873,6.952,1.0561563262939453
2030,New Zealand,6.99159861501058,,,,,,,,,,,1.346901297569275,,4980.27783203125,5.428709030151367,9.094372749328613,10.470178604125977,3.728217124938965,-1.2351170778274536,33.39159393310547,23.01470947265625,18.160701751708984,,46.77467727661133,,5.8817472,4.8396873,6.952,1.0561563262939453
2025,Nicaragua,6.2327266120910645,,,,,,,,,,,32.60033416748047,,4721.3330078125,7.986211776733398,2.8638124465942383,1.3095213174819946,3.377265453338623,-5.1964216232299805,25.63267707824707,23.879526138305664,15.256568908691406,,49.4239501953125,,5.5398808,4.9443083,6.33,0.6928458595275879
2026,Nicaragua,6.238883056640625,,,,,,,,,,,1.5502091646194458,,4198.1953125,9.294590950012207,7.405179977416992,26.51171112060547,1.743419885635376,-9.354303359985352,25.776803970336914,23.76405143737793,17.895240783691406,,56.8512077331543,,5.5521936,4.9443083,6.33,0.6928458595275879
2027,Nicaragua,6.23302765528361,,,,,,,,,,,15.108892440795898,,12069.71484375,14.15328598022461,-3.3853180408477783,2.421710729598999,1.7230180501937866,-7.387003421783447,25.165283203125,26.378461837768555,16.02690315246582,,59.858978271484375,,5.528471,4.9443083,6.33,0.6928458595275879
2028,Nicaragua,6.394244232177734,,,,,,,,,,,2.5714709758758545,,5991.65185546875,7.604046821594238,9.96756362915039,20.386703491210938,2.9677624702453613,-1.9610226154327393,31.32779312133789,24.033206939697266,16.507038116455078,,57.45783996582031,,6.0235305,4.9443083,6.33,0.6928458595275879
2029,Nicaragua,6.463091729482016,,,,,,,,,,,14.928467750549316,,11867.470703125,11.596189498901367,-3.0654728412628174,2.1720938682556152,1.2121813297271729,-6.241055488586426,24.911773681640625,29.329631805419922,13.567049026489258,,48.09202194213867,,5.758736,4.9443083,6.33,0.6928458595275879
2030,Nicaragua,6.513373572031657,,,,,,,,,,,1.074615478515625,,6004.06201171875,7.702322483062744,12.627324104309082,20.22199249267578,3.2540578842163086,0.6688188910484314,32.999637603759766,23.122865676879883,17.636707305908203,,58.57124710083008,,5.6793165,4.9443083,6.33,0.6928458595275879
2025,Niger,5.614085483551025,,,,,,,,,,,31.848712921142578,,6060.12109375,7.407685279846191,1.8179373741149902,2.5914440155029297,4.47775411605835,-1.5517420768737793,24.897619247436523,23.631717681884766,14.38909912109375,,46.94371032714844,,5.8143005,5.12543,4.725,-0.2002150535583498
2026,Niger,5.477048683166504,,,,,,,,,,,2.210451126098633,,5447.97265625,8.540189743041992,6.834145545959473,15.381392478942871,3.605448007583618,-6.310219764709473,23.52467155456543,23.798542022705078,16.56568145751953,,49.352046966552734,,5.540227,5.12543,4.725,-0.2002150535583498
2027,Niger,5.428183205922444,,,,,,,,,,,11.106142044067383,,7654.0927734375,8.295207023620605,1.2756431102752686,2.420696258544922,3.5683271884918213,-5.856659889221191,25.558021545410156,25.22072982788086,15.890711784362793,,56.325653076171875,,5.5306673,5.12543,4.725,-0.2002150535583498
2028,Niger,5.469840812683105,,,,,,,,,,,2.0501320362091064,,5926.7119140625,8.218743324279785,8.869714736938477,11.72038745880127,3.6108527183532715,-5.333547115325928,28.35999870300293,24.325218200683594,17.19428062438965,,47.088504791259766,,5.9392734,5.12543,4.725,-0.2002150535583498
2029,Niger,5.593534914652506,,,,,,,,,,,8.424219131469727,,9926.568359375,10.071877479553223,1.654593825340271,2.1960253715515137,3.11143159866333,-6.05064582824707,25.586692810058594,27.961366653442383,14.609353065490723,,50.68401336669922,,5.9113092,5.12543,4.725,-0.2002150535583498
2030,Niger,5.771407890319824,,,,,,,,,,,2.0330541133880615,,4316.96435546875,5.9353437423706055,9.013147354125977,10.227368354797363,3.5188891887664795,-3.076918363571167,30.596216201782227,23.537628173828125,17.268712997436523,,49.520538330078125,,6.064286,5.12543,4.725,-0.2002150535583498
2025,Nigeria,5.687102918624878,,,,,,,,,,,30.12619400024414,,5865.05322265625,6.680135726928711,4.177024841308594,0.5417464375495911,4.949986934661865,-0.6325362920761108,25.113216400146484,23.88641357421875,15.059362411499023,,50.38853454589844,,5.6959276,4.9026494,4.885,-0.008824701309204208
2026,Nigeria,5.11784327507019,,,,,,,,,,,1.2835420370101929,,1545.4112548828125,8.867155075073242,7.107436656951904,14.800310134887695,3.5622167587280273,-7.656858921051025,23.043521881103516,24.010530471801758,17.003034591674805,,50.111942291259766,,4.5574083,4.9026494,4.885,-0.008824701309204208
2027,Nigeria,5.29521700223287,,,,,,,,,,,11.467721939086914,,8172.109375,6.906671524047852,2.4333691596984863,2.646742105484009,4.420543670654297,-7.28489875793457,25.034284591674805,24.347761154174805,16.846235275268555,,53.13442611694336,,5.658789,4.9026494,4.885,-0.008824701309204208
2028,Nigeria,5.32222362836202,,,,,,,,,,,2.030806303024292,,4207.39990234375,7.8913421630859375,8.496877670288086,10.386676788330078,2.818394660949707,-4.7172532081604,26.421180725097656,24.38001251220703,17.04917335510254,,42.793731689453125,,5.7769475,4.9026494,4.885,-0.008824701309204208
2029,Nigeria,5.712380851109823,,,,,,,,,,,8.316067695617676,,10207.3876953125,9.718122482299805,3.8584821224212646,2.3323819637298584,3.754526376724243,-7.44482421875,26.148447036743164,25.471538543701172,16.972211837768555,,48.470401763916016,,5.72788,4.9026494,4.885,-0.008824701309204208
2030,Nigeria,5.461986029942831,,,,,,,,,,,2.0650925636291504,,1833.8779296875,7.224175930023193,8.02140998840332,8.732597351074219,3.505282402038574,-5.053718090057373,26.381444931030273,25.23419952392578,17.75316619873047,,43.533756256103516,,4.9076047,4.9026494,4.885,-0.008824701309204208
2025,North Macedonia,5.985009540557861,,,,,,,,,,,81.8746109008789,,3249.766357421875,7.714235782623291,0.4326150417327881,0.7229973077774048,1.5788923501968384,-6.610395908355713,25.310550689697266,24.010234832763672,15.270444869995117,,50.26263427734375,,5.390225,4.313431,5.503,0.5947846069335938
2026,North Macedonia,6.082781900405884,,,,,,,,,,,1.5423355102539062,,7215.38427734375,8.4369478225708,-0.431663453578949,27.639739990234375,2.1407525539398193,-8.289178848266602,25.21660614013672,21.970138549804688,18.07398796081543,,59.962825775146484,,5.5857697,4.313431,5.503,0.5947846069335938
2027,North Macedonia,6.191305189768474,,,,,,,,,,,15.173903465270996,,14042.267578125,12.418469429016113,-4.016071319580078,5.3654632568359375,2.0661511421203613,-3.7423577308654785,24.744224548339844,25.958967208862305,13.803620338439941,,51.12157440185547,,5.813567,4.313431,5.503,0.5947846069335938
2028,North Macedonia,6.390945145924886,,,,,,,,,,,4.641178131103516,,5161.31103515625,7.440611362457275,8.311338424682617,20.746992111206055,2.894212484359741,-0.016521230340003967,30.900711059570312,23.01224136352539,16.314706802368164,,55.16676712036133,,5.989145,4.313431,5.503,0.5947846069335938
2029,North Macedonia,6.096230218251546,,,,,,,,,,,14.200987815856934,,7127.31298828125,13.027510643005371,-3.4984781742095947,3.6122612953186035,1.3753421306610107,-7.026061058044434,22.54422378540039,29.234039306640625,13.967095375061035,,47.77809143066406,,4.701625,4.313431,5.503,0.5947846069335938
2030,North Macedonia,6.034141410827637,,,,,,,,,,,3.77148175239563,,4740.5927734375,8.781822204589844,11.308603286743164,20.96896743774414,3.602997303009033,-0.25511685013771057,32.28517532348633,21.670324325561523,18.547210693359375,,53.463802337646484,,5.6273007,4.313431,5.503,0.5947846069335938
2025,Norway,6.944955545425415,,,,,,,,,,,30.12619400024414,,7515.88916015625,7.6667094230651855,1.701729655265808,-0.6078611016273499,3.2533912658691406,-4.130699634552002,25.116661071777344,23.963090896606445,15.288817405700684,,49.86433410644531,,5.7817755,4.93564,7.262,1.163180070877075
2026,Norway,6.810004192352295,,,,,,,,,,,1.2025666236877441,,5096.72802734375,9.38460636138916,7.170215129852295,15.271096229553223,2.2355637550354004,-8.426522254943848,24.84800148010254,23.05659294128418,16.729656219482422,,46.42487716674805,,5.511873,4.93564,7.262,1.163180070877075
2027,Norway,6.722360330581665,,,,,,,,,,,10.99592399597168,,7392.0908203125,9.832104682922363,1.9001328945159912,2.076510190963745,3.5440125465393066,-6.594725608825684,25.665468215942383,25.965972900390625,15.696371078491211,,58.09722137451172,,5.3838925,4.93564,7.262,1.163180070877075
2028,Norway,6.799727795283,,,,,,,,,,,1.9334203004837036,,5469.34228515625,8.778237342834473,10.088708877563477,11.037439346313477,3.34094500541687,-4.923661231994629,29.655384063720703,24.125017166137695,17.487722396850586,,48.806610107421875,,6.013878,4.93564,7.262,1.163180070877075
2029,Norway,6.6964882589976,,,,,,,,,,,8.757790565490723,,9626.27734375,13.395241737365723,3.1957650184631348,2.247013807296753,2.812053918838501,-6.75424861907959,25.130090713500977,29.31044578552246,15.357240676879883,,54.77277374267578,,5.202154,4.93564,7.262,1.163180070877075
2030,Norway,6.819177824020386,,,,,,,,,,,1.871664047241211,,4554.078125,6.3228583335876465,8.958691596984863,9.242768287658691,3.192650079727173,-1.3715999126434326,33.08284378051758,22.77045249938965,18.467878341674805,,45.41556167602539,,5.751961,4.93564,7.262,1.163180070877075
2025,Oman,6.336477266311645,,,,,,,,,,,30.12619400024414,,5865.05322265625,6.680135726928711,4.3181376457214355,0.5832337737083435,5.008167743682861,-0.7229099273681641,25.133634567260742,23.88641357421875,15.297889709472656,,50.38853454589844,,5.7100244,4.944094,6.197,0.6264529094696045
2026,Oman,5.633218036651611,,,,,,,,,,,1.2835420370101929,,1060.2178955078125,8.805402755737305,7.4323410987854,14.800310134887695,3.5717275142669678,-8.17915153503418,23.134220123291016,24.010530471801758,16.99140739440918,,50.431907653808594,,4.303506,4.944094,6.197,0.6264529094696045
2027,Oman,5.845523026148477,,,,,,,,,,,11.64660930633545,,9258.8623046875,6.940820217132568,4.116941928863525,2.6532394886016846,4.81380558013916,-9.0199613571167,24.963436126708984,24.34762191772461,17.653547286987305,,53.35425567626953,,5.64368,4.944094,6.197,0.6264529094696045
2028,Oman,5.758354491551716,,,,,,,,,,,2.0587363243103027,,3285.92626953125,8.728880882263184,8.61919116973877,9.675721168518066,3.2682032585144043,-4.047491073608398,26.057411193847656,24.507474899291992,17.03984832763672,,42.693504333496094,,5.4485188,4.944094,6.197,0.6264529094696045
2029,Oman,6.286082254409789,,,,,,,,,,,8.71943187713623,,10463.826171875,7.171817302703857,4.566182613372803,2.4496357440948486,4.053404808044434,-7.5578389167785645,25.557235717773438,24.97601890563965,17.530914306640625,,52.66355514526367,,5.886689,4.944094,6.197,0.6264529094696045
2030,Oman,6.03359268760681,,,,,,,,,,,2.2071006298065186,,1436.2464599609375,6.831246852874756,7.896224498748779,8.643437385559082,3.3863847255706787,-3.4885756969451904,25.39802360534668,25.113096237182617,17.580001831054688,,43.09878158569336,,4.8862114,4.944094,6.197,0.6264529094696045
2025,Pakistan,5.473048147201538,,,,,,,,,,,22.75346565246582,,3981.30078125,7.270263671875,4.403890609741211,6.031754016876221,2.9860925674438477,-3.077275037765503,24.962139129638672,24.32536506652832,15.284008979797363,,49.56853485107422,,5.5568366,4.935577,4.768,-0.0837884578704835
2026,Pakistan,5.115944799423218,,,,,,,,,,,5.010527610778809,,1894.171630859375,9.035499572753906,7.328247547149658,17.87713050842285,3.6048498153686523,-8.803561210632324,25.316404342651367,22.489395141601562,17.392488479614258,,50.46561813354492,,4.84263,4.935577,4.768,-0.0837884578704835
2027,Pakistan,5.0194844570159916,,,,,,,,,,,15.56336498260498,,3198.766357421875,10.318136215209961,1.2064627408981323,5.909313201904297,1.7450569868087769,-7.2767791748046875,23.76295280456543,24.54158592224121,16.572263717651367,,53.402801513671875,,4.910352,4.935577,4.768,-0.0837884578704835
2028,Pakistan,5.1179449723561605,,,,,,,,,,,4.8535895347595215,,5956.904296875,7.634842395782471,7.926847457885742,15.899222373962402,3.5064198970794678,-6.521320343017578,27.5003604888916,22.24065589904785,18.175432205200195,,55.2987060546875,,5.852218,4.935577,4.768,-0.0837884578704835
2029,Pakistan,5.222376760482788,,,,,,,,,,,11.224863052368164,,6265.18115234375,10.688629150390625,-0.6336405873298645,4.382063865661621,1.4273165464401245,-6.667905330657959,22.298954010009766,27.778667449951172,14.665356636047363,,45.52332305908203,,5.1559253,4.935577,4.768,-0.0837884578704835
2030,Pakistan,5.556898054122925,,,,,,,,,,,2.4397358894348145,,6317.978515625,8.242168426513672,8.539591789245605,13.813182830810547,3.986264228820801,-1.5237922668457031,32.20597839355469,21.457571029663086,17.939939498901367,,57.93010330200195,,5.913916,4.935577,4.768,-0.0837884578704835
2025,Panama,6.83396669960022,,,,,,,,,,,87.87818908691406,,6859.20751953125,7.203429698944092,-0.08462423831224442,0.22021570801734924,2.672041416168213,-4.168872356414795,25.09998321533203,24.058988571166992,15.394787788391113,,53.09626770019531,,5.924427,4.5879207,6.407,0.9095396671295166
2026,Panama,6.634305206298828,,,,,,,,,,,0.9675732254981995,,5157.7626953125,9.339133262634277,-0.79117751121521,39.360782623291016,1.5229527950286865,-6.295685768127441,25.51567268371582,23.005985260009766,16.720489501953125,,51.43604278564453,,5.525104,4.5879207,6.407,0.9095396671295166
2027,Panama,6.673950957616171,,,,,,,,,,,16.34952735900879,,11294.224609375,10.25478744506836,-5.7850847244262695,5.495482921600342,0.3565177619457245,-3.7359580993652344,24.957996368408203,27.010456085205078,15.044580459594727,,59.5298957824707,,5.843703,4.5879207,6.407,0.9095396671295166
2028,Panama,6.7084827098846445,,,,,,,,,,,4.425652027130127,,5567.69677734375,8.920827865600586,10.574200630187988,24.233566284179688,2.9720752239227295,-2.1105120182037354,31.286331176757812,22.66506004333496,16.31966781616211,,51.23744201660156,,6.0280223,4.5879207,6.407,0.9095396671295166
2029,Panama,6.480080890019735,,,,,,,,,,,14.004714965820312,,5163.705078125,11.820123672485352,-7.172756671905518,3.345569133758545,0.9469519853591919,-6.591729640960693,24.741111755371094,29.3085880279541,14.024679183959961,,56.8048095703125,,4.8398986,4.5879207,6.407,0.9095396671295166
2030,Panama,6.416179624557496,,,,,,,,,,,1.2448101043701172,,6919.81591796875,8.293235778808594,12.730216979980469,28.681364059448242,3.644190788269043,0.4160836935043335,31.612937927246094,23.1544132232666,19.256574630737305,,60.06802749633789,,5.651999,4.5879207,6.407,0.9095396671295166
2025,Paraguay,6.241338287353516,,,,,,,,,,,102.86869812011719,,4443.95751953125,7.799880027770996,3.400888204574585,0.7443156838417053,2.814979076385498,-5.599588871002197,25.192838668823242,24.149459838867188,15.332723617553711,,49.66464614868164,,5.632655,4.9546337,6.172,0.6086831436157225
2026,Paraguay,6.1114380702972415,,,,,,,,,,,1.2574360370635986,,4284.01171875,8.942502975463867,-1.4715971946716309,38.29221725463867,1.4826993942260742,-8.740468978881836,26.433208465576172,22.85127830505371,17.947471618652344,,50.86453628540039,,5.3728547,4.9546337,6.172,0.6086831436157225
2027,Paraguay,6.090518191019695,,,,,,,,,,,16.90737533569336,,12926.482421875,14.98348331451416,-6.4868574142456055,6.685845851898193,0.25849926471710205,-4.546346187591553,24.65457534790039,26.743749618530273,15.14664363861084,,54.740211486816406,,5.4399953,4.9546337,6.172,0.6086831436157225
2028,Paraguay,6.127095733642579,,,,,,,,,,,3.493114709854126,,5247.8173828125,8.364482879638672,6.42576789855957,24.37820816040039,3.9947268962860107,-1.908733606338501,31.557750701904297,23.025732040405273,16.315073013305664,,53.75011444091797,,5.742388,4.9546337,6.172,0.6086831436157225
2029,Paraguay,6.192925487518312,,,,,,,,,,,13.58737850189209,,13728.611328125,13.063231468200684,-6.873782157897949,2.6565139293670654,0.9333656430244446,-6.556336879730225,23.67884635925293,29.99134063720703,14.340121269226074,,55.4898796081543,,5.570344,4.9546337,6.172,0.6086831436157225
2030,Paraguay,6.297956024169923,,,,,,,,,,,0.8796344995498657,,6189.68798828125,7.266544818878174,9.926353454589844,26.252260208129883,3.491666078567505,2.8772552013397217,34.06867218017578,22.741249084472656,17.918087005615234,,54.20416259765625,,5.755087,4.9546337,6.172,0.6086831436157225
2025,Peru,6.3072025642395015,,,,,,,,,,,28.120859146118164,,7396.79052734375,7.185527801513672,0.4562734067440033,0.06153608113527298,2.7801811695098877,-4.673403263092041,24.994810104370117,24.407854080200195,15.036676406860352,,53.2692985534668,,5.712676,4.757947,5.947,0.5945265159606934
2026,Peru,6.220724330902099,,,,,,,,,,,0.9403489232063293,,6327.125,9.478129386901855,7.147240161895752,15.861841201782227,2.479201316833496,-6.305869102478027,26.262374877929688,23.09729766845703,16.590482711791992,,49.39959716796875,,5.5397196,4.757947,5.947,0.5945265159606934
2027,Peru,6.181263036092122,,,,,,,,,,,11.316533088684082,,7844.38427734375,8.955718040466309,-0.1779378056526184,1.8811568021774292,1.9981435537338257,-6.378297328948975,27.014564514160156,25.96484375,14.984025955200195,,50.038780212402344,,5.507814,4.757947,5.947,0.5945265159606934
2028,Peru,6.298035369873046,,,,,,,,,,,1.7847193479537964,,6302.22119140625,8.786361694335938,8.622356414794922,12.326786041259766,3.5466532707214355,-3.37225079536438,31.58618927001953,24.426645278930664,16.39089584350586,,55.45177459716797,,6.062993,4.757947,5.947,0.5945265159606934
2029,Peru,6.412577695210774,,,,,,,,,,,8.503478050231934,,11576.302734375,11.588994026184082,0.6502593755722046,1.7730321884155273,2.7304184436798096,-6.525202751159668,26.427778244018555,29.072269439697266,14.56343936920166,,53.446956634521484,,5.8833466,4.757947,5.947,0.5945265159606934
2030,Peru,6.571092671712239,,,,,,,,,,,1.5906325578689575,,6589.7021484375,5.820418834686279,9.745769500732422,10.83246898651123,3.819633722305298,-1.8975117206573486,32.834136962890625,23.9493408203125,18.28579330444336,,48.01487350463867,,5.983359,4.757947,5.947,0.5945265159606934
2025,Philippines,6.9099660549163815,,,,,,,,,,,30.422313690185547,,10193.955078125,7.6667094230651855,0.9733644723892212,-1.7550523281097412,3.1278529167175293,-3.163261651992798,25.096609115600586,23.621078491210938,15.021076202392578,,48.140438079833984,,6.309246,4.90556,6.107,0.6007199916839601
2026,Philippines,6.506636920928955,,,,,,,,,,,0.9868692755699158,,3731.471435546875,8.094573020935059,7.554778575897217,16.033702850341797,3.7899169921875,-5.877954483032227,25.12126922607422,23.423601150512695,13.37562370300293,,49.52204513549805,,5.502588,4.90556,6.107,0.6007199916839601
2027,Philippines,6.447169048945109,,,,,,,,,,,11.63017463684082,,8621.8349609375,8.923391342163086,2.3604257106781006,2.145616292953491,2.224912405014038,-5.11451530456543,24.54216766357422,24.17273712158203,15.481237411499023,,54.86589813232422,,5.7275133,4.90556,6.107,0.6007199916839601
2028,Philippines,6.300834559758504,,,,,,,,,,,1.8662387132644653,,6445.13623046875,8.655013084411621,8.828954696655273,10.482295036315918,2.8711042404174805,-6.026480197906494,28.922401428222656,22.586532592773438,16.473031997680664,,49.43153762817383,,5.8702426,4.90556,6.107,0.6007199916839601
2029,Philippines,6.221461994806925,,,,,,,,,,,8.324223518371582,,8512.236328125,11.628066062927246,3.3467013835906982,2.2476699352264404,3.055086851119995,-6.717198371887207,25.285247802734375,26.95026969909668,15.074974060058594,,51.173011779785156,,5.26447,4.90556,6.107,0.6007199916839601
2030,Philippines,6.083169523239135,,,,,,,,,,,1.8632032871246338,,2504.166015625,8.341452598571777,9.771280288696289,9.022674560546875,3.5694496631622314,-5.506082057952881,29.486236572265625,22.900297164916992,17.57539939880371,,48.6566162109375,,5.312636,4.90556,6.107,0.6007199916839601
2025,Poland,6.627703737258911,,,,,,,,,,,30.06559944152832,,6248.0048828125,7.799880027770996,2.3623878955841064,-0.280272513628006,3.332146644592285,-2.8190886974334717,25.089717864990234,23.613927841186523,15.018216133117676,,49.21076202392578,,5.799535,5.016662,6.673,0.8281689395904541
2026,Poland,6.32121474647522,,,,,,,,,,,1.2034797668457031,,3349.4619140625,9.703019142150879,7.501783847808838,15.545439720153809,2.6430418491363525,-7.860158443450928,26.006669998168945,23.311433792114258,16.90746307373047,,49.52001953125,,5.186557,5.016662,6.673,0.8281689395904541
2027,Poland,6.316644739151001,,,,,,,,,,,11.396865844726562,,8013.47265625,7.872056007385254,1.799935221672058,2.2519326210021973,3.3735480308532715,-7.441157341003418,25.8076229095459,25.635210037231445,15.85329532623291,,51.525386810302734,,5.479336,5.016662,6.673,0.8281689395904541
2028,Poland,6.369426003138224,,,,,,,,,,,1.7340385913848877,,5458.08154296875,8.455260276794434,8.509004592895508,10.999679565429688,2.687837839126587,-5.010766983032227,28.055578231811523,24.370271682739258,17.458227157592773,,44.72785186767578,,5.9578786,5.016662,6.673,0.8281689395904541
2029,Poland,6.4962176392873126,,,,,,,,,,,8.29994010925293,,10137.7353515625,10.680670738220215,3.140092372894287,2.2797651290893555,2.937746286392212,-6.265932083129883,25.84840202331543,27.954845428466797,15.170660018920898,,55.350460052490234,,5.5669317,5.016662,6.673,0.8281689395904541
2030,Poland,6.7316769669850665,,,,,,,,,,,2.126523971557617,,5844.9365234375,6.117209434509277,8.551016807556152,9.249653816223145,3.396301746368408,-4.330138206481934,31.056577682495117,23.379854202270508,17.32799530029297,,49.58084487915039,,6.185714,5.016662,6.673,0.8281689395904541
2025,Portugal,6.585122817993164,,,,,,,,,,,87.87818908691406,,7227.36767578125,7.890637397766113,1.026885986328125,0.39125221967697144,2.62801456451416,-4.9648003578186035,25.199729919433594,24.074186325073242,15.383646011352539,,51.04561996459961,,5.9155993,4.673953,6.013,0.6695234718322753
2026,Portugal,6.310371154785156,,,,,,,,,,,0.9776501059532166,,4698.95361328125,9.476639747619629,-0.6813464164733887,39.47257995605469,1.698352575302124,-6.880634307861328,27.165000915527344,23.05840301513672,16.78324317932129,,47.08966064453125,,5.366096,4.673953,6.013,0.6695234718322753
2027,Portugal,6.484223757425944,,,,,,,,,,,16.07208824157715,,12297.974609375,9.541671752929688,-5.980086326599121,5.573350429534912,0.22320647537708282,-4.694530963897705,25.970714569091797,28.228363037109375,14.556126594543457,,55.0749626159668,,6.1624055,4.673953,6.013,0.6695234718322753
2028,Portugal,6.493683888753256,,,,,,,,,,,4.141353607177734,,6758.2021484375,7.603126049041748,7.7591471672058105,24.233566284179688,2.929553508758545,-1.5646910667419434,32.56289291381836,23.328474044799805,17.026784896850586,,48.551673889160156,,5.9439797,4.673953,6.013,0.6695234718322753
2029,Portugal,6.212743832906088,,,,,,,,,,,13.789125442504883,,5430.71630859375,15.067166328430176,-7.484435558319092,3.3325881958007812,1.2178586721420288,-6.102657318115234,24.047422409057617,30.33586883544922,13.656486511230469,,42.94377899169922,,4.523276,4.673953,6.013,0.6695234718322753
2030,Portugal,6.06151651763916,,,,,,,,,,,0.8051380515098572,,5159.83935546875,8.719676971435547,11.609859466552734,28.04004669189453,3.484898567199707,1.367220401763916,31.22478675842285,23.347766876220703,19.60230827331543,,60.496307373046875,,5.7087235,4.673953,6.013,0.6695234718322753
2025,Puerto Rico,,,,,,,,,,,,3.2371556758880615,,1507.909912109375,10.746399879455566,6.810458183288574,5.4536638259887695,2.9822587966918945,0.48529088497161865,26.800832748413086,24.19574737548828,14.5977783203125,,55.620872497558594,,4.4707317,,,
2026,Puerto Rico,,,,,,,,,,,,5.547414779663086,,6918.08935546875,7.264458179473877,6.405777931213379,3.273258924484253,3.810460090637207,-7.72896671295166,25.688995361328125,23.612140655517578,17.346752166748047,,48.672996520996094,,5.6528635,,,
2027,Puerto Rico,,,,,,,,,,,,2.616335391998291,,1572.3115234375,11.740875244140625,8.099853515625,5.564018726348877,3.216130256652832,-5.913888931274414,24.07880973815918,24.881731033325195,17.412904739379883,,46.95173263549805,,4.305428,,,
2028,Puerto Rico,,,,,,,,,,,,5.687280178070068,,6645.8896484375,7.812872409820557,6.692731857299805,3.3928797245025635,4.463986873626709,-8.00271987915039,25.11084747314453,23.162351608276367,18.614057540893555,,55.06600570678711,,5.59994,,,
2029,Puerto Rico,,,,,,,,,,,,2.6018686294555664,,2290.8984375,13.817780494689941,8.23886775970459,5.578612804412842,3.381200075149536,-6.165757656097412,24.997352600097656,24.31311798095703,17.209848403930664,,45.35671615600586,,4.575292,,,
2030,Puerto Rico,,,,,,,,,,,,5.768322944641113,,7414.82568359375,8.16555404663086,6.213157653808594,3.2833571434020996,3.591663122177124,-7.418758869171143,25.319860458374023,23.374801635742188,18.158063888549805,,55.814178466796875,,5.605831,,,
2025,Qatar,,,,,,,,,,,,1.075631856918335,,17677.169921875,2.062869071960449,-5.77962064743042,9.174267768859863,3.4982779026031494,11.096100807189941,25.03133201599121,24.932411193847656,14.953652381896973,,54.542720794677734,,6.1248236,,,
2026,Qatar,,,,,,,,,,,,2.6007237434387207,,20865.015625,4.426234722137451,-0.04229360073804855,10.28872299194336,3.103311061859131,5.433003902435303,23.976524353027344,29.84467315673828,13.86962604522705,,39.614768981933594,,5.8816633,,,
2027,Qatar,,,,,,,,,,,,7.010093688964844,,13995.68359375,2.284978151321411,1.4561150074005127,3.935107946395874,4.022752285003662,3.663212537765503,27.79082489013672,25.054636001586914,16.27465057373047,,38.11875534057617,,5.7906685,,,
2028,Qatar,,,,,,,,,,,,2.386875629425049,,8398.845703125,4.259982585906982,3.948315143585205,8.515477180480957,3.261798143386841,-1.694593071937561,24.67270278930664,28.239473342895508,14.118379592895508,,32.31156921386719,,5.7838964,,,
2029,Qatar,,,,,,,,,,,,6.449244976043701,,6556.314453125,5.767616271972656,4.715636253356934,3.168215751647949,3.380675792694092,-2.2480390071868896,28.579893112182617,24.301071166992188,16.060096740722656,,39.935577392578125,,5.7200384,,,
2030,Qatar,,,,,,,,,,,,2.645120143890381,,3942.517578125,10.174860000610352,8.159500122070312,6.800616264343262,2.731236457824707,-5.442179203033447,25.437925338745117,27.148603439331055,15.155942916870117,,37.415828704833984,,5.173656,,,
2025,Republic of Korea,6.802338308334351,,,,,,,,,,,30.06559944152832,,9748.79296875,7.890637397766113,0.2309482842683792,-0.6333351135253906,3.1451821327209473,-2.9083404541015625,25.096609115600586,23.65485954284668,14.86513900756836,,50.675357818603516,,6.2198343,4.872992,6.038,0.5825039806365968
2026,Republic of Korea,6.44778270149231,,,,,,,,,,,0.9868692755699158,,3748.870849609375,8.060057640075684,7.22808837890625,16.355632781982422,2.897812604904175,-4.855390548706055,26.631650924682617,23.34401512145996,15.9949312210083,,52.25099563598633,,5.510723,4.872992,6.038,0.5825039806365968
2027,Republic of Korea,6.280587858200074,,,,,,,,,,,11.428427696228027,,8402.0810546875,9.176618576049805,0.6311594247817993,2.0872676372528076,1.8607193231582642,-7.166021823883057,26.62652587890625,25.613996505737305,15.24488353729248,,50.33447265625,,5.363694,4.872992,6.038,0.5825039806365968
2028,Republic of Korea,6.196693923314413,,,,,,,,,,,1.569817066192627,,6263.64404296875,8.417033195495605,8.45671272277832,12.074471473693848,3.0616884231567383,-5.522305011749268,29.798187255859375,23.555360794067383,17.122089385986328,,51.2689094543457,,5.9681525,4.872992,6.038,0.5825039806365968
2029,Republic of Korea,6.191724008560182,,,,,,,,,,,8.35902214050293,,8676.0498046875,14.142110824584961,1.5552928447723389,2.1613214015960693,2.906644105911255,-5.673874855041504,25.78868865966797,28.02265167236328,14.6301908493042,,49.61209487915039,,5.4958134,4.872992,6.038,0.5825039806365968
2030,Republic of Korea,6.404674873987834,,,,,,,,,,,1.975126028060913,,5114.6806640625,7.436091899871826,8.439092636108398,10.188028335571289,3.1344943046569824,-4.738070487976074,31.139427185058594,23.51154136657715,17.504146575927734,,51.2287483215332,,6.002547,4.872992,6.038,0.5825039806365968
2025,Republic of Moldova,6.571246978759765,,,,,,,,,,,30.33921241760254,,9126.6923828125,7.986211776733398,0.8262931108474731,-1.582049012184143,3.314817428588867,-2.251322031021118,25.15061378479004,23.573345184326172,14.783384323120117,,47.81725311279297,,6.1881194,5.052745,5.819,0.38312756729125974
2026,Republic of Moldova,6.348030921936035,,,,,,,,,,,0.9868692755699158,,4398.314453125,8.934617042541504,8.473115921020508,16.033702850341797,3.0576071739196777,-6.712003707885742,26.593093872070312,23.67839241027832,13.124606132507324,,52.36434555053711,,5.7416873,5.052745,5.819,0.38312756729125974
2027,Republic of Moldova,6.296715614318846,,,,,,,,,,,11.206353187561035,,8936.208984375,8.926246643066406,3.0808002948760986,2.145925760269165,1.632617712020874,-6.011087894439697,24.921791076660156,24.43486785888672,15.46596908569336,,54.10512924194336,,5.8109574,5.052745,5.819,0.38312756729125974
2028,Republic of Moldova,6.244578239440917,,,,,,,,,,,2.011523962020874,,8149.35986328125,8.424886703491211,9.260354042053223,10.33198070526123,3.208303689956665,-5.978818893432617,28.90462303161621,22.546974182128906,16.545717239379883,,51.47292709350586,,6.0317073,5.052745,5.819,0.38312756729125974
2029,Republic of Moldova,6.151540634155272,,,,,,,,,,,8.28026008605957,,7735.72607421875,10.240113258361816,3.4551424980163574,2.262171745300293,2.8797354698181152,-7.232278823852539,25.101318359375,26.841991424560547,14.462085723876953,,49.056060791015625,,5.4625745,5.052745,5.819,0.38312756729125974
2030,Republic of Moldova,6.061032649993895,,,,,,,,,,,1.9514355659484863,,3506.955078125,8.729191780090332,9.346112251281738,8.790980339050293,3.5791006088256836,-4.475122928619385,29.286954879760742,22.894365310668945,17.854597091674805,,47.806358337402344,,5.5394335,5.052745,5.819,0.38312756729125974
2025,Romania,6.6099561634063715,,,,,,,,,,,14.311809539794922,,4679.880859375,6.525140762329102,-0.19657176733016968,-0.8990693688392639,-0.1983335316181183,-4.266000270843506,24.957714080810547,24.13119125366211,14.727336883544922,,52.61489486694336,,5.649295,4.6416774,6.563,0.9606613101959227
2026,Romania,6.714954036712646,,,,,,,,,,,1.3222965002059937,,6628.33740234375,9.876313209533691,10.703814506530762,15.681191444396973,2.1432113647460938,-4.806013584136963,26.499603271484375,23.26494598388672,17.73238182067871,,56.66864776611328,,5.8592906,4.6416774,6.563,0.9606613101959227
2027,Romania,6.80673112297058,,,,,,,,,,,11.46049690246582,,10175.5439453125,9.517244338989258,0.4064520299434662,1.840811848640442,2.8065242767333984,-6.606100559234619,25.964021682739258,26.70589256286621,14.52736759185791,,48.59815979003906,,6.029624,4.6416774,6.563,0.9606613101959227
2028,Romania,6.922962882359822,,,,,,,,,,,1.7400907278060913,,5458.421875,7.047152042388916,8.44155502319336,12.342889785766602,3.4586739540100098,-1.489825963973999,31.55493927001953,23.693897247314453,17.17776870727539,,50.67155456542969,,5.99799,4.6416774,6.563,0.9606613101959227
2029,Romania,6.714544830958047,,,,,,,,,,,8.574390411376953,,9616.1943359375,14.809440612792969,0.6210189461708069,1.8568893671035767,2.8271374702453613,-6.386238098144531,23.163084030151367,30.490882873535156,14.878898620605469,,53.49428176879883,,5.2340364,4.6416774,6.563,0.9606613101959227
2030,Romania,6.674472866694131,,,,,,,,,,,1.7598463296890259,,5133.6015625,5.839431285858154,9.13380241394043,10.736278533935547,3.5465826988220215,-0.4534076154232025,33.0597038269043,22.788827896118164,18.217668533325195,,51.329593658447266,,5.909408,4.6416774,6.563,0.9606613101959227
2025,Russian Federation,6.260287675857544,,,,,,,,,,,30.06559944152832,,6570.81396484375,6.680135726928711,4.119966983795166,0.5417464375495911,4.949986934661865,0.13251377642154694,25.086048126220703,23.544401168823242,15.02237319946289,,50.19303894042969,,5.7416253,4.9076753,5.945,0.5186623668670656
2026,Russian Federation,5.633114490509033,,,,,,,,,,,1.2835420370101929,,1158.110107421875,9.08420181274414,6.941094398498535,14.800310134887695,3.583827018737793,-7.685038089752197,23.303001403808594,24.03820037841797,16.29770851135254,,47.13156509399414,,4.487279,4.9076753,5.945,0.5186623668670656
2027,Russian Federation,5.8412104384104415,,,,,,,,,,,11.510881423950195,,9520.1826171875,5.2091898918151855,4.145326137542725,2.5283706188201904,4.838137149810791,-7.814746379852295,25.529245376586914,23.89177131652832,17.515594482421875,,51.52186584472656,,5.73874,4.9076753,5.945,0.5186623668670656
2028,Russian Federation,5.828998956680298,,,,,,,,,,,2.1007943153381348,,4650.0244140625,7.369069576263428,8.281458854675293,9.386920928955078,3.0584840774536133,-3.3972928524017334,24.290498733520508,25.835647583007812,17.009342193603516,,43.31504440307617,,5.704991,4.9076753,5.945,0.5186623668670656
2029,Russian Federation,6.112429533004761,,,,,,,,,,,8.2195405960083,,7108.44384765625,10.009000778198242,4.408255577087402,2.7220821380615234,3.5627214908599854,-6.505001068115234,24.90007209777832,25.1474609375,17.537200927734375,,51.35548400878906,,5.3375707,4.9076753,5.945,0.5186623668670656
2030,Russian Federation,5.5264120833079025,,,,,,,,,,,2.3423640727996826,,-181.45944213867188,10.536765098571777,8.856022834777832,8.70213794708252,3.469219446182251,-6.164780139923096,25.627450942993164,24.636564254760742,17.893434524536133,,46.76304244995117,,3.9806876,4.9076753,5.945,0.5186623668670656
2025,Rwanda,,,,,,,,,,,,3.392594337463379,,227.00535583496094,8.783358573913574,9.476357460021973,1.5585769414901733,5.193505764007568,-9.461519241333008,21.919240951538086,18.82075309753418,17.39856719970703,,55.637847900390625,,3.9241812,,,
2026,Rwanda,,,,,,,,,,,,3.458047866821289,,8546.2373046875,2.7727720737457275,11.679210662841797,3.674039840698242,3.82938551902771,-20.349163055419922,23.000301361083984,21.073898315429688,15.871206283569336,,54.860755920410156,,5.828735,,,
2027,Rwanda,,,,,,,,,,,,4.458165168762207,,7582.931640625,7.780904293060303,6.9220123291015625,1.3204008340835571,3.8959195613861084,-6.536879539489746,21.83503532409668,23.021514892578125,15.64323616027832,,56.72242736816406,,5.554102,,,
2028,Rwanda,,,,,,,,,,,,1.8158730268478394,,289.42828369140625,8.126593589782715,8.251275062561035,3.7254395484924316,3.2909300327301025,-5.546231746673584,24.764663696289062,21.33868980407715,17.640453338623047,,46.82109832763672,,3.9884894,,,
2029,Rwanda,,,,,,,,,,,,5.695522308349609,,7837.3212890625,4.886907577514648,16.583913803100586,2.851548910140991,3.9515419006347656,-20.573366165161133,25.394411087036133,22.391511917114258,18.28268051147461,,57.909854888916016,,5.5723767,,,
2030,Rwanda,,,,,,,,,,,,3.567199468612671,,4348.06689453125,11.900914192199707,8.681319236755371,3.3356785774230957,4.18596887588501,-6.232054233551025,21.574016571044922,25.444499969482422,16.100271224975586,,53.91127014160156,,5.2609262,,,
2025,Saudi Arabia,6.5915546894073485,,,,,,,,,,,30.12619400024414,,7588.00927734375,7.147250652313232,0.09432602673768997,-0.7018587589263916,3.2533912658691406,-2.558943271636963,25.089427947998047,24.004112243652344,15.118731498718262,,52.87285614013672,,5.720079,4.8570485,6.6,0.8714757442474363
2026,Saudi Arabia,6.4294500827789305,,,,,,,,,,,0.9216727614402771,,4981.2548828125,9.99242115020752,6.799075603485107,16.17994499206543,2.7565977573394775,-6.818968296051025,24.770170211791992,23.31511688232422,16.526527404785156,,49.99884796142578,,5.3958697,4.8570485,6.6,0.8714757442474363
2027,Saudi Arabia,6.41214788754781,,,,,,,,,,,11.285772323608398,,6442.18505859375,8.79978084564209,1.0328847169876099,2.0755960941314697,2.2120792865753174,-6.427989482879639,26.453603744506836,25.42835807800293,15.484216690063477,,54.38658905029297,,5.5060678,4.8570485,6.6,0.8714757442474363
2028,Saudi Arabia,6.511325883865356,,,,,,,,,,,1.7899870872497559,,6781.3916015625,8.914815902709961,9.234297752380371,12.004300117492676,3.461411714553833,-5.256485462188721,28.926687240600586,23.567140579223633,17.191787719726562,,49.80618667602539,,6.017613,4.8570485,6.6,0.8714757442474363
2029,Saudi Arabia,6.5398914496103915,,,,,,,,,,,8.445451736450195,,8928.2890625,13.510409355163574,1.4987921714782715,2.2363781929016113,3.187173843383789,-6.402201175689697,25.39248275756836,27.821313858032227,14.774883270263672,,46.55485153198242,,5.4815664,4.8570485,6.6,0.8714757442474363
2030,Saudi Arabia,6.676156250635782,,,,,,,,,,,1.952093243598938,,4503.0869140625,7.0980682373046875,9.15169906616211,10.32754898071289,3.265780448913574,-4.512483596801758,30.730695724487305,23.12853240966797,17.130298614501953,,48.73619079589844,,5.914862,4.8570485,6.6,0.8714757442474363
2025,Senegal,5.672602918624878,,,,,,,,,,,30.12619400024414,,5865.05322265625,6.680135726928711,4.177024841308594,0.5417464375495911,4.949986934661865,-0.6325362920761108,25.113216400146484,23.88641357421875,15.059362411499023,,50.38853454589844,,5.6959276,4.9026494,4.856,-0.023324701309204166
2026,Senegal,5.10334327507019,,,,,,,,,,,1.2835420370101929,,1545.4112548828125,8.867155075073242,7.107436656951904,14.800310134887695,3.5622167587280273,-7.656858921051025,23.043521881103516,24.010530471801758,17.003034591674805,,50.111942291259766,,4.5574083,4.9026494,4.856,-0.023324701309204166
2027,Senegal,5.280717002232869,,,,,,,,,,,11.467721939086914,,8172.109375,6.906671524047852,2.4333691596984863,2.646742105484009,4.420543670654297,-7.28489875793457,25.034284591674805,24.347761154174805,16.846235275268555,,53.13442611694336,,5.658789,4.9026494,4.856,-0.023324701309204166
2028,Senegal,5.3077236283620195,,,,,,,,,,,2.030806303024292,,4207.39990234375,7.8913421630859375,8.496877670288086,10.386676788330078,2.818394660949707,-4.7172532081604,26.421180725097656,24.38001251220703,17.04917335510254,,42.793731689453125,,5.7769475,4.9026494,4.856,-0.023324701309204166
2029,Senegal,5.697880851109822,,,,,,,,,,,8.316067695617676,,10207.3876953125,9.718122482299805,3.8584821224212646,2.3323819637298584,3.754526376724243,-7.44482421875,26.148447036743164,25.471538543701172,16.972211837768555,,48.470401763916016,,5.72788,4.9026494,4.856,-0.023324701309204166
2030,Senegal,5.44748602994283,,,,,,,,,,,2.0650925636291504,,1833.8779296875,7.224175930023193,8.02140998840332,8.732597351074219,3.505282402038574,-5.053718090057373,26.381444931030273,25.23419952392578,17.75316619873047,,43.533756256103516,,4.9076047,4.9026494,4.856,-0.023324701309204166
2025,Serbia,6.426713493347168,,,,,,,,,,,87.87818908691406,,3886.241943359375,7.986211776733398,3.311363935470581,1.7682543992996216,2.814979076385498,-5.9570817947387695,25.421981811523438,24.015581130981445,15.435413360595703,,50.032203674316406,,5.5128107,4.7781944,6.606,0.9139027862548827
2026,Serbia,6.377501991271973,,,,,,,,,,,2.0208160877227783,,4425.93701171875,8.98420524597168,-1.5210161209106445,38.784000396728516,1.94013512134552,-8.404447555541992,26.61135482788086,22.438373565673828,18.083946228027344,,54.03780746459961,,5.4143877,4.7781944,6.606,0.9139027862548827
2027,Serbia,6.506905741373697,,,,,,,,,,,17.66786003112793,,14909.8818359375,12.695631980895996,-7.4147047996521,6.959054470062256,0.2957918643951416,-5.341650485992432,24.565664291381836,26.889436721801758,15.02319622039795,,55.869773864746094,,5.8518105,4.7781944,6.606,0.9139027862548827
2028,Serbia,6.566615767161051,,,,,,,,,,,3.602145195007324,,5374.49853515625,8.32784652709961,6.392523765563965,25.106462478637695,4.580593109130859,-0.3545612692832947,31.58548355102539,23.11636734008789,16.265810012817383,,49.94275665283203,,5.691941,4.7781944,6.606,0.9139027862548827
2029,Serbia,6.351854192097981,,,,,,,,,,,13.770429611206055,,5187.142578125,12.208477973937988,-6.952784061431885,2.6514527797698975,1.2873038053512573,-6.777425289154053,24.68454933166504,30.692211151123047,14.207263946533203,,55.09346389770508,,4.770103,4.7781944,6.606,0.9139027862548827
2030,Serbia,6.283464458465576,,,,,,,,,,,0.22831322252750397,,6712.537109375,8.763022422790527,12.244133949279785,28.5911808013916,3.149425983428955,1.2668112516403198,31.72307014465332,23.253767013549805,20.084552764892578,,59.64020919799805,,5.6466413,4.7781944,6.606,0.9139027862548827
2025,Sierra Leone,4.463688539505005,,,,,,,,,,,30.12619400024414,,5061.22119140625,7.603953838348389,1.407278299331665,2.7243597507476807,4.858836650848389,-3.292123794555664,25.068378448486328,23.908384323120117,15.254619598388672,,49.2906494140625,,5.603684,5.277991,2.998,-1.1399954090118407
2026,Sierra Leone,4.312211679458619,,,,,,,,,,,2.021655321121216,,5042.80078125,9.506855010986328,6.347927570343018,15.70199966430664,3.609201669692993,-8.138470649719238,23.724252700805664,23.594669342041016,17.667510986328125,,53.7318000793457,,5.30073,5.277991,2.998,-1.1399954090118407
2027,Sierra Leone,4.348864880243938,,,,,,,,,,,10.932942390441895,,9545.880859375,10.298230171203613,1.3887449502944946,2.4502763748168945,3.0227932929992676,-6.149543762207031,24.757936477661133,25.91002082824707,15.788058280944824,,57.10820007324219,,5.5621667,5.277991,2.998,-1.1399954090118407
2028,Sierra Leone,4.460773951848348,,,,,,,,,,,2.079603433609009,,5465.4521484375,6.487433433532715,9.294747352600098,11.577927589416504,3.455477237701416,-3.7226717472076416,31.079307556152344,23.218738555908203,16.565927505493164,,47.18647003173828,,5.939411,5.277991,2.998,-1.1399954090118407
2029,Sierra Leone,4.51708778444926,,,,,,,,,,,8.421265602111816,,9843.1748046875,11.876497268676758,1.2934398651123047,1.8946930170059204,2.8569440841674805,-6.786855220794678,23.848800659179688,28.440216064453125,14.9711332321167,,52.60126876831055,,5.4696717,5.277991,2.998,-1.1399954090118407
2030,Sierra Leone,4.631306496302288,,,,,,,,,,,1.6108843088150024,,4018.823486328125,5.9440598487854,8.852873802185059,10.563222885131836,3.9762043952941895,-3.613854169845581,31.385168075561523,22.70865821838379,18.131315231323242,,49.53297805786133,,5.904823,5.277991,2.998,-1.1399954090118407
2025,Singapore,6.774634809494019,,,,,,,,,,,30.12619400024414,,8978.19921875,7.890637397766113,0.37205949425697327,-0.5918476581573486,3.2033615112304688,-3.3648111820220947,25.144195556640625,23.996871948242188,15.278402328491211,,50.64181900024414,,5.948273,4.9122767,6.565,0.8263616275787355
2026,Singapore,6.578182907104493,,,,,,,,,,,0.9868692755699158,,4396.7998046875,8.781811714172363,7.31614875793457,15.992663383483887,2.5795791149139404,-8.155778884887695,26.66168212890625,23.411657333374023,16.258522033691406,,52.35544204711914,,5.5553694,4.9122767,6.565,0.8263616275787355
2027,Singapore,6.481366923650107,,,,,,,,,,,11.100306510925293,,8294.5068359375,9.34031867980957,0.9592372179031372,2.1467065811157227,1.8112279176712036,-6.751101016998291,26.542861938476562,25.772294998168945,15.587838172912598,,53.25119400024414,,5.4613733,4.9122767,6.565,0.8263616275787355
2028,Singapore,6.516094973882041,,,,,,,,,,,1.5559484958648682,,7088.94091796875,8.690598487854004,8.51546573638916,12.035513877868652,3.4418184757232666,-4.463851451873779,29.764463424682617,23.78728485107422,17.038558959960938,,49.319454193115234,,6.0524573,4.9122767,6.565,0.8263616275787355
2029,Singapore,6.522349805831911,,,,,,,,,,,8.424219131469727,,10100.560546875,13.673744201660156,0.978913426399231,2.1613214015960693,3.0656540393829346,-5.8599982261657715,25.43592643737793,28.6734619140625,14.621707916259766,,45.761680603027344,,5.574134,4.9122767,6.565,0.8263616275787355
2030,Singapore,6.644667914708457,,,,,,,,,,,1.890390157699585,,3952.139404296875,5.781322956085205,9.004622459411621,10.569252014160156,3.7466228008270264,-0.8127646446228027,32.00081253051758,23.38204574584961,18.347368240356445,,48.85733413696289,,5.8283277,4.9122767,6.565,0.8263616275787355
2025,Slovakia,6.6128508071899414,,,,,,,,,,,220.7205810546875,,7528.69873046875,7.577159404754639,1.3652023077011108,0.0888347402215004,2.6533138751983643,-4.859898567199707,25.009414672851562,24.402328491210938,15.258071899414062,,50.24883270263672,,5.8797555,4.7548094,6.221,0.7330953102111817
2026,Slovakia,6.440904281616211,,,,,,,,,,,1.0617817640304565,,5039.35205078125,8.35074520111084,-0.912257194519043,39.011802673339844,0.34906521439552307,-7.314224720001221,26.416149139404297,22.93145751953125,16.61928939819336,,45.59640121459961,,5.5358624,4.7548094,6.221,0.7330953102111817
2027,Slovakia,6.487843495686849,,,,,,,,,,,18.0753116607666,,9586.1083984375,9.751108169555664,-5.708164215087891,5.798740386962891,0.06794687360525131,-3.5919177532196045,25.311193466186523,26.826904296875,15.266106605529785,,53.3876953125,,5.8486266,4.7548094,6.221,0.7330953102111817
2028,Slovakia,6.3975391209920245,,,,,,,,,,,4.637914657592773,,5407.93017578125,9.373128890991211,7.2110748291015625,26.549068450927734,3.5678460597991943,-2.3889870643615723,30.829912185668945,22.687461853027344,16.47065544128418,,51.85102462768555,,5.6088424,4.7548094,6.221,0.7330953102111817
2029,Slovakia,6.078325730641683,,,,,,,,,,,14.047860145568848,,4289.041015625,13.671277046203613,-6.988056182861328,3.8927242755889893,0.6262573003768921,-7.4362359046936035,24.118791580200195,28.896148681640625,14.589079856872559,,52.789791107177734,,4.5782223,4.7548094,6.221,0.7330953102111817
2030,Slovakia,5.9935192883809405,,,,,,,,,,,1.9508252143859863,,3956.16748046875,8.637083053588867,8.94898796081543,27.704771041870117,3.186072826385498,-0.09309554845094681,31.88234519958496,22.79387855529785,19.273643493652344,,58.88971710205078,,5.5942073,4.7548094,6.221,0.7330953102111817
2025,Slovenia,6.717278572082519,,,,,,,,,,,30.12619400024414,,8615.8232421875,7.185527801513672,0.1062476709485054,-0.6640551090240479,3.2033615112304688,-3.121727228164673,25.13689613342285,24.004112243652344,15.198746681213379,,52.35245132446289,,5.7555757,4.868594,6.792,0.9617029151916503
2026,Slovenia,6.529114576339722,,,,,,,,,,,0.9216727614402771,,4801.50390625,9.345864295959473,6.718081474304199,16.17994499206543,2.797173261642456,-7.817937850952148,25.31264305114746,23.267852783203125,16.30874252319336,,50.05111312866211,,5.3792477,4.868594,6.792,0.9617029151916503
2027,Slovenia,6.464812529246012,,,,,,,,,,,11.206315040588379,,6871.29296875,9.283882141113281,1.019894003868103,2.113959550857544,1.9591723680496216,-6.427989482879639,26.453603744506836,25.42835807800293,15.716221809387207,,54.118690490722656,,5.3745055,4.868594,6.792,0.9617029151916503
2028,Slovenia,6.523379099527994,,,,,,,,,,,1.7899870872497559,,7632.44677734375,9.219114303588867,9.185375213623047,12.004300117492676,3.4375367164611816,-5.3447041511535645,28.836793899536133,24.163043975830078,17.180309295654297,,48.144439697265625,,5.9312754,4.868594,6.792,0.9617029151916503
2029,Slovenia,6.588699273427327,,,,,,,,,,,8.424219131469727,,9610.7705078125,11.719974517822266,1.5871127843856812,2.1843478679656982,3.1503965854644775,-6.454326629638672,26.091262817382812,27.56551742553711,14.684090614318848,,46.343650817871094,,5.575208,4.868594,6.792,0.9617029151916503
2030,Slovenia,6.813826811472574,,,,,,,,,,,2.0445098876953125,,5620.10498046875,5.974592685699463,10.051168441772461,10.227368354797363,3.4475536346435547,-3.0733377933502197,30.286088943481445,23.768123626708984,17.499835968017578,,44.955142974853516,,6.049888,4.868594,6.792,0.9617029151916503
2025,Somalia,5.310090480804444,,,,,,,,,,,79.44605255126953,,2481.51318359375,6.680135726928711,0.7112039923667908,-0.41901445388793945,3.270263433456421,-2.2833194732666016,25.011964797973633,23.89188575744629,15.26880931854248,,52.24294662475586,,5.3615675,4.449954,4.347,-0.0514770164489744
2026,Somalia,5.3751057968139655,,,,,,,,,,,1.3768283128738403,,4320.99462890625,7.475971698760986,3.2604267597198486,28.43990135192871,1.223647952079773,-8.652213096618652,23.79165267944336,22.24199104309082,17.552106857299805,,56.024017333984375,,5.491598,4.449954,4.347,-0.0514770164489744
2027,Somalia,5.305433689117432,,,,,,,,,,,16.213539123535156,,10099.78125,15.3614501953125,-5.224710464477539,2.612384080886841,2.4045214653015137,-6.231411933898926,22.655126571655273,25.422374725341797,15.294297218322754,,51.21657180786133,,5.2175665,4.449954,4.347,-0.0514770164489744
2028,Somalia,5.367826718648275,,,,,,,,,,,2.468391180038452,,3402.388916015625,6.901445388793945,8.046818733215332,24.032564163208008,2.9989254474639893,-3.9160783290863037,28.747539520263672,21.136537551879883,16.82670021057129,,55.06233596801758,,5.5487466,4.449954,4.347,-0.0514770164489744
2029,Somalia,5.402820208231609,,,,,,,,,,,14.569658279418945,,11007.396484375,11.336217880249023,-8.280574798583984,2.7897706031799316,1.2014168500900269,-8.371624946594238,22.03594207763672,27.276987075805664,13.525096893310547,,47.019405364990234,,5.5965786,4.449954,4.347,-0.0514770164489744
2030,Somalia,5.530647216796876,,,,,,,,,,,-0.06540616601705551,,6029.14892578125,9.400694847106934,11.804890632629395,28.020065307617188,4.001628398895264,1.8071563243865967,30.589916229248047,21.24738883972168,17.329822540283203,,55.512123107910156,,5.6010475,4.449954,4.347,-0.0514770164489744
2025,South Africa,5.57183489227295,,,,,,,,,,,79.92887878417969,,2340.31591796875,7.859255313873291,-0.5164474248886108,0.5326265096664429,-1.026762843132019,-6.3148088455200195,25.260334014892578,23.48567008972168,16.367948532104492,,47.829715728759766,,5.1868243,4.442979,5.213,0.3850105705261231
2026,South Africa,5.8390651645660405,,,,,,,,,,,2.1697840690612793,,5207.16162109375,8.580666542053223,0.7176516056060791,28.018518447875977,2.1607768535614014,-6.551647663116455,26.579256057739258,22.686635971069336,17.362014770507812,,64.5744857788086,,5.721285,4.442979,5.213,0.3850105705261231
2027,South Africa,6.0701278152465825,,,,,,,,,,,16.460805892944336,,13641.580078125,11.518802642822266,-4.372182369232178,4.460700511932373,1.985147476196289,-5.82668399810791,24.762859344482422,27.059490203857422,14.359745025634766,,54.82655715942383,,6.1472425,4.442979,5.213,0.3850105705261231
2028,South Africa,6.338716040293376,,,,,,,,,,,4.317289352416992,,6635.68603515625,6.833244323730469,9.476871490478516,23.43755340576172,3.1005687713623047,-2.3943119049072266,31.567922592163086,23.006729125976562,16.411848068237305,,58.596134185791016,,5.992589,4.442979,5.213,0.3850105705261231
2029,South Africa,6.015511046091716,,,,,,,,,,,13.914511680603027,,6798.42724609375,12.041677474975586,-5.163815498352051,3.2798736095428467,1.033759593963623,-6.418920993804932,22.709232330322266,29.39887237548828,13.519136428833008,,43.69416046142578,,4.75167,4.442979,5.213,0.3850105705261231
2030,South Africa,5.860768169403077,,,,,,,,,,,3.4288902282714844,,5567.32568359375,7.686216831207275,12.51646614074707,24.46919822692871,3.466742992401123,-0.09420939534902573,31.473468780517578,21.53582191467285,18.34077262878418,,52.515140533447266,,5.683014,4.442979,5.213,0.3850105705261231
2025,South Sudan,,,,,,,,,,,,93.97820281982422,,5392.5361328125,11.842996597290039,-26.546945571899414,1.2857255935668945,3.3723535537719727,-2.6786954402923584,26.029136657714844,23.804039001464844,15.565011024475098,,53.79869079589844,,4.893525,,,
2026,South Sudan,,,,,,,,,,,,151.9560089111328,,7578.3330078125,9.564820289611816,-0.13011078536510468,82.58161163330078,2.1518518924713135,-5.36865758895874,25.682178497314453,24.376914978027344,17.564966201782227,,66.93186950683594,,5.5347815,,,
2027,South Sudan,,,,,,,,,,,,8.62855052947998,,8775.755859375,10.503829956054688,-29.54044532775879,39.51599884033203,-0.020693406462669373,-5.278649806976318,25.69978904724121,27.101253509521484,14.616782188415527,,49.34811019897461,,5.6998396,,,
2028,South Sudan,,,,,,,,,,,,175.87457275390625,,6905.91796875,10.208847999572754,-3.3136894702911377,52.061180114746094,0.0024751275777816772,-0.6813681125640869,30.615083694458008,25.477468490600586,15.615220069885254,,46.894935607910156,,5.406712,,,
2029,South Sudan,,,,,,,,,,,,12.358525276184082,,7840.2275390625,11.011507987976074,-36.03133773803711,45.0731086730957,-0.9065464735031128,-2.7880358695983887,25.9917049407959,29.669179916381836,13.925241470336914,,40.539451599121094,,4.834369,,,
2030,South Sudan,,,,,,,,,,,,160.12075805664062,,8568.5556640625,7.593015193939209,-4.650482177734375,135.9822540283203,-1.0746030807495117,0.27459099888801575,32.764434814453125,25.76695442199707,16.38974380493164,,38.84040069580078,,5.6624575,,,
2025,Spain,6.736958463668824,,,,,,,,,,,86.74722290039062,,6033.66357421875,7.577159404754639,0.8735468983650208,0.36221352219581604,2.7060577869415283,-6.242007732391357,25.37600326538086,24.05134391784668,15.22606372833252,,50.38328552246094,,5.7856336,4.56335,6.466,0.951324899673462
2026,Spain,6.734203060150147,,,,,,,,,,,1.13298499584198,,5203.2431640625,8.549429893493652,-0.15562714636325836,26.08653450012207,1.766496181488037,-6.961018085479736,25.520870208740234,23.262771606445312,17.178678512573242,,51.941131591796875,,5.7801228,4.56335,6.466,0.951324899673462
2027,Spain,6.665903051376343,,,,,,,,,,,14.12601089477539,,10580.1005859375,11.945310592651367,-4.231993198394775,4.633842468261719,1.967429280281067,-3.8027470111846924,25.932409286499023,27.01809310913086,15.206155776977539,,59.065162658691406,,5.577978,4.56335,6.466,0.951324899673462
2028,Spain,6.764079530715943,,,,,,,,,,,3.913600444793701,,7615.60595703125,8.02793025970459,9.728835105895996,23.418399810791016,3.2779219150543213,-2.6447536945343018,31.25766944885254,23.74680519104004,16.38125228881836,,57.79325866699219,,6.080163,4.56335,6.466,0.951324899673462
2029,Spain,6.493713974634807,,,,,,,,,,,13.914511680603027,,6465.08203125,11.145160675048828,-5.7853593826293945,2.60741925239563,1.2036821842193604,-6.1568779945373535,26.141611099243164,28.92438507080078,13.634773254394531,,48.54639434814453,,4.969026,4.56335,6.466,0.951324899673462
2030,Spain,6.51353625424703,,,,,,,,,,,2.402517318725586,,6780.4638671875,9.369393348693848,12.115973472595215,24.72806739807129,3.27701735496521,-1.5260213613510132,32.100921630859375,23.72156524658203,18.18501091003418,,51.26034927368164,,5.637445,4.56335,6.466,0.951324899673462
2025,Sri Lanka,5.334074600219727,,,,,,,,,,,29.04882049560547,,6524.69775390625,8.011382102966309,0.09549061208963394,-0.5849677324295044,3.1198015213012695,-4.063087463378906,24.983354568481445,24.347837448120117,14.480371475219727,,54.19325637817383,,5.743533,4.709917,3.891,-0.40945853424072265
2026,Sri Lanka,5.339405401229858,,,,,,,,,,,0.9675732254981995,,6530.57421875,9.376930236816406,8.027332305908203,16.050735473632812,2.4306163787841797,-6.301889419555664,26.333372116088867,23.12723159790039,16.833209991455078,,53.93687438964844,,5.7541947,4.709917,3.891,-0.40945853424072265
2027,Sri Lanka,5.412774347941081,,,,,,,,,,,11.237113952636719,,9886.2177734375,9.345407485961914,0.025260528549551964,1.8956630229949951,1.5583164691925049,-6.523478031158447,26.32094383239746,26.40835952758789,14.692977905273438,,48.088958740234375,,5.968971,4.709917,3.891,-0.40945853424072265
2028,Sri Lanka,5.551362140655518,,,,,,,,,,,1.7643128633499146,,8229.4775390625,8.909835815429688,8.95669937133789,12.319619178771973,3.568303346633911,-1.1812922954559326,31.782960891723633,23.530271530151367,17.01507568359375,,53.70181655883789,,6.1592965,4.709917,3.891,-0.40945853424072265
2029,Sri Lanka,5.56360843149821,,,,,,,,,,,8.433807373046875,,10709.994140625,10.971977233886719,0.4630522131919861,1.82506263256073,2.824848175048828,-6.501633167266846,25.90251350402832,30.0831298828125,13.8454008102417,,51.75791931152344,,5.7909336,4.709917,3.891,-0.40945853424072265
2030,Sri Lanka,5.541172448476156,,,,,,,,,,,1.694992184638977,,5458.63134765625,5.582517623901367,11.120166778564453,11.034173011779785,3.5682146549224854,-1.3751428127288818,31.8037166595459,23.908329010009766,18.621292114257812,,50.961429595947266,,5.901663,4.709917,3.891,-0.40945853424072265
2025,State of Palestine,5.818848505020142,,,,,,,,,,,79.52009582519531,,5656.87060546875,6.680135726928711,3.8066024780273438,1.2934465408325195,4.878684043884277,-4.094208717346191,24.759172439575195,23.510730743408203,15.139891624450684,,50.35478591918945,,5.9064727,4.9552484,4.78,-0.08762417793273913
2026,State of Palestine,5.058899059295655,,,,,,,,,,,1.657495379447937,,879.1619873046875,7.9735107421875,0.700456440448761,23.81917953491211,1.730539321899414,-7.598514080047607,23.266237258911133,23.51803970336914,17.34638023376465,,50.938106536865234,,4.386574,4.9552484,4.78,-0.08762417793273913
2027,State of Palestine,5.388968680699667,,,,,,,,,,,14.782166481018066,,11071.0947265625,7.794116020202637,-1.0485016107559204,5.010031223297119,2.032287120819092,-7.4014763832092285,25.33298683166504,24.429306030273438,16.672935485839844,,56.9771842956543,,6.136732,4.9552484,4.78,-0.08762417793273913
2028,State of Palestine,5.388793363571168,,,,,,,,,,,2.9717588424682617,,7375.693359375,7.061425685882568,7.574873924255371,17.54938316345215,3.3743703365325928,-2.5718741416931152,28.875125885009766,23.78862953186035,16.362869262695312,,47.51575469970703,,5.9059467,4.9552484,4.78,-0.08762417793273913
2029,State of Palestine,5.6549323940277105,,,,,,,,,,,11.038352012634277,,9163.56640625,12.988129615783691,-2.7946813106536865,2.6004722118377686,1.3307254314422607,-5.711277008056641,24.388334274291992,27.751476287841797,14.44722843170166,,38.358154296875,,5.184991,4.9552484,4.78,-0.08762417793273913
2030,State of Palestine,5.545168294906617,,,,,,,,,,,1.5919522047042847,,4176.05859375,6.806807041168213,9.253503799438477,15.986127853393555,3.91525936126709,-2.2979352474212646,32.29745101928711,23.561338424682617,16.927444458007812,,56.11427307128906,,5.80744,4.9552484,4.78,-0.08762417793273913
2025,Sudan,,,,,,,,,,,,30.31142807006836,,2286.1220703125,13.529438972473145,3.5155932903289795,25.015003204345703,-1.8971209526062012,-6.560473918914795,25.636072158813477,23.91535186767578,15.362214088439941,,51.200538635253906,,4.545449,,,
2026,Sudan,,,,,,,,,,,,16.286640167236328,,5785.96337890625,8.831212043762207,-2.7273449897766113,20.03127670288086,-1.0656859874725342,-8.107059478759766,25.6447811126709,24.088884353637695,16.426307678222656,,55.38496398925781,,5.512659,,,
2027,Sudan,,,,,,,,,,,,14.048012733459473,,9009.6953125,9.999746322631836,2.1246700286865234,17.7589168548584,1.5762848854064941,-3.715611457824707,27.612077713012695,26.700212478637695,16.11131477355957,,52.71544647216797,,5.677812,,,
2028,Sudan,,,,,,,,,,,,14.325836181640625,,7808.58349609375,10.061266899108887,1.275517463684082,14.610021591186523,0.04940003529191017,-4.828601837158203,30.145654678344727,28.187976837158203,14.446104049682617,,42.42560958862305,,5.4446754,,,
2029,Sudan,,,,,,,,,,,,10.78360366821289,,8022.61279296875,9.587769508361816,2.1743764877319336,15.147260665893555,2.7890625,-3.934497117996216,31.828807830810547,27.933626174926758,14.741898536682129,,41.3204345703125,,5.443105,,,
2030,Sudan,,,,,,,,,,,,10.786290168762207,,6890.5322265625,8.862295150756836,0.9339049458503723,9.619487762451172,2.633354902267456,-3.4524989128112793,31.27950668334961,28.71824073791504,15.205340385437012,,48.57854461669922,,5.478335,,,
2025,Suriname,,,,,,,,,,,,8.206945419311523,,2107.71435546875,13.171651840209961,7.98876953125,6.799571514129639,2.4608194828033447,-6.79554557800293,25.92044448852539,23.71874237060547,15.23781967163086,,50.31541061401367,,4.703696,,,
2026,Suriname,,,,,,,,,,,,5.855446815490723,,2465.720458984375,8.094910621643066,7.690494537353516,8.430998802185059,3.4147465229034424,-8.89415454864502,26.632625579833984,22.39349937438965,18.163082122802734,,58.21160888671875,,5.240177,,,
2027,Suriname,,,,,,,,,,,,7.037599086761475,,3989.32958984375,10.882486343383789,8.010539054870605,6.577861785888672,4.312137603759766,-8.474642753601074,23.767847061157227,24.469524383544922,17.390392303466797,,51.50194549560547,,5.170959,,,
2028,Suriname,,,,,,,,,,,,5.257249355316162,,1183.9735107421875,10.226744651794434,7.54436731338501,6.777880668640137,3.8471109867095947,-8.425553321838379,25.211294174194336,24.509788513183594,18.072141647338867,,57.969627380371094,,4.90383,,,
2029,Suriname,,,,,,,,,,,,5.656676769256592,,2762.682373046875,8.441083908081055,8.642233848571777,5.900083541870117,4.5625739097595215,-9.296381950378418,25.339832305908203,23.396373748779297,18.997556686401367,,52.594886779785156,,5.5642104,,,
2030,Suriname,,,,,,,,,,,,5.54600715637207,,1426.8988037109375,11.009878158569336,6.632828235626221,6.2088398933410645,4.428177356719971,-7.039767265319824,24.67416763305664,23.70244598388672,17.251699447631836,,55.664031982421875,,4.809064,,,
2025,Swaziland,,,,,,,,,,,,4.405129909515381,,3445.855712890625,15.014411926269531,4.377791881561279,20.55311393737793,4.535470962524414,-2.5775115489959717,28.34387969970703,26.85403823852539,22.016733169555664,,35.03351593017578,,4.240968,,,
2026,Swaziland,,,,,,,,,,,,14.722739219665527,,1766.7177734375,14.30500602722168,-3.6261422634124756,4.85186767578125,0.6821483969688416,-6.816352844238281,26.662519454956055,29.89948081970215,16.44810676574707,,41.61091232299805,,3.9832964,,,
2027,Swaziland,,,,,,,,,,,,6.003667831420898,,6150.4638671875,6.146083831787109,7.738846302032471,21.70651626586914,3.171675443649292,-5.180912494659424,32.06751251220703,24.644882202148438,20.172887802124023,,49.599998474121094,,5.788945,,,
2028,Swaziland,,,,,,,,,,,,14.888545036315918,,5549.97265625,18.031339645385742,-2.1963703632354736,5.456080913543701,1.7335914373397827,-5.5683698654174805,24.481733322143555,32.48912811279297,14.489339828491211,,43.11150360107422,,4.68245,,,
2029,Swaziland,,,,,,,,,,,,3.946075201034546,,5237.2041015625,7.782220840454102,7.543752670288086,18.067276000976562,3.300436496734619,0.4922371804714203,32.398109436035156,23.443330764770508,21.38257598876953,,56.67359924316406,,5.77717,,,
2030,Swaziland,,,,,,,,,,,,13.94800090789795,,7985.62548828125,17.93941879272461,-2.45246958732605,2.5916762351989746,-0.0795658528804779,-6.512179374694824,24.092247009277344,32.86845779418945,14.18085765838623,,49.647483825683594,,4.6708603,,,
2025,Sweden,7.294128761291503,,,,,,,,,,,87.87818908691406,,6127.5791015625,7.577159404754639,0.9330068230628967,0.5469377040863037,2.557880401611328,-5.417845726013184,25.441957473754883,24.06214714050293,15.289239883422852,,51.79241943359375,,5.932934,4.62261,7.345,1.361194953918457
2026,Sweden,7.175775632858276,,,,,,,,,,,0.9403489232063293,,5481.404296875,8.595072746276855,-0.7701780796051025,39.480255126953125,1.6910531520843506,-7.274363040924072,25.599773406982422,23.262771606445312,17.170835494995117,,51.82817459106445,,5.6962276,4.62261,7.345,1.361194953918457
2027,Sweden,7.154912815093994,,,,,,,,,,,17.685617446899414,,12180.697265625,11.901329040527344,-5.975044250488281,5.488414287567139,0.05056234449148178,-2.9604246616363525,25.9056396484375,27.142433166503906,15.160876274108887,,60.48948669433594,,5.751992,4.62261,7.345,1.361194953918457
2028,Sweden,7.157956307729084,,,,,,,,,,,4.441712379455566,,6423.9619140625,9.319174766540527,9.91448974609375,24.590293884277344,3.810793399810791,-2.612368583679199,32.323394775390625,23.368162155151367,16.111116409301758,,53.8380012512207,,5.9420643,4.62261,7.345,1.361194953918457
2029,Sweden,6.863341992696125,,,,,,,,,,,14.004714965820312,,5606.8896484375,12.036224365234375,-7.195599555969238,3.260496139526367,0.8810231685638428,-6.295177936553955,25.924724578857422,29.560535430908203,13.821832656860352,,52.779483795166016,,4.8123846,4.62261,7.345,1.361194953918457
2030,Sweden,6.858816490173339,,,,,,,,,,,1.6075081825256348,,6159.82666015625,8.729521751403809,12.638071060180664,28.549057006835938,3.4603772163391113,-0.06096816435456276,31.809795379638672,23.801177978515625,19.063730239868164,,61.112953186035156,,5.7384157,4.62261,7.345,1.361194953918457
2025,Switzerland,6.816285161972045,,,,,,,,,,,30.12619400024414,,7262.498046875,7.2183756828308105,0.14248108863830566,-0.680537760257721,3.247532844543457,-3.233147144317627,25.058971405029297,24.004112243652344,15.238088607788086,,52.665470123291016,,5.7213364,4.7451024,6.935,1.094948797225952
2026,Switzerland,6.6569745826721185,,,,,,,,,,,0.9216727614402771,,4616.9736328125,10.24854564666748,7.299955368041992,16.184926986694336,2.797173261642456,-7.363267421722412,24.85208511352539,23.446517944335938,16.603355407714844,,50.16068649291992,,5.402715,4.7451024,6.935,1.094948797225952
2027,Switzerland,6.642139304478962,,,,,,,,,,,11.240889549255371,,6604.96337890625,8.779576301574707,0.9272820949554443,2.113959550857544,2.1174304485321045,-6.5525126457214355,26.440710067749023,25.42835807800293,15.564840316772461,,53.68736267089844,,5.51752,4.7451024,6.935,1.094948797225952
2028,Switzerland,6.701217521031697,,,,,,,,,,,1.7322797775268555,,7889.7900390625,9.278365135192871,8.98215103149414,12.004300117492676,3.53450083732605,-4.739522933959961,28.836793899536133,23.923110961914062,17.3382568359375,,46.70661544799805,,5.898571,4.7451024,6.935,1.094948797225952
2029,Switzerland,6.82337986310323,,,,,,,,,,,8.424219131469727,,10363.091796875,11.420990943908691,1.5523372888565063,2.1843478679656982,2.9530868530273438,-6.3361968994140625,25.96341896057129,27.681825637817383,14.68146800994873,,47.109352111816406,,5.769202,4.7451024,6.935,1.094948797225952
2030,Switzerland,7.0132467238108305,,,,,,,,,,,1.9666657447814941,,6075.09619140625,5.846851825714111,9.435754776000977,10.350921630859375,3.531055450439453,-3.0961203575134277,30.906641006469727,23.664173126220703,17.247278213500977,,44.49537658691406,,6.0871205,4.7451024,6.935,1.094948797225952
2025,Syria,,,,,,,,,,,,6.600121021270752,,7606.93603515625,9.201552391052246,3.94403338432312,6.865110397338867,2.383504629135132,-6.161118984222412,25.345182418823242,23.980648040771484,15.07320785522461,,54.8279914855957,,5.6264367,,,
2026,Syria,,,,,,,,,,,,5.1400275230407715,,3336.782470703125,8.871347427368164,7.428164482116699,6.998741149902344,3.44193696975708,-7.520278453826904,27.521484375,22.556331634521484,16.940065383911133,,48.970882415771484,,5.361434,,,
2027,Syria,,,,,,,,,,,,6.670657634735107,,2532.19482421875,7.976219177246094,6.188843727111816,5.614130973815918,3.3499436378479004,-8.063465118408203,24.025447845458984,25.670377731323242,16.828344345092773,,52.16188049316406,,5.038221,,,
2028,Syria,,,,,,,,,,,,5.451352596282959,,432.40869140625,6.172897815704346,8.085188865661621,7.237537384033203,4.065978050231934,-7.505766868591309,26.215200424194336,22.860576629638672,18.956018447875977,,52.82977294921875,,4.3009973,,,
2029,Syria,,,,,,,,,,,,7.678894996643066,,4221.6259765625,9.451911926269531,10.729063987731934,6.306021213531494,3.7156684398651123,-21.009586334228516,21.620195388793945,23.200838088989258,18.427555084228516,,48.62010192871094,,5.286056,,,
2030,Syria,,,,,,,,,,,,5.398257255554199,,-1380.214599609375,10.514588356018066,7.703821659088135,6.1241888999938965,4.952886581420898,-7.503130912780762,24.696260452270508,23.11333656311035,18.071319580078125,,67.8851547241211,,4.1042295,,,
2025,Tajikistan,5.9968458347320555,,,,,,,,,,,86.74722290039062,,3666.353759765625,6.680135726928711,6.013972759246826,3.1029741764068604,4.332979679107666,-3.274837017059326,25.3234920501709,23.98735809326172,15.228113174438477,,51.10468673706055,,5.6206565,4.6586213,5.411,0.3761893444061277
2026,Tajikistan,5.566399209976196,,,,,,,,,,,2.619143009185791,,1929.5645751953125,8.857686996459961,0.9819015860557556,24.483625411987305,1.5388214588165283,-8.680831909179688,23.653146743774414,22.829345703125,17.7484130859375,,52.17687225341797,,4.7597632,4.6586213,5.411,0.3761893444061277
2027,Tajikistan,5.671992573420206,,,,,,,,,,,14.178277969360352,,12145.333984375,12.494536399841309,-3.969517946243286,5.106912136077881,2.497631311416626,-5.7574968338012695,24.741859436035156,24.599733352661133,15.73378849029541,,56.623538970947266,,5.50699,4.6586213,5.411,0.3761893444061277
2028,Tajikistan,5.7511817150115965,,,,,,,,,,,4.977650165557861,,5389.72119140625,6.846497058868408,7.20801305770874,20.49798583984375,3.4201478958129883,-2.4309260845184326,29.03566551208496,23.581174850463867,16.32670021057129,,50.03273010253906,,5.858224,4.6586213,5.411,0.3761893444061277
2029,Tajikistan,5.67629316775004,,,,,,,,,,,14.651714324951172,,4419.02587890625,13.561211585998535,-3.240018606185913,4.3430705070495605,1.4469074010849,-6.172389984130859,23.74595069885254,28.181175231933594,14.802571296691895,,47.20713424682617,,4.5350976,4.6586213,5.411,0.3761893444061277
2030,Tajikistan,5.827833923975626,,,,,,,,,,,2.5698912143707275,,6246.47998046875,9.205583572387695,8.563966751098633,20.626300811767578,3.4231252670288086,-3.2963318824768066,30.733686447143555,23.02536964416504,18.285816192626953,,62.47200393676758,,5.961612,4.6586213,5.411,0.3761893444061277
2025,Tanzania,5.628216409683228,,,,,,,,,,,30.06559944152832,,8975.361328125,7.622411727905273,1.4898573160171509,-0.6005938053131104,3.1451821327209473,-2.820819139480591,25.096609115600586,23.621078491210938,15.021076202392578,,49.2987060546875,,6.1818657,4.9072986,3.8,-0.5536492824554444
2026,Tanzania,5.307946109771729,,,,,,,,,,,1.0485727787017822,,4295.57763671875,8.904236793518066,7.46905517578125,15.752798080444336,2.5107624530792236,-8.502717971801758,25.0938777923584,23.11736297607422,16.224342346191406,,46.74353790283203,,5.541325,4.9072986,3.8,-0.5536492824554444
2027,Tanzania,5.103859090805054,,,,,,,,,,,11.267478942871094,,7527.23681640625,11.077825546264648,1.0379654169082642,2.1467065811157227,2.480980396270752,-6.692197799682617,26.598562240600586,25.1354923248291,15.655851364135742,,56.25208282470703,,5.2493343,4.9072986,3.8,-0.5536492824554444
2028,Tanzania,5.008814636866252,,,,,,,,,,,1.6251115798950195,,6515.06103515625,8.610602378845215,9.469361305236816,11.873202323913574,3.6419901847839355,-5.511302471160889,28.832361221313477,24.197200775146484,17.297183990478516,,45.29340744018555,,5.8967323,4.9072986,3.8,-0.5536492824554444
2029,Tanzania,5.0578239599863695,,,,,,,,,,,8.445451736450195,,11273.02734375,12.514751434326172,1.455480694770813,2.083164930343628,3.069833278656006,-5.842815399169922,25.648788452148438,27.942962646484375,14.852848052978516,,48.65729904174805,,5.688353,4.9072986,3.8,-0.5536492824554444
2030,Tanzania,5.3234316349029545,,,,,,,,,,,1.7968358993530273,,4724.7529296875,6.021471977233887,8.420605659484863,10.339630126953125,3.6001017093658447,-2.9778900146484375,30.91875648498535,23.609291076660156,17.171669006347656,,49.89109802246094,,6.0461574,4.9072986,3.8,-0.5536492824554444
2025,Thailand,6.283975063323975,,,,,,,,,,,31.848712921142578,,7226.248046875,6.680135726928711,2.7341151237487793,-0.9987899661064148,5.404455184936523,1.5345827341079712,24.990093231201172,23.544401168823242,14.487682342529297,,47.80083084106445,,5.6728444,4.9997387,6.222,0.6111306533813479
2026,Thailand,6.09164947128296,,,,,,,,,,,1.21355402469635,,3937.49609375,8.534102439880371,7.050040245056152,15.110220909118652,2.5612130165100098,-7.203629970550537,22.812137603759766,24.640859603881836,15.927579879760742,,44.27333068847656,,5.288193,4.9997387,6.222,0.6111306533813479
2027,Thailand,6.136252342224122,,,,,,,,,,,10.99592399597168,,6684.47802734375,7.9841461181640625,1.9303163290023804,2.199902296066284,3.931175947189331,-6.33548641204834,26.459623336791992,23.32303810119629,16.739978790283203,,53.190956115722656,,5.6143274,4.9997387,6.222,0.6111306533813479
2028,Thailand,6.12035713450114,,,,,,,,,,,2.01023268699646,,6049.02685546875,9.468832969665527,8.987752914428711,10.961600303649902,3.0748069286346436,-5.80982780456543,26.297222137451172,25.027202606201172,16.8085880279541,,44.51378631591797,,5.625159,4.9997387,6.222,0.6111306533813479
2029,Thailand,6.254479347229005,,,,,,,,,,,8.291784286499023,,9071.9560546875,7.130179405212402,3.5127577781677246,2.4372122287750244,3.584059715270996,-6.31943941116333,25.412639617919922,25.83807373046875,16.613065719604492,,50.57550048828125,,5.69056,4.9997387,6.222,0.6111306533813479
2030,Thailand,6.2327006047566735,,,,,,,,,,,2.4026401042938232,,3884.173828125,7.374880313873291,8.985280990600586,8.797229766845703,3.2882742881774902,-5.739499568939209,26.383827209472656,23.877782821655273,17.35837745666504,,42.47798538208008,,5.548991,4.9997387,6.222,0.6111306533813479
2025,Togo,5.533069581985474,,,,,,,,,,,30.383821487426758,,8658.580078125,6.680135726928711,2.921715259552002,-0.7636452317237854,4.9326581954956055,0.6629188060760498,25.086048126220703,23.544401168823242,14.827494621276855,,48.97913360595703,,5.822227,4.893315,4.315,-0.2891574192047117
2026,Togo,5.277305335998536,,,,,,,,,,,1.21355402469635,,3710.546142578125,8.664454460144043,7.061365604400635,15.023431777954102,2.551262617111206,-7.599203109741211,23.91741180419922,24.384172439575195,15.691162109375,,45.67570114135742,,5.3106985,4.893315,4.315,-0.2891574192047117
2027,Togo,5.268072576522828,,,,,,,,,,,10.99592399597168,,8516.421875,8.97756290435791,2.0092151165008545,2.199902296066284,4.081855773925781,-6.490897178649902,26.80527114868164,24.47511863708496,16.348085403442383,,53.039222717285156,,5.5387645,4.893315,4.315,-0.2891574192047117
2028,Togo,5.232544552485149,,,,,,,,,,,1.989825963973999,,5687.3037109375,7.950133323669434,8.480647087097168,10.736868858337402,3.082106590270996,-5.80557918548584,27.641746520996094,24.927282333374023,17.05301284790039,,44.13353729248047,,5.715643,4.893315,4.315,-0.2891574192047117
2029,Togo,5.325621576309205,,,,,,,,,,,8.29994010925293,,8777.4111328125,9.693316459655762,3.346444845199585,2.3474619388580322,3.055086851119995,-5.920621395111084,25.24207305908203,27.86536407470703,15.311136245727539,,46.825408935546875,,5.5899296,4.893315,4.315,-0.2891574192047117
2030,Togo,5.287685047785442,,,,,,,,,,,2.2891457080841064,,3506.18310546875,8.140042304992676,8.947608947753906,8.957769393920898,3.479525089263916,-5.759268283843994,30.76316261291504,22.90791893005371,17.394929885864258,,46.936668395996094,,5.424955,4.893315,4.315,-0.2891574192047117
2025,Trinidad and Tobago,6.3603462123870855,,,,,,,,,,,32.15974426269531,,7541.8134765625,7.247137069702148,-0.47885480523109436,-0.09742586314678192,3.2403883934020996,-3.8117523193359375,25.482995986938477,23.91486358642578,15.202728271484375,,52.97736740112305,,5.78006,4.744427,5.905,0.5802863979339601
2026,Trinidad and Tobago,6.266098155975342,,,,,,,,,,,0.49735331535339355,,5216.9873046875,9.7583646774292,6.981624603271484,16.790111541748047,2.284236192703247,-6.541454315185547,24.692827224731445,23.88161849975586,16.81288719177246,,57.64262008666992,,5.5915637,4.744427,5.905,0.5802863979339601
2027,Trinidad and Tobago,6.3212585989634205,,,,,,,,,,,11.378279685974121,,10730.400390625,8.846731185913086,1.1108399629592896,1.7662522792816162,1.9277430772781372,-5.974819183349609,26.029266357421875,25.73203468322754,15.937910079956055,,55.95050048828125,,5.851293,4.744427,5.905,0.5802863979339601
2028,Trinidad and Tobago,6.387492551803589,,,,,,,,,,,1.717032790184021,,7826.4599609375,6.925994396209717,8.164862632751465,11.714923858642578,3.783963918685913,-3.466190814971924,29.59941864013672,24.276033401489258,16.661394119262695,,47.87287521362305,,5.9787617,4.744427,5.905,0.5802863979339601
2029,Trinidad and Tobago,6.362300450007122,,,,,,,,,,,8.378317832946777,,9580.873046875,11.666356086730957,0.5960549712181091,2.091001033782959,2.693042516708374,-5.679257392883301,26.174686431884766,27.777694702148438,14.611456871032715,,40.805908203125,,5.5159874,4.744427,5.905,0.5802863979339601
2030,Trinidad and Tobago,6.444420709609986,,,,,,,,,,,1.8497445583343506,,6161.01904296875,4.782281875610352,9.944229125976562,10.838875770568848,3.704477310180664,-2.492990493774414,30.706586837768555,24.31104850769043,17.467309951782227,,49.87120819091797,,6.097654,4.744427,5.905,0.5802863979339601
2025,Tunisia,5.159196592330932,,,,,,,,,,,80.51298522949219,,1856.0521240234375,7.454875469207764,0.4329715669155121,5.15498161315918,1.7935974597930908,-7.178555488586426,25.359683990478516,23.964237213134766,15.445840835571289,,50.650447845458984,,5.052709,4.339025,4.552,0.10648748970031718
2026,Tunisia,5.433971620559692,,,,,,,,,,,4.166021823883057,,5416.41796875,7.93411111831665,-1.5805792808532715,27.741687774658203,0.7996647953987122,-7.635805606842041,24.540279388427734,21.509931564331055,18.01768684387207,,54.229244232177734,,5.602259,4.339025,4.552,0.10648748970031718
2027,Tunisia,5.445967730840047,,,,,,,,,,,14.90225601196289,,8817.27734375,11.825167655944824,-3.17301344871521,8.572355270385742,2.294600009918213,-3.8663859367370605,24.70560646057129,26.26038932800293,15.605347633361816,,51.94580078125,,5.3634725,4.339025,4.552,0.10648748970031718
2028,Tunisia,5.652901706059773,,,,,,,,,,,5.310183525085449,,4016.972900390625,8.602457046508789,7.642470359802246,20.210359573364258,2.751979351043701,-2.43872332572937,30.56916046142578,24.151138305664062,16.145179748535156,,46.184059143066406,,5.673511,4.339025,4.552,0.10648748970031718
2029,Tunisia,5.42496289507548,,,,,,,,,,,14.965353965759277,,6833.546875,13.120173454284668,-3.1298835277557373,5.297207355499268,1.670910120010376,-6.936491966247559,26.467676162719727,28.281843185424805,14.792089462280273,,50.222686767578125,,4.9184427,4.339025,4.552,0.10648748970031718
2030,Tunisia,5.542506274541219,,,,,,,,,,,3.090900182723999,,5956.22802734375,9.178601264953613,7.647995948791504,20.342172622680664,2.981412649154663,-1.2682642936706543,31.4323673248291,23.792619705200195,17.745346069335938,,48.71271896362305,,5.7161026,4.339025,4.552,0.10648748970031718
2025,Türkiye,5.623889642715454,,,,,,,,,,,87.87818908691406,,3369.162109375,6.888256072998047,-2.1249728202819824,5.035059452056885,3.7213470935821533,-5.006526470184326,25.274425506591797,24.022485733032227,15.308209419250488,,51.89738464355469,,5.5096087,5.033438,5.262,0.11428089714050271
2026,Türkiye,5.554828601837158,,,,,,,,,,,3.330631732940674,,3991.568115234375,7.804186820983887,-1.2595698833465576,39.889286041259766,2.1732664108276367,-6.197447299957275,24.69858741760254,22.011621475219727,17.61385726928711,,51.33177185058594,,5.3714867,5.033438,5.262,0.11428089714050271
2027,Türkiye,5.635547357559204,,,,,,,,,,,15.382777214050293,,10009.32421875,11.122251510620117,-6.141252517700195,7.520941257476807,0.8388833403587341,-4.141308784484863,24.968591690063477,25.694114685058594,15.019684791564941,,51.8748779296875,,5.682704,5.033438,5.262,0.11428089714050271
2028,Türkiye,5.710668124516805,,,,,,,,,,,6.350246429443359,,4184.07275390625,8.373581886291504,7.945048809051514,24.211597442626953,2.9336729049682617,-1.0355899333953857,28.842559814453125,23.093664169311523,16.142457962036133,,44.07200622558594,,5.734971,5.033438,5.262,0.11428089714050271
2029,Türkiye,5.567859210332235,,,,,,,,,,,13.789125442504883,,5263.61328125,12.789807319641113,-6.18474006652832,6.080356121063232,1.5442423820495605,-7.689168453216553,25.49354362487793,28.179122924804688,14.374041557312012,,51.99155807495117,,4.94306,5.033438,5.262,0.11428089714050271
2030,Türkiye,5.610587157567342,,,,,,,,,,,3.5082967281341553,,5842.69921875,9.741601943969727,8.3736572265625,25.53128433227539,3.261012077331543,-0.6984705924987793,30.357473373413086,23.943317413330078,18.602956771850586,,61.77625274658203,,5.810888,5.033438,5.262,0.11428089714050271
2025,Turkmenistan,,,,,,,,,,,,2.5829532146453857,,7642.998046875,7.706603050231934,7.196056842803955,4.987820148468018,5.843857765197754,-1.642452359199524,25.374610900878906,24.372753143310547,15.122833251953125,,48.38228225708008,,5.8150187,,,
2026,Turkmenistan,,,,,,,,,,,,4.493781089782715,,11389.6513671875,8.682306289672852,5.363679885864258,2.5996193885803223,3.115860939025879,-6.771596431732178,26.217378616333008,23.147966384887695,16.63970184326172,,45.846683502197266,,5.957175,,,
2027,Turkmenistan,,,,,,,,,,,,2.3628058433532715,,4034.462158203125,7.161090850830078,6.953066825866699,4.208829402923584,3.321162462234497,-5.521665573120117,27.174884796142578,24.202234268188477,16.938724517822266,,46.86981964111328,,5.4227586,,,
2028,Turkmenistan,,,,,,,,,,,,3.5567493438720703,,9104.2548828125,9.703524589538574,5.977779388427734,2.725339651107788,3.3860626220703125,-7.334869384765625,24.931760787963867,25.895992279052734,17.139612197875977,,47.277767181396484,,5.605039,,,
2029,Turkmenistan,,,,,,,,,,,,2.4138522148132324,,5428.1005859375,7.727621078491211,7.865825176239014,3.111492156982422,3.1450467109680176,-6.050074100494385,28.58855438232422,24.06810760498047,17.85064125061035,,49.16287612915039,,5.800021,,,
2030,Turkmenistan,,,,,,,,,,,,2.8830811977386475,,7724.47021484375,14.572403907775879,6.035205364227295,2.76889705657959,2.942012310028076,-6.6852216720581055,25.116960525512695,27.33530616760254,16.588123321533203,,49.695167541503906,,4.8141522,,,
2025,Uganda,5.5541985206604005,,,,,,,,,,,30.12619400024414,,7867.349609375,8.029096603393555,2.1818058490753174,-0.6493485569953918,3.1451821327209473,-2.8364055156707764,25.128421783447266,23.963090896606445,15.021076202392578,,49.21076202392578,,5.7897162,4.9320354,4.461,-0.23551772308349594
2026,Uganda,5.352273958206177,,,,,,,,,,,1.1878498792648315,,4404.46484375,9.722746849060059,6.944838523864746,15.351454734802246,2.606264352798462,-7.879825592041016,26.457279205322266,23.082124710083008,16.69567108154297,,49.330596923828125,,5.385867,4.9320354,4.461,-0.23551772308349594
2027,Uganda,5.280756888071696,,,,,,,,,,,10.99592399597168,,7975.5673828125,9.373668670654297,1.762745976448059,2.093620777130127,3.6118860244750977,-7.579452037811279,25.738203048706055,26.393646240234375,15.749732971191406,,50.32868194580078,,5.3732405,4.9320354,4.461,-0.23551772308349594
2028,Uganda,5.319702880859375,,,,,,,,,,,1.7670490741729736,,4405.78173828125,8.514739990234375,8.56135082244873,11.033462524414062,2.9537928104400635,-4.5503082275390625,30.16222381591797,24.063804626464844,17.71705436706543,,50.144588470458984,,5.906554,4.9320354,4.461,-0.23551772308349594
2029,Uganda,5.293825723012289,,,,,,,,,,,8.401615142822266,,10202.591796875,13.621193885803223,3.0189218521118164,2.291853904724121,3.147388219833374,-7.295736789703369,25.70845603942871,28.847482681274414,15.245451927185059,,51.71363830566406,,5.3082356,4.9320354,4.461,-0.23551772308349594
2030,Uganda,5.374349054972331,,,,,,,,,,,1.9724477529525757,,3622.70654296875,6.248317718505859,8.160314559936523,9.35924243927002,3.2894415855407715,-2.7546541690826416,32.24604415893555,23.489734649658203,18.63211441040039,,47.465579986572266,,5.6148105,4.9320354,4.461,-0.23551772308349594
2025,Ukraine,5.600724782943725,,,,,,,,,,,79.52009582519531,,4838.90185546875,7.383251190185547,2.617790699005127,4.495548248291016,4.1151604652404785,-7.671807289123535,24.832988739013672,23.49053192138672,15.148439407348633,,49.64293670654297,,5.7854,5.0493503,4.68,-0.18467513084411635
2026,Ukraine,5.462692584991455,,,,,,,,,,,3.1294026374816895,,5267.3408203125,8.06483268737793,-1.9545568227767944,25.62456703186035,1.5687370300292969,-7.941349506378174,23.695768356323242,23.04195213317871,17.618993759155273,,51.886871337890625,,5.5093355,5.0493503,4.68,-0.18467513084411635
2027,Ukraine,5.405998792648315,,,,,,,,,,,13.020413398742676,,11628.26953125,12.329033851623535,-3.0083718299865723,7.501184940338135,2.127277135848999,-2.929312229156494,24.941709518432617,25.902132034301758,15.66556167602539,,58.47749328613281,,5.4772863,5.0493503,4.68,-0.18467513084411635
2028,Ukraine,5.483975337346394,,,,,,,,,,,4.869175434112549,,5761.43505859375,7.542133331298828,10.48376178741455,19.317079544067383,3.2591967582702637,-0.8671754598617554,30.962114334106445,24.00699234008789,15.951912879943848,,46.90097427368164,,6.0193295,5.0493503,4.68,-0.18467513084411635
2029,Ukraine,5.26271335919698,,,,,,,,,,,13.238202095031738,,6101.97509765625,11.390987396240234,-3.0524299144744873,3.832534074783325,0.8929200768470764,-5.689295768737793,24.29178810119629,29.415027618408203,13.688733100891113,,45.99702072143555,,4.8455496,5.0493503,4.68,-0.18467513084411635
2030,Ukraine,5.341476049423218,,,,,,,,,,,3.3537609577178955,,5697.38427734375,8.234996795654297,13.071290016174316,19.38925552368164,3.6077558994293213,0.34432727098464966,32.016597747802734,23.568710327148438,18.240530014038086,,55.11652374267578,,5.7135744,5.0493503,4.68,-0.18467513084411635
2025,United Arab Emirates,6.6570909900665285,,,,,,,,,,,30.422313690185547,,8003.3779296875,6.680135726928711,3.1380434036254883,-0.22429771721363068,4.9326581954956055,0.036665014922618866,25.086048126220703,23.544401168823242,15.02237319946289,,48.97913360595703,,5.7278876,4.9005933,6.759,0.929203359603882
2026,United Arab Emirates,6.3635869903564455,,,,,,,,,,,1.2314006090164185,,3429.302001953125,8.78888988494873,6.656904697418213,14.989433288574219,2.5336263179779053,-8.25871753692627,23.968730926513672,24.333744049072266,15.946547508239746,,46.87835693359375,,5.1408796,4.9005933,6.759,0.929203359603882
2027,United Arab Emirates,6.432943511327108,,,,,,,,,,,10.99592399597168,,8516.421875,8.13720989227295,2.12239933013916,2.199902296066284,4.299964427947998,-6.111456394195557,26.61769676208496,24.419384002685547,16.430341720581055,,52.43998718261719,,5.642453,4.9005933,6.759,0.929203359603882
2028,United Arab Emirates,6.426894831975301,,,,,,,,,,,2.0203068256378174,,6246.1416015625,7.827056884765625,8.457024574279785,10.736868858337402,3.082106590270996,-5.417745590209961,27.685495376586914,24.615478515625,16.771743774414062,,43.35763168334961,,5.7097416,4.9005933,6.759,0.929203359603882
2029,United Arab Emirates,6.664347974777222,,,,,,,,,,,8.29994010925293,,8894.4140625,8.151446342468262,3.288395881652832,2.232234477996826,3.055086851119995,-6.155973434448242,25.772520065307617,27.634105682373047,14.863579750061035,,44.378536224365234,,5.853239,4.9005933,6.759,0.929203359603882
2030,United Arab Emirates,6.819465486526489,,,,,,,,,,,2.1089043617248535,,5122.171875,7.722883701324463,9.164798736572266,8.981071472167969,3.1995108127593994,-4.1767706871032715,30.740446090698242,23.547958374023438,17.636184692382812,,49.52107620239258,,6.1078057,4.9005933,6.759,0.929203359603882
2025,United Kingdom,6.71871510887146,,,,,,,,,,,30.12619400024414,,7402.0185546875,7.6667094230651855,2.4070160388946533,-0.6078611016273499,3.2249488830566406,-4.451827049255371,25.121305465698242,23.963090896606445,15.288817405700684,,49.86433410644531,,5.7505355,4.7916408,6.728,0.9681796207427977
2026,United Kingdom,6.558078683853149,,,,,,,,,,,1.2493793964385986,,4665.775390625,10.048810005187988,7.170215129852295,15.06436824798584,2.3451051712036133,-8.347442626953125,24.64723777770996,22.960773468017578,16.830913543701172,,45.656700134277344,,5.4292626,4.7916408,6.728,0.9681796207427977
2027,United Kingdom,6.459918416976929,,,,,,,,,,,10.99592399597168,,7053.572265625,9.88894271850586,1.8480865955352783,2.093620777130127,3.745774745941162,-7.265422344207764,24.518367767333984,26.097963333129883,15.624059677124023,,54.96455383300781,,5.2954183,4.7916408,6.728,0.9681796207427977
2028,United Kingdom,6.49649389330546,,,,,,,,,,,1.7018532752990723,,4652.921875,8.295614242553711,9.364679336547852,11.20616340637207,3.3296914100646973,-4.85844612121582,29.524011611938477,23.475631713867188,17.658849716186523,,47.55351257324219,,5.860262,4.7916408,6.728,0.9681796207427977
2029,United Kingdom,6.435130355199178,,,,,,,,,,,8.422847747802734,,10489.625,13.957093238830566,2.9597604274749756,2.343884229660034,3.1588218212127686,-6.873069763183594,24.974151611328125,29.395944595336914,15.228862762451172,,52.61953353881836,,5.245172,4.7916408,6.728,0.9681796207427977
2030,United Kingdom,6.474702117284139,,,,,,,,,,,1.9467450380325317,,2416.662353515625,5.884659767150879,7.5537495613098145,9.393240928649902,3.420703411102295,-2.210371255874634,32.588802337646484,22.80892562866211,18.588268280029297,,45.08065414428711,,5.4141335,4.7916408,6.728,0.9681796207427977
2025,United States,6.696025621414185,,,,,,,,,,,30.12619400024414,,7287.87060546875,7.622411727905273,0.5094408392906189,-0.5918476581573486,3.2249488830566406,-4.582165718078613,25.116661071777344,23.963090896606445,15.288817405700684,,49.90337371826172,,5.7397933,4.8115354,6.724,0.9562323207855226
2026,United States,6.587347280502319,,,,,,,,,,,1.0327693223953247,,4749.4228515625,9.99555492401123,7.291294574737549,16.16536521911621,2.6177754402160645,-7.645884990692139,24.842172622680664,23.274124145507812,16.695926666259766,,51.78990936279297,,5.5224366,4.8115354,6.724,0.9562323207855226
2027,United States,6.540184588750203,,,,,,,,,,,11.100306510925293,,6494.85400390625,8.707883834838867,1.2360819578170776,2.1467065811157227,1.902684211730957,-6.603009223937988,25.995792388916016,25.900156021118164,15.441656112670898,,54.719757080078125,,5.489627,4.8115354,6.724,0.9562323207855226
2028,United States,6.617331277847289,,,,,,,,,,,1.764294147491455,,8067.28466796875,9.110594749450684,9.291023254394531,12.001274108886719,3.4831554889678955,-5.531343460083008,31.021821975708008,23.31412696838379,17.507583618164062,,51.359153747558594,,5.9712334,4.8115354,6.724,0.9562323207855226
2029,United States,6.613795689264933,,,,,,,,,,,8.380254745483398,,9466.6015625,11.75670337677002,1.869303584098816,1.8387759923934937,2.9258337020874023,-7.437801837921143,25.955516815185547,28.893177032470703,14.55746841430664,,48.077701568603516,,5.51183,4.8115354,6.724,0.9562323207855226
2030,United States,6.7398035640716545,,,,,,,,,,,1.765748381614685,,6247.4296875,6.6964430809021,10.414358139038086,9.807716369628906,3.333791971206665,-2.6035783290863037,32.319087982177734,23.66660499572754,18.53800392150879,,42.397544860839844,,5.8676505,4.8115354,6.724,0.9562323207855226
2025,Uruguay,6.4999421768188475,,,,,,,,,,,87.87818908691406,,3731.170166015625,7.986211776733398,3.311363935470581,2.1882495880126953,2.744844913482666,-5.994194030761719,25.4632625579834,24.01630210876465,15.317934036254883,,51.65534973144531,,5.5515127,4.764141,6.661,0.9484294586181639
2026,Uruguay,6.437189453125,,,,,,,,,,,2.043708086013794,,4411.19873046875,9.110946655273438,-1.5902842283248901,38.784000396728516,1.9733535051345825,-8.815909385681152,26.61135482788086,22.970489501953125,18.00760269165039,,53.733436584472656,,5.4260073,4.764141,6.661,0.9484294586181639
2027,Uruguay,6.539768411000569,,,,,,,,,,,17.029102325439453,,14166.3916015625,13.524516105651855,-6.983189105987549,7.085737705230713,0.051513053476810455,-4.906185150146484,24.545677185058594,26.849374771118164,14.985505104064941,,55.869773864746094,,5.796497,4.764141,6.661,0.9484294586181639
2028,Uruguay,6.573345694224039,,,,,,,,,,,3.744558572769165,,5284.8125,8.448077201843262,6.596364498138428,26.480327606201172,3.9335155487060547,-0.33036553859710693,31.576181411743164,23.11636734008789,16.276321411132812,,49.90849304199219,,5.6522446,4.764141,6.661,0.9484294586181639
2029,Uruguay,6.312302781422932,,,,,,,,,,,14.220837593078613,,4428.08447265625,12.606392860412598,-7.041930198669434,2.8400771617889404,1.0890367031097412,-6.4252119064331055,24.632932662963867,30.342308044433594,14.207263946533203,,55.4898796081543,,4.6428785,4.764141,6.661,0.9484294586181639
2030,Uruguay,6.271048102060953,,,,,,,,,,,1.4965736865997314,,6453.1923828125,8.576891899108887,11.940350532531738,28.1126708984375,3.646299123764038,-0.28875166177749634,31.69468116760254,23.01661491394043,19.059972763061523,,57.72944641113281,,5.672733,4.764141,6.661,0.9484294586181639
2025,Uzbekistan,6.204177459716797,,,,,,,,,,,32.15974426269531,,4391.68310546875,7.445630073547363,3.7978296279907227,5.7834153175354,4.0322442054748535,-2.739926815032959,25.583194732666016,23.963985443115234,15.246844291687012,,49.58504104614258,,5.615817,5.016279,6.193,0.5883603897094725
2026,Uzbekistan,5.914454540252685,,,,,,,,,,,4.92735481262207,,3502.973876953125,9.72614860534668,4.640735626220703,15.483234405517578,3.4901583194732666,-9.1226167678833,23.915666580200195,23.3811092376709,17.777250289916992,,52.43492889404297,,5.036371,5.016279,6.193,0.5883603897094725
2027,Uzbekistan,5.716301839192709,,,,,,,,,,,10.776055335998535,,2471.2353515625,10.902337074279785,1.9275728464126587,5.283631801605225,3.9047763347625732,-6.489123344421387,25.342300415039062,24.886133193969727,16.433279037475586,,52.22025680541992,,4.731636,5.016279,6.193,0.5883603897094725
2028,Uzbekistan,5.703410705566406,,,,,,,,,,,4.6915669441223145,,3286.75048828125,6.020913600921631,8.355974197387695,10.658271789550781,4.001286029815674,-6.0677337646484375,26.524803161621094,22.462785720825195,18.524112701416016,,51.454490661621094,,5.5771437,5.016279,6.193,0.5883603897094725
2029,Uzbekistan,5.744893630981445,,,,,,,,,,,8.514155387878418,,7423.046875,10.643810272216797,4.484351634979248,4.190318584442139,4.042994499206543,-7.280315399169922,21.518098831176758,24.91582679748535,16.43887710571289,,46.66816329956055,,5.16082,5.016279,6.193,0.5883603897094725
2030,Uzbekistan,5.796983481089274,,,,,,,,,,,3.2744619846343994,,1272.7364501953125,7.016081809997559,7.899807929992676,8.71782398223877,3.750791549682617,-4.690415382385254,25.878652572631836,22.29640007019043,18.118303298950195,,46.33737564086914,,4.8879056,5.016279,6.193,0.5883603897094725
2025,Venezuela,6.147329524993896,,,,,,,,,,,22.75346565246582,,4715.12353515625,6.680135726928711,5.0261030197143555,1.9538164138793945,4.173593521118164,-2.1896674633026123,24.9569034576416,24.150028228759766,15.293231964111328,,50.57082748413086,,5.7013474,4.7910357,5.683,0.44598217391967765
2026,Venezuela,5.636156991958618,,,,,,,,,,,2.1054251194000244,,1428.890625,8.538202285766602,9.051898956298828,17.48171043395996,3.2865006923675537,-8.74698257446289,23.843664169311523,23.211503982543945,17.63643455505371,,50.423927307128906,,4.6790023,4.7910357,5.683,0.44598217391967765
2027,Venezuela,5.763055995941162,,,,,,,,,,,12.094608306884766,,8492.8330078125,8.164243698120117,1.3169270753860474,3.023942470550537,3.234362840652466,-7.444576740264893,24.850299835205078,24.600261688232422,15.497939109802246,,56.29247283935547,,5.570872,4.7910357,5.683,0.44598217391967765
2028,Venezuela,5.841223593393962,,,,,,,,,,,1.998534083366394,,6097.65087890625,8.193183898925781,8.833229064941406,11.370246887207031,3.034778118133545,-5.358510494232178,28.779800415039062,22.769441604614258,16.92363739013672,,47.16569900512695,,5.93585,4.7910357,5.683,0.44598217391967765
2029,Venezuela,6.05338227335612,,,,,,,,,,,8.401615142822266,,8401.0859375,11.052091598510742,1.5781322717666626,2.274181842803955,3.027273178100586,-6.563179016113281,24.286893844604492,27.79300308227539,14.70495319366455,,51.06230163574219,,5.3154783,4.7910357,5.683,0.44598217391967765
2030,Venezuela,6.085459744771321,,,,,,,,,,,2.0458970069885254,,3751.838623046875,7.262048721313477,9.256895065307617,10.234535217285156,3.606534004211426,-4.264751434326172,30.645776748657227,23.029844284057617,17.433950424194336,,47.849639892578125,,5.6671042,4.7910357,5.683,0.44598217391967765
2025,Viet Nam,6.850299478530884,,,,,,,,,,,30.33921241760254,,9212.6552734375,7.799880027770996,0.8318207263946533,-2.722989797592163,3.314817428588867,-2.2613394260406494,25.089717864990234,23.613927841186523,14.815632820129395,,48.052494049072266,,6.198161,5.0477233,6.352,0.6521383533477785
2026,Viet Nam,6.6334780464172365,,,,,,,,,,,1.1613225936889648,,4395.76611328125,9.421462059020996,9.172391891479492,16.033702850341797,3.247872829437256,-5.123493671417236,26.79093360900879,23.91744041442871,12.921599388122559,,49.562255859375,,5.7645183,5.0477233,6.352,0.6521383533477785
2027,Viet Nam,6.6019297847747795,,,,,,,,,,,11.377696990966797,,10638.9521484375,8.149850845336914,2.26275897026062,1.9978444576263428,1.877989649772644,-6.139658451080322,24.657310485839844,25.158069610595703,15.419731140136719,,53.55491256713867,,5.886695,5.0477233,6.352,0.6521383533477785
2028,Viet Nam,6.503918608983358,,,,,,,,,,,1.9245283603668213,,7058.54248046875,6.743490695953369,7.9263811111450195,10.709729194641113,3.4861793518066406,-3.5996925830841064,28.954618453979492,22.560197830200195,16.639314651489258,,51.551910400390625,,5.9041276,5.0477233,6.352,0.6521383533477785
2029,Viet Nam,6.380545895258585,,,,,,,,,,,8.18883991241455,,9074.73046875,12.983464241027832,3.2795464992523193,2.206961154937744,2.6369540691375732,-6.413473606109619,22.434694290161133,27.01118278503418,14.877128601074219,,42.26268768310547,,5.3944,5.0477233,6.352,0.6521383533477785
2030,Viet Nam,6.277017395655314,,,,,,,,,,,2.1335976123809814,,3348.17529296875,6.602076530456543,9.330791473388672,9.087603569030762,3.6502182483673096,-4.8311848640441895,30.138381958007812,21.284082412719727,17.8081111907959,,49.70107650756836,,5.5761094,5.0477233,6.352,0.6521383533477785
2025,Yemen,5.047779148101807,,,,,,,,,,,80.48384857177734,,2481.51318359375,6.680135726928711,1.8167994022369385,2.0695605278015137,2.2573001384735107,-3.4038381576538086,25.138118743896484,23.855449676513672,15.376360893249512,,52.390106201171875,,5.4582214,4.3818846,3.561,-0.4104422874450684
2026,Yemen,5.048186367034912,,,,,,,,,,,2.2870869636535645,,4791.77197265625,8.342988967895508,1.30702543258667,25.87015151977539,2.260052442550659,-8.373371124267578,23.935144424438477,21.54408836364746,17.90350341796875,,53.98212814331055,,5.459036,4.3818846,3.561,-0.4104422874450684
2027,Yemen,5.238214398701985,,,,,,,,,,,13.583012580871582,,12591.05078125,11.010544776916504,-4.803473472595215,4.469607353210449,1.9737662076950073,-6.675966262817383,24.272354125976562,25.912389755249023,14.784820556640625,,55.962791442871094,,6.0287127,4.3818846,3.561,-0.4104422874450684
2028,Yemen,5.351279800415039,,,,,,,,,,,2.593686819076538,,6875.7314453125,7.021821022033691,7.767295837402344,24.406967163085938,3.5688133239746094,-0.46041929721832275,30.6492919921875,22.725940704345703,16.618959426879883,,57.38322830200195,,5.7974176,4.3818846,3.561,-0.4104422874450684
2029,Yemen,5.301288192749023,,,,,,,,,,,13.680936813354492,,11695.044921875,12.732552528381348,-8.849178314208984,2.3383629322052,0.8683878183364868,-6.676188945770264,22.48491096496582,29.35816764831543,13.628055572509766,,39.80034255981445,,5.309061,4.3818846,3.561,-0.4104422874450684
2030,Yemen,5.188167318979899,,,,,,,,,,,1.0228562355041504,,5503.16015625,6.182204723358154,10.826087951660156,29.32256507873535,4.015419006347656,2.609412670135498,32.94619369506836,21.636056900024414,18.511241912841797,,53.66703414916992,,5.68935,4.3818846,3.561,-0.4104422874450684
2025,Zambia,5.290628582000732,,,,,,,,,,,102.86869812011719,,4696.755859375,6.680135726928711,5.212319374084473,2.836134672164917,4.173593521118164,-2.4688451290130615,25.147218704223633,24.102842330932617,15.29392147064209,,50.55133056640625,,5.7871127,4.9049683,3.912,-0.49648413085937504
2026,Zambia,4.663104921340942,,,,,,,,,,,2.5819196701049805,,1632.1282958984375,8.993422508239746,0.4796828627586365,39.09561538696289,1.8793638944625854,-8.556715965270996,23.843664169311523,23.2180118560791,17.614181518554688,,49.81686782836914,,4.5320654,4.9049683,3.912,-0.49648413085937504
2027,Zambia,4.858155558268229,,,,,,,,,,,19.243860244750977,,12073.259765625,10.927521705627441,-5.736382484436035,5.617527008056641,1.2481492757797241,-6.045605182647705,25.66547393798828,24.543441772460938,15.878939628601074,,56.87326431274414,,5.744741,4.9049683,3.912,-0.49648413085937504
2028,Zambia,4.877192328135172,,,,,,,,,,,4.617420673370361,,6544.29248046875,8.910913467407227,7.162147045135498,25.442819595336914,4.398961067199707,-3.7192652225494385,27.446340560913086,24.160442352294922,16.609966278076172,,51.09361267089844,,5.844223,4.9049683,3.912,-0.49648413085937504
2029,Zambia,5.065379132588704,,,,,,,,,,,14.266090393066406,,4962.3095703125,9.083061218261719,-5.849788665771484,3.8514833450317383,1.2652287483215332,-6.2641706466674805,25.928993225097656,27.265483856201172,14.20313549041748,,42.7844352722168,,5.096626,4.9049683,3.912,-0.49648413085937504
2030,Zambia,5.11647732035319,,,,,,,,,,,3.0019690990448,,6639.98193359375,9.385955810546875,9.811595916748047,25.16473388671875,3.2255985736846924,-2.6189305782318115,29.981094360351562,24.138792037963867,18.170236587524414,,63.502098083496094,,5.8980355,4.9049683,3.912,-0.49648413085937504
2025,Zimbabwe,5.045513437271119,,,,,,,,,,,87.87818908691406,,3990.698486328125,6.680135726928711,5.0966949462890625,3.28769850730896,4.103460311889648,-2.9553442001342773,25.389446258544922,23.98735809326172,15.30785083770752,,52.475189208984375,,5.6885014,4.681976,3.396,-0.6429879207611084
2026,Zimbabwe,4.655251787185669,,,,,,,,,,,2.571767807006836,,2430.165283203125,8.766443252563477,-0.3152739405632019,38.67666244506836,1.9791182279586792,-8.667169570922852,23.744556427001953,22.64596939086914,17.730449676513672,,52.43278884887695,,4.907978,4.681976,3.396,-0.6429879207611084
2027,Zimbabwe,4.75198440361023,,,,,,,,,,,17.830400466918945,,12021.705078125,11.28815746307373,-6.331638336181641,6.597701549530029,0.8347580432891846,-4.399511337280273,24.891403198242188,24.826091766357422,15.706987380981445,,56.99662399291992,,5.5884376,4.681976,3.396,-0.6429879207611084
2028,Zimbabwe,4.908546414057414,,,,,,,,,,,3.764859914779663,,6073.3369140625,7.898989677429199,8.337432861328125,26.49358367919922,4.40995979309082,-2.7282912731170654,28.806474685668945,23.65345001220703,16.093725204467773,,51.683860778808594,,6.1581874,4.681976,3.396,-0.6429879207611084
2029,Zimbabwe,4.76308215268453,,,,,,,,,,,13.72407054901123,,4236.9560546875,12.404059410095215,-7.178007125854492,2.978895902633667,0.8465629816055298,-5.661104679107666,25.348590850830078,27.97974967956543,14.206904411315918,,43.10328674316406,,4.4715853,4.681976,3.396,-0.6429879207611084
2030,Zimbabwe,4.877621775945028,,,,,,,,,,,2.1708221435546875,,6156.67724609375,8.358536720275879,10.874884605407715,28.63661766052246,4.010834693908691,-1.4396264553070068,30.259572982788086,23.080158233642578,18.251062393188477,,61.835304260253906,,5.9320564,4.681976,3.396,-0.6429879207611084
