year,country_name,life_evaluation_3_year_average,lower_whisker,upper_whisker,explained_by_log_gdp_per_capita,explained_by_social_support,explained_by_healthy_life_expectancy,explained_by_freedom_to_make_life_choices,explained_by_generosity,explained_by_perceptions_of_corruption,dystopia_residual,key_iso3_year,inflation_cpi,gdp_current_usd,gdp_per_capita_current_usd,unemployment_rate_,interest_rate_real,inflation_gdp_deflator,gdp_growth_annual,current_account_balance_gdp,government_expense_of_gdp,government_revenue_of_gdp,tax_revenue_of_gdp,gross_national_income_usd,public_debt_of_gdp,country_code,predicted_life_evaluation
2024,Afghanistan,1.364,1.301,1.427,0.649,0.0,0.155,0.0,0.075,0.135,0.348,AFG2024,-6.601,,,13.295,,,,,,,,,,AFG,4.1716695
2023,Afghanistan,1.721,1.667,1.775,0.628,0.0,0.242,0.0,0.091,0.088,0.672,AFG2023,-4.645,17233051620.112,415.707,13.991,,2.962,2.711,,,,,17315384702.895,,AFG,3.2976606
2022,Afghanistan,1.859,1.795,1.923,0.645,0.0,0.087,0.0,0.093,0.059,0.976,AFG2022,13.712,14497243872.134,357.261,14.1,,9.406,-6.24,,,,,14540297385.724,,AFG,3.126501
2021,Afghanistan,2.404,2.339,2.469,0.758,0.0,0.289,0.0,0.089,0.005,1.263,AFG2021,5.133,14259995441.076,356.496,11.994,,2.839,-20.739,,,,,14346089107.591,,AFG,3.4408312
2020,Afghanistan,2.523,2.449,2.596,0.37,0.0,0.126,0.0,0.122,0.01,1.895,AFG2020,5.602,19955929052.15,510.787,11.71,,6.963,-2.351,-15.718,,,,20105156769.191,,AFG,4.0640535
2019,Afghanistan,2.567,2.506,2.628,0.301,0.356,0.266,0.0,0.135,0.001,1.507,AFG2019,2.302,18799444490.113,496.603,11.185,,6.521,3.912,-20.17,,,,19080662010.748,,AFG,3.5384965
2018,Afghanistan,3.203,,,,,,,,,,AFG2018,0.626,18053222687.413,491.337,11.196,,2.071,1.189,-21.585,,,,18294513957.552,,AFG,3.3589664
2017,Afghanistan,3.632,,,,,,,,,,AFG2017,4.976,18753456497.816,525.47,11.184,12.141,2.404,2.647,-18.956,39.22,13.039,9.898,18961769787.455,,AFG,3.6646197
2016,Afghanistan,3.794,,,,,,,,,,AFG2016,4.384,18116572395.077,522.082,10.133,17.584,-2.198,2.26,-14.95,43.923,12.678,9.503,18350475875.3,,AFG,3.7502828
2015,Afghanistan,3.36,,,,,,,,,,AFG2015,-0.662,19134221644.732,565.57,9.052,12.253,2.448,1.451,-21.913,37.023,10.131,7.585,19249499438.746,,AFG,3.4025054
2014,Afghanistan,3.575,,,,,,,,,,AFG2014,4.674,20497128555.697,625.055,7.915,14.352,0.567,2.725,-15.772,44.589,8.614,6.882,20559672324.909,,AFG,3.6121144
2012,Afghanistan,4.04,,,,,,,,,,AFG2012,6.441,19907329777.587,651.417,7.856,7.174,7.302,12.752,-25.871,42.329,10.201,7.708,19961261595.025,,AFG,3.9179132
2011,Afghanistan,4.258,,,,,,,,,,AFG2011,11.804,17805098206.314,606.695,7.784,-1.242,16.593,0.426,-12.62,59.485,11.51,8.917,17781511431.23,,AFG,4.1957335
2024,Albania,5.411,5.284,5.539,1.371,1.122,0.696,0.841,0.103,0.057,1.22,ALB2024,2.214,,,10.25,,,,,,,,,,ALB,4.518429
2023,Albania,5.304,5.168,5.44,1.438,0.924,0.638,0.69,0.138,0.049,1.428,ALB2023,4.76,23547179830.441,8575.171,10.108,0.269,6.066,3.937,-1.196,25.376,24.697,17.76,23246482646.279,,ALB,5.6728387
2022,Albania,5.277,5.148,5.406,1.449,0.951,0.48,0.549,0.133,0.037,1.678,ALB2022,6.725,19017242585.78,6846.426,10.137,-3.054,9.862,4.827,-5.872,27.003,24.732,18.061,18686023829.072,,ALB,5.1425166
2021,Albania,5.199,5.076,5.321,1.439,0.646,0.719,0.511,0.138,0.028,1.718,ALB2021,2.041,18032010563.756,6413.283,11.474,2.491,3.444,8.97,-7.596,24.398,25.047,18.096,17780838454.984,81.92,ALB,5.0711203
2020,Albania,5.117,5.001,5.234,1.008,0.529,0.646,0.491,0.168,0.024,2.25,ALB2020,1.621,15241458744.869,5370.779,11.69,6.077,0.041,-3.314,-8.625,24.605,23.701,16.896,14991229141.556,83.454,ALB,5.420243
2019,Albania,4.883,4.773,4.993,0.907,0.83,0.846,0.462,0.171,0.025,1.641,ALB2019,1.411,15585105131.064,5460.428,11.466,5.223,1.001,2.063,-7.821,22.878,24.846,17.931,15383523591.851,74.808,ALB,5.1517587
2018,Albania,4.719,,,,,,,,,,ALB2018,2.028,15379509891.72,5365.489,12.304,2.881,2.967,4.019,-6.608,22.929,25.108,18.277,15361070727.354,63.634,ALB,4.8683486
2017,Albania,4.586,,,,,,,,,,ALB2017,2.061,13019726211.737,4531.032,13.616,4.701,1.451,3.803,-7.544,23.868,25.733,18.887,13051517643.621,75.889,ALB,4.694479
2016,Albania,4.644,,,,,,,,,,ALB2016,-0.367,11861199830.84,4124.055,15.418,7.414,-0.633,3.315,-7.591,23.957,24.279,17.59,12053832974.203,80.736,ALB,4.7724814
2015,Albania,4.655,,,,,,,,,,ALB2015,3.501,11386853113.019,3952.804,17.193,7.272,0.564,2.219,-8.605,24.446,24.738,18.516,11521811393.62,79.864,ALB,4.685216
2014,Albania,4.959,,,,,,,,,,ALB2014,1.626,13228147516.117,4578.633,18.055,6.325,1.55,1.774,-10.775,24.383,24.525,18.302,13349419700.417,73.32,ALB,4.9272346
2012,Albania,5.55,,,,,,,,,,ALB2012,2.032,12319834195.331,4247.631,13.376,9.736,1.043,1.417,-10.2,23.008,23.051,17.483,12228069196.114,63.669,ALB,5.454344
2011,Albania,5.134,,,,,,,,,,ALB2011,3.428,12890760315.146,4437.141,13.481,9.888,2.315,2.545,-12.933,23.011,23.9,18.022,12894099798.948,69.638,ALB,5.227395
2024,Algeria,5.571,5.469,5.674,1.315,1.363,0.782,0.522,0.057,0.219,1.313,DZA2024,4.046,,,11.427,,,,,,,,,,DZA,4.693703
2023,Algeria,5.364,5.251,5.476,1.324,1.191,0.568,0.247,0.091,0.2,1.743,DZA2023,9.322,247626161016.414,5364.028,11.701,7.085,0.855,4.1,2.568,,,,244041138304.928,,DZA,5.2241983
2022,Algeria,5.329,5.207,5.451,1.353,1.298,0.409,0.252,0.073,0.152,1.791,DZA2022,9.266,225638456572.143,4961.553,12.346,-12.16,22.951,3.6,8.612,,,,220378411278.286,,DZA,4.702509
2021,Algeria,5.122,5.03,5.215,1.363,0.97,0.643,0.146,0.106,0.15,1.744,DZA2021,7.226,186231205262.082,4160.559,13.63,-6.842,15.933,3.8,-2.423,,,,182588498523.667,,DZA,4.4608846
2020,Algeria,4.887,4.783,4.991,0.946,0.765,0.552,0.119,0.144,0.12,2.242,DZA2020,2.415,164873415325.201,3743.542,14.057,13.34,-4.711,-5.0,-11.031,,,,162137110259.921,,DZA,4.891029
2019,Algeria,5.005,4.918,5.092,0.944,1.143,0.745,0.084,0.119,0.129,1.841,DZA2019,1.952,193459662090.677,4468.453,12.259,7.055,0.883,0.9,-8.764,,,,189548593096.822,,DZA,5.0666547
2018,Algeria,5.211,,,,,,,,,,DZA2018,4.27,194554483655.528,4577.21,12.137,1.729,6.165,1.4,-8.689,,,,190390454064.656,,DZA,5.288414
2017,Algeria,5.295,,,,,,,,,,DZA2017,5.591,189880896903.073,4554.668,12.0,2.918,4.938,1.5,-11.622,,,,187682164214.748,,DZA,5.3410587
2016,Algeria,5.872,,,,,,,,,,DZA2016,6.398,180763839522.151,4424.985,10.202,7.083,0.857,3.9,-14.496,,,,179594281655.137,,DZA,5.601514
2015,Algeria,6.355,,,,,,,,,,DZA2015,4.784,187493855609.345,4685.059,11.206,13.668,-4.987,3.2,-14.421,,,,183649437186.975,,DZA,5.9813776
2014,Algeria,5.605,,,,,,,,,,DZA2014,2.917,238942664192.59,6094.694,10.207,6.456,1.45,4.1,-3.877,,,,234461348665.993,,DZA,5.4076223
2012,Algeria,5.422,,,,,,,,,,DZA2012,8.891,227143746075.934,6033.649,10.97,-0.002,8.002,2.4,5.324,,,,224964112461.511,,DZA,5.3202415
2011,Algeria,5.368,,,,,,,,,,DZA2011,4.524,218331946925.304,5916.314,9.96,-7.62,16.909,3.0,8.095,,,,216589368243.66,,DZA,5.32053
2017,Angola,3.795,,,,,,,,,,AGO2017,29.844,73690154990.731,2437.26,16.61,-5.553,22.615,-0.147,-0.859,16.671,16.361,9.224,69161228469.893,,AGO,4.0059657
2016,Angola,3.795,,,,,,,,,,AGO2016,30.694,52761617225.925,1807.953,16.575,-4.922,21.774,-2.58,-5.847,17.512,15.721,9.733,50010057163.215,,AGO,3.8140073
2015,Angola,3.866,,,,,,,,,,AGO2015,9.356,90496420506.596,3213.903,16.49,21.144,-3.518,0.944,-11.352,20.819,18.777,11.002,85895384573.189,,AGO,3.953193
2014,Angola,4.033,,,,,,,,,,AGO2014,7.28,135966802586.713,5006.0,16.406,12.381,3.561,4.823,-2.756,27.967,30.885,13.543,127708790750.385,,AGO,4.330112
2012,Angola,5.589,,,,,,,,,,AGO2012,10.278,128052915766.343,5086.027,16.562,8.765,7.256,8.542,10.809,23.45,36.225,14.823,117631162045.945,,AGO,5.307343
2011,Angola,4.178,,,,,,,,,,AGO2011,13.482,111789747670.59,4615.911,16.77,-9.876,31.771,3.472,11.705,26.671,44.592,16.103,102092420981.586,,AGO,4.2398844
2024,Argentina,6.397,6.302,6.492,1.504,1.622,0.579,0.824,0.048,0.083,1.736,ARG2024,,,,7.876,,,,,,,,,,ARG,4.709469
2023,Argentina,6.188,6.07,6.306,1.562,1.381,0.585,0.681,0.087,0.08,1.812,ARG2023,,646075277525.125,14187.483,6.139,-16.771,135.369,-1.611,-3.244,,,,632729881149.353,,ARG,6.2075834
2022,Argentina,6.024,5.9,6.147,1.59,1.388,0.427,0.587,0.088,0.082,1.861,ARG2022,,632790070063.124,13935.681,6.805,-10.288,69.876,5.27,-0.641,21.907,17.927,11.123,621165221747.635,,ARG,6.3208327
2021,Argentina,5.967,5.844,6.09,1.592,1.102,0.662,0.555,0.081,0.085,1.891,ARG2021,,486564085480.036,10738.018,8.736,-11.862,53.802,10.442,1.362,22.897,18.076,11.5,476802271007.631,,ARG,6.1925707
2020,Argentina,5.929,5.819,6.04,1.162,0.98,0.646,0.544,0.069,0.067,2.461,ARG2020,,385740508436.965,8535.599,11.461,-7.635,40.083,-9.9,0.697,25.841,17.479,10.866,375344057341.93,,ARG,5.1118183
2019,Argentina,5.975,5.87,6.079,1.028,1.373,0.85,0.521,0.07,0.06,2.073,ARG2019,,447754683615.225,9955.975,9.843,12.104,49.196,-2.001,-0.78,22.036,18.736,10.594,430166792070.565,,ARG,6.1935244
2018,Argentina,6.086,,,,,,,,,,ARG2018,,524819892360.176,11752.8,9.22,4.564,42.034,-2.617,-5.161,22.688,17.702,9.992,506094045059.703,,ARG,6.238804
2017,Argentina,6.388,,,,,,,,,,ARG2017,,643628393281.364,14532.501,8.347,0.456,26.006,2.819,-4.84,24.283,19.337,10.94,627200463933.824,,ARG,6.4118643
2016,Argentina,6.599,,,,,,,,,,ARG2016,,557532320662.955,12699.962,8.085,-7.006,41.119,-2.08,-2.709,26.18,21.257,12.097,545251641127.714,,ARG,6.565029
2015,Argentina,6.65,,,,,,,,,,ARG2015,,594749285413.212,13679.626,7.579,-1.315,26.58,2.731,-2.963,25.008,22.149,12.337,583615452086.538,,ARG,6.638433
2014,Argentina,6.574,,,,,,,,,,ARG2014,,526319673731.638,12233.144,7.268,-11.601,40.283,-2.513,-1.744,24.57,22.332,12.611,515532241212.846,,ARG,6.5576096
2012,Argentina,6.562,,,,,,,,,,ARG2012,,545982375701.128,12949.717,7.217,-6.748,22.315,-1.026,-0.392,,21.182,12.953,533073608485.977,,ARG,6.515188
2011,Argentina,6.242,,,,,,,,,,ARG2011,,530158122010.442,12704.283,7.18,-7.773,23.703,6.004,-1.007,,20.196,12.664,515004538945.145,,ARG,6.3397517
2024,Armenia,5.494,5.391,5.596,1.391,1.349,0.828,0.786,0.032,0.158,0.95,ARM2024,0.27,,,13.329,,,,,,,,,,ARM,4.165208
2023,Armenia,5.455,5.35,5.56,1.444,1.154,0.603,0.65,0.051,0.173,1.379,ARM2023,1.98,24085749592.336,8053.011,13.245,9.459,2.673,8.3,-2.31,21.034,23.975,22.482,23434106610.783,48.256,ARM,5.043968
2022,Armenia,5.342,5.213,5.47,1.466,1.134,0.443,0.551,0.053,0.16,1.534,ARM2022,8.641,19513506553.125,6571.974,13.379,3.457,7.986,12.6,0.332,21.163,23.456,21.827,18991671827.76,46.552,ARM,4.8328295
2021,Armenia,5.399,5.278,5.519,1.434,0.82,0.668,0.558,0.054,0.21,1.654,ARM2021,7.185,13878908628.938,4685.18,15.469,4.548,6.901,5.8,-3.48,24.969,23.388,22.001,13479935696.449,60.08,ARM,4.9899673
2020,Armenia,5.283,5.168,5.397,0.996,0.758,0.585,0.54,0.079,0.198,2.127,ARM2020,1.211,12641698583.215,4268.681,18.175,9.639,1.807,-7.2,-3.998,26.581,24.145,21.86,12439008672.029,63.401,ARM,5.4015284
2019,Armenia,4.677,4.562,4.792,0.808,1.035,0.776,0.378,0.107,0.105,1.468,ARM2019,1.443,13619290539.212,4597.229,18.304,10.96,1.066,7.6,-7.057,21.758,23.941,22.285,13807148386.554,50.028,ARM,4.811966
2018,Armenia,4.559,,,,,,,,,,ARM2018,2.52,12457940694.74,4196.006,18.966,9.734,2.788,5.2,-7.228,22.077,22.454,20.87,12658281183.774,,ARM,4.6578298
2017,Armenia,4.321,,,,,,,,,,ARM2017,0.97,11527458709.016,3869.054,17.704,11.997,2.151,7.5,-1.261,22.63,22.525,20.781,11933013892.625,,ARM,4.413621
2016,Armenia,4.376,,,,,,,,,,ARM2016,-1.404,10546136235.522,3524.425,17.617,17.042,0.269,0.2,-0.957,25.712,22.835,21.277,10791195836.794,,ARM,4.414523
2015,Armenia,4.36,,,,,,,,,,ARM2015,3.732,10553337518.414,3512.394,18.261,16.18,1.214,3.2,-2.662,25.078,23.092,20.931,10981745035.978,,ARM,4.415105
2014,Armenia,4.35,,,,,,,,,,ARM2014,2.981,11609513246.796,3852.118,17.498,13.781,2.309,3.6,-7.768,23.988,24.515,21.599,12131729269.799,,ARM,4.3616514
2012,Armenia,4.316,,,,,,,,,,ARM2012,2.558,10619320682.947,3511.564,17.511,11.281,5.346,7.2,-9.962,21.374,22.598,17.492,11042356845.104,,ARM,4.354814
2011,Armenia,4.474,,,,,,,,,,ARM2011,7.65,10142111824.584,3349.553,18.884,12.92,4.282,4.7,-10.44,22.568,22.726,17.219,10502185416.57,,ARM,4.378101
2024,Australia,6.974,6.89,7.057,1.767,1.647,0.841,0.857,0.164,0.285,1.413,AUS2024,3.162,,,4.072,,,,,,,,,,AUS,4.8999996
2023,Australia,7.057,6.973,7.141,1.854,1.461,0.692,0.756,0.225,0.323,1.745,AUS2023,5.597,1728057316695.61,64820.912,3.668,,6.512,3.442,-0.3,,,,1653703105439.57,,AUS,6.1290755
2022,Australia,7.095,7.009,7.18,1.899,1.497,0.532,0.677,0.242,0.31,1.938,AUS2022,6.594,1690858246994.43,64997.014,3.728,,7.176,4.242,0.338,27.661,26.205,23.628,1626539969365.68,58.047,AUS,7.3204823
2021,Australia,7.162,7.081,7.244,1.9,1.203,0.772,0.676,0.258,0.341,2.011,AUS2021,2.864,1556735770437.26,60607.779,5.116,,3.08,2.111,2.611,32.633,25.693,23.061,1539273615554.95,70.011,AUS,7.2981353
2020,Australia,7.183,7.102,7.265,1.453,1.076,0.801,0.647,0.291,0.317,2.598,AUS2020,0.847,1328414058378.38,51791.54,6.456,,1.886,-0.12,1.874,30.255,25.282,22.591,1298368829650.52,69.322,AUS,7.366874
2019,Australia,7.223,7.141,7.305,1.31,1.477,1.023,0.622,0.325,0.336,2.13,AUS2019,1.611,1392723834562.64,54972.702,5.159,1.578,3.468,2.172,-0.021,26.177,26.076,23.408,1345853874492.3,60.226,AUS,7.2691045
2018,Australia,7.228,,,,,,,,,,AUS2018,1.911,1427809041019.44,57196.422,5.3,3.33,1.869,2.878,-2.561,26.229,25.843,23.208,1382739590115.65,54.503,AUS,7.330254
2017,Australia,7.272,,,,,,,,,,AUS2017,1.949,1325582658156.54,53901.715,5.592,1.536,3.653,2.28,-3.002,26.634,24.842,22.11,1289235106327.62,53.316,AUS,7.322393
2016,Australia,7.284,,,,,,,,,,AUS2016,1.277,1206836962281.84,49888.041,5.711,6.125,-0.663,2.759,-3.616,26.984,24.863,22.276,1178195299351.86,54.678,AUS,7.3013964
2015,Australia,7.313,,,,,,,,,,AUS2015,1.508,1351296372254.31,56739.027,6.055,6.238,-0.624,2.19,-4.313,26.764,24.509,21.874,1323697450186.41,46.482,AUS,7.2863445
2014,Australia,7.284,,,,,,,,,,AUS2014,2.488,1468265356427.76,62544.087,6.078,4.482,1.405,2.595,-3.093,26.258,24.363,21.898,1429834007640.0,41.722,AUS,7.3676023
2012,Australia,7.35,,,,,,,,,,AUS2012,1.763,1547532281116.4,68072.873,5.225,5.078,1.806,3.917,-4.444,26.119,23.435,21.099,1500404222891.8,39.442,AUS,7.318052
2011,Australia,7.345,,,,,,,,,,AUS2011,3.304,1398610616772.97,62605.6,5.083,1.446,6.202,2.407,-3.264,25.997,22.708,20.323,1342423020459.19,30.095,AUS,7.318355
2024,Austria,6.81,6.728,6.891,1.791,1.592,0.814,0.856,0.179,0.28,1.297,AUT2024,2.938,,,5.439,,,,,,,,,,AUT,4.7747674
2023,Austria,6.905,6.824,6.986,1.885,1.336,0.696,0.703,0.214,0.305,1.766,AUT2023,7.814,511685203845.001,56033.574,5.264,,6.648,-0.955,1.326,46.479,44.62,25.89,510079146471.293,78.336,AUT,7.3430634
2022,Austria,7.097,7.018,7.176,1.927,1.382,0.535,0.63,0.191,0.31,2.124,AUT2022,8.547,471773629830.381,52176.665,4.992,,4.755,5.278,-0.829,47.51,44.401,26.207,470636395218.873,76.221,AUT,7.274503
2021,Austria,7.163,7.089,7.237,1.931,1.165,0.774,0.623,0.193,0.329,2.148,AUT2021,2.767,480467037338.783,53648.719,6.459,,1.926,4.795,1.716,50.022,44.909,26.015,486755828420.147,96.028,AUT,7.201244
2020,Austria,7.268,7.198,7.337,1.492,1.062,0.782,0.64,0.215,0.292,2.784,AUT2020,1.382,434397601557.696,48716.41,5.201,,2.593,-6.318,3.351,51.159,43.762,24.666,439547216701.013,101.667,AUT,6.980784
2019,Austria,7.294,7.229,7.36,1.317,1.437,1.001,0.603,0.256,0.281,2.398,AUT2019,1.531,442983642371.842,49885.995,4.56,,1.474,1.755,2.384,43.907,44.283,25.81,443323100627.45,85.055,AUT,7.339638
2018,Austria,7.246,,,,,,,,,,AUT2018,1.998,452582294972.775,51194.075,4.933,,1.81,2.484,0.908,44.136,44.036,25.722,450535680731.058,86.052,AUT,7.240943
2017,Austria,7.139,,,,,,,,,,AUT2017,2.081,414926138132.691,47163.743,5.561,,0.975,2.272,1.244,44.865,43.989,25.762,413348647948.824,91.235,AUT,7.0824075
2016,Austria,7.006,,,,,,,,,,AUT2016,0.892,393687359770.273,45061.499,6.064,,1.815,2.117,2.571,45.553,44.086,25.822,395807521992.608,96.928,AUT,6.967536
2015,Austria,7.119,,,,,,,,,,AUT2015,0.897,379546097300.633,43915.228,5.802,,2.293,1.304,1.588,46.332,45.578,27.216,378210199399.805,97.328,AUT,7.0456
2014,Austria,7.2,,,,,,,,,,AUT2014,1.606,438556021078.034,51314.972,5.674,,2.007,0.756,2.314,47.382,45.298,26.842,443168199835.449,97.891,AUT,7.2244315
2012,Austria,7.369,,,,,,,,,,AUT2012,2.486,406750487603.59,48250.406,4.909,,2.092,0.628,1.51,46.583,44.474,26.183,409815209653.594,92.49,AUT,7.2149863
2011,Austria,7.227,,,,,,,,,,AUT2011,3.287,428954737064.057,51116.895,4.637,,1.82,2.927,1.585,45.786,43.848,25.647,433140701458.172,87.867,AUT,7.2521734
2024,Azerbaijan,4.875,4.78,4.969,1.428,1.03,0.707,0.785,0.076,0.179,0.67,AZE2024,2.212,,,5.594,,,,,,,,,,AZE,4.760402
2023,Azerbaijan,4.893,4.768,5.018,1.433,0.876,0.496,0.668,0.112,0.199,1.11,AZE2023,8.785,72356176470.588,7125.909,5.636,25.521,-9.207,1.124,11.512,,,,69275529411.765,,AZE,5.5835443
2021,Azerbaijan,5.173,5.082,5.265,1.458,1.093,0.56,0.601,0.023,0.341,1.098,AZE2021,6.65,54825411764.706,5408.045,6.04,-4.246,21.589,5.616,14.962,27.144,36.519,13.421,53687352941.176,16.822,AZE,4.991795
2020,Azerbaijan,5.171,5.091,5.25,1.025,0.841,0.541,0.526,0.043,0.276,1.919,AZE2020,2.76,42693000000.0,4229.911,7.24,26.537,-7.396,-4.3,-0.741,33.931,35.04,15.186,42422882352.941,22.19,AZE,5.122725
2019,Azerbaijan,5.165,5.098,5.232,0.99,1.181,0.731,0.468,0.04,0.247,1.508,AZE2019,2.611,48174235294.118,4805.754,5.0,17.565,-0.241,2.5,8.705,24.284,42.814,14.219,46318529411.765,,AZE,5.2401323
2018,Azerbaijan,5.208,,,,,,,,,,AZE2018,2.269,47112470051.77,4739.794,4.9,4.692,12.185,1.5,12.682,21.402,39.417,12.971,44853080880.956,,AZE,5.2191377
2017,Azerbaijan,5.201,,,,,,,,,,AZE2017,12.936,40866627351.982,4147.198,5.0,0.319,16.172,0.2,4.122,27.959,35.076,13.164,39321618331.876,,AZE,5.1983457
2016,Azerbaijan,5.234,,,,,,,,,,AZE2016,12.443,37866996882.916,3880.685,5.0,1.486,14.671,-3.1,-3.601,27.196,34.92,14.556,35591412539.277,,AZE,5.298559
2015,Azerbaijan,5.291,,,,,,,,,,AZE2015,4.028,53076235354.746,5500.504,4.96,28.945,-8.85,1.094,-0.419,24.789,34.184,15.603,51379123217.29,,AZE,5.3607554
2014,Azerbaijan,5.212,,,,,,,,,,AZE2014,1.373,75239785452.102,7890.84,4.91,19.392,-1.285,2.751,13.568,22.101,39.896,14.213,73082959455.445,,AZE,5.144036
2012,Azerbaijan,4.604,,,,,,,,,,AZE2012,1.066,69679944504.197,7495.865,5.19,15.03,2.883,2.165,21.493,22.185,41.274,12.779,65735414850.219,,AZE,4.7492604
2011,Azerbaijan,4.582,,,,,,,,,,AZE2011,7.858,65952796427.947,7189.819,5.42,-2.886,22.524,0.1,25.996,18.478,45.481,12.225,61441003132.891,,AZE,4.652553
2024,Bahrain,6.03,5.891,6.17,1.752,1.391,0.609,0.907,0.148,0.167,1.057,BHR2024,0.92,,,1.102,,,,,,,,,,BHR,4.937805
2023,Bahrain,5.959,5.766,6.153,,,,,,,,BHR2023,0.075,46079867021.277,29218.861,1.154,,-4.144,2.981,5.858,,,,43472420212.766,,BHR,6.08351
2022,Bahrain,6.173,5.977,6.369,1.883,1.269,0.389,0.748,0.199,0.138,1.546,BHR2022,3.626,46680398936.17,30616.261,1.326,,7.849,5.981,14.65,,,,44717632978.723,,BHR,6.187445
2021,Bahrain,6.647,6.514,6.779,1.854,1.029,0.625,0.693,0.199,0.155,2.092,BHR2021,-0.606,40840212765.957,27147.808,1.541,,9.208,4.35,6.372,,,,38312287234.043,,BHR,6.0884457
2020,Bahrain,6.647,6.514,6.779,1.409,0.899,0.662,0.661,0.246,0.139,2.631,BHR2020,-2.318,35837632978.723,24342.844,1.781,,-5.829,-5.911,-9.054,26.109,15.454,2.823,33378590425.532,111.598,BHR,6.0790257
2019,Bahrain,6.227,6.067,6.388,1.297,1.315,0.839,0.61,0.287,0.127,1.752,BHR2019,1.006,40446808510.638,27259.744,1.223,,0.165,2.053,-1.964,21.754,19.084,2.878,38186170212.766,91.36,BHR,6.374121
2018,Bahrain,6.199,,,,,,,,,,BHR2018,2.088,39567978723.404,26324.407,1.2,,4.213,2.053,-6.153,22.47,18.655,1.093,37491914893.617,84.301,BHR,6.1693377
2017,Bahrain,6.105,,,,,,,,,,BHR2017,1.387,37204813829.787,24784.769,1.194,,4.616,4.954,-4.301,22.522,15.533,0.936,35215186170.213,77.525,BHR,6.153978
2016,Bahrain,6.087,,,,,,,,,,BHR2016,2.787,33884680851.064,23800.001,1.192,,0.357,3.815,-4.406,24.5,14.673,0.809,32089202127.66,70.569,BHR,6.1243153
2015,Bahrain,6.218,,,,,,,,,,BHR2015,1.849,32523297872.34,23734.055,1.16,15.253,-8.757,2.508,-2.313,25.329,16.469,0.99,30787393617.021,60.758,BHR,6.3165917
2014,Bahrain,5.96,,,,,,,,,,BHR2014,2.648,34772526595.745,26451.797,1.141,7.416,-1.44,4.309,4.381,23.512,23.414,0.792,33139813829.787,43.528,BHR,5.9428077
2012,Bahrain,5.312,,,,,,,,,,BHR2012,2.757,31963404255.319,26438.673,1.2,3.013,2.934,3.803,8.065,20.899,24.755,1.137,30955957446.808,35.607,BHR,5.443582
2011,Bahrain,5.568,,,,,,,,,,BHR2011,-0.4,29914680851.064,25032.787,1.21,-2.462,9.486,1.928,10.855,21.647,24.175,1.072,26150319148.936,34.569,BHR,5.6153507
2024,Bangladesh,3.851,3.753,3.949,1.116,0.286,0.592,0.92,0.11,0.132,0.695,BGD2024,10.466,,,4.68,,,,,,,,,,BGD,4.9654765
2023,Bangladesh,3.886,3.778,3.994,1.122,0.249,0.513,0.775,0.14,0.167,0.919,BGD2023,9.884,437415331040.994,2551.018,4.454,0.629,6.897,5.775,-1.646,,,,454873454272.724,,BGD,5.297643
2022,Bangladesh,4.282,4.148,4.416,1.133,0.513,0.355,0.617,0.139,0.165,1.361,BGD2022,7.697,460131688909.301,2716.486,4.593,1.972,5.049,7.1,-3.81,,,,478360553569.206,,BGD,5.250845
2021,Bangladesh,5.155,5.049,5.262,1.06,0.614,0.581,0.622,0.125,0.187,1.967,BGD2021,5.546,416271647911.014,2482.849,5.327,3.076,4.121,6.939,-3.79,8.324,9.539,7.642,438182167775.955,,BGD,4.4754915
2020,Bangladesh,5.025,4.934,5.115,0.635,0.52,0.514,0.603,0.161,0.164,2.427,BGD2020,5.691,373979442362.193,2248.851,5.436,4.289,3.841,3.448,0.319,8.148,8.641,7.002,389459167662.235,,BGD,4.522583
2019,Bangladesh,4.833,4.754,4.911,0.556,0.869,0.695,0.604,0.177,0.177,1.755,BGD2019,5.592,351231654603.692,2129.799,4.441,5.69,3.658,7.882,-0.839,8.272,8.856,7.639,365618637342.157,,BGD,4.5069313
2018,Bangladesh,4.456,,,,,,,,,,BGD2018,5.544,321362752441.78,1965.244,4.407,3.634,5.806,7.319,-2.208,7.494,8.705,7.732,334213984192.582,,BGD,4.515719
2017,Bangladesh,4.5,,,,,,,,,,BGD2017,5.702,293732446624.596,1811.082,4.372,4.277,5.048,6.59,-2.038,7.64,8.071,6.997,303873962973.372,,BGD,4.5018697
2016,Bangladesh,4.608,,,,,,,,,,BGD2016,5.514,265224515675.034,1649.284,4.35,-13.642,27.851,7.113,0.351,7.863,8.523,7.317,277650511849.492,,BGD,4.555861
2015,Bangladesh,4.643,,,,,,,,,,BGD2015,6.194,195146608978.131,1224.386,4.396,5.513,5.873,6.553,1.322,9.006,9.844,8.498,207815026631.717,,BGD,4.691466
2014,Bangladesh,4.694,,,,,,,,,,BGD2014,6.992,172886611653.786,1094.462,4.416,6.886,5.669,6.061,0.437,9.504,10.867,8.635,184408668144.279,,BGD,4.535613
2012,Bangladesh,4.804,,,,,,,,,,BGD2012,6.218,133310747603.483,859.681,4.071,5.343,8.165,6.521,1.932,9.639,11.145,9.025,144592846556.493,,BGD,4.597154
2011,Bangladesh,4.807,,,,,,,,,,BGD2011,11.395,128607482310.357,837.337,3.736,5.064,7.859,6.464,-0.126,9.844,10.463,8.686,138790366566.139,,BGD,4.6543055
2021,Belarus,5.821,5.693,5.95,1.562,1.157,0.629,0.342,0.04,0.282,1.811,BLR2021,9.46,69673747131.87,7489.719,3.9,-4.517,15.326,2.439,3.067,27.875,27.247,12.825,67115938432.45,,BLR,5.7391477
2020,Belarus,5.534,5.442,5.625,1.124,1.007,0.56,0.326,0.07,0.199,2.247,BLR2020,5.548,61371755326.235,6542.865,4.049,-2.543,11.878,-0.673,-0.291,29.928,28.103,12.023,58875118002.111,,BLR,5.537708
2019,Belarus,5.54,5.467,5.613,1.019,1.387,0.753,0.291,0.09,0.194,1.807,BLR2019,5.598,64410122847.351,6837.768,4.165,0.411,8.577,1.446,-1.934,28.588,29.601,13.302,62499831005.415,33.244,BLR,5.6702857
2018,Belarus,5.323,,,,,,,,,,BLR2018,4.872,60031173807.72,6360.053,4.763,-3.071,12.14,3.149,0.038,28.164,30.847,14.673,57861187726.0,37.096,BLR,5.3351965
2017,Belarus,5.483,,,,,,,,,,BLR2017,6.032,54725302249.809,5785.534,5.648,0.954,8.623,2.532,-1.74,29.322,29.467,13.019,52669765496.998,39.88,BLR,5.6747036
2016,Belarus,5.569,,,,,,,,,,BLR2016,11.837,47723545321.259,5039.776,5.844,5.592,8.342,-2.526,-3.377,29.417,28.943,13.788,45473302428.724,38.924,BLR,5.5146103
2015,Belarus,5.802,,,,,,,,,,BLR2015,13.534,56454889146.609,5967.069,5.881,1.776,16.023,-3.83,-3.243,28.11,29.677,14.173,54061945285.662,37.598,BLR,5.703562
2014,Belarus,5.813,,,,,,,,,,BLR2014,18.12,78812805039.074,8341.29,5.902,0.465,18.192,1.651,-6.633,27.41,27.922,12.698,76448782777.946,24.549,BLR,5.7968717
2012,Belarus,5.504,,,,,,,,,,BLR2012,59.22,65685890438.892,6953.216,5.946,-31.813,75.242,1.708,-2.835,27.622,29.04,14.663,64215516438.964,24.429,BLR,5.530269
2011,Belarus,5.566,,,,,,,,,,BLR2011,53.229,61762382327.932,6527.659,6.022,-33.489,70.761,5.55,-8.181,25.449,28.063,14.509,61079871266.808,39.417,BLR,5.5402083
2024,Belgium,6.91,6.845,6.974,1.783,1.646,0.852,0.895,0.119,0.306,1.309,BEL2024,3.143,,,5.488,,,,,,,,,,BEL,4.7563186
2023,Belgium,6.894,6.827,6.961,1.868,1.44,0.69,0.729,0.17,0.311,1.686,BEL2023,4.049,644782756682.756,54700.909,5.528,,4.508,1.252,-0.698,,,,648332611927.33,,BEL,6.238845
2022,Belgium,6.859,6.793,6.926,1.907,1.449,0.528,0.59,0.137,0.273,1.976,BEL2022,9.598,593438820508.173,50807.205,5.57,,6.844,4.233,-1.185,39.58,37.137,22.708,592448849483.465,92.483,BEL,7.437041
2021,Belgium,6.805,6.72,6.89,1.907,1.106,0.764,0.492,0.049,0.204,2.283,BEL2021,2.44,598494036474.409,51655.788,6.248,,2.743,6.203,1.866,41.414,37.855,23.226,607143534636.037,108.445,BEL,7.128947
2020,Belgium,6.834,6.767,6.901,1.463,0.998,0.747,0.489,0.088,0.187,2.862,BEL2020,0.741,529694473501.791,45906.288,5.545,,1.596,-4.793,0.875,43.657,37.027,21.862,531671614966.383,118.442,BEL,7.09509
2019,Belgium,6.864,6.796,6.931,1.296,1.399,0.965,0.5,0.147,0.209,2.349,BEL2019,1.437,536726344405.489,46716.623,5.364,,1.854,2.443,0.123,39.403,37.681,22.598,541049419119.999,103.201,BEL,7.0400662
2018,Belgium,6.923,,,,,,,,,,BEL2018,2.053,542638913427.921,47487.21,5.941,,1.717,1.878,-0.874,39.942,39.252,24.038,548107677571.921,101.506,BEL,6.982445
2017,Belgium,6.927,,,,,,,,,,BEL2017,2.126,500908767351.53,44035.324,7.09,,1.983,1.474,0.702,40.104,38.959,23.535,507373706788.236,104.25,BEL,6.9435253
2016,Belgium,6.891,,,,,,,,,,BEL2016,1.974,474271566739.729,41854.55,7.83,,1.895,1.194,0.558,41.162,38.506,22.929,480629064768.328,110.598,BEL,6.8777223
2015,Belgium,6.929,,,,,,,,,,BEL2015,0.561,461044767544.531,40893.805,8.482,,1.122,1.474,1.38,41.711,40.533,24.423,468878816162.656,108.886,BEL,6.7525015
2014,Belgium,6.937,,,,,,,,,,BEL2014,0.34,537987419164.351,47995.779,8.523,,0.84,1.766,0.751,44.954,42.391,26.008,546624135613.253,111.762,BEL,6.953654
2012,Belgium,6.967,,,,,,,,,,BEL2012,2.84,498414364944.961,44874.171,7.542,,2.206,0.216,-0.083,45.705,42.114,25.707,507665999692.266,103.556,BEL,6.949004
2011,Belgium,7.113,,,,,,,,,,BEL2011,3.532,527196649048.639,47760.83,7.14,,2.293,1.931,-1.929,44.512,40.901,24.754,524167615222.764,94.87,BEL,7.0829206
2024,Belize,6.711,6.432,6.989,1.256,1.54,0.525,1.018,0.072,0.082,2.218,BLZ2024,3.29,,,7.0,,,,,,,,,,BLZ,4.6553054
2017,Belize,5.956,,,,,,,,,,BLZ2017,1.148,2266300000.0,6072.583,6.596,6.24,3.033,-1.813,-6.973,22.341,23.804,21.344,2141050850.0,,BLZ,5.76835
2016,Belize,5.956,,,,,,,,,,BLZ2016,0.663,2240200000.0,6142.499,7.0,7.588,2.094,0.055,-7.297,21.266,22.397,20.638,2129392150.0,,BLZ,5.791685
2015,Belize,5.956,,,,,,,,,,BLZ2015,-0.862,2193050000.0,6154.496,7.578,10.657,-0.305,2.876,-7.968,20.617,22.199,19.706,2097584100.0,,BLZ,5.7406726
2011,Belize,6.451,,,,,,,,,,BLZ2011,1.602,1827050000.0,5582.222,8.43,8.051,4.917,-0.245,-1.092,19.953,21.472,18.366,1729864700.0,62.567,BLZ,6.2225866
2024,Benin,4.357,4.222,4.492,0.855,0.228,0.357,0.679,0.092,0.238,1.909,BEN2024,,,,1.722,,,,,,,,,,BEN,4.942591
2023,Benin,4.377,4.245,4.51,0.914,0.128,0.284,0.567,0.112,0.252,2.121,BEN2023,2.731,19676049075.701,1394.373,1.657,,3.385,6.353,,,,,19472109623.122,,BEN,4.4348345
2022,Benin,4.374,4.244,4.504,0.924,0.242,0.124,0.481,0.114,0.253,2.235,BEN2022,1.351,17401746309.266,1264.708,1.685,,4.139,6.253,-6.009,,,,17221911302.554,,BEN,4.4714994
2021,Benin,4.623,4.492,4.754,0.932,0.064,0.335,0.479,0.127,0.23,2.458,BEN2021,1.734,17690083519.932,1318.835,1.779,4.558,1.619,7.155,-4.153,,,,17500751811.648,,BEN,4.551533
2020,Benin,5.045,4.901,5.189,0.507,0.058,0.196,0.457,0.166,0.178,3.482,BEN2020,3.023,15651545208.878,1197.501,1.502,3.557,2.878,3.849,-1.75,,,,15530454408.453,,BEN,4.575215
2019,Benin,5.216,5.064,5.368,0.366,0.352,0.328,0.406,0.197,0.126,3.441,BEN2019,0.733,14391686309.033,1130.821,1.214,7.114,-0.398,6.866,-3.999,,,,14320887673.973,,BEN,4.3412957
2018,Benin,4.883,,,,,,,,,,BEN2018,0.919,14262408079.701,1151.741,1.41,6.052,0.67,6.697,-4.549,,,,14207330367.822,,BEN,4.660489
2017,Benin,4.141,,,,,,,,,,BEN2017,0.043,12701655845.961,1054.974,1.659,7.329,-0.368,5.672,-4.181,,,,12669871043.644,,BEN,3.9786718
2016,Benin,3.657,,,,,,,,,,BEN2016,-0.793,11821065852.127,1010.534,1.784,4.58,0.684,3.34,-2.997,,,,11783269382.72,,BEN,3.7551916
2015,Benin,3.484,,,,,,,,,,BEN2015,0.219,11388160997.109,1002.419,1.82,4.266,0.852,1.778,-5.964,,,,11322499745.594,,BEN,3.609197
2014,Benin,3.34,,,,,,,,,,BEN2014,-0.549,13284527850.263,1204.399,1.872,5.6,-0.248,6.358,-6.668,,,,13223585565.097,,BEN,3.7236733
2012,Benin,3.528,,,,,,,,,,BEN2012,6.745,11141358105.985,1071.526,2.406,-2.47,7.699,4.811,-5.178,,,,11074623453.149,,BEN,3.7321959
2011,Benin,3.493,,,,,,,,,,BEN2011,2.704,10693321370.036,1059.414,2.647,1.468,3.733,2.964,-4.833,,,,10677821370.036,,BEN,3.719654
2018,Bhutan,5.082,,,,,,,,,,BTN2018,2.724,2583335721.206,3400.204,3.35,12.703,1.151,3.502,-18.509,19.388,21.748,15.804,2363147137.612,95.848,BTN,5.257073
2017,Bhutan,5.082,,,,,,,,,,BTN2017,4.955,2591358009.798,3435.288,3.016,9.488,4.35,2.087,-20.855,17.62,17.652,11.859,2378534601.609,95.779,BTN,5.113756
2016,Bhutan,5.011,,,,,,,,,,BTN2016,3.22,2357504760.598,3152.309,2.705,9.708,4.049,8.476,-26.413,17.614,17.219,11.886,2172018216.539,92.291,BTN,4.9508896
2015,Bhutan,5.196,,,,,,,,,,BTN2015,4.548,2187815803.829,2954.041,2.45,11.323,3.21,6.661,-25.063,17.911,17.973,12.145,2045040204.147,81.051,BTN,5.0567985
2014,Bhutan,5.253,,,,,,,,,,BTN2014,8.271,2089079570.675,2849.5,2.63,7.853,5.722,5.881,-23.469,17.032,18.188,12.505,1954089382.708,84.999,BTN,5.2008147
2024,Bolivia,5.868,5.758,5.977,1.173,1.356,0.346,0.817,0.067,0.052,2.057,BOL2024,5.1,,,3.091,,,,,,,,,,BOL,5.1050363
2023,Bolivia,5.784,5.674,5.895,1.217,1.179,0.488,0.719,0.1,0.061,2.02,BOL2023,2.577,45135398008.817,3686.28,3.024,9.196,-0.505,3.082,-2.547,,,,43866498008.817,,BOL,5.594716
2022,Bolivia,5.684,5.572,5.797,1.24,1.187,0.329,0.648,0.103,0.06,2.118,BOL2022,1.746,44008282877.961,3643.928,3.552,2.512,5.124,3.606,2.134,,,,42744582877.961,,BOL,5.4910955
2021,Bolivia,5.6,5.491,5.709,1.256,0.88,0.555,0.627,0.112,0.064,2.107,BOL2021,0.737,40406111695.179,3384.845,5.089,3.906,3.956,6.111,3.912,,,,39377011695.179,,BOL,5.2160277
2020,Bolivia,5.716,5.613,5.819,0.842,0.782,0.486,0.6,0.138,0.064,2.805,BOL2020,0.941,36629843805.022,3099.942,7.903,9.625,-1.854,-8.738,-0.043,,,,36212943805.022,,BOL,5.076946
2019,Bolivia,5.747,5.648,5.847,0.731,1.142,0.662,0.574,0.138,0.073,2.426,BOL2019,1.84,40895322843.785,3503.896,3.682,9.156,-0.693,2.217,-3.34,,,,40059428632.497,,BOL,5.437695
2018,Bolivia,5.779,,,,,,,,,,BOL2018,2.272,40287647930.476,3500.726,3.519,4.833,3.056,4.224,-4.282,,,,39311992850.881,,BOL,5.5511436
2017,Bolivia,5.752,,,,,,,,,,BOL2017,2.823,37508642165.337,3306.303,3.655,1.931,6.061,4.195,-5.061,,,,36398995783.282,,BOL,5.686161
2016,Bolivia,5.823,,,,,,,,,,BOL2016,3.623,33941126200.061,3035.873,3.498,9.435,-1.355,4.264,-5.619,,,,33320230252.159,,BOL,5.738743
2015,Bolivia,5.822,,,,,,,,,,BOL2015,4.06,33000198248.129,2996.013,3.111,13.309,-4.621,4.857,-5.867,,,,31873100505.727,,BOL,5.785429
2014,Bolivia,5.89,,,,,,,,,,BOL2014,5.767,32996188012.56,3041.435,2.021,7.491,2.049,5.461,1.716,,,,31298228316.467,,BOL,5.735826
2012,Bolivia,5.857,,,,,,,,,,BOL2012,4.516,27084497481.91,2575.599,2.066,3.767,7.1,5.122,7.274,,,,25455219536.903,,BOL,5.704344
2011,Bolivia,5.633,,,,,,,,,,BOL2011,9.884,23963164696.592,2315.521,2.255,-3.217,14.602,5.204,2.242,,,,22977403393.589,,BOL,5.515586
2024,Bosnia and Herzegovina,6.136,6.039,6.234,1.405,1.545,0.616,0.749,0.178,0.009,1.635,BIH2024,1.692,,,10.723,,,,,,,,,,BIH,4.4559364
2023,Bosnia and Herzegovina,5.877,5.775,5.979,1.465,1.318,0.587,0.621,0.246,0.0,1.64,BIH2023,6.106,27514782476.041,8638.666,10.668,-2.483,6.763,2.211,-2.322,35.395,36.678,19.112,27355539704.5,40.424,BIH,4.9740834
2022,Bosnia and Herzegovina,5.633,5.49,5.775,1.467,1.361,0.429,0.485,0.247,0.008,1.635,BIH2022,14.021,24534663636.178,7655.594,12.657,-7.556,11.809,4.227,-4.392,33.424,35.874,19.091,24213156434.106,41.744,BIH,4.5840735
2021,Bosnia and Herzegovina,5.768,5.659,5.877,1.468,1.068,0.665,0.448,0.244,0.006,1.869,BIH2021,1.982,23672712242.215,7295.344,14.897,-1.68,4.965,7.39,-1.475,34.859,36.771,19.098,23371644756.974,46.975,BIH,5.083354
2020,Bosnia and Herzegovina,5.813,5.715,5.911,1.032,0.919,0.618,0.395,0.261,0.005,2.583,BIH2020,-1.051,20226036564.413,6130.311,15.868,3.008,0.062,-3.015,-2.84,38.361,37.45,18.751,20112988928.17,45.422,BIH,5.12458
2019,Bosnia and Herzegovina,5.674,5.583,5.765,0.918,1.204,0.814,0.305,0.264,0.001,2.167,BIH2019,0.563,20482608755.379,6122.375,15.692,0.796,2.472,2.887,-2.597,34.052,37.558,19.827,20448097002.666,44.024,BIH,5.0484014
2018,Bosnia and Herzegovina,5.386,,,,,,,,,,BIH2018,1.417,20484053868.925,6047.846,18.4,0.972,2.792,3.827,-3.231,34.499,38.328,20.141,20366478392.985,44.893,BIH,5.2659674
2017,Bosnia and Herzegovina,5.129,,,,,,,,,,BIH2017,0.81,18326373366.11,5345.02,20.527,2.555,1.779,3.244,-4.779,33.89,38.186,19.988,18174627640.601,47.372,BIH,5.132841
2016,Bosnia and Herzegovina,5.182,,,,,,,,,,BIH2016,-1.584,17116926327.625,4928.567,25.408,3.853,1.333,3.242,-4.699,34.901,37.687,19.714,17139875880.799,52.238,BIH,5.1466956
2015,Bosnia and Herzegovina,5.163,,,,,,,,,,BIH2015,-1.036,16404348871.444,4662.259,27.695,4.364,1.366,4.315,-5.035,36.478,38.135,19.7,16514883084.244,,BIH,5.1281133
2014,Bosnia and Herzegovina,4.949,,,,,,,,,,BIH2014,-0.897,18558733564.469,5206.066,27.517,5.585,1.0,1.154,-7.351,39.946,39.417,19.778,18710534545.225,53.501,BIH,4.998608
2012,Bosnia and Herzegovina,4.813,,,,,,,,,,BIH2012,2.053,17226735995.69,4693.789,28.01,6.482,0.796,-0.822,-8.626,39.033,39.481,20.478,17361422536.969,49.09,BIH,4.861519
2011,Bosnia and Herzegovina,4.857,,,,,,,,,,BIH2011,3.671,18644233537.109,4982.694,27.582,4.88,2.433,0.96,-9.479,38.119,38.836,20.306,18794204715.634,45.835,BIH,4.8402867
2024,Botswana,3.438,3.301,3.576,1.388,1.146,0.094,0.697,0.018,0.083,0.012,BWA2024,2.818,,,23.138,,,,,,,,,,BWA,4.41158
2023,Botswana,3.383,3.209,3.558,1.445,0.969,0.241,0.567,0.014,0.082,0.066,BWA2023,5.068,19396084498.008,7820.232,23.381,4.518,2.125,2.734,-0.602,,,,19439625488.689,,BWA,5.0651355
2022,Botswana,3.435,3.168,3.702,1.471,1.041,0.087,0.48,0.021,0.071,0.264,BWA2022,11.666,20321958850.036,8329.04,23.615,-7.403,14.618,5.486,-1.142,25.091,29.456,19.649,20355187597.706,,BWA,4.7074714
2021,Botswana,3.471,3.275,3.667,1.503,0.815,0.28,0.571,0.012,0.102,0.187,BWA2021,7.241,18750946600.142,7808.206,23.106,-2.889,8.381,11.921,-1.678,28.388,32.864,22.23,18787565212.246,,BWA,4.454219
2020,Botswana,3.467,3.322,3.611,1.099,0.724,0.34,0.539,0.027,0.088,0.648,BWA2020,1.89,14960291105.932,6323.314,21.017,1.313,4.379,-8.729,-10.167,33.859,28.766,22.275,14982287847.97,19.616,BWA,4.3883524
2019,Botswana,3.479,3.36,3.598,0.998,1.086,0.494,0.509,0.033,0.102,0.257,BWA2019,2.773,16725908148.548,7172.09,20.094,5.859,0.508,3.032,-6.905,28.801,30.129,21.099,16776578168.919,16.194,BWA,3.946773
2018,Botswana,3.488,,,,,,,,,,BWA2018,3.238,17031943186.135,7407.959,19.681,6.439,0.057,4.188,0.393,29.064,30.708,21.74,15447818705.438,15.231,BWA,3.5828266
2017,Botswana,3.59,,,,,,,,,,BWA2017,3.308,16105155856.771,7104.964,19.664,9.784,-2.65,4.114,5.586,28.155,33.581,23.933,14738582295.466,14.681,BWA,3.5217857
2016,Botswana,3.766,,,,,,,,,,BWA2016,2.815,15082637184.05,6749.06,19.329,-4.115,11.905,7.204,7.973,26.781,34.774,21.63,13792127267.58,15.805,BWA,3.8406045
2015,Botswana,3.974,,,,,,,,,,BWA2015,3.062,13530748844.505,6141.204,18.93,4.068,3.73,-4.851,2.226,31.243,35.32,26.311,13076842710.509,19.087,BWA,3.9564312
2014,Botswana,4.332,,,,,,,,,,BWA2014,4.402,15470088500.741,7122.364,18.514,-0.551,9.604,5.695,11.075,29.132,39.942,27.093,14998439776.014,18.326,BWA,4.3129663
2012,Botswana,3.97,,,,,,,,,,BWA2012,7.537,13907464500.149,6595.538,17.952,7.755,3.012,-0.171,-5.902,31.52,38.664,28.037,14164563194.283,20.623,BWA,4.1062136
2011,Botswana,4.581,,,,,,,,,,BWA2011,8.46,15110643612.173,7287.383,18.054,-1.468,12.653,6.839,-0.873,29.787,36.627,24.045,15016050301.299,21.074,BWA,4.4428887
2024,Brazil,6.494,6.394,6.593,1.391,1.519,0.48,0.83,0.089,0.127,2.057,BRA2024,4.367,,,7.634,,,,,,,,,,BRA,4.757917
2023,Brazil,6.272,6.154,6.39,1.43,1.269,0.548,0.685,0.13,0.142,2.068,BRA2023,4.594,2173665655937.27,10294.867,7.947,37.208,4.659,2.908,-1.285,32.692,25.575,14.155,2107810132248.65,83.699,BRA,6.730716
2022,Brazil,6.125,5.997,6.252,1.454,1.25,0.387,0.558,0.131,0.137,2.205,BRA2022,9.28,1951923942083.32,9281.333,9.231,28.396,8.57,3.017,-2.16,34.134,29.616,14.726,1897850563345.64,79.102,BRA,6.3909664
2021,Brazil,6.293,6.202,6.384,1.462,1.044,0.615,0.546,0.131,0.134,2.361,BRA2021,8.302,1670647399034.67,7972.537,13.158,15.011,13.047,4.763,-2.419,31.794,27.327,14.137,1618525227638.81,85.012,BRA,5.3511796
2020,Brazil,6.33,6.245,6.415,1.028,0.944,0.571,0.514,0.142,0.117,3.015,BRA2020,3.212,1476107231194.11,7074.194,13.697,21.197,6.472,-3.277,-1.688,38.481,25.699,12.719,1445311140486.1,98.71,BRA,5.4928837
2019,Brazil,6.376,6.296,6.456,0.953,1.363,0.766,0.483,0.132,0.107,2.572,BRA2019,3.733,1873288205186.45,9029.833,11.936,31.903,4.224,1.221,-3.47,34.787,29.152,13.738,1822994396029.28,92.565,BRA,6.2984395
2018,Brazil,6.3,,,,,,,,,,BRA2018,3.665,1916933898038.36,9300.662,12.329,33.102,4.494,1.784,-2.808,35.454,28.583,13.94,1863630987992.04,86.608,BRA,6.3139296
2017,Brazil,6.419,,,,,,,,,,BRA2017,3.446,2063514977334.32,10080.509,12.792,41.714,3.671,1.323,-1.224,36.248,27.825,13.605,2024937440938.73,83.669,BRA,6.3984847
2016,Brazil,6.635,,,,,,,,,,BRA2016,8.739,1795693482652.52,8836.287,11.58,40.698,8.104,-3.276,-1.7,36.492,29.67,13.71,1757597118247.49,73.419,BRA,6.646762
2015,Brazil,6.952,,,,,,,,,,BRA2015,9.03,1802212206904.68,8936.197,8.538,33.832,7.566,-3.546,-3.518,36.924,29.251,13.63,1768300112266.54,67.538,BRA,6.8918405
2014,Brazil,6.983,,,,,,,,,,BRA2014,6.329,2456043727198.85,12274.994,6.755,22.404,7.847,0.504,-4.499,32.069,27.372,13.49,2410276964680.96,58.457,BRA,6.9579062
2012,Brazil,6.849,,,,,,,,,,BRA2012,5.403,2465227803011.57,12521.721,7.251,26.582,7.943,1.921,-3.759,30.794,29.666,14.332,2403719409196.5,59.849,BRA,6.821181
2011,Brazil,6.697,,,,,,,,,,BRA2011,6.636,2616156223977.47,13396.624,7.578,32.833,8.319,3.974,-3.195,31.306,29.101,14.851,2548928943603.92,59.342,BRA,6.7120953
2024,Bulgaria,5.554,5.46,5.647,1.573,1.725,0.463,0.708,0.055,0.0,1.029,BGR2024,2.447,,,4.104,,,,,,,,,,BGR,4.781341
2023,Bulgaria,5.463,5.357,5.569,1.629,1.469,0.567,0.62,0.083,0.006,1.088,BGR2023,9.443,102407653020.606,15885.539,4.319,-3.284,7.984,1.887,0.906,35.687,34.782,20.475,97396787109.073,30.148,BGR,5.8299417
2022,Bulgaria,5.466,5.35,5.582,1.635,1.457,0.408,0.557,0.106,0.013,1.289,BGR2022,15.325,90642851835.9,13644.202,4.268,-10.501,15.918,4.039,-2.602,39.321,36.539,21.726,85735292882.524,30.15,BGR,5.711123
2021,Bulgaria,5.371,5.257,5.485,1.625,1.163,0.64,0.563,0.123,0.021,1.235,BGR2021,3.298,84417951260.809,12274.078,5.267,-2.665,6.967,7.781,-1.034,37.681,33.864,20.582,81048510007.861,32.721,BGR,5.608979
2020,Bulgaria,5.266,5.16,5.371,1.181,1.055,0.583,0.494,0.125,0.005,1.823,BGR2020,1.672,70716821234.597,10198.539,5.125,-0.004,4.341,-3.216,0.362,36.463,33.252,20.178,68161899199.907,32.103,BGR,5.4637938
2019,Bulgaria,5.102,5.015,5.188,1.047,1.461,0.778,0.418,0.104,0.0,1.295,BGR2019,3.104,68631726289.279,9838.601,4.23,-0.652,5.235,3.789,1.655,33.132,35.901,20.557,66479976532.54,27.034,BGR,5.3591623
2018,Bulgaria,5.011,,,,,,,,,,BGR2018,2.815,66289266348.65,9436.145,5.211,0.679,4.255,2.549,0.573,33.081,34.823,19.937,63875378298.412,28.734,BGR,5.097065
2017,Bulgaria,4.933,,,,,,,,,,BGR2017,2.062,59309748166.118,8381.881,6.164,0.598,4.813,2.746,3.239,31.992,32.991,20.523,57855803153.7,32.235,BGR,4.986651
2016,Bulgaria,4.714,,,,,,,,,,BGR2016,-0.799,53964253211.84,7570.932,7.575,2.971,3.324,3.027,3.1,32.027,32.169,20.333,52164956703.832,35.544,BGR,4.778875
2015,Bulgaria,4.217,,,,,,,,,,BGR2015,-0.105,50811995688.677,7078.86,9.143,4.372,2.948,3.398,0.018,34.286,33.54,20.078,49160388019.061,30.852,BGR,4.426386
2014,Bulgaria,4.218,,,,,,,,,,BGR2014,-1.418,57157782909.931,7912.275,11.424,6.83,1.341,0.949,2.19,37.943,33.362,19.567,56529038853.417,32.502,BGR,4.2828712
2012,Bulgaria,3.981,,,,,,,,,,BGR2012,2.955,54288135058.793,7430.737,12.27,8.507,1.112,0.749,-0.974,30.913,30.577,18.385,53568146883.006,21.796,BGR,4.1355233
2011,Bulgaria,3.889,,,,,,,,,,BGR2011,4.22,57737040780.016,7857.167,11.26,4.256,6.113,2.09,0.472,29.85,29.124,17.883,55929518183.759,19.482,BGR,4.242175
2024,Burkina Faso,4.383,4.26,4.506,0.724,0.828,0.296,0.671,0.142,0.218,1.504,BFA2024,4.191,,,5.166,,,,,,,,,,BFA,4.8749804
2023,Burkina Faso,4.548,4.41,4.686,0.756,0.685,0.274,0.483,0.173,0.179,1.999,BFA2023,0.743,20324617844.526,882.69,5.348,,1.998,2.96,-5.005,,,,19484760476.598,,BFA,3.9058135
2022,Burkina Faso,4.638,4.456,4.819,0.768,0.814,0.107,0.419,0.188,0.113,2.23,BFA2022,14.29,18820218690.595,836.118,5.389,,5.889,1.497,-7.46,20.816,19.688,17.673,18029664976.706,62.526,BFA,4.47938
2021,Burkina Faso,4.67,4.527,4.814,0.779,0.565,0.32,0.382,0.186,0.126,2.313,BFA2021,3.654,19697516284.379,895.535,5.2,6.13,0.113,6.943,0.392,18.18,18.059,15.939,18774177401.458,55.582,BFA,4.645911
2020,Burkina Faso,4.834,4.675,4.993,0.364,0.472,0.179,0.381,0.182,0.122,3.133,BFA2020,1.884,17725010532.527,825.237,5.04,0.068,6.466,2.011,4.193,17.179,16.036,13.432,17105876297.322,73.385,BFA,4.014996
2019,Burkina Faso,4.769,4.647,4.89,0.302,0.929,0.313,0.322,0.186,0.126,2.589,BFA2019,-3.233,16032813503.371,764.853,4.71,6.144,0.513,5.889,-3.267,18.217,18.607,15.641,15326465624.909,47.062,BFA,4.425197
2018,Burkina Faso,4.587,,,,,,,,,,BFA2018,1.956,15890066221.288,777.466,4.695,5.629,1.074,6.605,-4.184,17.371,16.823,15.292,15387936815.325,45.574,BFA,4.531829
2017,Burkina Faso,4.424,,,,,,,,,,BFA2017,1.483,14106955615.344,709.092,4.656,5.024,1.416,6.203,-6.353,18.49,16.798,15.261,13577334630.141,,BFA,4.24879
2016,Burkina Faso,4.032,,,,,,,,,,BFA2016,0.441,12833363045.337,663.742,4.587,2.622,2.604,5.958,-6.08,14.71,16.177,14.139,12261728232.19,,BFA,3.9906344
2015,Burkina Faso,3.739,,,,,,,,,,BFA2015,0.725,11832159315.63,630.125,4.461,7.546,-2.224,3.921,-7.568,13.197,14.976,13.28,11293125664.777,,BFA,3.7587242
2014,Burkina Faso,3.587,,,,,,,,,,BFA2014,-0.258,13943016076.744,764.862,4.251,5.996,-0.62,4.327,-7.165,12.879,15.465,13.664,13337500892.797,,BFA,3.5915127
2012,Burkina Faso,4.259,,,,,,,,,,BFA2012,3.818,12561015156.568,731.47,3.856,-0.742,5.824,6.453,-1.292,12.921,15.574,13.89,12243495087.51,,BFA,4.3389125
2011,Burkina Faso,3.926,,,,,,,,,,BFA2011,2.76,12080295977.563,725.025,3.827,-1.389,6.738,6.623,-1.328,11.036,13.941,12.219,11592644774.947,,BFA,3.950332
2020,Burundi,3.775,3.565,3.985,0.0,0.062,0.155,0.298,0.172,0.212,2.876,BDI2020,7.321,2649680261.443,210.008,1.03,5.878,5.967,0.327,-13.009,17.674,17.678,15.788,2664225062.413,,BDI,3.7449222
2019,Burundi,3.775,3.565,3.985,0.0,0.404,0.295,0.275,0.187,0.212,2.402,BDI2019,-0.687,2576518879.824,210.236,1.043,13.566,0.852,1.813,-15.243,16.619,16.565,15.059,2583934017.974,,BDI,3.886808
2018,Burundi,3.775,,,,,,,,,,BDI2018,-2.815,2667182199.513,224.899,1.146,18.158,-2.851,1.61,-14.591,,,,2672837528.123,,BDI,3.7335181
2017,Burundi,2.905,,,,,,,,,,BDI2017,16.053,2723586962.84,236.694,1.247,3.004,11.449,0.5,-13.716,17.695,17.708,14.368,2725061087.871,,BDI,3.0508258
2016,Burundi,2.905,,,,,,,,,,BDI2016,5.558,2644487776.501,235.286,1.347,13.137,0.973,-0.6,-12.379,17.604,14.867,13.863,2643216720.513,,BDI,2.927924
2015,Burundi,2.905,,,,,,,,,,BDI2015,5.545,3104003546.265,280.967,1.442,-4.937,21.319,-3.9,-11.53,18.603,13.958,13.128,3104359892.466,,BDI,2.927805
2014,Burundi,2.906,,,,,,,,,,BDI2014,4.405,2705783329.805,250.54,1.572,9.841,5.306,4.241,-15.847,16.937,15.723,13.69,2698322225.855,,BDI,2.9554963
2012,Burundi,3.706,,,,,,,,,,BDI2012,18.161,2333341334.458,231.688,1.593,0.023,14.294,4.447,-11.192,17.938,15.973,14.496,2326835709.913,,BDI,3.708706
2011,Burundi,3.678,,,,,,,,,,BDI2011,9.592,2235820809.32,230.071,1.602,4.492,8.364,4.033,-12.684,19.999,16.72,15.532,2218331580.563,,BDI,3.6730747
2024,Cambodia,4.341,4.237,4.446,1.049,1.215,0.481,0.988,0.138,0.078,0.393,KHM2024,,,,0.27,,,,,,,,,,KHM,4.988559
2023,Cambodia,4.341,4.236,4.446,1.011,1.019,0.442,0.863,0.17,0.071,0.765,KHM2023,2.127,42335646895.798,2429.749,0.225,,1.063,4.96,1.305,,,,41383539142.858,,KHM,5.472233
2022,Cambodia,4.393,4.279,4.508,1.025,1.024,0.283,0.768,0.176,0.051,1.068,KHM2022,5.344,39994532959.607,2325.031,0.231,,3.515,5.103,-18.958,,,,38444130462.442,,KHM,5.4197965
2021,Cambodia,4.64,4.516,4.765,1.019,0.732,0.505,0.74,0.166,0.068,1.41,KHM2021,2.921,36790163687.442,2167.403,0.396,,2.646,3.09,-29.608,13.519,13.299,11.993,35300301362.123,,KHM,4.74508
2020,Cambodia,4.83,4.698,4.963,0.603,0.68,0.426,0.702,0.21,0.061,2.148,KHM2020,2.94,34818073901.485,2081.739,0.172,,-0.824,-3.556,-1.0,12.938,14.822,13.29,33712316726.763,,KHM,5.5110226
2019,Cambodia,4.848,4.735,4.962,0.545,1.071,0.588,0.675,0.233,0.073,1.663,KHM2019,1.943,36685356407.721,2225.877,0.119,,2.793,7.937,-8.0,11.65,16.831,14.571,35040667434.095,,KHM,5.446967
2018,Cambodia,4.7,,,,,,,,,,KHM2018,2.459,33145892168.896,2036.674,0.13,,3.817,8.776,-8.736,10.764,14.767,12.641,31820166406.615,,KHM,4.752849
2017,Cambodia,4.433,,,,,,,,,,KHM2017,2.913,29355665909.79,1826.354,0.141,,2.077,8.075,-6.157,10.799,14.02,11.928,28215504535.812,,KHM,4.363127
2016,Cambodia,4.168,,,,,,,,,,KHM2016,3.019,26556545153.357,1675.196,0.716,,1.58,7.906,-6.528,9.791,13.09,11.175,25507606313.362,,KHM,4.1456337
2015,Cambodia,3.907,,,,,,,,,,KHM2015,1.224,24174170369.074,1547.32,0.393,,3.069,7.207,-6.612,8.994,12.379,10.888,23177973370.888,,KHM,3.915114
2014,Cambodia,3.819,,,,,,,,,,KHM2014,3.856,22041463967.901,1431.564,0.692,,3.299,8.0,-6.552,9.436,12.563,11.084,21110279792.703,,KHM,3.9597676
2012,Cambodia,4.067,,,,,,,,,,KHM2012,2.934,17826536699.802,1192.803,0.496,,2.638,7.65,-6.803,8.336,9.964,8.737,17147398897.533,,KHM,4.0600705
2011,Cambodia,4.101,,,,,,,,,,KHM2011,5.478,16032622023.826,1088.982,0.577,,4.951,7.287,-6.399,8.844,9.244,8.126,15499707260.598,,KHM,4.1519785
2024,Cameroon,4.887,4.767,5.007,0.944,0.986,0.302,0.662,0.099,0.06,1.834,CMR2024,,,,3.518,,,,,,,,,,CMR,4.9422626
2023,Cameroon,4.874,4.753,4.996,0.943,0.856,0.288,0.521,0.126,0.06,2.08,CMR2023,7.383,49279410982.826,1736.861,3.613,,4.66,3.248,-4.097,,,,48343641930.71,,CMR,4.982238
2022,Cameroon,4.973,4.834,5.112,0.965,0.871,0.118,0.405,0.144,0.059,2.411,CMR2022,6.248,44347206072.551,1604.877,3.653,,6.831,3.737,-3.394,,,,43241972760.917,,CMR,4.78544
2021,Cameroon,5.048,4.907,5.188,0.968,0.672,0.317,0.397,0.152,0.074,2.469,CMR2021,2.272,45011937346.838,1672.327,3.973,,2.921,3.339,-3.987,12.423,13.743,11.342,44281229347.682,,CMR,4.3780336
2020,Cameroon,5.142,4.996,5.288,0.543,0.556,0.159,0.425,0.205,0.058,3.195,CMR2020,2.438,40773241177.05,1555.604,3.87,,0.706,0.26,-3.709,12.06,13.122,10.871,39933227702.435,,CMR,4.5554647
2019,Cameroon,5.085,4.953,5.217,0.504,0.9,0.27,0.439,0.198,0.054,2.719,CMR2019,2.453,39667757527.658,1555.227,3.622,,1.17,3.475,-4.273,12.323,14.848,12.028,38825035814.222,,CMR,4.6797037
2018,Cameroon,5.044,,,,,,,,,,CMR2018,1.069,39955552189.795,1610.696,3.601,,1.897,3.956,-3.527,11.367,15.151,12.347,39216305348.046,,CMR,4.844652
2017,Cameroon,4.975,,,,,,,,,,CMR2017,0.64,36098547033.166,1496.09,3.568,,1.025,3.541,-2.631,10.527,14.692,11.876,35436388520.412,,CMR,4.703497
2016,Cameroon,4.695,,,,,,,,,,CMR2016,0.874,33814337044.376,1441.72,3.528,,0.662,4.536,-3.068,11.9,14.518,11.652,33256524239.987,,CMR,4.644219
2015,Cameroon,4.513,,,,,,,,,,CMR2015,2.676,32210233020.457,1415.0,3.518,,0.31,5.667,-3.644,12.421,15.485,12.111,31773333681.567,,CMR,4.50261
2014,Cameroon,4.252,,,,,,,,,,CMR2014,1.855,36386544706.081,1649.443,3.534,,2.014,5.72,-3.853,12.86,16.333,12.285,35703010549.737,,CMR,4.459703
2012,Cameroon,4.42,,,,,,,,,,CMR2012,2.735,30155062329.282,1449.099,3.835,,1.942,4.626,-3.17,12.753,15.869,11.344,29710253435.342,,CMR,4.5351954
2011,Cameroon,4.376,,,,,,,,,,CMR2011,2.94,30630910495.217,1513.961,3.987,,2.589,3.379,-2.446,,,,30327885739.024,,CMR,4.4483852
2024,Canada,6.803,6.718,6.888,1.749,1.647,0.832,0.813,0.168,0.323,1.271,CAN2024,2.382,,,6.45,,,,,,,,,,CAN,4.6470327
2023,Canada,6.9,6.815,6.984,1.84,1.459,0.701,0.73,0.23,0.368,1.572,CAN2023,3.879,2142470914401.36,53431.186,5.415,,1.535,1.249,-0.642,19.538,19.943,14.008,2112732605610.04,62.229,CAN,7.3067665
2022,Canada,6.961,6.879,7.042,1.881,1.484,0.541,0.656,0.218,0.364,1.815,CAN2022,6.803,2161483369422.01,55509.393,5.279,,7.654,3.82,-0.292,18.497,18.163,12.826,2133340105142.4,61.418,CAN,7.1841063
2021,Canada,7.025,6.943,7.107,1.886,1.188,0.783,0.659,0.217,0.368,1.924,CAN2021,3.395,2007472181464.15,52496.844,7.527,,7.665,5.287,-0.022,22.666,19.076,13.22,1990214506517.52,71.074,CAN,7.135341
2020,Canada,7.103,7.021,7.185,1.447,1.044,0.798,0.648,0.246,0.335,2.585,CAN2020,0.717,1655684730000.19,43537.839,9.657,,1.071,-5.038,-2.01,28.571,19.037,13.503,1643688332920.87,74.554,CAN,7.1948256
2019,Canada,7.232,7.153,7.311,1.302,1.435,1.023,0.644,0.282,0.352,2.195,CAN2019,1.949,1743725183672.52,46352.869,5.69,,1.546,1.908,-1.952,18.106,18.278,12.742,1722945761061.66,53.362,CAN,7.219612
2018,Canada,7.278,,,,,,,,,,CAN2018,2.268,1725329192783.02,46539.176,5.837,,1.651,2.743,-2.385,17.541,18.529,13.058,1695996608536.1,53.152,CAN,7.2488394
2017,Canada,7.328,,,,,,,,,,CAN2017,1.597,1649265644244.09,45129.628,6.426,0.126,2.571,3.034,-2.803,17.607,18.01,12.612,1628291572163.23,54.463,CAN,7.3244977
2016,Canada,7.316,,,,,,,,,,CAN2016,1.429,1527994741907.43,42314.062,7.038,1.969,0.717,1.039,-3.093,17.499,17.865,12.497,1509327936731.45,56.024,CAN,7.326645
2015,Canada,7.404,,,,,,,,,,CAN2015,1.125,1556508816217.14,43594.194,6.945,3.675,-0.868,0.65,-3.514,17.06,17.851,12.39,1532663548013.94,55.992,CAN,7.3650627
2014,Canada,7.427,,,,,,,,,,CAN2014,1.907,1805749878439.94,50960.843,7.023,1.039,1.941,2.873,-2.319,16.402,16.979,11.808,1776572160702.32,51.483,CAN,7.3447056
2012,Canada,7.477,,,,,,,,,,CAN2012,1.516,1828366481521.6,52670.345,7.392,1.76,1.218,1.756,-3.532,17.518,16.92,11.664,1795919869603.49,55.725,CAN,7.4508934
2011,Canada,7.499,,,,,,,,,,CAN2011,2.912,1793326630174.52,52223.859,7.637,-0.237,3.244,3.137,-2.774,17.85,16.925,11.804,1759453773319.65,54.119,CAN,7.3778644
2019,Central African Republic,3.476,3.25,3.702,0.041,0.0,0.0,0.293,0.254,0.028,2.86,CAF2019,2.685,2221301351.439,449.228,5.607,,2.328,3.1,,9.939,8.792,8.318,2386023468.721,,CAF,3.3708265
2018,Central African Republic,3.083,,,,,,,,,,CAF2018,1.612,2220979146.112,455.244,5.517,,-1.224,3.789,,10.123,8.818,8.64,2386745438.207,,CAF,3.174037
2017,Central African Republic,3.083,,,,,,,,,,CAF2017,4.181,2072349972.682,432.324,5.534,,6.444,4.527,,8.677,7.198,7.081,2177935587.591,,CAF,3.102457
2016,Central African Republic,2.693,,,,,,,,,,CAF2016,4.945,1825018144.656,387.176,5.491,,2.98,4.75,,9.021,7.3,6.808,1847781766.462,,CAF,2.8095613
2014,Central African Republic,3.678,,,,,,,,,,CAF2014,14.899,1894813389.403,409.85,5.326,,11.894,0.081,,8.272,4.581,4.099,1914516900.438,,CAF,3.6261165
2012,Central African Republic,3.623,,,,,,,,,,CAF2012,5.478,2510126512.228,544.396,5.243,,6.181,5.054,,8.184,9.554,8.172,2521348066.783,,CAF,3.6260872
2011,Central African Republic,3.568,,,,,,,,,,CAF2011,1.194,2437982705.121,534.057,5.281,,4.009,4.195,,13.464,8.625,7.54,2447711016.35,,CAF,3.5796318
2024,Chad,4.384,4.253,4.515,0.592,0.902,0.242,0.477,0.175,0.111,1.884,TCD2024,8.9,,,1.088,,,,,,,,,,TCD,5.1367955
2023,Chad,4.471,4.313,4.63,0.603,0.805,0.199,0.411,0.218,0.113,2.122,TCD2023,10.836,13149325362.335,680.64,1.074,,-0.937,4.122,,,,,12956602270.39,,TCD,3.8415592
2022,Chad,4.397,4.16,4.633,0.622,0.962,0.043,0.393,0.255,0.088,2.034,TCD2022,5.788,12396807588.408,671.72,1.096,,15.145,2.804,,,,,12212890617.632,,TCD,4.0934076
2021,Chad,4.251,3.999,4.503,0.662,0.506,0.225,0.18,0.182,0.077,2.419,TCD2021,-0.773,11779981332.863,660.747,1.548,,7.167,-1.169,,,,,11605895381.712,,TCD,4.0301695
2020,Chad,4.355,4.171,4.54,0.255,0.353,0.0,0.24,0.215,0.084,3.209,TCD2020,4.464,10715396042.334,622.096,1.707,,-5.455,-1.6,,,,,10561570203.57,,TCD,3.9649973
2019,Chad,4.423,4.275,4.57,0.302,0.739,0.109,0.229,0.211,0.086,2.747,TCD2019,-0.972,11314951091.728,678.142,1.084,,2.856,3.247,,,,,11140998348.157,,TCD,3.9550226
2018,Chad,4.35,,,,,,,,,,TCD2018,4.275,11239167898.34,695.642,1.135,,5.015,2.374,,,,,11075018517.446,,TCD,4.15356
2017,Chad,4.301,,,,,,,,,,TCD2017,-1.537,10000394381.018,640.117,1.116,,0.028,-2.989,,,,,9869508104.401,,TCD,4.1283126
2016,Chad,3.936,,,,,,,,,,TCD2016,-0.792,10097778098.171,668.079,1.047,,-1.401,-6.256,,,,,9911697343.603,,TCD,3.9437773
2015,Chad,3.763,,,,,,,,,,TCD2015,4.377,10950392256.954,747.588,0.974,,-8.48,2.768,,,,,10618477308.952,,TCD,3.8117998
2014,Chad,3.667,,,,,,,,,,TCD2014,1.682,13940767218.585,982.528,0.933,,0.646,6.9,,,,,13336601200.432,,TCD,3.9150858
2012,Chad,4.056,,,,,,,,,,TCD2012,7.517,12367362757.134,936.141,0.9,,1.097,8.883,,,,,12067689658.178,,TCD,4.068835
2011,Chad,3.919,,,,,,,,,,TCD2011,2.029,12172308851.04,954.317,0.905,,8.58,0.083,,,,,11856127557.813,,TCD,3.9151535
2024,Chile,6.361,6.273,6.449,1.537,1.577,0.711,0.779,0.093,0.085,1.579,CHL2024,4.298,,,9.056,,,,,,,,,,CHL,4.71868
2023,Chile,6.36,6.273,6.448,1.616,1.369,0.673,0.651,0.117,0.075,1.858,CHL2023,7.582,335533331669.219,17067.814,9.013,,6.6,0.219,-3.546,24.578,22.945,17.719,318450116063.725,,CHL,6.286902
2022,Chile,6.334,6.243,6.424,1.645,1.384,0.511,0.546,0.131,0.076,2.04,CHL2022,11.644,302116539409.03,15451.132,8.249,,7.914,2.059,-8.66,24.055,26.004,21.274,287702182743.647,,CHL,6.054662
2021,Chile,6.172,6.082,6.262,1.651,1.08,0.748,0.46,0.124,0.069,2.04,CHL2021,4.525,315515014838.539,16216.571,9.281,,6.915,11.334,-7.278,30.799,24.153,19.664,297670042257.932,,CHL,6.0184298
2020,Chile,6.172,6.081,6.262,1.2,0.946,0.678,0.438,0.159,0.07,2.682,CHL2020,3.045,254042159309.311,13114.815,10.934,,9.666,-6.143,-1.949,26.242,19.938,16.196,238186960905.052,,CHL,5.633519
2019,Chile,6.228,6.139,6.318,1.097,1.323,0.889,0.417,0.156,0.063,2.283,CHL2019,2.558,278285058719.466,14495.717,7.493,,2.568,0.634,-5.212,23.315,21.74,17.719,267848366678.638,,CHL,6.2208223
2018,Chile,6.444,,,,,,,,,,CHL2018,2.435,295857562991.709,15659.481,7.623,2.547,1.59,3.99,-4.484,22.618,22.174,18.396,283731132095.716,,CHL,6.3020024
2017,Chile,6.476,,,,,,,,,,CHL2017,2.183,276154259987.103,14879.909,7.257,-0.263,4.828,1.358,-2.758,22.347,21.168,17.506,265419010571.047,,CHL,6.420903
2016,Chile,6.652,,,,,,,,,,CHL2016,3.786,249344863933.461,13649.852,6.673,0.983,4.561,1.753,-2.621,22.127,20.857,17.469,242408025811.754,,CHL,6.622245
2015,Chile,6.705,,,,,,,,,,CHL2015,4.349,242450355827.827,13433.92,6.313,0.534,4.954,2.152,-2.735,21.635,21.142,17.546,236499159249.766,,CHL,6.552485
2014,Chile,6.67,,,,,,,,,,CHL2014,4.719,259560978231.552,14529.677,6.483,2.121,5.853,1.793,-3.46,20.675,20.656,17.045,248044111574.676,,CHL,6.5890007
2012,Chile,6.587,,,,,,,,,,CHL2012,3.007,267024782480.28,15241.907,6.562,9.223,0.763,6.155,-5.328,19.925,22.105,18.991,252400856602.666,,CHL,6.476159
2011,Chile,6.128,,,,,,,,,,CHL2011,3.341,251382573885.594,14487.393,7.277,5.587,3.261,6.224,-4.917,19.495,22.661,18.936,229490673704.388,,CHL,6.1309333
2024,China,5.921,5.819,6.023,1.445,1.307,0.789,0.764,0.079,0.154,1.382,CHN2024,0.218,,,4.571,,,,,,,,,,CHN,4.7555985
2023,China,5.973,5.885,6.061,1.497,1.239,0.629,0.704,0.132,0.164,1.608,CHN2023,0.235,17794783039552.0,12614.062,4.67,4.961,-0.582,5.25,1.422,,15.469,7.842,17645270585286.7,,CHN,5.911977
2022,China,5.818,5.731,5.905,1.51,1.249,0.468,0.666,0.115,0.145,1.666,CHN2022,1.974,17881782683707.3,12662.583,4.98,2.481,1.824,2.951,2.479,,15.012,7.701,17728564563900.7,,CHN,5.9030538
2021,China,5.585,5.52,5.65,1.508,0.958,0.705,0.656,0.099,0.142,1.516,CHN2021,0.981,17820459508852.2,12617.505,4.55,-0.194,4.552,8.448,1.98,,14.937,7.965,17696312719649.2,,CHN,5.841024
2020,China,5.339,5.281,5.397,1.061,0.785,0.665,0.636,0.093,0.117,1.982,CHN2020,2.419,14687744162801.0,10408.72,5.0,3.839,0.492,2.239,1.694,,14.086,8.091,14570138553468.0,,CHN,5.8319354
2019,China,5.124,5.073,5.175,0.991,1.132,0.867,0.602,0.079,0.117,1.336,CHN2019,2.899,14279968506271.7,10143.86,4.56,3.024,1.287,5.951,0.721,,16.101,8.493,14239959159195.7,,CHN,5.964303
2018,China,5.191,,,,,,,,,,CHN2018,2.075,13894907857880.6,9905.406,4.31,0.822,3.5,6.75,0.174,,16.536,9.053,13833878513962.5,,CHN,5.5236406
2017,China,5.246,,,,,,,,,,CHN2017,1.593,12310491333980.9,8817.046,4.47,0.113,4.233,6.947,1.533,,15.883,9.419,12294360421956.4,,CHN,5.326414
2016,China,5.273,,,,,,,,,,CHN2016,2.0,11233313730348.7,8094.39,4.56,2.902,1.407,6.849,1.703,,15.63,9.123,11177613255021.7,,CHN,5.152895
2015,China,5.245,,,,,,,,,,CHN2015,1.437,11061572618578.7,8016.446,4.65,4.353,-0.003,7.041,2.649,,16.043,9.377,11008790517157.1,,CHN,5.1145816
2014,China,5.14,,,,,,,,,,CHN2014,1.922,10475624944355.2,7636.074,4.63,4.522,1.031,7.426,2.253,,15.818,9.679,10488924466576.8,,CHN,5.0930357
2012,China,4.978,,,,,,,,,,CHN2012,2.62,8532185381680.59,6300.582,4.58,3.585,2.331,7.864,2.524,,11.139,10.257,8512367896275.43,,CHN,4.917665
2011,China,4.68,,,,,,,,,,CHN2011,5.554,7551545703440.75,5614.386,4.55,-1.402,8.076,9.551,1.802,,11.239,10.313,7481168651253.95,,CHN,4.8112326
2024,Colombia,6.004,5.897,6.112,1.38,1.513,0.587,0.777,0.039,0.051,1.658,COL2024,6.609,,,9.608,,,,,,,,,,COL,4.7281055
2023,Colombia,5.695,5.584,5.806,1.437,1.241,0.648,0.644,0.072,0.059,1.596,COL2023,11.736,363493841244.303,6947.359,9.594,13.819,6.336,0.61,-2.372,33.592,28.632,17.703,359767496425.645,71.879,COL,5.5438404
2022,Colombia,5.63,5.514,5.747,1.455,1.213,0.486,0.562,0.08,0.068,1.765,COL2022,10.177,345329875078.512,6674.596,10.547,0.819,14.867,7.289,-6.146,32.419,25.43,15.277,337877677468.28,70.331,COL,5.3159633
2021,Colombia,5.781,5.659,5.903,1.452,0.929,0.72,0.545,0.087,0.077,1.971,COL2021,3.495,318524633225.395,6222.622,13.898,1.425,7.802,10.801,-5.635,35.664,23.547,14.446,313509201762.482,80.367,COL,5.4288764
2020,Colombia,6.012,5.892,6.132,1.021,0.866,0.615,0.554,0.1,0.063,2.794,COL2020,2.527,270348342541.465,5339.687,15.983,8.247,1.482,-7.186,-3.428,36.554,23.687,14.045,267833501944.668,91.157,COL,5.8047013
2019,Colombia,6.163,6.053,6.274,0.932,1.334,0.81,0.527,0.092,0.046,2.422,COL2019,3.523,323031701192.84,6472.545,10.28,7.468,4.003,3.187,-4.584,31.305,25.575,14.901,315981529469.142,72.704,COL,5.809179
2018,Colombia,6.125,,,,,,,,,,COL2018,3.241,334198218098.276,6816.968,9.36,7.153,4.631,2.564,-4.201,29.972,23.475,14.61,325924723780.778,71.651,COL,5.9915285
2017,Colombia,6.26,,,,,,,,,,COL2017,4.314,311866875156.879,6479.532,9.086,8.134,5.134,1.359,-3.182,27.505,22.584,14.851,306527532488.183,66.727,COL,6.289536
2016,Colombia,6.357,,,,,,,,,,COL2016,7.513,282720100286.228,5959.843,8.922,9.032,5.148,2.087,-4.452,28.631,24.223,14.385,279593356364.69,66.907,COL,6.2147284
2015,Colombia,6.481,,,,,,,,,,COL2015,4.99,293492370193.166,6248.515,8.572,8.785,2.449,2.956,-6.372,26.816,24.102,15.797,289667485036.838,53.279,COL,6.272678
2014,Colombia,6.477,,,,,,,,,,COL2014,2.899,381240864422.407,8187.208,8.799,8.443,2.236,4.499,-5.198,30.163,23.447,15.7,370407849663.061,47.976,COL,6.3145065
2012,Colombia,6.416,,,,,,,,,,COL2012,3.169,370691143018.039,8108.598,9.959,8.655,3.617,3.913,-3.14,25.033,26.335,13.227,356514927997.962,65.228,COL,6.304611
2011,Colombia,6.202,,,,,,,,,,COL2011,3.415,334966134804.887,7400.994,10.288,4.543,6.387,6.948,-2.906,24.225,23.492,14.576,320761717459.121,62.86,COL,5.9384294
2024,Comoros,3.754,3.59,3.919,0.835,0.501,0.428,0.26,0.117,0.164,1.45,COM2024,,,,3.875,,,,,,,,,,COM,4.93339
2023,Comoros,3.566,3.378,3.754,0.896,0.328,0.37,0.172,0.128,0.16,1.512,COM2023,,1352380971.241,1590.312,3.776,,2.918,2.996,-1.821,,,,1355203003.613,,COM,4.3350654
2022,Comoros,3.545,3.317,3.774,0.914,0.327,0.215,0.117,0.129,0.145,1.699,COM2022,,1242519407.776,1489.496,3.816,2.946,4.942,2.603,-0.422,,,,1248694701.425,,COM,4.366284
2021,Comoros,4.609,4.368,4.849,0.899,0.476,0.424,0.185,0.195,0.125,2.304,COM2021,,1296089479.92,1584.125,4.394,7.692,0.169,2.0,-0.314,,,,1302397963.155,,COM,4.239425
2020,Comoros,4.289,4.123,4.454,0.488,0.367,0.279,0.202,0.241,0.101,2.61,COM2020,,1225039196.611,1527.17,4.471,7.375,0.67,-0.196,-1.8,,,,1229785123.83,,COM,4.0918036
2019,Comoros,4.289,4.123,4.454,0.416,0.723,0.437,0.181,0.259,0.1,2.173,COM2019,,1195019531.901,1519.264,3.934,6.037,4.209,1.761,-3.332,,,,1200664052.325,,COM,4.1575475
2018,Comoros,3.973,,,,,,,,,,COM2018,,1188797449.386,1540.711,3.942,8.508,1.836,3.642,-2.832,,,,1195077463.02,,COM,4.129744
2015,Comoros,3.956,,,,,,,,,,COM2015,,966029600.862,1329.37,4.121,11.081,-0.523,1.147,-0.256,,,,971041229.263,,COM,4.0159383
2014,Comoros,3.956,,,,,,,,,,COM2014,,1149587661.007,1615.717,4.119,9.585,0.835,2.107,-3.78,,,,1154095453.265,,COM,4.022087
2012,Comoros,3.851,,,,,,,,,,COM2012,6.315,1015843490.824,1490.315,4.17,5.974,4.27,3.168,-4.05,,,,1014150823.3,,COM,4.1017838
2011,Comoros,3.7,,,,,,,,,,COM2011,1.843,1023086273.533,1531.438,4.207,7.234,3.046,4.144,-5.425,,,,1022301422.438,,COM,4.01193
2024,Congo,5.03,4.855,5.205,1.023,0.796,0.336,0.626,0.082,0.126,2.04,COG2024,,,,19.694,,,,,,,,,,COG,4.4416027
2023,Congo,5.221,5.047,5.396,0.892,0.622,0.306,0.523,0.124,0.138,2.617,COG2023,4.302,15321055822.517,2477.978,19.898,,-7.568,1.907,,,,,14546557191.485,,COG,4.407234
2022,Congo,5.267,5.094,5.44,0.921,0.665,0.145,0.464,0.134,0.136,2.802,COG2022,3.043,15817030154.694,2620.838,20.108,,18.261,1.475,,,,,14100325791.967,,COG,4.3707247
2021,Congo,5.075,4.915,5.235,0.95,0.405,0.355,0.431,0.13,0.146,2.658,COG2021,1.716,14825690210.916,2516.163,21.96,,23.291,1.015,11.574,16.132,20.051,6.509,13175025890.137,,COG,4.367976
2020,Congo,5.342,5.151,5.533,0.518,0.392,0.307,0.381,0.144,0.124,3.476,COG2020,1.795,11468687464.005,1993.587,22.198,,-14.0,-6.268,12.561,17.795,18.745,8.324,11405928815.104,,COG,3.8881
2019,Congo,5.194,5.043,5.345,0.634,0.758,0.458,0.387,0.117,0.119,2.723,COG2019,2.206,13976637779.976,2488.425,20.392,,-1.317,1.124,11.679,16.227,23.638,7.102,12568374440.164,,COG,3.9352334
2018,Congo,4.812,,,,,,,,,,COG2018,1.153,14773900288.514,2694.434,20.701,,22.234,-2.304,,16.422,23.031,6.828,13950568006.142,,COG,4.738052
2017,Congo,4.559,,,,,,,,,,COG2017,0.45,11834473039.364,2211.633,20.611,,12.366,-5.595,,16.04,16.308,10.135,10275915423.355,,COG,4.5346346
2016,Congo,4.291,,,,,,,,,,COG2016,3.191,10931328150.848,2093.107,20.223,,-3.502,-8.685,-32.896,17.151,19.485,13.089,10540521863.938,,COG,4.2060857
2015,Congo,4.236,,,,,,,,,,COG2015,3.169,12434793867.357,2439.352,19.978,,-17.254,0.415,-37.239,14.896,19.946,12.195,12368954507.054,,COG,4.2565837
2014,Congo,3.989,,,,,,,,,,COG2014,0.912,17919321078.028,3601.237,19.691,,-6.465,6.646,3.794,12.765,31.655,9.581,18182185023.765,,COG,3.988012
2012,Congo,4.297,,,,,,,,,,COG2012,5.01,17692911296.304,3732.327,19.512,,11.364,9.947,13.685,11.655,32.829,7.278,16736472283.3,,COG,4.2703304
2011,Congo,3.82,,,,,,,,,,COG2011,1.76,15655383576.652,3396.165,19.464,,10.953,2.206,13.242,10.177,38.747,8.114,14089660178.659,,COG,3.8804088
2024,Costa Rica,7.274,7.187,7.361,1.492,1.6,0.68,0.948,0.067,0.118,2.369,CRI2024,-0.413,,,7.848,,,,,,,,,,CRI,4.520094
2023,Costa Rica,6.955,6.86,7.051,1.561,1.373,0.661,0.797,0.109,0.123,2.333,CRI2023,0.525,86497941439.017,16942.027,8.325,9.193,-0.088,5.112,-1.433,28.909,29.339,13.912,80477795958.881,,CRI,6.5607486
2022,Costa Rica,6.609,6.507,6.71,1.587,1.34,0.503,0.683,0.099,0.116,2.281,CRI2022,8.275,69243626028.594,13625.901,11.325,1.017,6.28,4.551,-3.281,28.762,28.891,14.354,64292147817.544,,CRI,6.011175
2021,Costa Rica,6.582,6.481,6.683,1.584,1.054,0.744,0.661,0.089,0.102,2.346,CRI2021,1.726,64960725734.196,12838.119,15.139,3.065,2.374,7.936,-3.176,30.825,28.206,14.041,60786873652.202,,CRI,5.809557
2020,Costa Rica,7.069,6.96,7.179,1.134,0.966,0.722,0.673,0.105,0.083,3.387,CRI2020,0.725,62395610760.049,12394.049,16.432,5.821,0.773,-4.273,-1.045,31.89,27.184,12.238,58780239945.365,,CRI,5.73185
2019,Costa Rica,7.121,7.034,7.209,0.981,1.375,0.94,0.645,0.131,0.096,2.953,CRI2019,2.096,64417670521.354,12884.686,10.807,6.025,2.567,2.418,-1.19,29.457,27.535,13.32,60575320937.032,,CRI,5.8580565
2018,Costa Rica,7.167,,,,,,,,,,CRI2018,2.221,62420164991.537,12590.249,9.01,8.739,2.192,2.616,-2.992,28.919,24.317,13.182,59042419843.984,,CRI,7.0669284
2017,Costa Rica,7.072,,,,,,,,,,CRI2017,1.626,60516044656.521,12317.09,7.729,8.27,2.859,4.158,-3.617,25.397,23.319,13.244,57350348728.764,,CRI,7.025725
2016,Costa Rica,7.079,,,,,,,,,,CRI2016,-0.017,58847019609.655,12091.03,8.085,9.494,1.959,4.204,-2.137,27.147,24.008,13.511,56365195550.623,,CRI,6.9892926
2015,Costa Rica,7.087,,,,,,,,,,CRI2015,0.802,56441920820.519,11714.711,8.415,9.887,3.955,3.652,-3.404,28.555,23.457,13.254,54026905533.744,,CRI,7.041713
2014,Costa Rica,7.226,,,,,,,,,,CRI2014,4.519,52016408854.266,10911.498,8.499,8.188,6.207,3.542,-4.716,26.736,23.071,13.046,49869412874.334,,CRI,7.1329627
2012,Costa Rica,7.257,,,,,,,,,,CRI2012,4.495,47231655431.736,10126.999,9.11,12.87,4.734,4.883,-5.105,25.945,23.362,13.105,45751076217.868,,CRI,7.061498
2011,Costa Rica,7.251,,,,,,,,,,CRI2011,4.878,42762613698.964,9276.391,9.518,11.045,4.593,4.403,-5.297,25.379,23.298,13.209,41322445055.458,,CRI,6.9659085
2024,Côte d’Ivoire,5.102,4.967,5.238,1.038,0.76,0.206,0.661,0.1,0.162,2.176,CIV2024,3.466,,,2.288,,,,,,,,,,CIV,5.0066895
2023,Côte d’Ivoire,5.08,4.936,5.224,1.08,0.578,0.288,0.547,0.12,0.164,2.303,CIV2023,4.387,78875489245.054,2530.847,2.27,,2.922,6.2,,18.313,13.691,13.352,75699486555.338,,CIV,4.7497287
2022,Côte d’Ivoire,5.053,4.907,5.198,1.094,0.584,0.12,0.467,0.138,0.131,2.519,CIV2022,5.276,70173140101.432,2308.707,2.306,,2.086,6.218,-7.686,18.61,12.174,11.945,67874161725.943,,CIV,4.603473
2021,Côte d’Ivoire,5.235,5.085,5.384,1.094,0.442,0.322,0.451,0.149,0.124,2.652,CIV2021,4.092,72794636653.779,2455.981,2.63,,3.93,7.063,-3.948,16.377,12.664,12.389,70557249154.882,,CIV,4.8941875
2020,Côte d’Ivoire,5.306,5.152,5.46,0.669,0.409,0.052,0.438,0.177,0.092,3.469,CIV2020,2.425,63027852805.42,2179.729,2.584,,1.828,0.7,-3.132,16.032,12.112,11.787,61181445318.324,,CIV,4.957563
2019,Côte d’Ivoire,5.233,5.09,5.377,0.537,0.8,0.155,0.397,0.17,0.093,3.081,CIV2019,-1.107,60382894697.356,2141.768,2.401,,1.983,6.721,-2.234,13.627,11.963,11.665,58700458323.694,,CIV,4.742173
2018,Côte d’Ivoire,4.944,,,,,,,,,,CIV2018,0.359,58522477786.689,2130.866,2.85,,1.682,4.843,-3.904,14.737,11.967,11.666,56893409586.384,,CIV,4.96333
2017,Côte d’Ivoire,4.671,,,,,,,,,,CIV2017,0.686,52512343996.69,1964.299,3.272,6.247,-1.042,7.411,-1.998,14.947,11.955,11.756,50973205770.879,,CIV,4.480261
2016,Côte d’Ivoire,4.18,,,,,,,,,,CIV2016,0.723,48407761036.824,1862.596,1.896,6.552,-1.18,7.173,-0.856,13.4,11.731,11.46,47331529982.55,,CIV,4.209359
2015,Côte d’Ivoire,3.916,,,,,,,,,,CIV2015,1.251,45815005169.265,1814.719,2.579,0.361,4.776,7.195,-0.44,13.455,12.164,11.176,44807751702.504,,CIV,4.0930243
2014,Côte d’Ivoire,3.655,,,,,,,,,,CIV2014,0.449,48843005613.709,1991.365,3.285,0.892,4.407,9.372,1.046,9.216,10.644,10.117,47933652024.974,,CIV,3.8447046
2011,Côte d’Ivoire,4.197,,,,,,,,,,CIV2011,4.912,36693710801.398,1596.628,7.135,-0.429,5.709,-5.37,7.266,9.61,8.66,7.571,24425274888.759,,CIV,4.2409143
2024,Croatia,5.87,5.777,5.963,1.644,1.673,0.669,0.478,0.022,0.065,1.319,HRV2024,,,,5.236,,,,,,,,,,HRV,4.7492123
2023,Croatia,5.942,5.837,6.047,1.71,1.445,0.637,0.469,0.064,0.043,1.574,HRV2023,7.941,84393795502.442,21865.456,6.086,,11.74,3.303,0.754,38.681,35.592,21.492,84099779090.476,75.56,HRV,5.937274
2022,Croatia,6.125,6.013,6.237,1.727,1.455,0.475,0.5,0.087,0.003,1.88,HRV2022,10.781,71198635101.951,18466.096,6.96,,8.013,7.288,-3.681,37.837,38.256,21.675,70919879052.469,83.077,HRV,6.2224145
2021,Croatia,6.125,6.022,6.229,1.705,1.183,0.709,0.535,0.109,0.0,1.884,HRV2021,2.555,69006802298.696,17789.93,7.608,,2.081,12.632,0.808,40.658,38.962,21.071,68667460258.325,91.171,HRV,5.852333
2020,Croatia,5.882,5.788,5.975,1.251,1.039,0.703,0.453,0.111,0.0,2.325,HRV2020,0.155,57963370885.08,14808.462,7.507,,0.803,-8.312,-0.795,44.894,39.204,20.874,58907901172.24,98.505,HRV,5.694829
2019,Croatia,5.505,5.431,5.579,1.109,1.311,0.901,0.381,0.114,0.012,1.676,HRV2019,0.772,61467582193.682,15563.817,6.617,,1.988,3.1,2.639,38.468,39.077,21.973,61266599944.473,81.504,HRV,5.8045816
2018,Croatia,5.432,,,,,,,,,,HRV2018,1.5,61668130122.588,15460.418,8.432,,2.026,2.905,1.219,38.294,37.878,21.787,61012800387.368,83.67,HRV,5.650821
2017,Croatia,5.321,,,,,,,,,,HRV2017,1.129,56186190437.996,13902.631,11.208,,1.232,3.281,4.05,39.046,38.664,22.017,56015572345.403,86.858,HRV,5.339857
2016,Croatia,5.293,,,,,,,,,,HRV2016,-1.125,52654855638.106,12821.174,13.103,,0.015,3.461,2.463,40.086,38.606,21.902,51687937114.799,93.221,HRV,5.301946
2015,Croatia,5.488,,,,,,,,,,HRV2015,-0.464,51005200669.694,12285.303,16.175,,0.124,2.323,2.816,41.534,37.796,21.414,50921927822.595,95.574,HRV,5.3229837
2014,Croatia,5.759,,,,,,,,,,HRV2014,-0.215,59612144078.413,14187.969,17.29,8.443,0.127,-0.557,0.394,42.128,36.532,20.381,58743509682.768,93.129,HRV,5.6267486
2012,Croatia,5.661,,,,,,,,,,HRV2012,3.412,57551963753.21,13508.684,15.935,7.957,1.411,-2.254,-0.361,40.228,34.718,20.128,55633820700.961,76.326,HRV,5.626426
2011,Croatia,5.623,,,,,,,,,,HRV2011,2.273,62903737379.783,14694.999,13.678,7.883,1.669,-0.098,-1.662,42.018,34.472,19.644,60863146670.824,71.917,HRV,5.6435413
2011,Cuba,5.418,,,,,,,,,,CUB2011,,68990000000.0,6104.461,3.18,,4.324,2.802,,,,,67926000000.0,,CUB,5.4990387
2024,Cyprus,5.942,5.827,6.058,1.72,1.348,0.84,0.612,0.108,0.041,1.273,CYP2024,1.8,,,5.602,,,,,,,,,,CYP,4.707749
2023,Cyprus,6.068,5.954,6.182,1.794,1.217,0.744,0.529,0.124,0.049,1.611,CYP2023,3.541,33886930712.339,36551.418,6.098,,3.83,2.612,-9.426,39.808,41.259,24.082,30644231434.626,,CYP,6.5378675
2022,Cyprus,6.13,6.024,6.236,1.824,1.224,0.58,0.455,0.104,0.05,1.893,CYP2022,8.395,30976176886.852,33938.945,6.806,,6.689,7.366,-5.518,36.483,38.375,23.133,28521267364.768,,CYP,6.631479
2021,Cyprus,6.221,6.122,6.32,1.815,0.909,0.819,0.448,0.123,0.062,2.044,CYP2021,2.446,30372874319.628,33734.293,7.513,,3.044,11.388,-5.449,40.678,38.256,22.552,27682692012.007,,CYP,6.3860364
2020,Cyprus,6.223,6.128,6.319,1.377,0.765,0.801,0.464,0.178,0.061,2.578,CYP2020,-0.638,25555093854.297,28649.016,7.755,,-1.208,-3.221,-9.705,43.695,38.373,21.94,23839852610.947,,CYP,6.0877323
2019,Cyprus,6.159,6.06,6.258,1.213,1.149,1.026,0.459,0.228,0.051,2.032,CYP2019,0.25,26196667099.53,29703.053,7.155,,1.35,5.876,-5.524,38.506,39.321,23.075,24793491597.222,,CYP,6.2606277
2018,Cyprus,6.046,,,,,,,,,,CYP2018,1.435,25754001367.545,29599.986,8.504,,1.026,6.272,-3.741,40.341,38.318,23.833,24823400132.031,,CYP,6.237812
2017,Cyprus,5.762,,,,,,,,,,CYP2017,0.532,22946570628.758,26696.99,11.155,,1.02,5.751,-4.912,36.846,38.412,23.82,22248590723.515,,CYP,5.899282
2016,Cyprus,5.621,,,,,,,,,,CYP2016,-1.429,21046462280.598,24715.154,13.006,,-0.575,6.574,-3.87,38.138,38.324,23.516,20211956551.818,,CYP,5.601408
2015,Cyprus,5.546,,,,,,,,,,CYP2015,-2.097,19909278416.858,23487.229,15.026,,-0.754,3.419,-0.244,41.727,40.425,24.047,19774901919.014,,CYP,5.456957
2014,Cyprus,5.689,,,,,,,,,,CYP2014,-1.355,23225918259.982,27244.352,16.277,,-1.338,-1.776,-4.076,50.883,41.524,24.716,22592071770.945,,CYP,5.6842604
2012,Cyprus,6.466,,,,,,,,,,CYP2012,2.389,25047436974.682,28991.936,12.097,,1.679,-3.447,-3.869,52.643,37.796,23.335,24872764788.562,,CYP,6.257013
2011,Cyprus,6.416,,,,,,,,,,CYP2011,3.289,27641547909.701,32485.797,7.942,,1.616,0.417,-2.093,41.871,37.425,23.15,28366739790.706,,CYP,6.4704003
2024,Czechia,6.775,6.696,6.854,1.692,1.716,0.658,0.916,0.118,0.084,1.591,CZE2024,2.435,,,2.506,,,,,,,,,,CZE,4.896567
2023,Czechia,6.822,6.741,6.903,1.783,1.511,0.638,0.787,0.177,0.068,1.858,CZE2023,10.661,343207874553.734,31591.177,2.579,-3.214,8.159,-0.085,0.302,,,,317869839762.542,,CZE,6.1740994
2022,Czechia,6.845,6.759,6.931,1.823,1.544,0.477,0.693,0.158,0.05,2.099,CZE2022,15.1,301831228325.556,28282.224,2.224,-4.091,8.671,2.847,-4.52,34.443,30.221,12.642,277349488376.076,,CZE,6.6354733
2021,Czechia,6.92,6.811,7.029,1.815,1.26,0.715,0.66,0.158,0.048,2.263,CZE2021,3.84,290972714482.313,27696.462,2.803,-0.8,4.034,4.029,-2.046,36.846,30.781,12.936,270290707240.003,,CZE,6.7789664
2020,Czechia,6.965,6.868,7.062,1.37,1.09,0.703,0.58,0.052,0.046,3.124,CZE2020,3.161,251109660602.536,23472.892,2.55,-1.121,4.516,-5.305,1.785,37.642,31.409,14.073,233709848019.733,,CZE,6.5587025
2019,Czechia,6.911,6.827,6.995,1.212,1.405,0.895,0.506,0.046,0.05,2.797,CZE2019,2.848,256794209028.77,24062.719,2.015,-0.15,3.841,3.566,0.356,32.04,31.472,14.525,237284304854.517,,CZE,6.5700426
2018,Czechia,6.852,,,,,,,,,,CZE2018,2.149,251992360762.236,23705.933,2.246,0.708,2.813,2.83,0.452,31.828,31.749,14.657,235330815043.776,,CZE,6.676463
2017,Czechia,6.711,,,,,,,,,,CZE2017,2.451,221563575696.217,20913.198,2.893,1.875,1.684,5.174,1.353,31.386,31.325,14.807,206250524034.28,,CZE,6.5389967
2016,Czechia,6.609,,,,,,,,,,CZE2016,0.684,198160659303.939,18753.969,3.952,2.381,1.491,2.581,1.747,32.523,31.491,14.771,183030984148.2,,CZE,6.5323176
2015,Czechia,6.596,,,,,,,,,,CZE2015,0.309,189107698561.919,17931.599,5.048,3.011,1.235,4.959,0.447,33.069,31.128,14.686,175136907363.179,,CZE,6.489661
2014,Czechia,6.505,,,,,,,,,,CZE2014,0.344,210911285077.683,20038.416,6.108,1.887,2.707,2.245,0.217,34.217,30.827,14.323,194987353968.445,,CZE,6.445299
2012,Czechia,6.29,,,,,,,,,,CZE2012,3.288,210363223087.728,20014.035,6.979,4.009,1.343,-0.771,-1.501,36.347,31.712,14.822,195428016856.085,,CZE,6.423388
2011,Czechia,6.36,,,,,,,,,,CZE2011,1.917,231429378717.312,22049.108,6.712,5.952,-0.221,1.772,-2.169,34.652,31.208,14.403,211036199499.884,,CZE,6.3901653
2024,Denmark,7.521,7.431,7.611,1.825,1.748,0.82,0.955,0.15,0.488,1.535,DNK2024,1.372,,,5.587,,,,,,,,,,DNK,4.7206826
2023,Denmark,7.583,7.5,7.665,1.908,1.52,0.699,0.823,0.204,0.548,1.881,DNK2023,3.305,407091920305.404,68453.877,5.094,,-3.789,2.495,9.841,33.139,36.699,31.404,418673805445.712,,DNK,7.525445
2022,Denmark,7.586,7.506,7.667,1.949,1.548,0.537,0.734,0.208,0.525,2.084,DNK2022,7.697,401945576107.963,68091.319,4.434,,9.097,1.54,11.566,32.018,35.787,30.669,414709867315.259,,DNK,7.5388393
2021,Denmark,7.636,7.563,7.71,1.953,1.243,0.777,0.719,0.188,0.532,2.226,DNK2021,1.853,408378204639.999,69727.987,5.043,,2.769,7.382,8.659,36.216,40.374,35.004,424501033300.764,,DNK,7.641688
2020,Denmark,7.62,7.552,7.687,1.502,1.108,0.763,0.686,0.208,0.485,2.868,DNK2020,0.421,355631021931.621,60985.489,5.637,,2.827,-1.78,7.231,38.759,39.212,34.471,367136215276.414,,DNK,7.5463967
2019,Denmark,7.646,7.58,7.711,1.327,1.503,0.979,0.665,0.243,0.495,2.433,DNK2019,0.758,345401473012.615,59404.266,5.018,,0.951,1.711,7.425,35.294,39.777,34.977,355443582780.668,,DNK,7.692815
2018,Denmark,7.6,,,,,,,,,,DNK2018,0.814,355293374912.393,61324.767,5.131,,0.593,1.86,6.245,36.177,37.429,32.384,365236933204.871,,DNK,7.573438
2017,Denmark,7.555,,,,,,,,,,DNK2017,1.147,331610593961.988,57521.551,5.833,,1.101,3.056,7.36,36.281,38.088,33.28,338899001120.246,,DNK,7.5709643
2016,Denmark,7.522,,,,,,,,,,DNK2016,0.25,312181849372.233,54500.926,5.989,,0.427,3.073,7.079,37.375,38.036,33.49,320020671940.78,,DNK,7.5030527
2015,Denmark,7.526,,,,,,,,,,DNK2015,0.452,301758922337.637,53094.013,6.278,,0.409,2.104,7.954,39.468,38.904,34.156,311066436036.952,,DNK,7.5138054
2014,Denmark,7.527,,,,,,,,,,DNK2014,0.564,352832602064.452,62520.451,6.925,,1.019,1.278,8.337,39.853,41.875,36.585,365645289652.797,,DNK,7.529963
2012,Denmark,7.693,,,,,,,,,,DNK2012,2.398,326792574244.963,58443.775,7.798,,2.408,-0.005,6.041,42.574,39.932,33.515,334180090640.392,,DNK,7.6336846
2011,Denmark,7.856,,,,,,,,,,DNK2011,2.759,344315595263.175,61809.738,7.769,,0.646,1.311,6.339,41.355,39.728,32.809,351569643417.089,,DNK,7.6738043
2014,Djibouti,4.369,,,,,,,,,,DJI2014,1.342,2214679081.257,2208.678,26.173,,1.262,7.062,23.958,,,,2263292357.122,,DJI,4.3720345
2012,Djibouti,4.69,,,,,,,,,,DJI2012,3.731,1353632941.521,1400.194,26.187,,,,-10.931,,,,1417840322.753,,DJI,4.6807694
2011,Djibouti,4.957,,,,,,,,,,DJI2011,5.069,1239144501.775,1306.346,26.314,,,,-13.868,,,,1247888544.404,,DJI,4.936507
2024,Dominican Republic,5.846,5.705,5.988,1.457,1.5,0.615,0.866,0.063,0.186,1.16,DOM2024,3.302,,,5.473,,,,,,,,,,DOM,4.758759
2023,Dominican Republic,5.823,5.679,5.967,1.517,1.272,0.511,0.73,0.086,0.196,1.512,DOM2023,4.786,121444279313.931,10717.628,5.555,7.527,6.424,2.361,-3.604,,,,116006679313.854,,DOM,6.5815296
2022,Dominican Republic,5.569,5.426,5.712,1.536,1.227,0.351,0.623,0.083,0.195,1.553,DOM2022,8.811,113537368176.13,10109.523,5.504,1.026,10.714,4.858,-5.768,17.679,16.084,13.82,109226368176.13,,DOM,6.1420436
2021,Dominican Republic,5.737,5.601,5.873,1.538,1.003,0.577,0.606,0.084,0.179,1.751,DOM2021,8.243,94243425938.365,8472.48,7.702,1.699,7.777,12.272,-2.849,17.806,16.368,14.377,89532925938.863,,DOM,5.5672636
2020,Dominican Republic,5.545,5.405,5.685,1.106,0.879,0.555,0.581,0.101,0.144,2.178,DOM2020,3.781,78844656298.178,7162.292,6.126,5.974,4.724,-6.72,-1.686,21.398,14.661,12.39,75019656298.62,,DOM,5.330323
2019,Dominican Republic,5.689,5.552,5.826,0.983,1.329,0.742,0.563,0.112,0.116,1.844,DOM2019,1.811,88941372558.24,8164.221,6.356,9.716,2.526,5.052,-1.336,15.864,15.458,13.303,84872472558.556,,DOM,5.672015
2018,Dominican Republic,5.425,,,,,,,,,,DOM2018,3.564,85555390139.118,7934.981,5.861,8.079,4.121,6.983,-1.545,15.705,15.209,13.025,81863690138.272,,DOM,5.3965325
2017,Dominican Republic,5.302,,,,,,,,,,DOM2017,3.28,79998046305.79,7499.693,5.832,9.338,4.181,4.667,-0.166,16.019,15.162,13.031,76204246305.378,,DOM,5.375519
2016,Dominican Republic,5.23,,,,,,,,,,DOM2016,1.614,75704647877.656,7174.823,7.284,12.835,1.994,6.659,-1.076,16.149,14.903,12.911,72451547877.144,,DOM,5.107067
2015,Dominican Republic,5.155,,,,,,,,,,DOM2015,0.837,71164826836.528,6819.932,7.605,12.106,2.472,6.927,-1.799,15.205,17.578,12.812,68228426835.72,,DOM,5.349407
2014,Dominican Republic,4.885,,,,,,,,,,DOM2014,2.999,67179955677.279,6512.508,6.719,9.184,4.321,7.05,-3.23,15.642,15.041,13.386,63932555677.284,,DOM,5.0319333
2012,Dominican Republic,4.963,,,,,,,,,,DOM2012,3.694,60681535652.537,6025.726,6.722,9.881,5.098,2.717,-6.543,15.835,14.543,13.026,58281935652.018,,DOM,5.225085
2011,Dominican Republic,5.036,,,,,,,,,,DOM2011,5.797,58029773599.455,5834.706,6.087,6.931,8.061,3.133,-7.511,14.016,13.734,12.298,55775273598.996,,DOM,5.162722
2024,DR Congo,3.469,3.331,3.608,0.544,0.929,0.278,0.6,0.151,0.061,0.906,COD2024,,,,4.556,,,,,,,,,,COD,4.8481445
2023,DR Congo,3.295,3.128,3.462,0.534,0.665,0.262,0.473,0.189,0.072,1.102,COD2023,,66383287002.987,627.502,4.484,,13.172,8.561,-5.849,,,,64288287002.987,,COD,4.855204
2022,DR Congo,3.207,3.02,3.394,0.531,0.784,0.105,0.375,0.183,0.068,1.162,COD2022,,65801547619.582,642.612,4.522,,10.106,8.924,-4.784,13.323,14.165,11.411,62284414213.453,15.99,COD,4.984539
2019,DR Congo,4.311,4.097,4.525,0.062,0.833,0.277,0.365,0.254,0.081,2.438,COD2019,,51775829877.209,557.044,4.591,19.68,5.895,4.385,-3.27,7.982,7.706,6.377,48961721320.982,,COD,4.3116107
2018,DR Congo,4.418,,,,,,,,,,COD2018,,47568210009.817,528.256,4.618,-4.771,30.999,5.821,-3.516,9.884,8.719,7.295,45864379355.536,,COD,4.442539
2017,DR Congo,4.245,,,,,,,,,,COD2017,,38019264794.826,436.585,4.601,-15.69,43.069,3.727,-3.265,7.737,7.977,6.591,36945658210.5,,COD,4.200113
2016,DR Congo,4.28,,,,,,,,,,COD2016,2.886,37134801555.332,442.31,4.521,14.084,4.349,2.399,-4.051,12.35,9.262,7.952,36345366908.664,,COD,4.222458
2015,DR Congo,4.272,,,,,,,,,,COD2015,0.744,37917706497.179,467.915,4.439,20.767,-1.156,6.916,-3.913,12.548,10.756,9.103,35126777862.432,,COD,4.2676744
2014,DR Congo,4.517,,,,,,,,,,COD2014,1.243,35909040925.938,458.005,4.436,17.525,0.994,9.47,-4.797,12.267,11.057,8.637,32869069802.463,,COD,4.4625573
2012,DR Congo,4.578,,,,,,,,,,COD2012,9.722,29306235285.26,400.06,4.485,21.245,5.94,7.087,-4.301,14.22,12.548,8.857,27710051425.574,,COD,4.494893
2011,DR Congo,3.984,,,,,,,,,,COD2011,15.317,25839749199.367,364.714,4.315,26.33,13.792,6.875,-4.956,,,,24543304631.594,,COD,4.073108
2024,Ecuador,5.965,5.848,6.083,1.299,1.32,0.702,0.712,0.058,0.066,1.808,ECU2024,1.547,,,4.773,,,,,,,,,,ECU,4.769116
2023,Ecuador,5.725,5.599,5.85,1.315,1.151,0.64,0.606,0.087,0.078,1.846,ECU2023,2.216,118844826000.0,6609.804,3.51,,-0.408,2.355,1.974,,,,116197121700.0,,ECU,5.664691
2022,Ecuador,5.559,5.436,5.682,1.343,1.173,0.476,0.56,0.079,0.069,1.86,ECU2022,3.466,116586079000.0,6540.998,3.761,,2.196,6.186,1.833,30.318,30.842,13.038,114677350000.0,,ECU,5.671884
2021,Ecuador,5.533,5.414,5.653,1.352,0.879,0.708,0.565,0.08,0.083,1.866,ECU2021,0.133,107435101000.0,6075.803,4.552,,2.049,9.818,2.735,31.85,29.601,12.706,105704005400.0,,ECU,5.5377183
2020,Ecuador,5.764,5.653,5.875,0.935,0.806,0.64,0.56,0.107,0.062,2.653,ECU2020,-0.339,95865472000.0,5463.645,6.127,,-1.826,-9.245,2.091,34.04,27.121,12.941,92538070200.0,,ECU,5.794316
2019,Ecuador,5.925,5.822,6.029,0.853,1.221,0.839,0.555,0.115,0.087,2.255,ECU2019,0.266,107595829000.0,6205.058,3.812,,-0.057,0.165,-0.507,33.147,29.66,13.401,104536017000.0,,ECU,5.9613953
2018,Ecuador,6.028,,,,,,,,,,ECU2018,-0.224,107478962000.0,6303.919,3.53,,1.819,1.044,-1.534,33.725,31.206,14.293,104610030900.0,,ECU,5.9611664
2017,Ecuador,5.973,,,,,,,,,,ECU2017,0.417,104467486000.0,6233.322,3.836,,0.932,5.97,-0.388,31.519,27.986,13.689,102098707100.0,,ECU,5.9085164
2016,Ecuador,6.008,,,,,,,,,,ECU2016,1.728,97671433000.0,5917.638,4.597,,1.171,-0.688,0.922,35.055,28.641,14.542,95796699000.0,,ECU,5.9428596
2015,Ecuador,5.976,,,,,,,,,,ECU2015,3.967,97209558000.0,5976.16,3.616,,-5.476,0.12,-2.285,34.076,30.846,16.389,95498179000.0,,ECU,5.949901
2014,Ecuador,5.975,,,,,,,,,,ECU2014,3.589,102717794000.0,6405.8,3.48,,2.053,4.226,-0.651,33.327,28.89,14.021,101189491000.0,,ECU,5.9370303
2012,Ecuador,5.865,,,,,,,,,,ECU2012,5.102,87735048000.0,5634.084,3.235,,5.003,5.783,-0.167,,,,86468104000.0,,ECU,5.7296414
2011,Ecuador,5.425,,,,,,,,,,ECU2011,4.475,78986648000.0,5153.692,3.458,,6.838,8.481,-0.507,,,,77743317000.0,,ECU,5.6222916
2024,Egypt,3.817,3.725,3.909,1.347,1.075,0.473,0.593,0.018,0.103,0.21,EGY2024,,,,7.198,,,,,,,,,,EGY,4.7276855
2023,Egypt,3.977,3.887,4.066,1.37,0.996,0.488,0.49,0.025,0.259,0.349,EGY2023,33.885,396002496996.96,3457.457,7.334,-5.661,24.825,3.759,-3.173,,,,378684096996.935,,EGY,4.987033
2022,Egypt,4.17,4.054,4.287,1.377,0.972,0.326,0.467,0.038,0.25,0.74,EGY2022,13.896,476747720364.742,4233.308,7.344,0.143,10.426,6.588,-2.21,,,,460984520364.742,,EGY,5.171272
2021,Egypt,4.288,4.198,4.377,1.388,0.732,0.548,0.469,0.041,0.254,0.856,EGY2021,5.214,424671765455.704,3827.354,7.441,4.366,4.847,3.291,-4.382,,,,412272565455.704,,EGY,5.3243313
2020,Egypt,4.283,4.195,4.371,0.954,0.647,0.426,0.446,0.069,0.092,1.648,EGY2020,5.045,383817841547.099,3511.114,7.974,4.888,6.177,3.55,-3.709,,,,372463841547.099,,EGY,5.2265596
2019,Egypt,4.151,4.081,4.222,0.875,0.983,0.597,0.374,0.069,0.095,1.159,EGY2019,9.153,318678815489.749,2962.989,7.851,2.199,13.618,5.552,-3.208,,,,307669215489.749,,EGY,5.0943336
2018,Egypt,4.166,,,,,,,,,,EGY2018,14.401,262588632526.73,2484.703,9.855,-2.359,21.175,5.331,-2.932,,,,256309032526.73,,EGY,4.3919606
2017,Egypt,4.419,,,,,,,,,,EGY2017,29.507,248362771739.13,2395.103,11.767,-8.758,29.518,4.181,-3.197,,,,243794271739.13,,EGY,4.517307
2016,Egypt,4.735,,,,,,,,,,EGY2016,13.814,332441717791.411,3270.629,12.45,6.922,6.246,4.347,-6.165,,,,327970017791.411,,EGY,4.6614795
2015,Egypt,4.362,,,,,,,,,,EGY2015,10.37,329366576819.407,3306.982,13.052,1.541,9.931,4.372,-5.235,30.23,20.989,12.519,323665676819.407,,EGY,4.4292326
2014,Egypt,4.194,,,,,,,,,,EGY2014,10.07,305595408895.265,3133.391,13.105,0.414,11.248,2.916,-1.948,32.921,19.877,12.22,298332708895.265,,EGY,4.32641
2012,Egypt,4.273,,,,,,,,,,EGY2012,7.112,279116666666.667,2996.068,12.597,-6.263,19.483,2.226,-2.498,28.689,20.228,12.385,272637266666.667,,EGY,4.2558393
2011,Egypt,4.853,,,,,,,,,,EGY2011,10.065,235989672977.625,2590.644,11.849,-0.564,11.663,1.765,-2.324,29.19,21.931,14.009,229940172977.625,,EGY,4.7191296
2024,El Salvador,6.492,6.365,6.619,1.222,1.228,0.559,0.955,0.054,0.264,2.211,SLV2024,0.854,,,2.839,,,,,,,,,,SLV,4.8398347
2023,El Salvador,6.469,6.338,6.599,1.265,1.08,0.549,0.816,0.083,0.253,2.424,SLV2023,4.046,34015620000.0,5391.069,2.992,,2.729,3.511,-1.369,27.549,25.927,20.607,31873990000.0,101.704,SLV,5.9558697
2022,El Salvador,6.122,5.986,6.257,1.278,1.044,0.383,0.713,0.079,0.222,2.403,SLV2022,7.199,31988920000.0,5093.518,2.999,,7.143,2.8,-6.822,27.293,28.087,21.084,30006450000.0,73.761,SLV,5.720566
2021,El Salvador,6.12,5.99,6.25,1.265,0.768,0.607,0.666,0.089,0.212,2.514,SLV2021,3.467,29043140000.0,4642.607,4.327,,4.142,11.905,-4.306,29.507,28.575,19.69,27355140000.0,66.469,SLV,5.6850967
2020,El Salvador,6.061,5.933,6.188,0.845,0.675,0.565,0.615,0.116,0.16,3.085,SLV2020,-0.372,24921190000.0,3997.193,5.008,,0.654,-7.893,1.11,33.945,23.559,18.391,23543800000.0,70.384,SLV,5.817686
2019,El Salvador,6.348,6.234,6.462,0.749,1.149,0.753,0.524,0.119,0.117,2.937,SLV2019,0.075,26881140000.0,4320.117,4.17,,0.848,2.437,-0.422,24.759,24.102,18.081,25540040000.0,53.879,SLV,5.9815874
2018,El Salvador,6.253,,,,,,,,,,SLV2018,1.09,26020850000.0,4183.546,4.006,,1.716,2.412,-3.302,24.727,24.949,18.129,24550760000.0,52.214,SLV,6.1630645
2017,El Salvador,6.167,,,,,,,,,,SLV2017,1.012,24979190000.0,4020.127,4.385,,0.987,2.248,-1.86,24.844,25.097,17.754,23591570000.0,55.249,SLV,6.0022817
2016,El Salvador,6.003,,,,,,,,,,SLV2016,0.604,24191430000.0,3901.34,4.418,,0.658,2.539,-2.274,23.208,23.689,17.355,22945050000.0,52.066,SLV,6.017322
2015,El Salvador,6.068,,,,,,,,,,SLV2015,-0.731,23438240000.0,3790.341,3.998,,1.308,2.4,-3.216,22.763,20.815,16.753,22346390000.0,51.278,SLV,6.112231
2014,El Salvador,6.13,,,,,,,,,,SLV2014,1.141,22593470000.0,3666.012,4.154,,0.993,1.729,-5.371,22.77,20.592,16.709,21558030000.0,50.838,SLV,6.0297422
2012,El Salvador,5.809,,,,,,,,,,SLV2012,1.73,21386150000.0,3497.913,3.843,,2.476,2.888,-5.797,22.902,22.656,16.182,20515590000.0,54.852,SLV,5.788191
2011,El Salvador,5.956,,,,,,,,,,SLV2011,5.129,20283780000.0,3330.6,4.297,,5.953,3.774,-5.481,24.89,23.228,15.344,19665540000.0,54.563,SLV,5.8358483
2024,Estonia,6.417,6.337,6.497,1.65,1.716,0.642,0.902,0.128,0.378,1.001,EST2024,3.521,,,7.828,,,,,,,,,,EST,4.7185473
2023,Estonia,6.448,6.371,6.524,1.752,1.527,0.657,0.805,0.166,0.401,1.138,EST2023,9.159,41291245222.195,30133.304,6.378,,8.055,-3.023,-1.75,37.852,36.296,21.421,40050178864.918,28.253,EST,6.5859566
2022,Estonia,6.455,6.377,6.534,1.798,1.526,0.494,0.728,0.153,0.372,1.383,EST2022,19.398,38376046174.971,28451.148,5.571,,15.782,0.06,-3.898,35.279,34.968,21.017,36987912194.942,25.983,EST,6.511897
2021,Estonia,6.341,6.266,6.415,1.793,1.232,0.728,0.689,0.123,0.333,1.442,EST2021,4.653,37204563051.472,27953.767,6.178,,5.372,7.154,-3.728,38.232,35.641,21.74,36275709776.356,24.594,EST,6.2875056
2020,Estonia,6.189,6.115,6.263,1.344,1.079,0.64,0.641,0.119,0.263,2.103,EST2020,-0.445,31820771493.897,23933.994,6.956,,0.753,-2.884,-2.731,40.908,35.203,20.722,30896975845.136,24.385,EST,5.99316
2019,Estonia,6.022,5.951,6.092,1.192,1.453,0.843,0.577,0.125,0.202,1.63,EST2019,2.277,31873748770.031,24021.25,4.514,,3.823,3.727,2.009,35.651,35.203,21.063,30681549837.647,13.808,EST,5.9186544
2018,Estonia,5.893,,,,,,,,,,EST2018,3.436,31222632740.725,23618.136,5.412,,4.849,3.7,0.564,35.217,34.427,20.833,29976050226.902,13.174,EST,5.811661
2017,Estonia,5.739,,,,,,,,,,EST2017,3.417,27469461919.119,20851.522,5.807,,3.741,5.635,1.7,34.698,34.679,20.868,26262150181.882,13.135,EST,5.6838555
2016,Estonia,5.611,,,,,,,,,,EST2016,0.149,24561027787.79,18666.374,6.882,,2.439,3.093,0.996,35.821,35.441,21.677,23537298481.751,13.705,EST,5.6144223
2015,Estonia,5.517,,,,,,,,,,EST2015,-0.492,23311847750.939,17722.156,6.412,,1.306,1.838,1.463,35.821,35.534,21.566,22387751107.031,13.314,EST,5.651784
2014,Estonia,5.429,,,,,,,,,,EST2014,-0.106,27055689003.004,20581.79,7.352,,2.857,3.323,0.518,33.615,34.633,20.705,25876006876.549,14.448,EST,5.4937186
2012,Estonia,5.426,,,,,,,,,,EST2012,3.933,23237406116.399,17568.214,10.021,,4.206,3.672,-1.858,34.196,34.204,20.162,22063932819.844,14.504,EST,5.451279
2011,Estonia,5.33,,,,,,,,,,EST2011,4.982,23303915794.757,17555.546,12.328,,5.539,7.607,1.305,34.853,33.517,19.446,22028387855.058,7.169,EST,5.278283
2024,Eswatini,3.774,3.654,3.893,1.183,1.152,0.038,0.428,0.054,0.13,0.79,SWZ2024,,,,34.4,,,,,,,,,,SWZ,4.4741178
2023,Eswatini,3.502,3.331,3.673,1.255,0.925,0.176,0.284,0.059,0.116,0.686,SWZ2023,,4442875788.085,3610.609,35.086,9.066,1.62,5.015,2.42,,,,4134403562.19,,SWZ,4.8125834
2021,Eswatini,4.396,4.185,4.607,1.274,0.786,0.197,0.259,0.038,0.154,1.688,SWZ2021,,4737671576.329,3926.487,34.153,7.07,0.168,3.399,2.645,24.976,25.456,24.704,4375150957.812,36.247,SWZ,4.2975535
2024,Ethiopia,3.898,3.786,4.011,0.757,1.051,0.416,0.54,0.182,0.1,0.852,ETH2024,,,,3.398,,,,,,,,,,ETH,4.92965
2023,Ethiopia,3.861,3.725,3.997,0.792,0.915,0.42,0.441,0.27,0.101,0.923,ETH2023,30.219,163697927593.982,1272.016,3.402,,33.021,6.498,-2.925,6.122,4.505,3.931,163284493254.474,,ETH,4.9414377
2022,Ethiopia,4.091,3.908,4.273,0.793,1.114,0.25,0.451,0.283,0.101,1.099,ETH2022,33.89,126772703047.701,1011.073,3.409,,34.667,5.321,-4.071,7.302,5.056,4.497,126199025534.765,,ETH,4.4373546
2021,Ethiopia,4.241,4.118,4.365,0.788,0.809,0.457,0.472,0.205,0.136,1.375,ETH2021,26.84,111261882958.426,910.948,3.935,,21.763,5.642,-4.051,8.417,6.555,5.325,110688250515.368,,ETH,4.4195547
2020,Ethiopia,4.275,4.175,4.374,0.37,0.679,0.331,0.451,0.241,0.114,2.089,ETH2020,20.356,107657734392.446,905.313,3.994,,18.255,6.06,-2.525,8.412,7.105,6.196,107045139885.794,,ETH,4.5494094
2019,Ethiopia,4.186,4.11,4.262,0.315,1.001,0.484,0.413,0.228,0.117,1.628,ETH2019,15.81,95912607722.303,828.709,2.917,,12.86,8.364,-5.239,9.705,7.788,6.662,95323016753.822,31.449,ETH,4.5621142
2018,Ethiopia,4.286,,,,,,,,,,ETH2018,13.833,84269196625.878,747.968,2.802,,12.382,6.816,-5.472,10.817,8.973,7.52,83891882898.151,32.533,ETH,4.284296
2017,Ethiopia,4.35,,,,,,,,,,ETH2017,10.687,81770886825.605,745.632,2.662,,6.677,9.564,-7.25,11.233,9.445,7.604,81285285937.504,30.095,ETH,4.3018155
2016,Ethiopia,4.46,,,,,,,,,,ETH2016,6.628,74296745207.872,696.196,2.554,,10.398,9.433,-10.64,10.089,9.358,8.087,74054063837.424,29.006,ETH,4.443402
2015,Ethiopia,4.508,,,,,,,,,,ETH2015,9.569,64589328550.595,621.846,2.443,,10.837,10.392,-11.715,10.378,9.943,8.351,64326828327.91,27.943,ETH,4.5064554
2014,Ethiopia,4.512,,,,,,,,,,ETH2014,6.89,55612228233.518,549.987,2.359,,10.982,10.257,-10.378,9.552,9.737,8.812,55459432981.044,26.937,ETH,4.468328
2012,Ethiopia,4.561,,,,,,,,,,ETH2012,23.6,43310721414.083,452.101,2.255,,33.541,8.648,-7.107,8.466,11.07,9.378,43214529006.085,,ETH,4.5555806
2011,Ethiopia,4.064,,,,,,,,,,ETH2011,33.25,31952763089.33,343.025,2.275,,20.062,11.178,-3.304,10.584,10.876,9.209,31883271774.194,,ETH,4.1165757
2024,Finland,7.736,7.662,7.81,1.749,1.783,0.824,0.986,0.11,0.502,1.782,FIN2024,1.566,,,8.26,,,,,,,,,,FIN,4.531749
2023,Finland,7.741,7.667,7.815,1.844,1.572,0.695,0.859,0.142,0.546,2.082,FIN2023,6.251,295532341254.907,52925.69,7.151,,3.914,-1.164,-0.534,44.854,42.066,25.332,297129375017.652,,FIN,7.2945786
2022,Finland,7.804,7.733,7.875,1.888,1.585,0.535,0.772,0.126,0.535,2.363,FIN2022,7.124,280241515774.32,50438.475,6.719,,5.449,1.45,-2.507,37.936,37.183,21.2,284510574953.308,,FIN,7.5525184
2021,Finland,7.821,7.756,7.886,1.892,1.258,0.775,0.736,0.109,0.534,2.518,FIN2021,2.195,294223210496.119,53099.135,7.617,,2.435,2.735,0.327,40.103,37.023,20.83,301103210879.84,,FIN,7.4930944
2020,Finland,7.842,7.78,7.904,1.446,1.106,0.741,0.691,0.124,0.481,3.253,FIN2020,0.291,270000311606.226,48828.685,7.759,,1.638,-2.491,0.53,41.482,35.47,20.006,276322367069.261,,FIN,7.2704043
2019,Finland,7.809,7.748,7.87,1.285,1.5,0.961,0.662,0.16,0.478,2.763,FIN2019,1.024,267014821129.411,48358.181,6.695,,1.482,1.35,-0.155,37.31,36.881,20.785,269899706941.176,,FIN,7.3532104
2018,Finland,7.769,,,,,,,,,,FIN2018,1.084,273869255596.078,49654.25,7.361,,1.987,1.193,-1.638,37.678,37.015,20.964,276815737098.039,,FIN,7.5932803
2017,Finland,7.632,,,,,,,,,,FIN2017,0.754,253846138440.0,46085.017,8.64,,0.836,3.303,-0.614,38.173,36.995,20.881,255775633889.412,,FIN,7.360908
2016,Finland,7.469,,,,,,,,,,FIN2016,0.357,238777818792.608,43451.256,8.818,,0.055,2.572,-1.982,39.939,37.972,20.987,241867185380.545,,FIN,7.3300533
2015,Finland,7.413,,,,,,,,,,FIN2015,-0.208,233210733506.25,42560.346,9.376,,1.633,0.467,-0.912,40.683,37.619,20.587,236841059684.375,,FIN,7.2241616
2014,Finland,7.406,,,,,,,,,,FIN2014,1.041,273478528954.901,50073.776,8.663,,1.645,-0.478,-1.403,40.793,37.761,20.736,277614151896.47,,FIN,7.5287743
2012,Finland,7.389,,,,,,,,,,FIN2012,2.808,257443384492.969,47551.674,7.689,,2.945,-1.523,-2.254,39.073,37.367,20.202,259497761579.297,,FIN,7.366619
2011,Finland,7.579,,,,,,,,,,FIN2011,3.417,275126915515.565,51060.324,7.781,,2.601,2.39,-1.56,37.995,36.845,20.053,276659458249.028,,FIN,7.5048237
2024,France,6.593,6.517,6.668,1.733,1.535,0.832,0.743,0.099,0.264,1.386,FRA2024,1.999,,,7.37,,,,,,,,,,FRA,4.5664945
2023,France,6.609,6.533,6.685,1.818,1.348,0.727,0.65,0.112,0.281,1.672,FRA2023,4.878,3051831611384.76,44690.935,7.335,,5.304,0.936,-0.994,47.326,42.275,23.11,3091101307415.06,98.473,FRA,6.964467
2022,France,6.661,6.588,6.735,1.856,1.433,0.566,0.582,0.083,0.27,1.872,FRA2022,5.222,2796302210398.84,41082.812,7.308,,3.221,2.571,-1.183,48.834,44.255,24.534,2828314888998.07,96.776,FRA,6.826842
2021,France,6.687,6.615,6.758,1.863,1.219,0.808,0.567,0.07,0.266,1.895,FRA2021,1.642,2966433692008.09,43725.1,7.874,,1.222,6.882,0.244,49.994,43.505,23.979,3024516531073.59,115.589,FRA,6.68274
2020,France,6.69,6.618,6.762,1.421,1.081,0.804,0.536,0.092,0.235,2.521,FRA2020,0.476,2647926055110.05,39169.861,8.009,,2.978,-7.441,-2.003,51.964,43.322,24.789,2667982790343.98,122.182,FRA,6.754736
2019,France,6.664,6.59,6.737,1.268,1.459,1.03,0.514,0.113,0.227,2.053,FRA2019,1.108,2722793515171.76,40408.285,8.415,,1.211,2.027,0.587,45.89,43.655,24.661,2787416524619.6,104.542,FRA,6.669998
2018,France,6.592,,,,,,,,,,FRA2018,1.851,2781576320884.39,41418.177,9.018,,1.115,1.646,-0.736,47.1,44.726,24.31,2855661376338.82,103.381,FRA,6.7248893
2017,France,6.489,,,,,,,,,,FRA2017,1.032,2588868323334.71,38687.163,9.409,,0.586,2.084,-0.475,48.466,45.085,23.786,2653805221561.18,104.035,FRA,6.560017
2016,France,6.442,,,,,,,,,,FRA2016,0.183,2470407619777.13,37024.216,10.057,,0.517,0.86,-0.539,48.15,44.451,23.146,2525276585700.01,103.318,FRA,6.379237
2015,France,6.478,,,,,,,,,,FRA2015,0.038,2442483452642.5,36702.432,10.354,,1.134,1.067,-0.335,48.449,44.653,23.297,2491864986670.7,100.313,FRA,6.305825
2014,France,6.575,,,,,,,,,,FRA2014,0.508,2861236112552.42,43148.046,10.273,,0.571,0.998,-0.963,49.121,44.932,23.156,2917864654134.5,99.729,FRA,6.7241454
2012,France,6.764,,,,,,,,,,FRA2012,1.954,2683007095787.23,40863.581,9.841,,1.082,0.184,-1.225,48.537,43.879,22.609,2742349300400.39,91.028,FRA,6.786306
2011,France,6.746,,,,,,,,,,FRA2011,2.112,2870408553990.28,43929.784,9.228,,0.851,2.438,-1.028,47.928,42.969,21.826,2941328117344.36,83.338,FRA,6.8703623
2024,Gabon,5.12,4.985,5.256,1.386,1.224,0.387,0.651,0.042,0.086,1.343,GAB2024,1.173,,,20.061,,,,,,,,,,GAB,4.309676
2023,Gabon,5.106,4.969,5.243,1.403,1.038,0.344,0.516,0.045,0.1,1.66,GAB2023,3.629,19388402541.67,7802.837,20.278,,-9.964,2.446,,,,,18421276707.584,,GAB,4.867664
2022,Gabon,5.035,4.894,5.175,1.438,1.021,0.183,0.346,0.036,0.102,1.908,GAB2022,4.231,20440655695.18,8409.207,20.399,,14.758,3.038,,,,,19032454429.114,,GAB,5.0150332
2021,Gabon,4.958,4.826,5.091,1.459,0.738,0.396,0.343,0.032,0.099,1.892,GAB2021,1.087,19444935097.24,8181.409,21.218,,20.338,1.468,,14.052,15.115,9.49,17052331403.488,,GAB,5.006295
2020,Gabon,4.852,4.706,4.998,1.037,0.707,0.362,0.424,0.058,0.064,2.201,GAB2020,1.353,15342236163.986,6605.803,21.27,,-9.01,-1.838,,16.445,17.42,12.427,14503352825.439,,GAB,4.7824545
2019,Gabon,4.829,4.711,4.947,0.988,1.106,0.523,0.369,0.052,0.056,1.735,GAB2019,2.465,16874405465.391,7441.179,20.358,,1.547,3.921,,13.542,19.407,11.48,15511133840.558,,GAB,4.556398
2018,Gabon,4.799,,,,,,,,,,GAB2018,4.749,16867326401.963,7624.278,20.439,,7.177,0.838,,13.698,16.782,10.215,15754973543.463,,GAB,4.814356
2017,Gabon,4.758,,,,,,,,,,GAB2017,2.652,14929487485.162,6921.734,20.303,,3.82,0.473,,15.667,17.655,11.085,13985728543.24,,GAB,4.7005153
2016,Gabon,4.465,,,,,,,,,,GAB2016,2.107,14023890265.366,6677.07,20.134,,-4.27,2.091,,17.085,17.392,11.468,12934874984.943,,GAB,4.414437
2015,Gabon,4.121,,,,,,,,,,GAB2015,-0.339,14383107762.695,7047.127,19.978,,-8.927,3.879,0.98,17.185,20.075,12.83,13188718895.917,,GAB,4.2650905
2014,Gabon,3.896,,,,,,,,,,GAB2014,4.69,18203966895.843,9201.363,19.916,,-0.851,4.315,6.109,15.253,25.665,15.105,17256249272.897,,GAB,4.123813
2012,Gabon,4.114,,,,,,,,,,GAB2012,2.652,17170464016.059,9296.966,19.728,,-2.942,5.251,11.518,16.28,29.792,14.061,15456970450.536,,GAB,4.2576356
2024,Gambia,4.423,4.315,4.53,0.778,0.958,0.348,0.611,0.255,0.045,1.428,GMB2024,,,,6.496,,,,,,,,,,GMB,4.753722
2023,Gambia,4.485,4.344,4.625,0.75,0.684,0.33,0.459,0.324,0.048,1.89,GMB2023,16.974,2396111021.641,888.157,6.479,4.453,15.602,4.798,-8.519,,,,2365211021.641,,GMB,4.160972
2022,Gambia,4.279,4.075,4.484,0.761,0.614,0.174,0.286,0.332,0.033,2.081,GMB2022,11.513,2204734527.881,836.245,6.076,9.358,8.817,5.493,-4.094,,,,2173634527.766,,GMB,4.343334
2021,Gambia,5.164,4.918,5.409,0.785,0.621,0.369,0.367,0.388,0.103,2.531,GMB2021,7.37,2014158842.146,781.891,6.269,11.285,7.382,5.256,-4.313,,,,1963778533.684,,GMB,4.003436
2020,Gambia,5.051,4.877,5.225,0.367,0.511,0.21,0.384,0.465,0.123,2.99,GMB2020,5.931,1812170891.191,720.335,5.892,25.258,2.189,0.591,-4.776,,,,1785259979.97,,GMB,4.265801
2019,Gambia,4.751,4.619,4.882,0.257,0.883,0.353,0.403,0.426,0.158,2.27,GMB2019,7.116,1813609692.5,738.187,4.538,20.468,6.252,6.222,-2.044,,,,1783609669.129,,GMB,4.325596
2018,Gambia,4.516,,,,,,,,,,GMB2018,6.521,1670671327.817,696.22,4.127,19.68,6.952,7.235,-8.083,,,,1641472104.635,,GMB,4.5206647
2024,Georgia,5.4,5.304,5.496,1.444,1.275,0.482,0.844,0.0,0.172,1.182,GEO2024,1.11,,,11.48,,,,,,,,,,GEO,4.4907255
2023,Georgia,5.185,5.087,5.283,1.467,0.99,0.524,0.68,0.0,0.174,1.349,GEO2023,2.488,30777833585.444,8283.67,11.537,10.26,2.948,7.832,-5.551,25.242,27.967,23.599,28388158127.409,43.406,GEO,5.247715
2022,Georgia,5.109,5.0,5.219,1.477,0.947,0.366,0.539,0.0,0.201,1.58,GEO2022,11.898,24984568959.605,6729.847,11.647,5.105,8.135,10.959,-4.421,24.936,26.489,22.902,23246873362.595,42.969,GEO,5.0178437
2021,Georgia,4.973,4.867,5.079,1.467,0.612,0.595,0.508,0.0,0.208,1.583,GEO2021,9.567,18853115588.811,5083.607,11.791,2.069,10.23,10.644,-10.305,27.204,24.855,21.473,17678574249.433,54.727,GEO,4.911601
2020,Georgia,4.891,4.785,4.998,1.03,0.47,0.498,0.488,0.032,0.181,2.191,GEO2020,5.202,16010869215.68,4300.857,11.73,4.635,6.848,-6.29,-12.434,29.009,24.602,21.181,15254265041.644,65.193,GEO,5.2608967
2019,Georgia,4.673,4.588,4.758,0.847,0.731,0.695,0.485,0.048,0.174,1.692,GEO2019,4.853,17638337116.913,4741.283,11.565,6.559,3.996,5.381,-5.994,24.364,26.1,22.897,16841958711.691,44.724,GEO,5.0229025
2018,Georgia,4.519,,,,,,,,,,GEO2018,2.615,17902544880.647,4804.055,12.667,7.377,3.485,6.062,-6.659,23.718,25.406,22.048,17228317459.065,38.224,GEO,4.4515786
2017,Georgia,4.34,,,,,,,,,,GEO2017,6.035,16473125375.068,4418.752,13.939,3.662,7.547,5.16,-7.951,26.862,28.031,23.014,15681941286.498,38.841,GEO,4.3515596
2016,Georgia,4.286,,,,,,,,,,GEO2016,2.135,15444548901.964,4143.401,16.604,10.116,2.275,3.45,-12.242,28.675,27.83,23.042,14744998637.358,39.479,GEO,4.304308
2015,Georgia,4.252,,,,,,,,,,GEO2015,4.004,15223796148.84,4086.622,16.506,6.748,5.377,3.351,-11.607,27.688,27.151,22.348,14880351881.735,36.0,GEO,4.2407436
2014,Georgia,4.297,,,,,,,,,,GEO2014,3.069,17966015109.304,4830.335,17.439,6.999,4.59,4.09,-9.931,26.237,25.454,22.053,17737747151.643,30.392,GEO,4.2925763
2012,Georgia,4.187,,,,,,,,,,GEO2012,-0.944,16894392033.226,4530.695,19.653,14.475,0.291,6.579,-11.144,24.273,24.609,23.089,16722078802.949,28.105,GEO,4.1854863
2011,Georgia,3.892,,,,,,,,,,GEO2011,8.543,15475290469.287,4119.668,19.632,5.334,9.172,7.934,-11.91,23.14,23.902,22.661,15049331839.11,27.697,GEO,4.098753
2024,Germany,6.753,6.652,6.854,1.785,1.625,0.776,0.858,0.148,0.351,1.21,DEU2024,2.256,,,3.406,,,,,,,,,,DEU,4.9081655
2023,Germany,6.719,6.622,6.815,1.871,1.39,0.702,0.7,0.174,0.368,1.513,DEU2023,5.946,4525703903627.53,54343.227,3.068,,6.143,-0.266,5.803,,,,4636236589068.71,,DEU,6.200414
2022,Germany,6.892,6.795,6.989,1.919,1.401,0.539,0.618,0.153,0.365,1.898,DEU2022,6.873,4163596357879.39,49686.115,3.12,,6.092,1.37,4.438,31.455,28.297,11.011,4241258694941.65,,DEU,7.1970153
2021,Germany,7.034,6.947,7.122,1.924,1.088,0.776,0.585,0.163,0.358,2.142,DEU2021,3.067,4348297440387.53,52265.654,3.594,,2.803,3.67,6.932,32.721,28.62,11.023,4443312883197.6,,DEU,7.159835
2020,Germany,7.155,7.077,7.232,1.48,0.993,0.757,0.6,0.195,0.306,2.824,DEU2020,0.145,3940142541354.1,47379.765,3.881,,1.755,-4.095,6.35,32.161,28.574,10.411,3998734917350.98,,DEU,7.2251124
2019,Germany,7.076,7.006,7.146,1.314,1.369,0.972,0.564,0.252,0.309,2.295,DEU2019,1.446,3957208055215.68,47623.866,3.163,,2.016,0.988,7.88,27.899,28.667,11.214,4034728306596.07,,DEU,6.9242234
2018,Germany,6.985,,,,,,,,,,DEU2018,1.732,4052008447223.53,48874.86,3.384,,1.865,1.116,8.445,27.388,28.385,11.238,4108434453701.96,,DEU,6.922681
2017,Germany,6.965,,,,,,,,,,DEU2017,1.509,3763092263752.95,45526.6,3.781,,1.468,2.716,8.084,27.539,28.008,11.2,3778789183700.01,,DEU,6.9170823
2016,Germany,6.951,,,,,,,,,,DEU2016,0.492,3537784107980.55,42961.036,4.104,,1.256,2.295,8.9,27.367,27.86,11.079,3555930677612.46,,DEU,6.9418073
2015,Germany,6.994,,,,,,,,,,DEU2015,0.514,3423568450957.03,41911.011,4.612,,1.685,1.653,8.1,27.449,27.957,11.257,3434101056827.73,,DEU,6.934132
2014,Germany,6.75,,,,,,,,,,DEU2014,0.907,3965800686309.79,48971.082,4.979,,1.901,2.169,7.192,27.51,27.95,11.26,3967012279025.08,,DEU,6.85415
2012,Germany,6.672,,,,,,,,,,DEU2012,2.008,3597896500945.31,44735.588,5.372,,1.432,0.474,7.193,27.934,27.993,11.394,3611772218601.56,,DEU,6.848559
2011,Germany,6.572,,,,,,,,,,DEU2011,2.075,3824828563521.41,47646.582,5.967,,1.232,3.758,6.259,28.305,27.764,11.255,3845325104620.63,,DEU,6.797398
2024,Ghana,4.34,4.235,4.444,1.053,1.01,0.438,0.771,0.139,0.025,0.904,GHA2024,22.848,,,3.007,,,,,,,,,,GHA,5.242428
2023,Ghana,4.289,4.182,4.396,1.077,0.747,0.36,0.623,0.183,0.028,1.273,GHA2023,38.107,76370396722.154,2260.287,3.063,,33.08,2.945,1.842,,,,75420372240.302,,GHA,5.5373526
2022,Ghana,4.605,4.481,4.729,1.101,0.756,0.197,0.526,0.211,0.035,1.779,GHA2022,31.256,74263364041.874,2240.279,3.084,,28.168,3.818,-2.344,22.679,15.551,12.298,72989253312.219,,GHA,5.010476
2021,Ghana,4.872,4.745,4.999,1.112,0.595,0.409,0.5,0.23,0.056,1.972,GHA2021,9.971,79524421861.274,2445.501,3.384,,12.106,5.076,-3.196,20.751,14.926,12.245,77088309092.788,,GHA,4.9635253
2020,Ghana,5.088,4.958,5.219,0.68,0.595,0.287,0.517,0.268,0.058,2.684,GHA2020,9.887,70043099675.68,2196.548,3.313,,9.366,0.514,-3.047,21.884,13.755,11.34,70776526813.05,,GHA,5.0244994
2019,Ghana,5.148,5.033,5.263,0.576,0.966,0.432,0.477,0.261,0.057,2.378,GHA2019,7.144,68337969247.707,2186.189,3.16,,8.481,6.508,-2.728,17.511,14.695,11.997,65527721243.302,,GHA,4.9368505
2018,Ghana,4.996,,,,,,,,,,GHA2018,7.809,67298914624.372,2196.613,3.253,,10.568,6.2,-3.038,17.602,15.069,12.244,64269886147.656,,GHA,4.944214
2017,Ghana,4.657,,,,,,,,,,GHA2017,12.372,60405924078.728,2012.97,3.369,,10.677,8.129,-3.315,17.355,14.521,11.577,57431261824.701,,GHA,4.6948147
2016,Ghana,4.12,,,,,,,,,,GHA2016,17.455,56164929304.875,1913.187,5.232,,15.749,3.373,-5.042,18.29,14.159,11.058,53961346502.918,,GHA,4.3209634
2015,Ghana,4.276,,,,,,,,,,GHA2015,17.15,49406010054.266,1721.7,6.806,,13.253,2.121,-5.715,17.364,14.53,11.691,47920547875.138,,GHA,4.2086434
2014,Ghana,4.633,,,,,,,,,,GHA2014,15.49,54783319817.37,1953.645,4.415,,23.94,2.856,-6.744,18.204,14.215,11.252,51920567774.009,,GHA,4.494332
2012,Ghana,5.091,,,,,,,,,,GHA2012,11.186,41271701060.954,1543.775,3.141,,15.205,9.293,-11.901,26.884,19.339,15.368,39175664473.082,,GHA,4.985879
2011,Ghana,4.705,,,,,,,,,,GHA2011,8.728,39336668080.559,1507.436,4.227,,13.915,14.047,-9.003,21.141,19.372,14.866,38113676481.71,,GHA,4.711199
2024,Greece,5.776,5.677,5.875,1.608,1.438,0.725,0.396,0.003,0.063,1.543,GRC2024,2.741,,,10.133,,,,,,,,,,GRC,4.5671825
2023,Greece,5.934,5.84,6.027,1.684,1.276,0.696,0.337,0.018,0.093,1.83,GRC2023,3.465,243498333237.802,23400.728,11.066,,5.875,2.332,-6.163,47.195,43.237,26.634,238668954547.047,190.608,GRC,5.617322
2022,Greece,5.931,5.838,6.024,1.708,1.247,0.535,0.248,0.008,0.097,2.089,GRC2022,9.645,218880566444.349,20971.835,12.426,,6.496,5.744,-10.336,50.595,45.058,27.669,215323644043.481,202.48,GRC,5.5537815
2021,Greece,5.948,5.853,6.043,1.703,0.98,0.774,0.249,0.015,0.108,2.119,GRC2021,1.224,218303801895.326,20654.7,14.656,,1.393,8.654,-6.348,54.833,43.95,25.578,213013301589.942,233.449,GRC,5.423722
2020,Greece,5.723,5.632,5.813,1.273,0.811,0.76,0.243,0.0,0.074,2.561,GRC2020,-1.248,191362985554.861,17886.733,15.899,,-0.364,-9.196,-6.487,58.07,44.002,24.992,187724248007.129,249.366,GRC,5.3219457
2019,Greece,5.515,5.423,5.607,1.128,1.169,0.979,0.174,0.0,0.049,2.016,GRC2019,0.253,207305649887.019,19335.36,17.045,,0.245,2.277,-1.501,46.926,44.015,25.932,203407936304.627,210.381,GRC,5.2575107
2018,Greece,5.287,,,,,,,,,,GRC2018,0.626,213298873494.394,19873.402,19.179,,-0.235,2.065,-2.929,48.022,45.669,27.108,209711639142.139,207.662,GRC,5.2922525
2017,Greece,5.358,,,,,,,,,,GRC2017,1.121,200381103984.298,18631.993,21.413,,0.204,1.473,-1.8,47.67,45.684,26.743,198842523409.192,198.459,GRC,5.3251157
2016,Greece,5.227,,,,,,,,,,GRC2016,-0.826,193097239005.87,17919.243,23.514,,-0.49,-0.032,-1.689,48.855,46.394,27.035,192207306613.596,194.725,GRC,5.220537
2015,Greece,5.033,,,,,,,,,,GRC2015,-1.736,194567373678.099,17980.73,24.981,,-0.175,-0.228,-0.828,52.211,43.851,25.396,195524237566.206,190.302,GRC,5.1125255
2014,Greece,4.857,,,,,,,,,,GRC2014,-1.312,233911581521.062,21474.726,26.708,,-1.923,0.792,-1.597,49.748,43.194,25.399,236986597189.975,190.586,GRC,4.9138656
2012,Greece,5.435,,,,,,,,,,GRC2012,1.502,238841140018.233,21624.346,24.731,,-0.335,-8.331,-2.584,57.376,44.34,24.954,244054444999.141,170.278,GRC,5.3978167
2011,Greece,6.133,,,,,,,,,,GRC2011,3.33,283228079776.041,25504.787,17.973,,0.977,-9.877,-10.098,54.784,40.74,22.459,275151260812.938,116.116,GRC,6.0952363
2024,Guatemala,6.362,6.222,6.503,1.249,1.33,0.376,0.882,0.075,0.085,2.365,GTM2024,2.869,,,2.219,,,,,,,,,,GTM,4.928955
2023,Guatemala,6.287,6.117,6.457,1.26,1.169,0.467,0.735,0.105,0.078,2.473,GTM2023,6.207,104450210572.012,5762.822,2.344,4.988,6.642,3.527,3.117,13.49,12.84,11.559,102563749565.884,,GTM,5.4157014
2022,Guatemala,6.15,5.939,6.362,1.287,1.188,0.31,0.631,0.106,0.066,2.562,GTM2022,6.885,95630524813.106,5358.09,3.051,5.275,6.315,4.2,1.252,13.995,12.895,11.82,93633153318.352,,GTM,5.4224415
2021,Guatemala,6.262,6.064,6.46,1.274,0.831,0.522,0.662,0.112,0.115,2.746,GTM2021,4.261,86478835636.381,4913.947,2.174,8.744,3.166,8.033,2.186,13.272,12.656,11.556,84342291465.078,,GTM,5.3262177
2020,Guatemala,6.435,6.292,6.577,0.845,0.79,0.519,0.638,0.163,0.105,3.375,GTM2020,3.214,77719464220.73,4477.618,2.955,9.384,2.872,-1.786,5.041,14.998,11.119,9.955,76315720435.399,,GTM,5.464588
2019,Guatemala,6.399,6.284,6.513,0.754,1.174,0.706,0.613,0.171,0.098,2.883,GTM2019,3.7,77172317258.648,4511.998,2.193,8.859,3.566,4.018,2.36,13.127,11.716,10.435,75768261350.517,,GTM,5.926443
2018,Guatemala,6.436,,,,,,,,,,GTM2018,3.752,73328365862.433,4352.947,2.283,11.505,1.272,3.407,0.886,12.982,11.778,10.561,71826156760.757,,GTM,6.2936535
2017,Guatemala,6.382,,,,,,,,,,GTM2017,4.425,71653754066.276,4324.996,2.462,11.112,1.748,3.08,1.196,12.894,11.886,10.636,70152653689.694,,GTM,6.3174644
2016,Guatemala,6.454,,,,,,,,,,GTM2016,4.448,66053403469.002,4060.138,2.583,10.12,2.707,2.678,0.965,12.796,11.978,10.422,64628103061.907,,GTM,6.320123
2015,Guatemala,6.324,,,,,,,,,,GTM2015,2.389,62186064718.742,3893.505,2.506,10.756,2.232,4.092,-1.244,12.736,11.668,10.358,60699664551.005,,GTM,6.1699977
2014,Guatemala,6.123,,,,,,,,,,GTM2014,3.418,57852153058.502,3689.145,2.717,10.61,2.86,4.444,-3.3,13.284,12.275,10.778,56335052823.68,,GTM,5.951343
2012,Guatemala,5.965,,,,,,,,,,GTM2012,3.782,49593929487.126,3286.62,2.765,9.779,3.378,2.975,-3.725,13.171,11.654,11.01,48568929273.304,24.701,GTM,5.97608
2011,Guatemala,6.277,,,,,,,,,,GTM2011,6.214,46876006272.239,3168.984,3.172,6.114,6.895,4.164,-3.37,12.745,11.589,11.018,45572706218.215,24.564,GTM,6.0375547
2024,Guinea,4.929,4.787,5.07,0.873,0.791,0.306,0.676,0.157,0.098,2.027,GIN2024,8.123,,,5.23,,,,,,,,,,GIN,4.8212557
2023,Guinea,5.023,4.881,5.166,0.831,0.622,0.236,0.521,0.21,0.107,2.497,GIN2023,7.805,22199409741.258,1541.041,5.244,,3.922,6.745,10.306,,,,20265865041.919,,GIN,4.5766435
2022,Guinea,5.072,4.931,5.213,0.844,0.776,0.072,0.369,0.204,0.102,2.705,GIN2022,10.493,19910452541.922,1416.596,5.267,,2.806,3.972,16.827,,,,19564303529.378,,GIN,4.214108
2021,Guinea,4.891,4.753,5.028,0.848,0.566,0.275,0.334,0.214,0.116,2.538,GIN2021,12.597,17069115737.826,1244.966,5.827,,11.986,5.582,27.176,,,,16378939819.792,,GIN,4.583908
2020,Guinea,4.984,4.808,5.16,0.42,0.399,0.206,0.384,0.25,0.111,3.216,GIN2020,10.602,14088693742.946,1053.661,6.018,,4.25,4.705,19.056,,,,13942249439.385,,GIN,3.9506068
2019,Guinea,4.949,4.806,5.092,0.39,0.751,0.334,0.372,0.249,0.112,2.741,GIN2019,9.47,13442861496.445,1031.341,5.018,,9.403,5.617,-2.34,,,,13328776519.414,,GIN,4.179874
2018,Guinea,4.534,,,,,,,,,,GIN2018,9.828,11857030366.789,933.274,4.787,,7.059,6.358,-1.606,,,,11675180326.704,,GIN,4.529776
2017,Guinea,3.964,,,,,,,,,,GIN2017,8.914,10324668271.136,833.599,4.826,,10.357,10.3,5.03,,,,10274041364.6,,GIN,4.243722
2016,Guinea,3.507,,,,,,,,,,GIN2016,8.173,8595955222.497,711.997,5.013,,5.669,10.821,-31.933,,,,8493617258.449,,GIN,3.6189404
2015,Guinea,3.607,,,,,,,,,,GIN2015,11.78,8794201742.846,747.357,5.224,,2.972,3.826,-11.601,,,,8650895056.712,,GIN,3.6250348
2014,Guinea,3.656,,,,,,,,,,GIN2014,6.151,8778473372.821,765.147,5.09,,2.616,3.697,-11.183,,,,8566213820.861,,GIN,3.7546973
2012,Guinea,3.847,,,,,,,,,,GIN2012,15.226,7638044556.847,699.353,4.884,,11.516,5.915,-13.598,,,,7516064556.845,,GIN,3.9471915
2011,Guinea,4.171,,,,,,,,,,GIN2011,21.317,6785137203.332,636.695,5.094,,8.999,5.612,-17.117,,,,6651747203.332,,GIN,4.146827
2011,Guyana,5.993,,,,,,,,,,GUY2011,4.978,3691384317.522,4947.222,11.819,11.759,2.409,5.196,-10.085,,,,3682055317.313,,GUY,5.6934395
2020,Haiti,3.615,3.276,3.953,0.294,0.173,0.227,0.257,0.463,0.139,2.06,HTI2020,22.796,14508222518.302,1290.325,15.546,-3.413,18.685,-3.306,0.355,,,,14536821917.315,,HTI,3.9695258
2019,Haiti,3.721,3.522,3.92,0.285,0.647,0.374,0.169,0.464,0.162,1.62,HTI2019,18.704,15016090929.512,1352.172,14.057,-4.74,19.8,-1.723,-1.123,,,,15065747025.928,,HTI,3.861099
2018,Haiti,3.597,,,,,,,,,,HTI2018,12.481,16403864617.846,1496.38,13.878,6.164,6.536,1.668,-2.89,,,,16454143146.865,,HTI,3.7441792
2017,Haiti,3.582,,,,,,,,,,HTI2017,10.68,15093357161.15,1395.239,13.881,-0.906,13.78,2.51,-2.153,,,,15151864668.199,,HTI,3.7568817
2016,Haiti,3.603,,,,,,,,,,HTI2016,11.503,14069277526.228,1318.403,13.852,-2.135,15.703,1.812,-1.691,,,,14117174028.158,,HTI,3.619215
2015,Haiti,4.028,,,,,,,,,,HTI2015,6.732,14849629308.602,1411.127,13.724,7.335,5.206,1.4,-1.823,,,,14890262233.936,,HTI,4.0246463
2014,Haiti,4.518,,,,,,,,,,HTI2014,3.438,15146883497.633,1460.189,13.755,8.369,2.219,2.889,-4.956,,,,15195978881.056,,HTI,4.2856584
2012,Haiti,4.341,,,,,,,,,,HTI2012,5.018,13708925477.13,1361.394,14.1,0.671,8.208,0.502,-3.145,,,,13763468551.058,,HTI,4.17684
2011,Haiti,3.789,,,,,,,,,,HTI2011,6.333,13008746038.887,1312.04,14.485,6.987,4.321,5.098,-2.488,,,,13046543752.346,,HTI,3.8586998
2024,Honduras,5.964,5.821,6.108,1.036,1.187,0.436,0.862,0.134,0.079,2.229,HND2024,4.606,,,6.061,,,,,,,,,,HND,4.9591103
2023,Honduras,5.968,5.822,6.114,1.091,1.035,0.502,0.72,0.175,0.081,2.364,HND2023,6.663,34400509852.044,3231.657,6.07,7.742,6.179,3.583,-4.037,,,,31872841684.136,,HND,5.3400497
2022,Honduras,6.023,5.849,6.196,1.115,1.072,0.341,0.613,0.189,0.062,2.631,HND2022,9.09,31426041806.798,3003.29,8.774,4.844,9.312,4.144,-6.698,,,,28961571884.263,,HND,4.9964867
2021,Honduras,6.022,5.855,6.189,1.111,0.885,0.555,0.582,0.202,0.076,2.611,HND2021,4.481,28144331506.615,2735.148,8.506,10.86,4.606,12.565,-5.464,,,,25771440693.968,,HND,5.36189
2020,Honduras,5.919,5.758,6.081,0.703,0.787,0.593,0.578,0.241,0.083,2.934,HND2020,3.468,23352232483.755,2307.615,10.982,13.16,3.402,-8.965,2.851,24.392,22.21,15.066,21695036274.889,,HND,4.530294
2019,Honduras,5.953,5.824,6.082,0.599,1.187,0.792,0.568,0.257,0.087,2.464,HND2019,4.366,24882225741.812,2502.327,5.698,13.526,3.359,2.56,-2.656,,,,22895236635.688,,HND,5.2890515
2018,Honduras,5.86,,,,,,,,,,HND2018,4.347,24067750760.499,2464.642,5.648,15.554,1.947,3.845,-6.572,,,,22173255705.374,,HND,5.5034127
2017,Honduras,5.504,,,,,,,,,,HND2017,3.934,23136247990.598,2413.008,5.528,14.109,4.513,4.843,-1.246,,,,21719792887.018,,HND,5.447026
2016,Honduras,5.181,,,,,,,,,,HND2016,2.725,21717604952.184,2307.345,6.727,15.099,3.678,3.893,-3.143,,,,20198525790.52,,HND,4.969253
2015,Honduras,4.871,,,,,,,,,,HND2015,3.158,20979791685.416,2271.203,6.147,12.835,6.933,3.84,-4.671,21.976,23.363,17.344,19549522844.999,,HND,5.114587
2014,Honduras,4.788,,,,,,,,,,HND2014,6.129,19756533971.87,2179.882,7.078,12.881,6.849,3.058,-6.945,24.242,23.113,16.543,18168820189.947,,HND,4.90018
2012,Honduras,5.142,,,,,,,,,,HND2012,5.196,18528554397.57,2126.035,3.755,14.357,3.58,4.129,-8.531,23.499,21.187,14.747,17246974067.095,,HND,5.227175
2011,Honduras,5.564,,,,,,,,,,HND2011,6.762,17710275685.407,2073.661,4.474,9.972,7.807,3.836,-7.954,22.504,20.895,14.788,16768716965.808,,HND,5.2604012
2024,Hong Kong SAR of China,5.491,5.417,5.566,1.79,1.41,0.948,0.674,0.116,0.386,0.168,HKG2024,1.73,,,2.793,,,,,,,,,,HKG,4.8427815
2023,Hong Kong SAR of China,5.316,5.229,5.403,1.909,1.184,0.857,0.485,0.147,0.402,0.333,HKG2023,2.097,380812234827.832,50531.739,2.949,2.912,2.778,3.277,8.492,,,,414999751583.194,,HKG,6.1925883
2022,Hong Kong SAR of China,5.308,5.214,5.403,1.951,1.201,0.702,0.407,0.123,0.39,0.535,HKG2022,1.881,358681066274.469,48826.053,4.318,3.359,1.689,-3.684,10.183,,,,382402060827.562,,HKG,5.9383225
2021,Hong Kong SAR of China,5.425,5.348,5.501,1.957,0.954,0.942,0.4,0.147,0.383,0.642,HKG2021,1.569,368954169748.818,49770.564,5.174,4.287,0.684,6.454,11.833,,,,394520310037.629,,HKG,6.111927
2020,Hong Kong SAR of China,5.477,5.38,5.573,1.525,0.841,0.893,0.408,0.232,0.342,1.236,HKG2020,0.251,344943149590.058,46109.23,5.808,4.334,0.638,-6.545,6.994,,,,365064198422.111,,HKG,5.9096956
2019,Hong Kong SAR of China,5.51,5.42,5.601,1.377,1.244,1.137,0.459,0.288,0.332,0.673,HKG2019,2.883,363074545072.389,48359.001,2.917,2.998,2.045,-1.672,5.854,,,,381415346793.49,,HKG,5.9151587
2018,Hong Kong SAR of China,5.43,,,,,,,,,,HKG2018,2.406,361731070995.726,48537.567,2.805,1.333,3.66,2.847,3.736,,,,378930152452.638,,HKG,5.6402926
2017,Hong Kong SAR of China,5.43,,,,,,,,,,HKG2017,1.494,341273289534.466,46160.43,3.124,2.06,2.881,3.796,4.577,,,,356100574860.134,,HKG,5.5227036
2016,Hong Kong SAR of China,5.472,,,,,,,,,,HKG2016,2.409,320860317562.562,43734.198,3.392,3.308,1.638,2.175,3.954,,,,328924087732.294,,HKG,5.690834
2015,Hong Kong SAR of China,5.458,,,,,,,,,,HKG2015,2.991,309385622601.348,42432.162,3.314,1.309,3.644,2.388,3.318,,,,315110265423.937,,HKG,5.547512
2014,Hong Kong SAR of China,5.474,,,,,,,,,,HKG2014,4.424,291459995978.893,40315.374,3.296,2.09,2.85,2.762,1.392,,,,297470635792.782,,HKG,5.670646
2012,Hong Kong SAR of China,5.523,,,,,,,,,,HKG2012,4.054,262628865879.697,36730.796,3.285,1.405,3.545,1.7,1.579,,,,266426366710.299,,HKG,5.7206945
2011,Hong Kong SAR of China,5.424,,,,,,,,,,HKG2011,5.305,248513617677.287,35142.488,3.422,1.061,3.898,4.815,5.556,,,,255300102774.923,,HKG,5.7677045
2024,Hungary,5.915,5.809,6.02,1.638,1.742,0.587,0.681,0.099,0.057,1.111,HUN2024,3.704,,,4.434,,,,,,,,,,HUN,4.954016
2023,Hungary,6.017,5.91,6.124,1.722,1.528,0.596,0.581,0.123,0.067,1.4,HUN2023,17.125,212388906458.724,22141.867,4.107,0.482,14.749,-0.908,0.788,,,,204857214604.962,,HUN,6.6275325
2022,Hungary,6.041,5.933,6.149,1.754,1.519,0.435,0.501,0.105,0.065,1.663,HUN2022,14.608,177006128624.627,18353.298,3.609,-3.13,14.231,4.583,-8.321,42.417,37.944,23.428,171906025966.474,75.526,HUN,5.874165
2021,Hungary,6.086,5.985,6.187,1.748,1.233,0.668,0.485,0.078,0.064,1.812,HUN2021,5.111,182109999477.691,18755.102,4.045,-3.265,6.439,7.061,-3.878,42.539,35.974,21.483,176321181848.921,86.924,HUN,6.117189
2020,Hungary,5.992,5.899,6.085,1.301,1.083,0.615,0.454,0.067,0.04,2.432,HUN2020,3.327,157288955508.176,16131.954,4.25,-4.166,6.389,-4.487,-0.856,44.427,38.01,22.856,153532999274.884,95.937,HUN,5.710295
2019,Hungary,6.0,5.923,6.078,1.164,1.423,0.807,0.386,0.07,0.028,2.122,HUN2019,3.339,164020460331.659,16786.214,3.419,-2.856,4.785,4.864,-0.61,39.546,38.082,22.364,159691089245.166,83.368,HUN,5.9349995
2018,Hungary,5.758,,,,,,,,,,HUN2018,2.85,160565642983.587,16425.205,3.708,-3.22,4.847,5.362,0.342,39.851,38.436,22.535,154276621414.076,86.53,HUN,5.8350286
2017,Hungary,5.62,,,,,,,,,,HUN2017,2.348,143112196040.326,14621.24,4.156,-2.45,4.03,4.272,1.722,42.082,39.747,22.881,137321995627.354,91.987,HUN,5.585277
2016,Hungary,5.324,,,,,,,,,,HUN2016,0.395,128609822750.039,13104.7,5.115,0.759,1.32,2.201,4.415,43.517,40.611,23.067,125141112045.183,96.778,HUN,5.3362255
2015,Hungary,5.145,,,,,,,,,,HUN2015,-0.062,125174166987.372,12717.039,6.813,0.123,2.776,3.707,2.12,43.27,40.221,23.235,119182529780.817,96.397,HUN,5.162445
2014,Hungary,4.8,,,,,,,,,,HUN2014,-0.228,141033843265.669,14294.258,7.725,0.728,3.693,4.232,0.748,45.022,40.061,23.018,134668476150.214,98.671,HUN,5.0637665
2012,Hungary,4.775,,,,,,,,,,HUN2012,5.652,128814279315.132,12984.837,11.003,5.937,2.893,-1.25,1.076,44.6,40.34,22.868,123360599722.351,94.148,HUN,4.809234
2011,Hungary,4.943,,,,,,,,,,HUN2011,3.93,141942264554.475,14234.472,11.029,6.271,1.929,1.867,0.428,44.982,37.277,21.042,135068573275.969,90.563,HUN,5.0171037
2024,Iceland,7.515,7.425,7.606,1.799,1.84,0.873,0.971,0.201,0.173,1.659,ISL2024,5.857,,,3.107,,,,,,,,,,ISL,5.137296
2023,Iceland,7.525,7.433,7.618,1.881,1.617,0.718,0.819,0.258,0.182,2.05,ISL2023,8.736,31325116556.381,79636.955,3.518,5.517,5.699,5.037,0.928,32.435,31.825,23.436,31871436144.823,81.058,ISL,7.465823
2022,Iceland,7.53,7.434,7.625,1.926,1.62,0.559,0.738,0.25,0.187,2.25,ISL2022,8.309,28770206626.556,75314.086,3.789,-1.183,8.885,8.993,-2.427,33.015,31.089,22.468,28515019178.242,86.291,ISL,7.32229
2021,Iceland,7.557,7.464,7.651,1.936,1.32,0.803,0.718,0.27,0.191,2.32,ISL2021,4.444,25825287184.382,69325.908,6.029,-0.91,6.372,5.254,-2.794,35.217,28.832,21.39,25842739234.872,95.822,ISL,7.337874
2020,Iceland,7.554,7.438,7.67,1.482,1.172,0.772,0.698,0.293,0.17,2.967,ISL2020,2.848,21629953194.066,59023.566,5.478,1.676,4.016,-6.94,1.127,37.034,29.467,22.402,22327335577.318,100.316,ISL,7.303399
2019,Iceland,7.504,7.388,7.621,1.327,1.548,1.001,0.662,0.362,0.145,2.461,ISL2019,3.014,24681343649.295,68452.236,3.507,2.387,4.457,1.861,6.543,31.071,30.43,21.932,25374511608.155,90.114,ISL,7.4481745
2018,Iceland,7.494,,,,,,,,,,ISL2018,2.683,26260850582.069,74452.189,2.704,4.213,2.632,4.889,4.281,30.865,33.015,22.978,26701147667.689,81.962,ISL,7.449597
2017,Iceland,7.495,,,,,,,,,,ISL2017,1.76,24728285177.46,72010.149,2.742,6.26,0.937,4.195,4.257,31.45,33.787,23.923,24848957647.005,90.444,ISL,7.386684
2016,Iceland,7.504,,,,,,,,,,ISL2016,1.697,20793168030.952,61987.926,2.978,5.844,2.261,6.304,8.272,35.489,47.968,37.613,21200175322.784,103.362,ISL,7.508019
2015,Iceland,7.501,,,,,,,,,,ISL2015,1.633,17517210519.091,52951.682,3.979,1.467,6.055,4.437,5.628,32.211,32.363,22.689,17486094485.218,117.371,ISL,7.3388534
2014,Iceland,7.561,,,,,,,,,,ISL2014,2.045,17867662177.891,54576.745,4.897,3.458,4.142,1.687,4.346,34.334,35.204,24.492,17641035407.378,135.797,ISL,7.3885784
2012,Iceland,7.355,,,,,,,,,,ISL2012,5.186,14751508133.544,45995.548,6.0,4.721,3.441,1.064,-3.516,37.069,34.109,21.503,13461900235.838,152.74,ISL,7.2137394
2011,Iceland,6.888,,,,,,,,,,ISL2011,4.001,15221622925.932,47714.592,7.028,4.463,3.097,1.846,-4.704,38.454,33.137,20.582,13450225651.451,156.916,ISL,6.9835505
2024,India,4.389,4.32,4.457,1.149,0.86,0.316,0.914,0.141,0.12,0.889,IND2024,4.953,,,4.202,,,,,,,,,,IND,4.912088
2023,India,4.054,3.985,4.123,1.166,0.653,0.417,0.767,0.174,0.122,0.756,IND2023,5.649,3567551674623.01,2480.792,4.172,,1.334,8.153,-0.896,,,,3515454309538.94,,IND,5.214072
2022,India,4.036,3.98,4.092,1.159,0.674,0.252,0.685,0.175,0.111,0.979,IND2022,6.699,3353470496886.33,2352.614,4.822,1.705,6.748,6.987,-2.357,13.304,9.09,6.72,3307391497374.74,,IND,4.778876
2021,India,3.777,3.726,3.828,1.167,0.376,0.471,0.647,0.198,0.123,0.795,IND2021,5.131,3167270623260.47,2239.614,6.38,0.317,8.355,9.69,-1.055,,,,3129982849042.07,,IND,5.1796203
2020,India,3.819,3.769,3.869,0.741,0.316,0.383,0.622,0.246,0.106,1.405,IND2020,6.623,2674851578587.27,1907.043,7.859,4.136,4.815,-5.778,1.224,,,,2638922006729.05,,IND,4.6485066
2019,India,3.573,3.519,3.628,0.731,0.644,0.541,0.581,0.237,0.106,0.734,IND2019,3.73,2835606256558.19,2041.429,6.51,6.895,2.406,3.871,-1.05,,,,2808367623254.15,,IND,4.9600773
2018,India,4.015,,,,,,,,,,IND2018,3.939,2702929641648.74,1966.255,7.652,5.362,3.884,6.454,-2.427,15.663,13.189,12.017,2673994276922.32,46.522,IND,4.150042
2017,India,4.19,,,,,,,,,,IND2017,3.328,2651474262755.45,1950.105,7.618,5.328,3.969,6.795,-1.439,15.614,12.727,11.387,2622801076651.03,47.584,IND,4.1833687
2016,India,4.315,,,,,,,,,,IND2016,4.948,2294796885663.16,1707.509,7.601,6.233,3.238,8.256,-0.528,15.272,12.851,11.148,2268496715258.31,47.634,IND,4.2172127
2015,India,4.404,,,,,,,,,,IND2015,4.907,2103588360044.94,1583.998,7.631,7.556,2.28,7.996,-1.068,15.126,12.415,10.57,2079182865637.81,49.965,IND,4.464247
2014,India,4.565,,,,,,,,,,IND2014,6.666,2039126479154.52,1553.884,7.674,6.695,3.332,7.41,-1.34,14.803,11.551,9.985,2015014420953.0,49.901,IND,4.4968314
2012,India,4.772,,,,,,,,,,IND2012,9.479,1827637590410.41,1429.322,7.666,2.474,7.934,5.456,-5.005,16.167,12.6,10.837,1806177396650.21,50.678,IND,4.6148233
2011,India,4.975,,,,,,,,,,IND2011,8.912,1823051829894.55,1445.461,7.616,1.318,8.734,5.241,-3.429,14.49,11.496,10.177,1807020595447.34,51.557,IND,4.809695
2024,Indonesia,5.617,5.516,5.717,1.288,1.372,0.454,0.918,0.323,0.044,1.218,IDN2024,,,,3.3,,,,,,,,,,IDN,4.9298377
2023,Indonesia,5.568,5.466,5.67,1.361,1.184,0.472,0.779,0.399,0.055,1.318,IDN2023,3.67,1371171152331.16,4876.314,3.308,7.282,1.533,5.048,-0.149,,,,1335866354417.72,,IDN,5.5806994
2022,Indonesia,5.277,5.161,5.392,1.384,1.169,0.314,0.663,0.422,0.038,1.288,IDN2022,4.209,1319076267291.51,4730.745,3.462,-0.955,9.567,5.307,1.002,,,,1282833043151.33,,IDN,5.762993
2021,Indonesia,5.24,5.139,5.341,1.382,0.883,0.539,0.62,0.468,0.047,1.3,IDN2021,1.56,1186509691070.97,4287.173,3.827,2.753,6.004,3.703,0.296,,,,1154297486846.38,,IDN,5.4994907
2020,Indonesia,5.345,5.235,5.454,0.954,0.786,0.433,0.598,0.541,0.046,1.987,IDN2020,1.921,1059054842711.55,3853.703,4.255,9.986,-0.402,-2.066,-0.419,,,,1029975056940.17,,IDN,5.353515
2019,Indonesia,5.286,5.192,5.379,0.892,1.155,0.61,0.568,0.543,0.038,1.48,IDN2019,3.031,1119099871385.79,4106.949,3.59,8.629,1.598,5.019,-2.706,,,,1085078650200.79,,IDN,5.7182083
2018,Indonesia,5.192,,,,,,,,,,IDN2018,3.198,1042271532953.49,3860.954,4.387,6.471,3.818,5.174,-2.939,,,,1011212626719.05,,IDN,5.2425656
2017,Indonesia,5.093,,,,,,,,,,IDN2017,3.809,1015618744168.08,3798.883,3.783,6.502,4.293,5.07,-1.595,,,,983437956204.835,,IDN,5.336679
2016,Indonesia,5.262,,,,,,,,,,IDN2016,3.526,931877364034.196,3521.469,4.301,9.224,2.439,5.033,-1.819,,,,902045435910.081,,IDN,5.30615
2015,Indonesia,5.314,,,,,,,,,,IDN2015,6.363,860854232717.718,3288.223,4.514,8.35,3.98,4.876,-2.035,,,,832298853355.383,,IDN,5.332606
2014,Indonesia,5.399,,,,,,,,,,IDN2014,6.395,890814755511.014,3441.068,4.049,6.792,5.443,5.007,-3.088,,,,860946502311.299,,IDN,5.385864
2012,Indonesia,5.348,,,,,,,,,,IDN2012,4.279,917869913364.917,3632.273,4.468,7.75,3.754,6.03,-2.66,,,,891961469678.016,,IDN,5.4392457
2011,Indonesia,5.159,,,,,,,,,,IDN2011,5.356,892969104529.572,3579.464,5.153,4.594,7.466,6.17,0.189,,,,868239118588.313,,IDN,5.301797
2024,Iran,5.093,4.994,5.193,1.33,1.367,0.609,0.456,0.202,0.122,1.007,IRN2024,,,,9.192,,,,,,,,,,IRN,4.643263
2023,Iran,4.923,4.822,5.024,1.435,1.136,0.571,0.366,0.235,0.123,1.057,IRN2023,44.579,404625655204.619,4465.638,9.041,,30.493,5.045,,,,,404153752602.602,,IRN,5.1229506
2022,Iran,4.876,4.772,4.98,1.465,1.102,0.411,0.281,0.229,0.13,1.259,IRN2022,43.488,394362621793.035,4405.093,9.085,,50.585,3.777,,,,,393776608248.051,,IRN,5.0989094
2021,Iran,4.888,4.78,4.995,1.41,0.741,0.642,0.281,0.241,0.146,1.427,IRN2021,43.389,383436202446.695,4334.793,9.282,,56.32,4.72,,,,,383309265851.262,,IRN,5.008223
2020,Iran,4.721,4.614,4.828,1.03,0.557,0.561,0.275,0.33,0.144,1.823,IRN2020,30.594,262186179355.944,2988.781,9.687,,44.265,3.33,,,,,261745239277.174,,IRN,4.637109
2019,Iran,4.672,4.563,4.782,1.029,0.886,0.749,0.301,0.277,0.143,1.287,IRN2019,39.907,333519146339.191,3831.279,10.74,,30.535,-3.071,,,,,333580960831.753,,IRN,4.858655
2018,Iran,4.548,,,,,,,,,,IRN2018,18.014,398880231367.268,4631.787,12.195,,31.641,-1.838,,,,,400959595538.411,,IRN,4.6551065
2017,Iran,4.707,,,,,,,,,,IRN2017,8.045,489168731811.147,5753.115,12.232,,13.035,2.759,,,,,489767735736.786,,IRN,4.66644
2016,Iran,4.692,,,,,,,,,,IRN2016,7.245,459042684192.698,5477.037,12.618,7.861,9.4,8.815,,,,,459572277672.439,,IRN,4.6999145
2015,Iran,4.813,,,,,,,,,,IRN2015,12.485,409191686496.677,4952.734,11.166,13.985,0.197,-1.425,,,,,409496710332.525,,IRN,4.9200916
2014,Iran,4.686,,,,,,,,,,IRN2014,16.607,462284793280.825,5672.064,10.68,3.864,9.759,4.985,,,,,464664338145.23,,IRN,4.911925
2012,Iran,4.643,,,,,,,,,,IRN2012,27.257,644019315003.54,8114.081,12.275,-6.687,18.954,-3.747,,,,,648228253786.387,,IRN,4.7962737
2011,Iran,5.149,,,,,,,,,,IRN2011,26.293,629082257472.368,8025.687,12.491,-16.798,33.41,2.646,,,,,629549226632.111,,IRN,5.0048604
2024,Iraq,4.976,4.866,5.085,1.261,1.275,0.589,0.503,0.1,0.069,1.178,IRQ2024,,,,15.524,,,,,,,,,,IRQ,4.3721237
2023,Iraq,5.166,5.049,5.283,1.249,0.996,0.498,0.425,0.141,0.048,1.809,IRQ2023,4.358,250842782139.464,5565.126,15.447,,-18.189,-2.936,11.312,,,,251816082139.464,,IRQ,4.81612
2022,Iraq,4.941,4.783,5.099,1.281,0.953,0.324,0.351,0.134,0.038,1.861,IRQ2022,4.995,286640340965.517,6504.124,15.511,,26.994,7.64,20.238,,,,285694140965.517,,IRQ,4.7250385
2021,Iraq,4.941,4.783,5.099,1.289,0.682,0.554,0.328,0.147,0.046,1.894,IRQ2021,6.042,209691945713.103,4868.494,16.173,,38.9,1.502,11.715,,,,207627745713.103,,IRQ,4.664409
2020,Iraq,4.854,4.738,4.97,0.91,0.638,0.381,0.302,0.153,0.041,2.429,IRQ2020,0.574,180898797516.874,4295.189,15.778,,-11.22,-12.037,-3.486,,,,179091897517.38,,IRQ,5.0010366
2019,Iraq,4.785,4.632,4.937,0.982,1.011,0.529,0.284,0.153,0.073,1.752,IRQ2019,-0.199,233636097800.338,5671.857,14.109,,-2.674,5.514,6.747,27.612,38.604,1.345,232469897800.338,,IRQ,4.482255
2018,Iraq,4.437,,,,,,,,,,IRQ2018,0.367,227367469034.031,5646.689,13.49,,18.204,2.634,15.116,24.483,39.061,1.984,225613469034.031,27.438,IRQ,4.3776464
2017,Iraq,4.456,,,,,,,,,,IRQ2017,0.184,187217660050.676,4759.285,13.02,,14.65,-1.82,7.955,25.975,34.564,2.687,185776960050.676,35.863,IRQ,4.440208
2016,Iraq,4.497,,,,,,,,,,IRQ2016,0.557,166743557747.671,4334.421,10.82,26.4,-11.104,13.787,1.294,26.56,27.585,2.078,165182357747.671,29.476,IRQ,4.4400573
2015,Iraq,4.575,,,,,,,,,,IRQ2015,1.393,166774104959.102,4440.142,10.842,57.626,-28.76,2.607,-1.656,27.031,30.596,1.321,165257898273.689,27.392,IRQ,4.5415344
2014,Iraq,4.677,,,,,,,,,,IRQ2014,2.236,228415656174.957,6249.392,10.59,18.289,-4.807,2.264,6.942,25.709,39.169,0.915,227112056174.957,,IRQ,4.698116
2012,Iraq,4.817,,,,,,,,,,IRQ2012,6.089,218002476129.472,6477.596,7.965,10.907,2.67,13.936,13.551,,,,219061676129.629,,IRQ,5.0144844
2011,Iraq,4.882,,,,,,,,,,IRQ2011,5.801,185749664444.444,5775.542,8.191,-8.468,24.689,7.546,14.065,,,,185512264444.444,,IRQ,5.0562606
2024,Ireland,6.889,6.801,6.977,1.988,1.659,0.823,0.906,0.179,0.382,0.952,IRL2024,2.113,,,4.369,,,,,,,,,,IRL,4.7883773
2023,Ireland,6.838,6.749,6.927,2.129,1.39,0.7,0.758,0.205,0.418,1.239,IRL2023,6.299,551394889339.778,103887.8,4.288,,3.622,-5.53,8.115,,,,419845585586.835,,IRL,6.0145454
2022,Ireland,6.911,6.825,6.996,2.152,1.425,0.539,0.656,0.186,0.409,1.545,IRL2022,7.829,548570250341.987,106194.756,4.501,,6.763,8.62,8.828,19.235,21.561,16.786,382869674217.081,45.4,IRL,6.990126
2021,Ireland,7.041,6.961,7.121,2.129,1.166,0.779,0.627,0.19,0.408,1.743,IRL2021,2.34,531306516907.984,105561.137,6.364,,1.098,16.256,12.256,22.221,21.409,16.593,383333737150.831,62.167,IRL,6.992329
2020,Ireland,7.085,7.006,7.164,1.644,1.092,0.753,0.606,0.238,0.367,2.384,IRL2020,-0.326,436555518400.451,87567.115,5.623,,-1.924,7.158,-6.713,25.094,21.12,15.905,324405107692.09,70.005,IRL,6.883301
2019,Ireland,7.094,7.016,7.172,1.447,1.471,0.976,0.588,0.295,0.373,1.944,IRL2019,0.938,407124824064.995,82508.466,4.95,,3.392,5.041,-20.562,22.003,23.356,17.357,309776780487.207,68.21,IRL,6.656326
2018,Ireland,7.021,,,,,,,,,,IRL2018,0.471,395461216460.418,81248.314,5.741,,0.924,7.544,4.537,23.073,23.875,17.64,300093279897.474,73.354,IRL,7.0283413
2017,Ireland,6.977,,,,,,,,,,IRL2017,0.362,348532394023.595,72499.327,6.713,,1.5,10.05,1.648,23.736,23.972,17.613,268367803612.568,73.985,IRL,7.005741
2016,Ireland,6.977,,,,,,,,,,IRL2016,0.02,305733136180.907,64292.66,8.374,,0.119,1.223,-1.19,25.714,25.661,18.631,243380813400.78,83.489,IRL,7.1203938
2015,Ireland,6.907,,,,,,,,,,IRL2015,-0.331,302391428540.035,64311.823,9.908,,8.908,24.616,6.166,26.563,25.053,18.111,225197829191.13,85.458,IRL,6.947858
2014,Ireland,6.94,,,,,,,,,,IRL2014,0.191,266787238499.03,57278.259,11.858,,0.261,9.336,2.075,34.355,31.634,22.46,219734367164.689,117.757,IRL,6.9904413
2012,Ireland,7.076,,,,,,,,,,IRL2012,1.695,227270922957.327,49411.739,15.451,,2.435,-0.399,-3.392,39.923,32.07,22.307,181973474361.183,128.785,IRL,7.1153736
2011,Ireland,7.284,,,,,,,,,,IRL2011,2.549,241337364609.738,52692.781,15.354,,1.865,1.649,1.172,44.404,31.601,21.646,194723926224.465,110.569,IRL,7.0947924
2024,Israel,7.234,7.168,7.301,1.695,1.743,0.824,0.74,0.144,0.193,1.895,ISR2024,3.071,,,3.15,,,,,,,,,,ISR,4.95456
2023,Israel,7.341,7.277,7.405,1.803,1.513,0.74,0.641,0.153,0.193,2.298,ISR2023,4.225,513611100815.691,52642.427,3.596,,4.266,2.423,3.622,37.333,30.279,22.075,506703670405.958,,ISR,7.4295244
2022,Israel,7.473,7.411,7.535,1.833,1.521,0.577,0.569,0.124,0.158,2.691,ISR2022,4.394,525000415276.678,54930.726,3.695,-1.688,4.726,6.47,3.258,35.258,33.254,25.01,520492108611.226,,ISR,7.465838
2021,Israel,7.364,7.301,7.426,1.826,1.221,0.818,0.568,0.155,0.143,2.634,ISR2021,1.51,489708278893.053,52255.616,4.812,1.01,2.07,9.344,3.259,38.202,32.693,24.571,482170209223.983,,ISR,7.3271027
2020,Israel,7.157,7.09,7.224,1.376,1.074,0.788,0.509,0.208,0.119,3.083,ISR2020,-0.614,411728563086.632,44679.772,4.169,2.314,0.971,-1.465,4.053,41.699,30.318,21.987,407899013182.635,,ISR,7.2906704
2019,Israel,7.129,7.045,7.212,1.216,1.403,1.008,0.421,0.267,0.1,2.713,ISR2019,0.85,399651065197.871,44140.829,3.731,1.601,1.902,3.785,3.344,35.338,30.831,22.271,397736725276.623,,ISR,7.2289343
2018,Israel,7.139,,,,,,,,,,ISR2018,0.794,375149611117.199,42233.261,3.917,2.806,0.654,4.074,2.906,35.929,31.474,22.789,374876745460.837,,ISR,7.234665
2017,Israel,7.19,,,,,,,,,,ISR2017,0.259,357227098125.658,40997.911,4.14,3.456,0.04,4.273,3.697,35.667,33.063,24.311,355438750393.854,,ISR,7.1861677
2016,Israel,7.213,,,,,,,,,,ISR2016,-0.552,320958936788.842,37556.627,4.723,3.03,0.378,4.367,3.969,34.583,31.647,23.124,318071673537.759,,ISR,7.208759
2015,Israel,7.267,,,,,,,,,,ISR2015,-0.601,302722655203.465,36123.991,5.176,1.099,2.335,2.314,5.331,34.543,31.876,23.12,300150272715.578,,ISR,7.0577292
2014,Israel,7.278,,,,,,,,,,ISR2014,0.48,314090281098.682,38230.495,5.789,3.228,0.658,3.885,4.177,34.977,31.628,22.872,312212949125.541,,ISR,7.162668
2012,Israel,7.301,,,,,,,,,,ISR2012,1.679,262917911696.944,33236.573,6.762,,3.329,2.541,0.374,36.343,30.601,21.66,256294768864.588,,ISR,6.8977532
2011,Israel,7.199,,,,,,,,,,ISR2011,3.485,267406179630.431,34433.823,7.139,,1.467,5.563,1.701,36.201,31.312,22.252,263882192674.99,,ISR,6.8768587
2024,Italy,6.415,6.309,6.521,1.724,1.526,0.852,0.641,0.082,0.071,1.517,ITA2024,0.982,,,6.778,,,,,,,,,,ITA,4.566396
2023,Italy,6.324,6.211,6.436,1.8,1.328,0.72,0.513,0.112,0.074,1.777,ITA2023,5.622,2300941152991.81,39003.316,7.627,-0.875,5.819,0.698,-0.011,47.605,39.342,24.878,2250908366681.8,,ITA,6.934032
2022,Italy,6.405,6.298,6.511,1.832,1.365,0.559,0.438,0.097,0.063,2.052,ITA2022,8.201,2102995942720.44,35635.744,8.069,-1.251,3.56,4.662,-1.559,48.395,39.628,24.619,2085487745453.12,,ITA,6.361547
2021,Italy,6.467,6.363,6.57,1.834,1.052,0.801,0.412,0.085,0.059,2.222,ITA2021,1.874,2179207773596.09,36852.543,9.497,0.733,1.283,8.931,2.366,49.653,40.335,24.877,2182382012040.27,,ITA,6.286361
2020,Italy,6.483,6.395,6.572,1.393,0.94,0.798,0.379,0.133,0.047,2.794,ITA2020,-0.138,1907481094079.23,32091.487,9.164,0.739,1.577,-8.868,3.937,50.344,40.595,24.846,1921655176693.23,,ITA,6.1418595
2019,Italy,6.387,6.303,6.472,1.236,1.347,1.023,0.321,0.17,0.04,2.25,ITA2019,0.611,2019606796583.53,33812.789,9.951,1.539,1.047,0.429,3.234,42.295,40.086,24.662,2027301728521.57,,ITA,6.3435144
2018,Italy,6.223,,,,,,,,,,ITA2018,1.137,2099435266458.67,34746.344,10.61,1.592,1.071,0.827,2.571,42.503,39.29,24.244,2115040163160.31,,ITA,6.2182717
2017,Italy,6.0,,,,,,,,,,ITA2017,1.227,1970720904584.71,32554.147,11.211,2.275,0.71,1.604,2.48,42.947,39.424,24.697,1972735013154.24,,ITA,6.018316
2016,Italy,5.964,,,,,,,,,,ITA2016,-0.094,1887111188176.93,31126.325,11.688,2.22,1.248,1.236,2.461,43.201,39.889,25.083,1882461088199.89,,ITA,5.9792924
2015,Italy,5.977,,,,,,,,,,ITA2015,0.039,1845428048839.1,30387.129,11.896,3.32,0.783,0.886,1.233,43.529,39.818,24.839,1823940445540.23,,ITA,5.9649663
2014,Italy,5.948,,,,,,,,,,ITA2014,0.241,2173255507985.84,35750.72,12.683,3.929,0.903,-0.001,1.71,43.57,39.933,24.969,2162198263107.91,,ITA,6.0008693
2012,Italy,6.021,,,,,,,,,,ITA2012,3.041,2097929495121.68,35235.799,10.655,3.461,1.702,-3.125,-0.215,43.499,39.754,24.911,2084406708913.59,,ITA,6.0847383
2011,Italy,6.578,,,,,,,,,,ITA2011,2.781,2306974020278.21,38851.388,8.359,2.822,1.729,0.695,-2.742,41.828,38.368,23.691,2289189703989.3,,ITA,6.9018497
2024,Jamaica,5.87,5.563,6.178,1.182,1.545,0.504,0.869,0.075,0.019,1.676,JAM2024,5.412,,,4.885,,,,,,,,,,JAM,5.003045
2023,Jamaica,5.842,5.624,6.059,1.28,1.324,0.567,0.647,0.089,0.028,1.907,JAM2023,6.474,19423355409.232,6839.725,4.4,-0.031,11.687,2.2,2.929,,,,19134255409.232,,JAM,5.5590677
2022,Jamaica,5.703,5.529,5.876,1.305,1.329,0.411,0.587,0.079,0.039,1.954,JAM2022,10.35,17097760723.92,6022.153,4.083,-1.235,12.798,5.222,-0.798,,,,16744360723.92,,JAM,5.7301464
2021,Jamaica,5.85,5.676,6.023,1.296,1.045,0.646,0.567,0.08,0.053,2.164,JAM2021,5.863,14657586127.033,5165.338,5.188,3.786,7.426,4.601,1.018,,,,14238986127.033,,JAM,5.614916
2020,Jamaica,6.309,6.004,6.615,0.891,0.932,0.599,0.618,0.099,0.035,3.135,JAM2020,5.227,13812421803.408,4879.44,6.501,8.309,3.464,-9.92,-1.136,29.83,29.254,25.709,13358021803.408,106.282,JAM,5.752158
2019,Jamaica,5.89,5.653,6.126,0.779,1.408,0.788,0.553,0.116,0.03,2.214,JAM2019,3.905,15830766570.727,5607.243,4.987,9.513,3.183,0.892,-1.912,25.79,30.788,27.454,15389266570.727,92.246,JAM,5.7059216
2018,Jamaica,5.89,,,,,,,,,,JAM2018,3.737,15730792835.581,5578.103,5.47,8.668,4.993,1.89,-1.493,26.558,31.027,26.781,15134792835.581,,JAM,5.8225136
2017,Jamaica,5.89,,,,,,,,,,JAM2017,4.378,14808985171.344,5259.313,7.399,7.842,6.55,0.997,-2.684,26.662,29.592,26.221,14387985171.344,102.464,JAM,5.793344
2016,Jamaica,5.311,,,,,,,,,,JAM2016,2.351,14077096714.128,5009.795,8.634,11.297,4.664,1.375,-0.309,26.201,28.387,26.027,13482096714.128,122.656,JAM,5.401421
2015,Jamaica,5.51,,,,,,,,,,JAM2015,3.692,14188936958.434,5062.896,8.825,9.677,6.655,0.921,-3.031,25.786,27.465,24.815,13748936958.434,124.648,JAM,5.5977464
2014,Jamaica,5.709,,,,,,,,,,JAM2014,8.274,13899217721.682,4975.113,9.046,9.62,6.93,0.69,-8.017,25.68,26.702,24.053,13600817721.682,132.414,JAM,5.6534524
2012,Jamaica,5.374,,,,,,,,,,JAM2012,6.874,14807086555.528,5340.833,8.695,10.375,6.572,-0.614,-9.726,27.51,26.229,24.333,14607486110.222,137.935,JAM,5.5900345
2011,Jamaica,6.208,,,,,,,,,,JAM2011,7.556,14444661522.146,5232.636,8.034,12.962,5.796,1.73,-14.283,28.201,25.965,23.364,13926261521.206,133.978,JAM,6.009914
2024,Japan,6.147,6.063,6.23,1.678,1.55,0.921,0.746,0.014,0.2,1.038,JPN2024,2.739,,,2.563,,,,,,,,,,JPN,4.915234
2023,Japan,6.06,5.976,6.144,1.786,1.354,0.785,0.632,0.023,0.219,1.261,JPN2023,3.268,4204494802431.55,33766.527,2.6,,3.793,1.679,3.786,,,,4453892010756.24,,JPN,5.9569206
2022,Japan,6.129,6.047,6.211,1.825,1.396,0.622,0.556,0.009,0.207,1.513,JPN2022,2.498,4256410760723.75,34017.272,2.6,,0.334,0.955,2.118,20.961,,,4515110236512.52,216.213,JPN,6.070835
2021,Japan,6.039,5.959,6.119,1.835,1.089,0.866,0.537,0.007,0.218,1.487,JPN2021,-0.233,5034620784584.98,40058.537,2.828,,-0.19,2.559,3.903,21.638,,,5275289207258.22,216.329,JPN,5.958485
2020,Japan,5.94,5.861,6.02,1.389,0.949,0.838,0.504,0.02,0.192,2.048,JPN2020,-0.025,5055587093501.59,40040.766,2.809,,0.941,-4.147,2.968,23.599,,,5241005753827.88,215.756,JPN,6.024544
2019,Japan,5.871,5.79,5.952,1.267,1.332,1.073,0.495,0.036,0.181,1.486,JPN2019,0.469,5117993853016.51,40415.957,2.351,,0.635,-0.402,3.451,16.424,,,5318494421653.03,198.01,JPN,5.9695373
2018,Japan,5.886,,,,,,,,,,JPN2018,0.989,5040880939324.86,39751.133,2.467,,-0.0,0.643,3.517,16.071,,,5233677416722.46,197.336,JPN,5.929132
2017,Japan,5.915,,,,,,,,,,JPN2017,0.484,4930837369151.42,38834.053,2.822,1.069,-0.074,1.675,4.12,16.195,,,5113251596855.53,193.489,JPN,5.869091
2016,Japan,5.92,,,,,,,,,,JPN2016,-0.127,5003677627544.24,39375.473,3.132,0.622,0.42,0.754,3.938,16.711,,,5177794688417.2,193.23,JPN,5.874332
2015,Japan,5.921,,,,,,,,,,JPN2015,0.795,4444930651964.18,34960.639,3.385,-0.948,2.111,1.561,3.07,16.974,,,4619771168713.41,194.584,JPN,5.9350195
2014,Japan,5.987,,,,,,,,,,JPN2014,2.759,4896994405353.29,38475.395,3.589,-0.459,1.686,0.296,0.742,17.574,,,5079021304760.51,192.113,JPN,5.960035
2012,Japan,6.064,,,,,,,,,,JPN2012,-0.044,6272362996105.03,49145.28,4.358,2.18,-0.756,1.375,0.958,18.112,,,6445536590964.04,183.706,JPN,6.145566
2011,Japan,6.059,,,,,,,,,,JPN2011,-0.272,6233147172341.35,48760.079,4.55,3.174,-1.622,0.024,2.079,18.596,,,6414396892358.66,175.568,JPN,6.035204
2024,Jordan,4.31,4.193,4.426,1.158,1.202,0.573,0.7,0.051,0.164,0.461,JOR2024,,,,17.996,,,,,,,,,,JOR,4.425117
2023,Jordan,4.186,4.066,4.306,1.262,0.983,0.594,0.593,0.059,0.189,0.504,JOR2023,2.085,50967475352.113,4455.505,17.969,7.038,1.79,2.678,-3.748,28.505,23.302,17.09,50463109154.93,103.091,JOR,5.218453
2022,Jordan,4.12,3.997,4.242,1.292,0.98,0.438,0.517,0.056,0.173,0.663,JOR2022,4.229,48764963380.282,4332.252,18.2,4.631,2.616,2.647,-7.823,28.796,23.458,17.468,48259188732.394,100.908,JOR,5.1580496
2021,Jordan,4.152,4.029,4.276,1.324,0.724,0.675,0.476,0.058,0.2,0.695,JOR2021,1.346,46296100140.845,4183.5,19.837,4.708,2.204,3.656,-8.03,,,,46064410000.0,,JOR,5.031025
2020,Jordan,4.395,4.273,4.516,0.89,0.685,0.583,0.455,0.079,0.15,1.553,JOR2020,0.333,43700383098.592,4022.04,19.213,8.248,-0.709,-1.103,-5.732,28.165,20.105,15.981,43576298591.549,75.966,JOR,5.273046
2019,Jordan,4.633,4.518,4.749,0.785,1.14,0.778,0.425,0.091,0.152,1.262,JOR2019,0.762,44503006338.028,4170.114,16.801,7.755,0.844,1.751,-1.737,26.248,22.046,14.814,44510471126.761,79.345,JOR,5.3775816
2018,Jordan,4.906,,,,,,,,,,JOR2018,4.462,43370860704.225,4145.44,18.257,6.247,2.273,1.919,-6.831,26.292,23.434,14.729,43171142394.366,,JOR,4.857662
2017,Jordan,5.161,,,,,,,,,,JOR2017,3.324,41608435915.493,4065.616,18.12,6.494,1.784,2.474,-10.558,25.559,22.738,14.702,41401816901.408,75.381,JOR,5.154176
2016,Jordan,5.336,,,,,,,,,,JOR2016,-0.778,39892551126.761,3986.717,15.275,6.662,1.362,1.994,-9.656,25.858,22.009,15.021,39586916901.408,74.072,JOR,5.2434244
2015,Jordan,5.303,,,,,,,,,,JOR2015,-0.877,38587017887.324,4042.757,13.075,6.173,2.17,2.497,-8.992,25.715,21.572,14.951,38153862957.746,78.861,JOR,5.198194
2014,Jordan,5.192,,,,,,,,,,JOR2014,2.899,36847643521.127,4191.181,11.9,5.36,3.445,3.384,-7.078,27.488,23.053,15.432,36430961830.986,77.714,JOR,5.2010627
2012,Jordan,5.414,,,,,,,,,,JOR2012,4.515,31634561690.141,4169.505,12.2,3.99,4.607,2.429,-14.893,28.875,21.046,14.921,31246533521.127,65.351,JOR,5.475164
2011,Jordan,5.706,,,,,,,,,,JOR2011,4.162,29524149154.93,3946.855,12.9,2.646,5.911,2.737,-10.012,28.848,20.031,14.608,29259642112.676,60.422,JOR,5.411014
2024,Kazakhstan,6.378,6.294,6.462,1.586,1.688,0.504,0.878,0.111,0.118,1.492,KAZ2024,4.857,,,4.794,,,,,,,,,,KAZ,4.964445
2023,Kazakhstan,6.188,6.097,6.278,1.622,1.457,0.556,0.733,0.149,0.12,1.551,KAZ2023,14.725,262641892078.524,12918.866,4.821,,9.858,5.1,-3.42,17.393,16.486,11.856,236494030772.199,20.822,KAZ,5.9850197
2022,Kazakhstan,6.144,6.049,6.239,1.664,1.491,0.389,0.628,0.136,0.149,1.688,KAZ2022,15.028,225496328925.494,11255.34,4.86,,19.769,3.2,2.854,16.165,16.888,12.062,199981133856.769,21.355,KAZ,5.9423842
2021,Kazakhstan,6.234,6.138,6.33,1.668,1.22,0.611,0.584,0.134,0.157,1.86,KAZ2021,8.041,197112255360.612,9983.601,5.546,,13.93,4.3,-1.359,17.117,12.338,9.447,172923312214.507,22.412,KAZ,5.717245
2020,Kazakhstan,6.152,6.06,6.243,1.23,1.103,0.527,0.573,0.143,0.132,2.446,KAZ2020,6.718,171082365861.423,8781.508,4.89,,4.211,-2.5,-6.462,16.833,11.842,8.319,156009669230.591,23.716,KAZ,5.793662
2019,Kazakhstan,6.058,5.973,6.143,1.123,1.453,0.699,0.497,0.154,0.11,2.022,KAZ2019,5.334,181667184854.501,9457.126,4.8,,7.633,4.5,-3.868,16.064,14.939,11.787,158974562541.081,18.483,KAZ,5.7980056
2018,Kazakhstan,5.809,,,,,,,,,,KAZ2018,6.164,179339977690.485,9472.485,4.85,,9.206,4.1,-0.985,14.705,16.004,11.718,157278679804.064,21.992,KAZ,5.787766
2017,Kazakhstan,5.79,,,,,,,,,,KAZ2017,7.443,166805788827.233,8943.084,4.9,,11.211,4.1,-2.054,19.026,16.167,10.303,148657290109.179,16.93,KAZ,5.8061953
2016,Kazakhstan,5.819,,,,,,,,,,KAZ2016,14.361,137278320084.171,7475.567,4.96,,13.638,1.1,-5.073,16.331,13.748,9.924,123828020084.171,16.769,KAZ,5.7017627
2015,Kazakhstan,5.919,,,,,,,,,,KAZ2015,6.678,184388404706.042,10196.123,4.93,,1.824,1.2,-5.412,15.487,13.666,9.836,172770506433.204,19.308,KAZ,5.932277
2014,Kazakhstan,5.855,,,,,,,,,,KAZ2014,6.849,221415613595.469,12427.709,5.06,,5.771,4.2,-1.288,15.309,19.454,14.193,198714509414.101,12.647,KAZ,5.87275
2012,Kazakhstan,5.671,,,,,,,,,,KAZ2012,5.196,207998568865.789,12018.797,5.29,,4.786,4.8,1.264,15.796,22.524,13.312,179881468864.113,10.498,KAZ,5.71783
2011,Kazakhstan,5.594,,,,,,,,,,KAZ2011,8.453,192626464617.071,11287.146,5.39,,20.543,7.4,7.303,15.207,24.003,18.258,164881370862.216,8.801,KAZ,5.619015
2024,Kenya,4.51,4.384,4.636,0.994,1.047,0.448,0.649,0.22,0.073,1.079,KEN2024,4.49,,,5.434,,,,,,,,,,KEN,4.89134
2023,Kenya,4.47,4.344,4.595,1.037,0.895,0.353,0.519,0.282,0.069,1.316,KEN2023,7.671,108038588970.595,1952.305,5.567,7.05,6.108,5.556,-3.996,27.706,18.546,13.993,106151840150.547,,KEN,5.1741805
2022,Kenya,4.487,4.357,4.616,1.051,0.881,0.19,0.418,0.291,0.055,1.601,KEN2022,7.66,114448978152.637,2109.563,5.707,5.029,6.957,4.86,-5.146,25.063,17.883,14.599,112689233872.207,,KEN,5.4187694
2021,Kenya,4.543,4.403,4.683,1.032,0.605,0.401,0.44,0.322,0.082,1.661,KEN2021,6.108,109703658904.994,2061.356,5.693,7.428,4.331,7.59,-5.102,23.591,17.345,13.555,108174641713.497,,KEN,5.2049923
2020,Kenya,4.607,4.466,4.747,0.603,0.508,0.385,0.483,0.375,0.073,2.18,KEN2020,5.405,100657505750.545,1927.665,5.619,6.715,4.949,-0.273,-3.706,19.994,17.659,14.3,99981709856.894,,KEN,5.1050277
2019,Kenya,4.583,4.45,4.716,0.476,0.905,0.536,0.519,0.394,0.067,1.685,KEN2019,5.24,100378436207.371,1960.408,5.014,7.831,4.275,5.114,-5.239,18.798,19.098,15.1,98773632628.933,,KEN,5.0306883
2018,Kenya,4.509,,,,,,,,,,KEN2018,4.69,92202979985.286,1836.453,4.284,8.488,4.215,5.648,-5.411,23.635,18.679,14.361,90812279975.038,,KEN,4.749379
2017,Kenya,4.41,,,,,,,,,,KEN2017,8.006,82036510877.26,1667.484,3.541,5.657,7.582,3.838,-6.997,25.129,21.146,15.052,80475458830.12,,KEN,4.6363144
2016,Kenya,4.553,,,,,,,,,,KEN2016,6.297,74815144163.893,1554.126,2.757,10.118,5.85,4.214,-5.397,22.191,19.066,14.966,73804818194.574,,KEN,4.651431
2015,Kenya,4.356,,,,,,,,,,KEN2015,6.582,70120446896.836,1489.12,2.762,6.269,9.239,4.968,-6.305,20.715,19.352,14.839,63195136105.883,,KEN,4.479658
2014,Kenya,4.419,,,,,,,,,,KEN2014,6.878,68285796514.29,1482.816,2.768,8.249,7.635,5.02,-9.34,20.537,19.562,15.187,60579831275.536,,KEN,4.4177017
2012,Kenya,4.403,,,,,,,,,,KEN2012,9.378,56396704671.578,1285.005,2.682,9.314,9.523,4.569,-7.476,,,,50187341471.216,,KEN,4.615164
2011,Kenya,4.18,,,,,,,,,,KEN2011,14.022,46869473150.61,1096.145,2.704,4.526,10.065,5.121,-8.149,,,,41961926464.549,,KEN,4.219106
2024,Kosovo,6.659,6.557,6.761,1.281,1.454,0.896,0.893,0.201,0.087,1.847,XKX2024,1.619,,,,,,,,,,,,,XKX,4.8283257
2023,Kosovo,6.561,6.455,6.667,1.364,1.277,0.599,0.739,0.254,0.073,2.255,XKX2023,4.944,10468219225.487,5960.158,,,4.564,4.068,-7.5,,,,10683305468.742,,XKX,5.91079
2022,Kosovo,6.368,6.25,6.485,1.374,1.269,0.372,0.639,0.275,0.045,2.393,XKX2022,11.581,9354903061.89,5290.947,,,7.199,4.278,-10.511,,,,9476376882.921,,XKX,5.7313538
2021,Kosovo,6.455,6.339,6.571,1.362,0.949,0.569,0.599,0.309,0.035,2.631,XKX2021,3.354,9413403724.019,5270.427,,,6.116,10.746,-8.693,,,,9592462889.338,,XKX,5.6568766
2020,Kosovo,6.372,6.257,6.487,0.937,0.807,0.483,0.593,0.356,0.014,3.182,XKX2020,0.198,7717145217.812,4310.888,,,1.381,-5.34,-7.012,,,,7904028034.987,,XKX,5.7115912
2019,Kosovo,6.325,6.223,6.428,0.84,1.184,0.673,0.557,0.325,0.009,2.737,XKX2019,2.676,7899737577.473,4415.997,,,0.963,4.757,-5.661,,,,8079554105.614,,XKX,5.7113123
2018,Kosovo,6.1,,,,,,,,,,XKX2018,1.054,7878759714.823,4384.186,,5.079,1.499,3.407,-7.622,,,,8012300817.338,,XKX,5.8456373
2017,Kosovo,5.662,,,,,,,,,,XKX2017,1.488,7180764703.357,4009.318,,6.365,0.44,4.826,-5.263,,,,7324662733.872,,XKX,5.6353507
2016,Kosovo,5.279,,,,,,,,,,XKX2016,0.273,6682677289.99,3759.45,,6.616,0.779,5.572,-7.934,,,,6765147256.927,,XKX,5.416966
2015,Kosovo,5.401,,,,,,,,,,XKX2015,-0.537,6295848422.716,3520.629,,7.666,0.608,5.916,-8.694,,,,6398632302.817,,XKX,5.376379
2014,Kosovo,5.589,,,,,,,,,,XKX2014,0.429,7074394734.884,3902.494,,8.871,1.601,3.349,-7.091,,,,7225543489.813,,XKX,5.619855
2012,Kosovo,5.222,,,,,,,,,,XKX2012,2.477,6163484244.634,3410.656,,8.829,3.525,1.712,-6.161,,,,6360842590.237,,XKX,5.364846
2011,Kosovo,5.42,,,,,,,,,,XKX2011,7.336,6341613609.98,3538.948,,7.028,6.304,6.32,-13.332,,,,6496425181.024,,XKX,5.4237633
2024,Kuwait,6.629,6.52,6.738,1.691,1.481,0.766,0.934,0.143,0.167,1.448,KWT2024,2.899,,,2.144,,,,,,,,,,KWT,4.918437
2023,Kuwait,6.951,6.843,7.06,1.845,1.364,0.661,0.827,0.2,0.172,1.884,KWT2023,3.642,163704878875.85,33729.799,2.127,13.26,-7.357,-3.64,31.396,,,,195985100891.899,,KWT,6.3298616
2021,Kuwait,6.106,5.977,6.235,1.904,0.983,0.747,0.617,0.087,0.147,1.621,KWT2021,3.424,148459291453.471,34043.542,3.002,-19.469,28.777,2.261,23.537,,,,172593781562.64,,KWT,6.079005
2020,Kuwait,6.106,5.977,6.235,1.461,0.857,0.58,0.591,0.12,0.13,2.368,KWT2020,2.102,111045470461.207,25236.076,3.557,24.657,-16.459,-4.817,19.838,,,,127412093261.493,,KWT,6.2680726
2019,Kuwait,6.102,5.998,6.207,1.425,1.245,0.776,0.57,0.133,0.113,1.84,KWT2019,1.092,140856394870.02,31707.874,2.251,4.927,-0.11,2.264,21.479,,,,161059878933.509,,KWT,6.147672
2018,Kuwait,6.021,,,,,,,,,,KWT2018,0.543,138646316321.596,32067.962,2.204,-5.815,11.299,2.743,17.346,,,,156983445241.041,,KWT,6.055749
2017,Kuwait,6.083,,,,,,,,,,KWT2017,2.172,120687539675.517,29047.654,2.227,-9.925,16.231,-4.712,6.427,,,,139464096588.1,,KWT,6.1266823
2016,Kuwait,6.105,,,,,,,,,,KWT2016,3.198,109406674087.947,27323.689,2.16,12.145,-6.838,2.926,0.587,,,,122185300046.006,,KWT,6.1575894
2015,Kuwait,6.239,,,,,,,,,,KWT2015,3.272,114585555830.916,29882.213,2.2,40.86,-25.958,0.593,7.492,,,,127279526145.746,,KWT,6.1806135
2014,Kuwait,6.295,,,,,,,,,,KWT2014,2.909,162650450784.686,44368.781,2.9,11.826,-6.758,0.501,33.179,,,,178291579838.843,,KWT,6.185433
2012,Kuwait,6.515,,,,,,,,,,KWT2012,3.255,174047662555.419,52155.223,2.231,-2.329,7.487,6.626,45.46,,,,183196516346.594,,KWT,6.4358764
2011,Kuwait,6.574,,,,,,,,,,KWT2011,4.839,154039231299.128,49169.606,2.053,-10.266,17.228,9.629,42.941,,,,163069653850.474,,KWT,6.5234103
2024,Kyrgyzstan,5.858,5.778,5.938,1.032,1.715,0.647,0.981,0.169,0.053,1.261,KGZ2024,,,,3.289,,,,,,,,,,KGZ,4.9298377
2023,Kyrgyzstan,5.714,5.632,5.795,1.054,1.477,0.588,0.834,0.225,0.03,1.505,KGZ2023,10.753,13987627908.838,1970.158,3.991,5.017,13.416,6.151,,25.727,33.283,21.281,13793509245.948,44.0,KGZ,5.04379
2022,Kyrgyzstan,5.825,5.737,5.913,1.061,1.439,0.417,0.735,0.234,0.018,1.92,KGZ2022,13.923,12134931017.946,1739.72,4.043,-0.829,19.657,8.968,-42.684,23.832,29.879,19.542,11864509827.153,47.085,KGZ,4.6336365
2021,Kyrgyzstan,5.828,5.741,5.916,1.069,1.109,0.638,0.693,0.208,0.025,2.087,KGZ2021,11.905,9249133946.265,1349.997,4.096,0.543,15.993,5.507,-7.976,23.405,27.312,16.491,8626877845.066,56.362,KGZ,4.796306
2020,Kyrgyzstan,5.744,5.653,5.834,0.665,0.971,0.501,0.673,0.266,0.02,2.648,KGZ2020,6.325,8270468614.241,1229.518,4.63,11.103,5.34,-7.149,4.525,25.776,24.629,14.036,8014044231.285,67.956,KGZ,4.8479767
2019,Kyrgyzstan,5.542,5.456,5.627,0.513,1.341,0.681,0.615,0.301,0.03,2.06,KGZ2019,1.134,9371275264.367,1421.999,4.295,8.365,9.811,4.601,-11.384,23.212,25.811,15.964,8591968638.366,51.333,KGZ,4.827489
2018,Kyrgyzstan,5.261,,,,,,,,,,KGZ2018,1.543,8271106235.416,1283.52,3.67,15.53,3.447,3.758,-11.628,25.485,28.004,17.999,8020105523.914,51.657,KGZ,5.1557527
2017,Kyrgyzstan,5.131,,,,,,,,,,KGZ2017,3.175,7702938379.42,1221.391,3.57,12.689,6.327,4.74,-6.953,26.05,27.97,17.046,7331338207.041,60.918,KGZ,5.16357
2016,Kyrgyzstan,5.004,,,,,,,,,,KGZ2016,0.389,6813095379.119,1103.275,3.474,17.427,6.051,4.336,-11.628,27.035,28.131,16.949,6455295204.83,60.474,KGZ,5.098939
2015,Kyrgyzstan,5.185,,,,,,,,,,KGZ2015,6.503,6678177511.663,1105.652,3.338,19.533,3.427,3.876,-15.759,27.242,30.066,16.802,6417477543.552,72.457,KGZ,5.1209683
2014,Kyrgyzstan,5.286,,,,,,,,,,KGZ2014,7.534,7468102412.682,1264.527,3.262,10.809,8.415,4.024,-17.424,25.998,29.449,17.549,7159302170.583,53.889,KGZ,5.2111273
2012,Kyrgyzstan,5.042,,,,,,,,,,KGZ2012,2.768,6605142884.362,1168.622,3.114,13.198,8.656,-0.088,-15.525,,,,6435842809.788,,KGZ,4.9326982
2011,Kyrgyzstan,4.828,,,,,,,,,,KGZ2011,16.636,6197765984.285,1117.402,2.999,1.059,22.482,5.956,-7.697,,,,5538865998.781,,KGZ,4.742688
2024,Lao PDR,5.301,5.179,5.422,1.122,1.01,0.493,0.916,0.145,0.164,1.452,LAO2024,23.131,,,1.218,,,,,,,,,,LAO,5.2582407
2023,Lao PDR,5.139,5.017,5.261,1.208,0.846,0.423,0.796,0.17,0.167,1.529,LAO2023,31.23,15843155731.255,2066.95,1.188,,24.422,3.746,2.553,,,,14685693869.025,,LAO,5.592371
2022,Lao PDR,5.111,4.952,5.269,1.232,0.853,0.257,0.715,0.185,0.162,1.707,LAO2022,22.956,15468785203.753,2046.404,1.209,,15.774,2.707,-2.966,10.316,13.914,12.113,14311266175.742,,LAO,5.0959344
2021,Lao PDR,5.14,5.018,5.263,1.239,0.654,0.479,0.679,0.197,0.184,1.709,LAO2021,3.756,18827148530.935,2526.051,2.066,,3.713,2.528,2.293,10.763,12.821,10.391,17754927767.604,,LAO,5.161997
2020,Lao PDR,5.03,4.941,5.119,0.808,0.598,0.33,0.643,0.268,0.179,2.204,LAO2020,5.104,18981805250.242,2583.777,2.361,,5.035,0.503,-1.604,11.448,11.22,9.402,17853654979.943,,LAO,5.2338824
2019,Lao PDR,4.889,4.81,4.968,0.715,0.987,0.486,0.612,0.273,0.194,1.621,LAO2019,3.323,18740561512.556,2589.321,2.537,,1.197,5.458,-7.041,12.448,13.961,11.466,17656111399.749,,LAO,4.985812
2018,Lao PDR,4.796,,,,,,,,,,LAO2018,2.04,18141641089.796,2545.108,2.9,,1.92,6.248,-9.089,12.31,14.322,11.721,17355911535.641,,LAO,4.833037
2017,Lao PDR,4.623,,,,,,,,,,LAO2017,0.825,17071155481.499,2432.431,3.268,,1.852,6.893,-7.38,12.336,14.621,12.239,16170183136.76,,LAO,4.7823153
2015,Lao PDR,4.876,,,,,,,,,,LAO2015,1.277,14426380125.649,2121.013,2.494,,2.348,7.27,-15.718,14.892,15.807,13.506,13784824955.513,,LAO,4.9846416
2014,Lao PDR,4.876,,,,,,,,,,LAO2014,4.129,13279245886.385,1981.039,2.119,,5.727,7.612,-14.492,15.486,16.093,13.83,12693401481.315,,LAO,4.901335
2012,Lao PDR,4.787,,,,,,,,,,LAO2012,4.255,10192846339.403,1563.565,1.399,,7.529,8.026,-7.313,10.985,15.228,13.605,9584409923.897,,LAO,4.8001943
2011,Lao PDR,5.161,,,,,,,,,,LAO2011,7.569,8750104617.173,1361.547,1.055,,10.469,8.039,-2.358,10.743,14.491,13.146,8157259575.129,,LAO,4.992835
2024,Latvia,6.207,6.123,6.292,1.619,1.711,0.503,0.789,0.108,0.082,1.396,LVA2024,1.266,,,6.72,,,,,,,,,,LVA,4.5772576
2023,Latvia,6.234,6.155,6.314,1.7,1.508,0.564,0.666,0.127,0.078,1.59,LVA2023,8.938,42247850064.512,22502.843,6.465,,6.407,1.707,-3.936,34.626,32.393,16.842,43719961550.325,,LVA,6.332221
2022,Latvia,6.213,6.131,6.295,1.737,1.505,0.405,0.58,0.107,0.071,1.808,LVA2022,17.31,38018905782.397,20229.461,6.815,,9.836,1.813,-5.477,36.339,30.926,17.148,40324774809.704,,LVA,6.050304
2021,Latvia,6.18,6.106,6.255,1.732,1.221,0.637,0.502,0.075,0.09,1.923,LVA2021,3.276,38185125732.945,20262.843,7.513,,3.298,6.947,-4.136,38.525,30.802,16.453,38710728430.302,,LVA,6.0287414
2020,Latvia,6.032,5.961,6.103,1.285,1.047,0.587,0.405,0.082,0.089,2.536,LVA2020,0.219,33379927434.615,17564.232,8.098,,2.393,-3.469,3.093,36.219,31.352,16.282,34385289591.908,,LVA,6.2153816
2019,Latvia,5.95,5.882,6.018,1.141,1.414,0.778,0.329,0.075,0.09,2.121,LVA2019,2.811,33099503950.847,17294.975,6.312,,4.316,0.675,-0.174,31.765,29.645,16.2,33726980608.337,,LVA,6.1821265
2018,Latvia,5.94,,,,,,,,,,LVA2018,2.534,33247935477.358,17252.171,7.412,,3.74,4.31,-0.384,30.651,29.498,16.2,33883344508.494,,LVA,6.015114
2017,Latvia,5.933,,,,,,,,,,LVA2017,2.93,29391059767.426,15132.496,8.715,,2.709,3.399,1.533,30.426,29.584,17.206,30407324342.822,,LVA,5.872212
2016,Latvia,5.85,,,,,,,,,,LVA2016,0.141,27117105059.508,13838.527,9.643,,0.608,2.552,1.757,30.689,29.859,17.232,28043520978.381,,LVA,5.7358675
2015,Latvia,5.56,,,,,,,,,,LVA2015,0.174,26344565876.89,13321.975,9.873,,0.387,3.783,-0.126,31.234,28.814,16.374,27135722905.27,,LVA,5.5539174
2014,Latvia,5.098,,,,,,,,,,LVA2014,0.62,30277203767.406,15185.815,10.846,,1.67,2.095,-1.541,32.282,28.961,16.174,31426977355.703,,LVA,5.435492
2012,Latvia,5.046,,,,,,,,,,LVA2012,2.258,27116149948.668,13329.35,15.047,,2.879,7.305,-3.87,31.934,28.79,15.447,27972506725.584,,LVA,5.1875534
2011,Latvia,4.762,,,,,,,,,,LVA2011,4.371,26575547900.825,12902.574,16.206,,4.708,3.036,-3.55,35.15,28.553,15.035,27444998699.803,,LVA,5.218657
2024,Lebanon,3.188,3.098,3.277,1.223,0.984,0.44,0.279,0.071,0.041,0.15,LBN2024,,,,,,,,,,,,,,LBN,4.9552484
2023,Lebanon,2.707,2.616,2.797,1.377,0.577,0.556,0.173,0.068,0.029,-0.073,LBN2023,221.342,,,11.543,,,,-28.104,,,,,,LBN,4.7082887
2022,Lebanon,2.392,2.305,2.479,1.417,0.476,0.398,0.123,0.061,0.027,-0.11,LBN2022,171.205,20992421948.808,3654.358,11.6,,112.149,-0.622,-34.606,,,,20158671948.808,,LBN,4.894472
2021,Lebanon,2.955,2.862,3.049,1.392,0.498,0.631,0.103,0.082,0.034,0.216,LBN2021,154.756,23131941556.784,4045.374,12.669,,150.001,-7.001,-19.698,6.296,6.868,5.685,21239241556.784,,LBN,5.0251393
2020,Lebanon,4.584,4.477,4.691,1.045,0.868,0.595,0.175,0.14,0.026,1.736,LBN2020,84.864,31712128253.796,5561.192,13.284,,85.542,-21.4,-8.762,14.945,11.557,8.902,30697478253.796,,LBN,4.9913588
2019,Lebanon,4.772,4.686,4.857,0.889,1.192,0.789,0.186,0.159,0.022,1.536,LBN2019,3.005,51605959131.274,8905.88,11.301,6.166,4.095,-6.915,-21.828,29.188,19.338,15.405,50358759131.274,,LBN,5.156385
2018,Lebanon,5.197,,,,,,,,,,LBN2018,6.077,54901519155.556,9174.537,10.745,3.386,5.522,-1.885,-24.347,29.346,19.269,15.325,53788969155.556,,LBN,5.2284393
2017,Lebanon,5.199,,,,,,,,,,LBN2017,4.321,53027680685.904,8608.211,10.251,5.396,2.749,0.903,-22.882,25.984,19.968,15.36,52818460685.904,,LBN,5.110696
2016,Lebanon,5.225,,,,,,,,,,LBN2016,-0.783,51147308774.129,8089.012,9.786,7.415,0.871,1.555,-20.478,25.847,17.74,13.525,50329518774.129,,LBN,5.237697
2015,Lebanon,5.129,,,,,,,,,,LBN2015,-3.749,49929337836.816,7714.11,9.306,3.634,3.336,0.462,-17.108,22.898,17.125,13.465,49420827836.816,,LBN,5.1606226
2014,Lebanon,4.839,,,,,,,,,,LBN2014,1.855,48095213746.6,7577.641,8.833,7.161,0.105,2.484,-26.23,25.947,19.918,14.11,47517903746.6,,LBN,5.020555
2012,Lebanon,4.931,,,,,,,,,,LBN2012,6.581,44016799515.755,8406.984,7.937,-0.22,7.486,2.565,-23.438,26.799,19.944,15.198,43812619515.755,,LBN,5.0973716
2011,Lebanon,5.049,,,,,,,,,,LBN2011,4.971,39927125961.526,7834.963,7.349,4.431,2.965,0.867,-13.834,26.397,21.86,16.377,39687755961.526,,LBN,5.343094
2024,Lesotho,3.757,3.558,3.957,0.737,1.131,0.0,0.606,0.065,0.072,1.145,LSO2024,6.105,,,16.147,,,,,,,,,,LSO,4.3844504
2023,Lesotho,3.186,2.904,3.469,0.771,0.851,0.0,0.523,0.082,0.085,0.875,LSO2023,6.342,2117962450.795,916.283,16.457,11.494,-0.368,1.827,-6.991,,,,2576299023.471,,LSO,3.5501184
2021,Lesotho,3.512,3.276,3.748,0.839,0.848,0.0,0.419,0.076,0.018,1.312,LSO2021,6.048,2412130056.559,1066.586,18.23,4.931,3.124,2.267,-8.128,38.105,37.581,31.87,2813524924.219,,LSO,3.8439171
2020,Lesotho,3.512,3.276,3.748,0.451,0.731,0.007,0.405,0.103,0.015,1.8,LSO2020,4.978,2053699870.072,918.583,18.399,2.278,6.548,-8.156,-5.89,43.288,41.392,35.994,2441757550.0,2.993,LSO,4.180578
2019,Lesotho,3.653,3.492,3.814,0.455,1.089,0.101,0.409,0.103,0.05,1.446,LSO2019,5.187,2390702295.828,1082.057,16.876,7.49,3.575,-1.418,-7.458,39.246,36.804,32.542,2852674377.633,32.167,LSO,3.9776416
2018,Lesotho,3.802,,,,,,,,,,LSO2018,4.752,2556247291.998,1170.656,16.625,-0.33,11.723,-1.481,-5.624,39.25,37.024,31.815,3042775635.892,32.845,LSO,3.964908
2017,Lesotho,3.808,,,,,,,,,,LSO2017,4.448,2306741672.29,1069.367,16.401,9.373,2.019,-3.138,-9.011,39.715,38.328,33.007,2620025914.527,37.368,LSO,3.7999327
2016,Lesotho,3.808,,,,,,,,,,LSO2016,6.597,2114426452.202,992.492,16.17,11.903,-0.292,3.609,-10.502,40.584,35.415,29.286,2400601096.793,42.06,LSO,3.7676618
2014,Lesotho,4.898,,,,,,,,,,LSO2014,5.37,2441063054.058,1173.538,16.104,-3.241,14.035,1.711,-8.42,38.322,42.029,36.328,2719632972.795,33.017,LSO,4.7296762
2012,Lesotho,4.898,,,,,,,,,,LSO2012,6.051,2477702216.269,1217.931,15.813,7.768,2.182,6.334,-18.765,40.055,43.766,38.084,2892666013.151,32.184,LSO,4.8479457
2024,Liberia,4.277,4.111,4.444,0.582,0.888,0.324,0.653,0.143,0.068,1.618,LBR2024,,,,2.882,,,,,,,,,,LBR,4.9099584
2023,Liberia,4.269,4.063,4.474,0.619,0.673,0.301,0.546,0.178,0.075,1.878,LBR2023,10.094,4240000000.0,771.887,2.933,,1.231,4.684,,,,,3967000000.0,,LBR,3.7791739
2022,Liberia,4.042,3.76,4.325,0.628,0.644,0.141,0.471,0.219,0.071,1.869,LBR2022,7.593,4001047000.0,744.617,2.977,,8.666,4.808,1.62,,,,3751047000.0,,LBR,4.1214275
2021,Liberia,5.122,4.815,5.428,0.636,0.67,0.309,0.405,0.178,0.08,2.844,LBR2021,7.816,3513049500.0,667.966,3.845,,5.354,4.987,-2.896,,,,3295000000.0,,LBR,4.107482
2020,Liberia,4.625,4.417,4.833,0.228,0.58,0.253,0.43,0.221,0.057,2.857,LBR2020,16.956,3176126300.0,616.788,4.109,,-1.381,-2.982,-8.657,,,,2887982500.0,,LBR,3.8193855
2019,Liberia,4.558,4.397,4.719,0.174,0.921,0.392,0.406,0.227,0.051,2.387,LBR2019,26.966,3319596500.0,658.164,3.068,,-0.56,-2.467,-19.683,,,,2965834700.0,,LBR,4.0508738
2018,Liberia,3.975,,,,,,,,,,LBR2018,23.564,3422754800.0,692.203,3.056,,-0.21,1.158,-19.694,,,,2985754800.0,,LBR,3.9809508
2017,Liberia,3.495,,,,,,,,,,LBR2017,12.42,3390703400.0,699.269,3.066,16.295,-2.618,2.455,-16.68,,,,3087813500.0,,LBR,3.6888585
2016,Liberia,3.533,,,,,,,,,,LBR2016,8.834,3398419600.0,714.613,3.081,6.186,6.973,-1.555,-8.123,,,,3117419600.0,,LBR,3.8131597
2015,Liberia,3.622,,,,,,,,,,LBR2015,7.749,3227075700.0,692.59,2.557,13.535,0.063,-0.019,5.302,,,,2947075700.0,,LBR,3.797503
2014,Liberia,4.571,,,,,,,,,,LBR2014,9.861,3225652000.0,706.714,2.079,12.581,0.818,0.701,-19.92,,,,2892652000.0,,LBR,4.2906857
2012,Liberia,4.196,,,,,,,,,,LBR2012,6.832,2791614000.0,638.369,2.146,5.307,7.797,7.994,-59.996,,,12.972,2529644000.0,20.318,LBR,4.165219
2011,Liberia,4.04,,,,,,,,,,LBR2011,8.488,2398000000.0,568.088,2.211,2.549,10.923,8.201,-52.485,,,11.149,2273155200.0,21.731,LBR,4.02159
2024,Libya,5.82,5.727,5.913,1.247,1.309,0.549,0.724,0.111,0.214,1.666,LBY2024,2.126,,,18.615,,,,,,,,,,LBY,4.2737045
2023,Libya,5.866,5.746,5.987,1.526,1.1,0.55,0.592,0.111,0.204,1.785,LBY2023,2.373,45096462972.401,6172.812,18.753,,-5.341,10.156,,,,,45309062967.041,,LBY,4.8502927
2021,Libya,5.33,5.118,5.543,1.476,0.943,0.606,0.477,0.106,0.179,1.544,LBY2021,2.868,35217995647.286,4935.828,19.641,,90.406,28.333,16.115,,,,34577448955.293,,LBY,4.653089
2020,Libya,5.41,5.262,5.558,1.044,0.821,0.435,0.474,0.131,0.174,2.331,LBY2020,1.447,46854285440.642,6650.338,19.613,,-4.754,-29.455,-10.202,,,,47692571365.201,,LBY,5.227722
2019,Libya,5.489,5.37,5.608,1.022,1.196,0.616,0.451,0.143,0.172,1.889,LBY2019,-2.162,69254496471.694,9963.195,19.05,,4.176,-11.196,6.956,,,,71084266693.748,,LBY,5.5485163
2018,Libya,5.525,,,,,,,,,,LBY2018,13.17,76686029772.148,11196.585,18.836,,3.598,7.941,14.704,,,,77676603170.626,,LBY,5.4707756
2017,Libya,5.566,,,,,,,,,,LBY2017,25.804,67157452181.774,9965.832,19.02,,1.807,32.492,6.591,,,,68439540256.274,,LBY,5.5568304
2016,Libya,5.525,,,,,,,,,,LBY2016,25.854,49912073701.298,7525.803,19.522,,4.692,-1.491,-9.427,,,,50662881580.357,,LBY,5.432077
2015,Libya,5.615,,,,,,,,,,LBY2015,10.402,48717501321.305,7458.489,19.676,,-7.041,-0.843,-19.184,,,,49953808617.082,,LBY,5.475729
2014,Libya,5.754,,,,,,,,,,LBY2014,2.433,57372355592.022,8926.421,19.308,7.078,-1.007,-23.043,-33.175,,,,57954482938.568,,LBY,5.7688794
2012,Libya,5.34,,,,,,,,,,LBY2012,6.06,92540938129.132,14975.89,19.03,0.017,5.982,86.827,25.758,,,,90611575226.289,,LBY,5.441652
2011,Libya,5.178,,,,,,,,,,LBY2011,15.518,48169263294.101,7593.839,19.478,-14.752,24.343,-50.339,6.627,,,,48225057019.063,,LBY,5.089765
2024,Lithuania,6.829,6.746,6.912,1.684,1.699,0.592,0.702,0.031,0.123,1.998,LTU2024,0.716,,,7.504,,,,,,,,,,LTU,4.533419
2023,Lithuania,6.818,6.739,6.896,1.766,1.454,0.598,0.533,0.044,0.116,2.307,LTU2023,9.117,79789877416.168,27786.006,6.841,,9.022,0.342,1.101,34.1,34.043,21.418,76751468656.028,36.931,LTU,6.383869
2022,Lithuania,6.763,6.677,6.849,1.808,1.511,0.432,0.487,0.059,0.089,2.377,LTU2022,19.705,71033884499.782,25085.784,5.955,,16.067,2.538,-6.085,34.046,33.134,21.282,68451885058.584,35.936,LTU,6.19211
2021,Lithuania,6.446,6.356,6.535,1.804,1.204,0.659,0.496,0.053,0.077,2.153,LTU2021,4.684,67037321008.968,23934.728,7.112,,6.0,6.38,1.469,35.189,33.467,21.274,64252038543.154,47.938,LTU,6.237468
2020,Lithuania,6.255,6.167,6.344,1.35,1.065,0.612,0.476,0.056,0.073,2.624,LTU2020,1.2,57412038533.272,20541.825,8.487,,2.039,0.043,7.225,38.909,32.797,20.503,55325495240.973,52.355,LTU,6.0177636
2019,Lithuania,6.215,6.129,6.302,1.194,1.433,0.795,0.42,0.054,0.081,2.238,LTU2019,2.335,55122066225.796,19727.761,6.255,,2.376,4.677,3.738,32.384,31.938,20.089,52901803474.706,41.798,LTU,5.997006
2018,Lithuania,6.149,,,,,,,,,,LTU2018,2.698,54261795148.537,19368.539,6.147,,3.593,4.918,0.31,31.678,31.554,16.752,52084496480.765,38.079,LTU,5.961925
2017,Lithuania,5.952,,,,,,,,,,LTU2017,3.723,47756764508.446,16884.71,7.073,,4.096,4.612,1.087,31.072,31.201,16.764,46031954861.718,44.886,LTU,5.982926
2016,Lithuania,5.902,,,,,,,,,,LTU2016,0.906,42970749245.034,14981.621,7.862,,0.987,2.672,-1.015,32.684,31.775,17.1,41513241212.62,47.746,LTU,5.929578
2015,Lithuania,5.813,,,,,,,,,,LTU2015,-0.884,41540954817.204,14300.255,9.12,,-0.002,2.833,-2.517,32.669,30.869,16.758,39940688841.875,49.437,LTU,5.9202476
2014,Lithuania,5.833,,,,,,,,,,LTU2014,0.104,48306546656.928,16473.568,10.698,,0.609,3.773,3.547,32.757,29.567,16.034,47960568992.364,48.582,LTU,5.718216
2012,Lithuania,5.426,,,,,,,,,,LTU2012,3.09,42709372066.863,14294.718,13.365,,2.505,4.383,-1.607,34.125,29.19,15.685,41584616578.174,47.458,LTU,5.4653397
2011,Lithuania,5.588,,,,,,,,,,LTU2011,4.13,43186501862.791,14261.843,15.39,,5.622,6.324,-3.687,36.839,29.219,15.666,42261715400.66,41.408,LTU,5.5116224
2024,Luxembourg,7.122,7.031,7.213,2.028,1.558,0.864,0.931,0.117,0.397,1.227,LUX2024,2.051,,,5.935,,,,,,,,,,LUX,4.740461
2023,Luxembourg,7.122,7.031,7.213,2.141,1.355,0.708,0.801,0.146,0.432,1.54,LUX2023,3.741,85755006123.598,128678.19,5.184,,3.43,-1.096,11.499,43.726,44.263,27.797,55813004025.644,,LUX,7.1886897
2022,Luxembourg,7.228,7.093,7.363,2.2,1.357,0.549,0.71,0.149,0.418,1.845,LUX2022,6.336,81641807865.759,125006.022,4.588,,5.684,1.38,9.197,40.478,41.523,26.408,54993885553.502,,LUX,7.3759756
2021,Luxembourg,7.404,7.307,7.501,2.209,1.155,0.79,0.7,0.12,0.388,2.042,LUX2021,2.527,85584105993.875,133711.794,5.571,,4.644,7.168,6.536,39.375,41.157,26.246,58630447829.069,,LUX,7.1803045
2020,Luxembourg,7.324,7.252,7.396,1.751,1.003,0.76,0.639,0.166,0.353,2.653,LUX2020,0.82,73699366700.213,116905.37,6.766,,4.301,-0.91,5.097,42.887,41.136,25.676,51783516552.218,,LUX,7.0788527
2019,Luxembourg,7.238,7.177,7.298,1.537,1.388,0.986,0.61,0.196,0.367,2.154,LUX2019,1.743,69890505323.584,112726.44,5.592,,0.901,2.916,8.619,39.469,42.573,26.881,47877349992.941,,LUX,7.1147513
2018,Luxembourg,7.09,,,,,,,,,,LUX2018,1.528,71000359760.461,116786.512,5.589,,2.111,1.219,8.33,38.874,42.485,26.918,50751283867.922,,LUX,7.129788
2017,Luxembourg,6.91,,,,,,,,,,LUX2017,1.731,65712180342.984,110193.214,5.523,,2.143,1.317,6.18,37.759,39.931,24.518,47031112675.059,,LUX,6.9918575
2016,Luxembourg,6.863,,,,,,,,,,LUX2016,0.291,62216885435.949,106899.294,6.669,,-1.108,4.978,7.415,36.835,39.521,23.768,41225831605.564,,LUX,6.9690285
2015,Luxembourg,6.871,,,,,,,,,,LUX2015,0.475,60071584216.138,105462.013,6.796,,2.219,2.27,5.621,37.215,39.439,23.322,38657980989.023,,LUX,6.9977417
2014,Luxembourg,6.946,,,,,,,,,,LUX2014,0.629,68804811897.644,123678.702,6.044,,2.797,2.623,4.929,37.737,39.72,24.745,49979926556.902,,LUX,7.0055733
2012,Luxembourg,7.054,,,,,,,,,,LUX2012,2.663,59776383527.36,112584.676,5.03,,3.266,1.65,5.255,38.617,39.787,24.428,45915520597.734,,LUX,7.0973263
2011,Luxembourg,7.051,,,,,,,,,,LUX2011,3.411,61696281326.245,119025.057,5.122,,3.449,1.044,5.63,37.758,39.468,23.987,42768242732.49,,LUX,7.0870876
2024,Madagascar,4.157,4.05,4.265,0.588,0.938,0.341,0.292,0.131,0.118,1.751,MDG2024,,,,3.012,,,,,,,,,,MDG,4.9026494
2023,Madagascar,4.228,4.097,4.359,0.628,0.823,0.333,0.25,0.172,0.123,1.897,MDG2023,9.874,15790113246.748,506.159,3.069,41.299,8.694,3.8,,,,,15444839759.942,,MDG,3.9899602
2022,Madagascar,4.019,3.839,4.199,0.632,0.779,0.178,0.187,0.177,0.134,1.932,MDG2022,8.161,15134700203.05,497.243,3.186,39.184,6.933,4.0,-5.48,10.062,10.321,9.357,14765327495.31,,MDG,4.0086994
2021,Madagascar,4.339,4.148,4.53,0.67,0.645,0.378,0.202,0.143,0.154,2.148,MDG2021,5.812,14554754116.543,490.206,3.487,39.049,6.641,5.74,-4.96,10.543,11.062,10.239,14294802412.89,,MDG,4.0946527
2020,Madagascar,4.208,4.068,4.349,0.266,0.503,0.341,0.207,0.185,0.087,2.62,MDG2020,4.202,13051441203.947,450.772,3.284,42.714,4.311,-7.138,-4.778,11.798,10.607,9.521,12717776244.331,,MDG,4.291475
2019,Madagascar,4.166,4.053,4.278,0.245,0.824,0.501,0.193,0.191,0.076,2.136,MDG2019,5.611,14104664678.506,499.819,2.469,39.877,6.522,4.411,-2.136,10.133,11.568,10.532,13612309667.837,,MDG,3.9994905
2018,Madagascar,3.933,,,,,,,,,,MDG2018,8.594,13760033282.292,500.457,2.297,43.483,8.298,3.194,0.713,9.832,11.441,10.283,13299570422.211,,MDG,4.0067344
2017,Madagascar,3.774,,,,,,,,,,MDG2017,8.609,13176313593.551,491.867,2.119,52.437,4.962,3.933,-0.229,10.589,10.875,10.028,12760046042.02,,MDG,3.7192097
2016,Madagascar,3.644,,,,,,,,,,MDG2016,6.036,11848613858.442,453.971,1.947,46.843,8.96,3.993,0.378,9.317,10.05,9.245,11379471782.222,,MDG,3.7266908
2015,Madagascar,3.695,,,,,,,,,,MDG2015,7.404,11323020701.302,445.32,1.785,47.147,6.504,3.132,-2.259,9.559,9.79,8.945,10894778487.749,,MDG,3.7693996
2014,Madagascar,3.681,,,,,,,,,,MDG2014,6.08,12522957399.228,505.685,1.386,49.909,6.732,3.339,-0.649,9.853,9.292,8.441,12173057216.308,,MDG,3.7891684
2012,Madagascar,3.966,,,,,,,,,,MDG2012,5.714,11578975061.948,493.511,0.599,48.033,5.466,3.011,-7.463,8.757,9.166,8.368,11207841557.623,,MDG,3.8914468
2011,Madagascar,4.309,,,,,,,,,,MDG2011,9.483,11551819617.874,506.164,2.512,38.151,10.386,1.578,-6.728,8.935,9.695,8.71,11339961188.919,,MDG,4.198507
2024,Malawi,3.26,3.13,3.39,0.588,0.489,0.28,0.677,0.115,0.136,0.975,MWI2024,32.18,,,5.045,,,,,,,,,,MWI,5.1473317
2023,Malawi,3.421,3.281,3.561,0.617,0.41,0.349,0.571,0.135,0.136,1.203,MWI2023,28.79,12712150082.079,602.344,5.033,8.746,22.807,1.892,-17.905,,,,12349147692.614,,MWI,3.9464612
2022,Malawi,3.495,3.32,3.671,0.637,0.479,0.189,0.49,0.139,0.129,1.432,MWI2022,20.954,12429060150.742,604.27,5.037,6.986,17.167,0.921,-17.846,20.174,14.136,13.504,12054582591.864,55.599,MWI,3.5600598
2021,Malawi,3.75,3.56,3.941,0.648,0.279,0.388,0.477,0.14,0.157,1.661,MWI2021,9.33,12378129750.987,617.448,5.662,14.543,8.153,4.558,-15.492,17.187,12.288,11.588,12006215738.734,,MWI,3.673519
2020,Malawi,3.6,3.419,3.781,0.113,0.168,0.298,0.484,0.213,0.134,2.19,MWI2020,8.626,11769313597.854,602.507,5.728,16.944,6.218,0.794,-13.923,16.494,12.907,12.131,11440171500.767,,MWI,3.6964965
2019,Malawi,3.538,3.4,3.676,0.177,0.53,0.446,0.487,0.213,0.132,1.553,MWI2019,9.371,11051865579.812,580.89,4.966,16.658,7.729,5.717,-11.953,14.74,12.42,11.975,10785451582.33,44.786,MWI,3.840882
2018,Malawi,3.41,,,,,,,,,,MWI2018,12.42,9879231591.524,533.203,5.014,24.623,6.152,4.354,-17.259,14.922,12.953,12.176,9558096354.047,41.701,MWI,3.5096557
2017,Malawi,3.587,,,,,,,,,,MWI2017,11.543,8943543793.584,495.77,5.039,25.336,10.577,4.0,-17.421,13.244,13.057,12.184,8735399094.037,34.295,MWI,3.5968573
2016,Malawi,3.97,,,,,,,,,,MWI2016,21.711,7909868618.464,450.506,5.007,19.801,20.293,2.5,-12.713,12.329,11.169,10.639,7886787909.555,37.886,MWI,4.0238066
2015,Malawi,4.156,,,,,,,,,,MWI2015,21.867,9219474379.315,539.605,4.954,20.509,19.815,2.8,-11.545,12.908,11.511,10.537,8999698474.697,27.335,MWI,4.1846
2014,Malawi,4.292,,,,,,,,,,MWI2014,23.792,8801326169.145,529.513,4.967,19.278,20.969,5.625,-12.822,14.065,11.796,10.949,8640515834.706,27.921,MWI,4.277934
2012,Malawi,4.113,,,,,,,,,,MWI2012,21.271,8773203178.165,558.462,4.952,12.487,17.64,1.9,-8.488,11.872,9.822,9.316,8638482884.796,28.462,MWI,4.1358957
2011,Malawi,4.624,,,,,,,,,,MWI2011,7.623,11648142958.365,763.061,4.842,8.562,13.99,4.933,-9.759,12.526,11.401,10.618,11532861683.348,18.846,MWI,4.530569
2024,Malaysia,5.955,5.854,6.055,1.571,1.315,0.446,0.991,0.181,0.11,1.341,MYS2024,1.834,,,3.826,,,,,,,,,,MYS,4.850148
2023,Malaysia,5.975,5.872,6.078,1.646,1.143,0.54,0.829,0.226,0.119,1.473,MYS2023,2.489,399705169318.477,11379.086,3.869,7.327,-1.872,3.555,1.565,17.019,17.278,12.573,388101205732.467,64.321,MYS,6.171561
2022,Malaysia,6.012,5.858,6.167,1.665,1.155,0.385,0.659,0.222,0.122,1.804,MYS2022,3.379,407605841348.235,11748.092,3.93,-2.345,6.403,8.862,3.125,17.906,16.409,11.637,394667473818.317,60.181,MYS,5.822143
2021,Malaysia,5.711,5.578,5.845,1.689,0.938,0.62,0.654,0.213,0.126,1.471,MYS2021,2.477,373784823672.946,10903.112,4.64,-2.112,5.676,3.315,3.877,17.254,15.093,11.216,363611089241.775,63.267,MYS,5.9260745
2020,Malaysia,5.384,5.289,5.48,1.259,0.797,0.587,0.624,0.27,0.064,1.784,MYS2020,-1.139,337456163961.211,9957.526,4.54,4.801,-0.818,-5.457,4.19,18.472,15.867,10.885,330671265155.887,62.007,MYS,5.9844346
2019,Malaysia,5.384,5.289,5.48,1.168,1.174,0.789,0.597,0.275,0.062,1.319,MYS2019,0.663,365177721021.516,10920.192,3.26,4.802,0.072,4.413,3.504,17.357,17.479,11.936,355643356741.268,52.421,MYS,5.9495473
2018,Malaysia,5.339,,,,,,,,,,MYS2018,0.885,358788845712.53,10901.802,3.3,4.277,0.625,4.843,2.237,15.922,16.086,12.023,347616421527.931,51.186,MYS,5.5407586
2017,Malaysia,6.322,,,,,,,,,,MYS2017,3.871,319109094160.343,9862.548,3.41,0.799,3.779,5.813,2.808,15.826,16.061,12.946,310119720279.85,50.05,MYS,5.90407
2016,Malaysia,6.084,,,,,,,,,,MYS2016,2.091,301256033870.334,9476.534,3.44,2.826,1.658,4.45,2.368,16.764,16.998,13.551,292917092605.123,51.891,MYS,6.0950036
2015,Malaysia,6.005,,,,,,,,,,MYS2015,2.104,301355266964.947,9648.68,3.1,3.307,1.218,5.092,3.009,18.291,18.615,14.057,293133023632.862,53.574,MYS,5.976202
2014,Malaysia,5.77,,,,,,,,,,MYS2014,3.143,338066095097.254,11013.311,2.88,2.069,2.467,6.007,4.392,19.684,19.94,14.841,326875882255.886,52.676,MYS,5.9000125
2012,Malaysia,5.76,,,,,,,,,,MYS2012,1.664,314443047642.111,10600.574,3.1,3.748,1.0,5.473,5.189,20.98,21.407,15.613,302839192295.004,51.646,MYS,5.864636
2011,Malaysia,5.823,,,,,,,,,,MYS2011,3.174,297951668674.835,10217.107,3.05,-0.472,5.412,5.294,10.905,19.735,20.337,14.794,290892852065.831,50.029,MYS,5.9288783
2020,Maldives,5.198,5.057,5.339,1.115,1.015,0.697,0.575,0.204,0.073,1.52,MDV2020,-1.37,3712604583.367,7393.889,5.434,15.487,-3.365,-32.909,-35.748,35.346,24.706,20.112,3406811511.663,,MDV,5.529702
2019,Maldives,5.198,5.057,5.339,0.938,1.402,0.914,0.548,0.224,0.072,1.099,MDV2019,0.22,5726094799.377,11740.272,4.562,13.003,-1.31,7.298,-25.817,25.413,24.825,19.941,5166269608.417,,MDV,5.8929243
2024,Mali,4.345,4.232,4.457,0.709,0.908,0.318,0.767,0.093,0.114,1.436,MLI2024,3.206,,,3.06,,,,,,,,,,MLI,4.908168
2023,Mali,4.232,4.117,4.347,0.747,0.688,0.267,0.586,0.12,0.09,1.734,MLI2023,2.059,20661794596.087,869.27,2.956,,2.226,4.657,-7.794,,,,19697353849.248,,MLI,3.8608031
2022,Mali,4.198,4.076,4.319,0.763,0.637,0.106,0.441,0.121,0.059,2.07,MLI2022,9.621,18780322203.758,813.965,2.387,,5.728,3.475,-7.856,,,,17997835632.059,,MLI,4.1107874
2021,Mali,4.479,4.347,4.611,0.792,0.483,0.311,0.35,0.128,0.042,2.373,MLI2021,3.926,19309463508.038,862.467,3.966,,3.359,3.053,-7.605,,,,18419319470.469,,MLI,4.0118904
2020,Mali,4.723,4.563,4.884,0.387,0.59,0.11,0.384,0.164,0.072,3.016,MLI2020,0.438,17465392764.371,804.344,3.528,,0.532,-1.235,-2.174,14.501,15.006,14.165,16726618026.267,,MLI,4.2037315
2019,Mali,4.729,4.603,4.855,0.352,0.973,0.235,0.378,0.17,0.062,2.559,MLI2019,-1.658,17280250810.032,820.197,3.29,,1.931,4.756,-7.458,12.858,15.434,14.501,16584807149.375,,MLI,4.073053
2018,Mali,4.39,,,,,,,,,,MLI2018,0.3,17070867589.906,835.087,1.62,,1.458,4.746,-4.899,12.372,12.431,11.67,16560622892.297,,MLI,4.1449223
2017,Mali,4.447,,,,,,,,,,MLI2017,1.76,15365713048.199,775.536,1.494,3.145,1.934,5.305,-7.894,12.507,17.398,15.883,14864816778.587,,MLI,4.410767
2016,Mali,4.19,,,,,,,,,,MLI2016,-1.8,14026048335.705,730.855,1.367,3.891,1.351,5.852,-7.243,12.315,16.048,15.396,13651410705.584,,MLI,4.150865
2015,Mali,4.073,,,,,,,,,,MLI2015,1.451,13104764378.326,704.822,1.401,2.207,2.884,6.172,-5.324,12.277,14.864,14.095,12808995432.8,,MLI,3.990588
2014,Mali,3.995,,,,,,,,,,MLI2014,0.884,14364937124.073,797.155,1.474,4.019,1.269,7.085,-4.711,12.958,13.198,12.647,13980007389.46,,MLI,4.0198665
2012,Mali,4.247,,,,,,,,,,MLI2012,5.323,12442035339.105,733.739,1.482,0.415,4.605,-0.837,-2.191,11.989,13.794,12.991,11981790282.075,,MLI,4.204655
2011,Mali,3.967,,,,,,,,,,MLI2011,2.956,12995112690.26,789.063,1.422,-6.175,12.183,3.213,-5.058,12.242,13.138,12.545,12532791363.725,,MLI,3.964074
2024,Malta,6.316,6.234,6.398,1.76,1.671,0.837,0.837,0.217,0.115,0.879,MLT2024,,,,2.703,,,,,,,,,,MLT,4.9168854
2023,Malta,6.346,6.261,6.43,1.827,1.444,0.707,0.727,0.25,0.125,1.267,MLT2023,5.094,22328640241.555,40395.769,3.11,,5.305,7.499,6.38,34.119,31.131,21.754,19351359464.34,,MLT,7.105339
2022,Malta,6.3,6.212,6.388,1.841,1.468,0.547,0.671,0.2,0.143,1.429,MLT2022,6.154,19209979975.232,36142.206,2.921,,5.061,4.148,-0.873,35.956,32.022,22.654,16534181877.248,,MLT,6.9213586
2021,Malta,6.447,6.359,6.535,1.838,1.169,0.789,0.679,0.174,0.166,1.631,MLT2021,1.498,19718565605.433,38027.38,3.394,,2.426,13.46,9.35,37.193,32.027,22.432,17295453183.583,,MLT,7.1420507
2020,Malta,6.602,6.516,6.688,1.411,1.055,0.747,0.664,0.275,0.183,2.268,MLT2020,0.639,16385919535.674,31796.821,4.347,,1.838,-3.475,16.116,39.899,32.868,22.511,14532952942.641,,MLT,6.6859107
2019,Malta,6.773,6.689,6.857,1.253,1.443,0.972,0.633,0.341,0.179,1.952,MLT2019,1.642,16337793530.779,32412.27,3.616,,2.506,4.085,17.85,32.703,34.986,25.103,14798835701.396,,MLT,6.580186
2018,Malta,6.726,,,,,,,,,,MLT2018,1.158,16153779511.156,33332.191,3.658,,1.798,7.189,13.348,32.592,35.779,25.427,14669786905.109,,MLT,6.680591
2017,Malta,6.627,,,,,,,,,,MLT2017,1.364,14161366723.678,30259.395,4.002,,2.135,12.972,19.158,31.815,35.645,26.006,13113525048.407,,MLT,6.63225
2016,Malta,6.527,,,,,,,,,,MLT2016,0.643,12025782834.36,26409.629,4.687,,2.126,4.078,-0.552,34.459,36.105,26.249,10688627580.054,,MLT,6.51407
2015,Malta,6.488,,,,,,,,,,MLT2015,1.101,11340795041.806,25481.898,5.389,,4.2,9.621,2.65,35.356,36.476,24.322,10554342526.762,,MLT,6.4473166
2014,Malta,6.302,,,,,,,,,,MLT2014,0.31,11888032872.432,27356.608,5.725,,2.271,7.631,8.342,37.739,37.532,25.576,11000384403.131,,MLT,6.3604665
2012,Malta,5.964,,,,,,,,,,MLT2012,2.376,9609532088.887,22878.313,6.197,2.489,2.16,4.103,1.574,39.871,37.69,25.295,9144219499.755,,MLT,6.067866
2011,Malta,5.96,,,,,,,,,,MLT2011,2.963,9789361703.697,23516.969,6.378,3.215,1.483,0.992,-0.133,40.449,37.939,25.411,9386251622.324,,MLT,6.079951
2024,Mauritania,4.542,4.408,4.676,1.023,0.919,0.516,0.454,0.113,0.195,1.323,MRT2024,,,,10.373,,,,,,,,,,MRT,4.637395
2023,Mauritania,4.505,4.337,4.673,1.078,0.705,0.4,0.343,0.133,0.198,1.649,MRT2023,4.953,10651709411.459,2120.823,10.446,,3.371,6.507,-9.074,,,,10660320959.179,,MRT,4.9184484
2022,Mauritania,4.724,4.437,5.011,1.099,0.764,0.244,0.32,0.13,0.195,1.973,MRT2022,9.525,9557966698.254,1960.352,10.531,,-0.612,6.796,-14.9,,,,9500605780.425,,MRT,4.6590075
2021,Mauritania,4.153,3.95,4.356,1.1,0.865,0.45,0.304,0.088,0.138,1.207,MRT2021,3.565,9222536364.013,1947.789,11.144,,7.465,0.743,-8.76,,,,9076362254.149,,MRT,4.424514
2020,Mauritania,4.227,4.09,4.365,0.666,0.749,0.273,0.218,0.119,0.133,2.069,MRT2020,2.386,8260752385.231,1795.765,11.054,,6.441,-0.361,-6.975,,,,8155048186.479,,MRT,4.489597
2019,Mauritania,4.375,4.267,4.483,0.54,1.113,0.425,0.186,0.129,0.122,1.86,MRT2019,2.3,7894764885.823,1767.073,10.416,,5.328,3.141,-10.527,,,,7798537820.06,,MRT,4.447411
2018,Mauritania,4.49,,,,,,,,,,MRT2018,3.067,7473550557.074,1722.935,10.407,,4.554,4.772,-13.018,,,,7435080653.073,,MRT,4.6121683
2017,Mauritania,4.356,,,,,,,,,,MRT2017,2.254,6800135898.288,1615.004,10.336,15.176,1.584,6.271,-10.426,,,,6703487753.411,,MRT,4.4595227
2016,Mauritania,4.292,,,,,,,,,,MRT2016,1.472,6398747592.132,1565.766,10.283,5.206,11.21,1.261,-11.046,,,,6282235172.531,,MRT,4.297632
2015,Mauritania,4.201,,,,,,,,,,MRT2015,3.255,6166863896.687,1554.949,10.108,22.891,-4.794,5.376,-15.501,,,,5986395816.426,,MRT,4.3738093
2014,Mauritania,4.436,,,,,,,,,,MRT2014,3.534,6592537781.815,1713.009,10.028,32.768,-11.876,4.275,-22.345,,,,6339728998.266,,MRT,4.451475
2012,Mauritania,4.758,,,,,,,,,,MRT2012,4.902,6728208836.221,1859.117,9.864,16.469,0.456,4.47,-18.223,,,,6537356580.81,,MRT,4.794552
2011,Mauritania,4.643,,,,,,,,,,MRT2011,5.686,6764627745.903,1931.2,9.968,-0.466,17.548,4.173,,,,,6609314084.926,,MRT,4.498057
2024,Mauritius,5.832,5.715,5.948,1.499,1.521,0.617,0.761,0.095,0.13,1.209,MUS2024,4.103,,,5.476,,,,,,,,,,MUS,4.898662
2023,Mauritius,5.816,5.706,5.927,1.57,1.358,0.49,0.641,0.123,0.118,1.517,MUS2023,7.053,14644524819.005,11613.044,5.571,0.914,8.508,6.958,-4.423,28.004,23.69,19.787,15000124262.09,,MUS,6.3062463
2022,Mauritius,5.902,5.791,6.013,1.589,1.382,0.336,0.574,0.121,0.11,1.79,MUS2022,10.774,12927979286.045,10239.797,6.322,-1.882,9.566,8.88,-11.114,28.211,23.856,19.05,13475522983.787,,MUS,5.860154
2021,Mauritius,6.071,5.958,6.184,1.591,1.116,0.568,0.589,0.131,0.107,1.969,MUS2021,4.029,11484348857.853,9068.973,7.719,3.6,3.157,3.404,-13.032,32.937,21.521,18.264,12106744454.643,,MUS,5.7108455
2020,Mauritius,6.049,5.933,6.165,1.178,0.996,0.574,0.59,0.153,0.096,2.462,MUS2020,2.581,11408106446.314,9011.043,8.626,4.535,2.573,-14.547,-8.789,31.687,24.241,20.706,11947741898.968,,MUS,5.9215264
2019,Mauritius,6.101,5.989,6.213,1.074,1.396,0.763,0.591,0.187,0.084,2.007,MUS2019,0.406,14436346979.636,11403.253,6.331,8.958,-0.466,2.891,-4.977,22.842,22.34,19.407,15153839975.89,57.962,MUS,6.357075
2018,Mauritius,5.888,,,,,,,,,,MUS2018,3.216,14735695930.973,11643.461,6.426,6.712,1.675,4.007,-3.769,22.576,21.888,18.406,15450103729.549,55.382,MUS,5.965263
2017,Mauritius,5.891,,,,,,,,,,MUS2017,3.667,13713506130.608,10841.685,6.752,6.753,1.637,3.938,-4.464,22.222,21.551,17.933,14051920385.618,56.158,MUS,5.9759336
2016,Mauritius,5.629,,,,,,,,,,MUS2016,0.978,12594155464.414,9965.725,6.814,5.973,2.385,3.862,-3.901,23.067,22.193,17.608,12811307718.277,,MUS,5.853931
2015,Mauritius,5.648,,,,,,,,,,MUS2015,1.287,12007291045.649,9507.871,7.41,7.002,1.4,3.691,-3.473,11.391,11.161,8.758,12411835683.336,,MUS,5.787336
2014,Mauritius,5.477,,,,,,,,,,MUS2014,3.218,13074129952.053,10366.355,7.467,6.197,2.168,3.827,-5.278,21.826,22.458,18.084,13453633098.474,,MUS,5.859755
2012,Mauritius,5.477,,,,,,,,,,MUS2012,3.852,11668696396.789,9291.236,7.472,6.052,2.466,3.496,-7.092,20.356,22.57,18.622,12083538713.447,36.509,MUS,5.4973288
2011,Mauritius,5.477,,,,,,,,,,MUS2011,6.522,11518413429.968,9197.043,7.447,5.579,3.161,4.078,-13.546,20.4,21.915,18.005,11299782797.643,35.52,MUS,5.4001594
2024,Mexico,6.979,6.889,7.068,1.435,1.504,0.55,0.879,0.057,0.118,2.438,MEX2024,4.722,,,2.711,,,,,,,,,,MEX,5.030571
2023,Mexico,6.678,6.575,6.781,1.521,1.241,0.544,0.722,0.086,0.127,2.437,MEX2023,5.528,1789114434843.46,13790.024,2.765,6.827,4.46,3.2,-0.306,22.526,19.143,14.267,1744482317669.68,45.261,MEX,6.252786
2022,Mexico,6.33,6.218,6.441,1.55,1.169,0.389,0.632,0.086,0.115,2.389,MEX2022,7.896,1464312692331.58,11385.407,3.256,1.579,6.497,3.689,-1.202,22.346,19.306,13.428,1430370469535.23,44.048,MEX,6.2277145
2021,Mexico,6.128,6.017,6.238,1.552,0.886,0.623,0.621,0.092,0.115,2.239,MEX2021,5.689,1316569466932.59,10314.051,4.019,0.386,4.488,6.048,-0.341,20.892,18.343,13.411,1282549137527.22,44.861,MEX,6.3378377
2020,Mexico,6.317,6.213,6.42,1.126,0.83,0.634,0.585,0.092,0.089,2.961,MEX2020,3.397,1121064767261.88,8841.271,4.44,1.646,4.62,-8.354,2.4,21.698,18.645,13.898,1085047504590.05,45.837,MEX,6.0765657
2019,Mexico,6.465,6.371,6.559,1.024,1.226,0.832,0.554,0.083,0.083,2.663,MEX2019,3.636,1304106203694.81,10369.555,3.477,3.94,4.319,-0.393,-0.297,19.81,18.519,12.788,1267424146058.02,41.327,MEX,6.1132703
2018,Mexico,6.595,,,,,,,,,,MEX2018,4.899,1256300182879.73,10084.794,3.275,2.695,5.204,1.972,-2.064,19.87,18.334,12.712,1223821716221.84,,MEX,6.6841946
2017,Mexico,6.488,,,,,,,,,,MEX2017,6.041,1190721475906.0,9649.278,3.419,0.718,6.568,1.872,-1.797,19.866,19.447,12.687,1160558920059.09,,MEX,6.4609447
2016,Mexico,6.578,,,,,,,,,,MEX2016,2.822,1112233497452.7,9097.924,3.853,-1.248,6.078,1.772,-2.273,20.328,19.192,13.124,1083159760755.14,,MEX,6.600132
2015,Mexico,6.778,,,,,,,,,,MEX2015,2.721,1213294467716.88,10021.239,4.311,0.207,3.225,2.702,-2.599,20.869,18.368,12.346,1182962837135.44,,MEX,6.627407
2014,Mexico,7.187,,,,,,,,,,MEX2014,4.019,1364507717614.13,11391.377,4.819,-0.783,4.368,2.504,-1.821,20.997,17.689,10.243,1332054399903.7,,MEX,6.8973618
2012,Mexico,7.088,,,,,,,,,,MEX2012,4.112,1255110424817.79,10744.134,4.892,0.133,4.542,3.553,-1.41,20.932,17.938,9.352,1228761368842.97,,MEX,6.900557
2011,Mexico,6.74,,,,,,,,,,MEX2011,3.407,1229013703416.76,10664.494,5.175,-0.718,5.67,3.444,-0.858,20.874,18.169,9.617,1210622838008.34,,MEX,6.604523
2024,Mongolia,5.833,5.747,5.919,1.336,1.731,0.423,0.629,0.18,0.053,1.481,MNG2024,6.803,,,5.424,,,,,,,,,,MNG,4.888788
2023,Mongolia,5.696,5.61,5.783,1.353,1.511,0.4,0.501,0.237,0.055,1.64,MNG2023,10.348,20325121393.907,5838.631,5.503,,21.769,7.422,0.597,,,,18096012116.687,,MNG,5.538562
2022,Mongolia,5.84,5.75,5.93,1.379,1.494,0.244,0.425,0.239,0.058,2.001,MNG2022,15.148,17146471713.748,4993.515,6.211,,17.715,5.033,-13.434,,,,15067905989.687,,MNG,5.3131647
2021,Mongolia,5.761,5.676,5.845,1.393,1.197,0.467,0.398,0.247,0.059,1.999,MNG2021,7.353,15286441737.669,4517.616,7.747,1.387,14.42,1.637,-13.793,31.697,28.99,16.909,13054692170.944,67.571,MNG,5.3553634
2020,Mongolia,5.677,5.595,5.76,0.966,1.065,0.442,0.397,0.263,0.053,2.492,MNG2020,3.796,13312981429.089,4001.252,6.594,12.751,3.707,-4.558,-5.067,33.179,29.228,14.146,12053017479.445,73.937,MNG,5.5664515
2019,Mongolia,5.456,5.377,5.535,0.905,1.459,0.616,0.356,0.264,0.047,1.811,MNG2019,7.301,14206359017.514,4347.546,9.269,6.387,9.972,5.602,-15.216,25.616,30.712,16.851,12634360587.851,60.844,MNG,5.2069397
2018,Mongolia,5.285,,,,,,,,,,MNG2018,6.824,13178094720.499,4107.643,5.377,9.034,7.961,7.745,-14.437,22.501,28.507,16.689,11943636998.207,65.965,MNG,5.326335
2017,Mongolia,5.125,,,,,,,,,,MNG2017,4.301,11480847740.736,3645.967,6.359,8.309,10.8,5.637,-10.064,23.702,24.821,13.547,9872124813.335,,MNG,5.144889
2016,Mongolia,4.955,,,,,,,,,,MNG2016,0.733,11181350649.357,3619.9,7.235,16.262,2.993,1.49,-6.257,27.399,21.146,11.351,10260106001.649,,MNG,4.947842
2015,Mongolia,4.907,,,,,,,,,,MNG2015,5.736,11619892590.694,3838.921,4.861,18.838,0.61,2.38,-8.162,24.313,22.815,11.894,10652455621.448,,MNG,5.0516806
2014,Mongolia,4.874,,,,,,,,,,MNG2014,12.254,12226514668.062,4126.24,4.798,10.774,7.449,7.885,-15.821,23.733,25.155,12.902,11232542766.233,,MNG,4.8857927
2012,Mongolia,4.834,,,,,,,,,,MNG2012,14.33,12292770631.565,4328.89,3.905,4.725,12.784,12.32,-43.771,27.075,25.617,15.312,11343401728.812,,MNG,4.872568
2011,Mongolia,4.562,,,,,,,,,,MNG2011,8.411,10409797377.857,3736.042,4.769,1.294,15.119,17.291,-43.346,24.431,28.593,18.467,9551979901.622,,MNG,4.6074004
2024,Montenegro,5.877,5.789,5.965,1.507,1.551,0.618,0.768,0.075,0.138,1.22,MNE2024,3.337,,,14.1,,,,,,,,,,MNE,4.247596
2023,Montenegro,5.707,5.599,5.815,1.571,1.318,0.587,0.632,0.11,0.132,1.357,MNE2023,8.585,7530593375.22,12221.478,14.621,-3.798,10.543,6.338,-11.308,,,,7604564025.478,,MNE,5.799995
2022,Montenegro,5.722,5.503,5.941,1.537,1.385,0.424,0.563,0.17,0.061,1.581,MNE2022,13.04,6229801580.792,10093.439,14.851,-5.978,12.355,6.407,-13.128,,,,6353915382.642,,MNE,5.8151236
2021,Montenegro,5.547,5.413,5.681,1.573,1.023,0.659,0.46,0.135,0.077,1.619,MNE2021,2.411,5861427505.125,9465.962,16.543,0.988,4.726,13.043,-9.233,,,,5982455401.555,,MNE,5.7338114
2020,Montenegro,5.581,5.475,5.686,1.155,0.891,0.637,0.397,0.166,0.081,2.254,MNE2020,-0.256,4769996866.008,7677.371,17.878,6.093,-0.176,-15.307,-25.934,,,,4845904669.649,,MNE,5.1157713
2019,Montenegro,5.546,5.45,5.642,1.01,1.266,0.839,0.303,0.149,0.098,1.881,MNE2019,0.362,5542054181.126,8909.654,15.128,4.071,2.022,4.063,-14.357,,,,5604334042.315,,MNE,5.761791
2018,Montenegro,5.523,,,,,,,,,,MNE2018,2.611,5506942238.357,8850.375,15.19,3.2,3.226,5.078,-17.124,,,,5571825861.24,,MNE,5.6547513
2017,Montenegro,5.347,,,,,,,,,,MNE2017,2.38,4856599480.799,7803.358,16.082,3.247,3.825,4.716,-15.678,,,,4956345528.611,,MNE,5.2315626
2016,Montenegro,5.237,,,,,,,,,,MNE2016,-0.271,4376930578.324,7033.44,17.732,2.731,5.101,2.949,-16.164,,,,4415192363.25,,MNE,5.187423
2015,Montenegro,5.161,,,,,,,,,,MNE2015,1.549,4054730077.577,6517.193,17.555,6.568,2.22,3.39,-10.929,,,,4143543186.7,,MNE,5.1470933
2014,Montenegro,5.192,,,,,,,,,,MNE2014,-0.711,4593853290.963,7387.873,18.054,8.29,1.036,1.784,-12.417,,,,4654833219.968,,MNE,5.2182612
2012,Montenegro,5.299,,,,,,,,,,MNE2012,4.145,4087526241.813,6586.4,19.808,9.369,0.177,-2.724,-15.625,,,,4156682443.874,,MNE,5.3933434
2011,Montenegro,5.147,,,,,,,,,,MNE2011,3.45,4544428421.495,7328.789,19.759,8.383,1.203,3.228,-14.627,,,,4580993271.289,,MNE,5.305771
2024,Morocco,4.622,4.509,4.736,1.139,0.635,0.585,0.748,0.031,0.095,1.388,MAR2024,0.985,,,8.943,,,,,,,,,,MAR,4.499055
2023,Morocco,4.795,4.677,4.912,1.213,0.471,0.495,0.631,0.042,0.082,1.861,MAR2023,6.091,144417103249.646,3771.446,9.044,,6.361,3.403,-0.617,26.909,26.445,20.976,142354111742.215,,MAR,5.4856367
2022,Morocco,4.903,4.783,5.023,1.236,0.535,0.337,0.54,0.013,0.085,2.158,MAR2022,6.657,130951926351.241,3455.396,9.494,,2.662,1.527,-3.666,28.208,26.888,22.109,129037582204.306,,MAR,5.1664257
2021,Morocco,5.06,4.938,5.181,1.208,0.268,0.565,0.492,0.02,0.102,2.405,MAR2021,1.402,142022058447.231,3785.936,10.576,,2.415,8.155,-2.358,25.631,24.211,19.665,140063329923.044,,MAR,5.1511006
2020,Morocco,4.918,4.8,5.036,0.792,0.219,0.558,0.477,0.034,0.088,2.749,MAR2020,0.706,121353645057.144,3268.03,11.223,,0.142,-7.178,-1.128,27.21,26.565,20.022,120193575825.745,,MAR,4.911281
2019,Morocco,5.095,4.986,5.204,0.759,0.645,0.745,0.45,0.04,0.077,2.378,MAR2019,0.303,128920266409.458,3508.098,9.194,,0.817,2.891,-3.418,23.388,23.683,19.914,126978615953.539,,MAR,5.2846613
2018,Morocco,5.208,,,,,,,,,,MAR2018,1.804,127341147581.818,3501.698,9.271,,0.939,3.066,-4.873,22.858,23.878,20.286,125425336311.069,,MAR,5.1855702
2017,Morocco,5.254,,,,,,,,,,MAR2017,0.755,118540573367.844,3296.527,9.223,,-0.061,5.058,-3.102,22.679,23.368,20.13,116714427716.555,,MAR,5.195555
2016,Morocco,5.235,,,,,,,,,,MAR2016,1.635,111572947004.917,3140.855,9.3,,0.97,0.521,-3.746,22.769,23.329,19.867,110026167792.814,,MAR,5.299612
2015,Morocco,5.151,,,,,,,,,,MAR2015,1.558,110413823841.592,3146.248,9.46,,3.173,4.345,-1.957,23.061,23.691,19.437,108703008127.117,,MAR,5.148491
2014,Morocco,5.013,,,,,,,,,,MAR2014,0.442,119130841411.664,3435.407,9.7,,0.215,2.719,-5.538,25.417,24.515,20.354,116737884764.791,,MAR,5.021851
2012,Morocco,4.885,,,,,,,,,,MAR2012,1.287,106937392311.129,3164.177,8.99,,0.533,3.062,-8.95,27.369,25.716,21.965,104953373174.425,,MAR,5.000077
2011,Morocco,4.793,,,,,,,,,,MAR2011,0.907,110080631332.375,3301.989,8.91,,-0.599,5.525,-7.267,27.064,24.899,21.453,108370716160.633,51.226,MAR,4.941947
2024,Mozambique,5.19,5.004,5.376,0.559,1.131,0.124,0.813,0.127,0.173,2.262,MOZ2024,,,,3.527,,,,,,,,,,MOZ,4.9422626
2023,Mozambique,5.216,5.027,5.406,0.56,0.883,0.156,0.728,0.158,0.196,2.536,MOZ2023,7.127,20954220983.547,622.986,3.519,17.472,5.301,5.437,-10.534,,,,19117015861.59,,MOZ,4.2256737
2022,Mozambique,4.954,4.727,5.181,0.57,0.885,0.0,0.625,0.161,0.192,2.519,MOZ2022,10.279,18883528581.373,578.252,3.596,10.061,9.152,4.364,-33.716,26.004,24.57,22.662,17461632220.209,76.635,MOZ,4.5529943
2021,Mozambique,5.048,4.823,5.273,0.578,0.66,0.191,0.593,0.185,0.2,2.641,MOZ2021,6.408,16168055475.445,509.908,4.053,13.023,4.551,2.377,-21.193,23.304,25.11,22.748,15828197520.813,84.157,MOZ,4.375305
2020,Mozambique,4.794,4.592,4.997,0.183,0.634,0.196,0.608,0.228,0.163,2.783,MOZ2020,3.484,14235420174.188,462.434,3.921,13.476,3.172,-1.22,-24.991,22.905,22.689,21.527,13948700692.435,101.391,MOZ,4.296908
2019,Mozambique,4.624,4.468,4.779,0.179,0.955,0.324,0.561,0.22,0.163,2.221,MOZ2019,2.803,15512759046.672,519.093,3.646,13.643,4.678,2.318,-16.076,20.043,28.516,26.683,15236312737.543,78.878,MOZ,4.4921165
2018,Mozambique,4.466,,,,,,,,,,MOZ2018,3.911,15017358952.845,517.507,3.604,18.487,3.795,3.485,-29.467,19.649,23.01,21.193,14730512197.949,81.354,MOZ,4.485941
2017,Mozambique,4.417,,,,,,,,,,MOZ2017,15.113,13264640645.777,470.939,3.539,18.409,7.978,2.638,-17.939,17.626,23.923,22.112,12884983781.301,78.505,MOZ,4.3758163
2016,Mozambique,4.55,,,,,,,,,,MOZ2016,17.418,12069051237.171,441.49,3.457,8.038,12.161,4.697,-33.692,18.52,21.394,20.077,11833552380.143,92.242,MOZ,4.5379453
2014,Mozambique,4.971,,,,,,,,,,MOZ2014,2.56,17978246586.066,697.143,3.377,13.565,1.086,7.703,-32.245,,27.223,23.965,17776333933.473,,MOZ,4.902396
2012,Mozambique,4.971,,,,,,,,,,MOZ2012,2.602,16688114144.074,685.686,3.305,13.219,3.175,7.995,-40.688,22.244,20.512,18.629,16612647548.809,,MOZ,4.8076267
2011,Mozambique,4.693,,,,,,,,,,MOZ2011,11.167,14619279988.716,618.176,3.296,16.367,2.348,7.134,-22.77,21.295,18.694,16.8,14364079955.001,,MOZ,4.654003
2024,Myanmar,4.321,4.172,4.471,0.975,1.144,0.446,0.569,0.322,0.163,0.702,MMR2024,,,,3.032,,,,,,,,,,MMR,4.9026494
2023,Myanmar,4.354,4.208,4.501,0.978,0.988,0.436,0.45,0.401,0.174,0.928,MMR2023,,66757619000.0,1233.197,3.032,,10.788,0.958,,,,,65509819000.0,,MMR,4.376157
2022,Myanmar,4.372,4.212,4.533,1.032,1.125,0.269,0.46,0.4,0.194,0.893,MMR2022,,62253049891.645,1158.05,3.057,,6.164,4.037,,,,,61143674717.804,,MMR,4.5776153
2021,Myanmar,4.394,4.277,4.511,1.038,0.829,0.491,0.513,0.452,0.194,0.877,MMR2021,,66345291160.168,1242.721,4.34,,19.517,-12.016,,,,,65297947226.451,,MMR,4.2252407
2020,Myanmar,4.426,4.324,4.527,0.666,0.713,0.341,0.601,0.52,0.178,1.407,MMR2020,,79006113643.191,1490.217,1.476,9.008,5.344,-9.048,,,,,77509313176.581,,MMR,4.37259
2019,Myanmar,4.308,4.224,4.392,0.678,1.098,0.495,0.597,0.57,0.188,0.681,MMR2019,8.825,75065106227.689,1425.99,0.407,10.033,5.423,6.579,0.09,13.776,14.389,6.018,72641276228.21,,MMR,4.6796956
2018,Myanmar,4.36,,,,,,,,,,MMR2018,6.872,67860515989.517,1298.213,0.767,10.118,5.341,6.269,-3.774,6.381,7.013,2.757,65984255989.64,,MMR,4.399312
2017,Myanmar,4.308,,,,,,,,,,MMR2017,4.573,66053040483.002,1272.822,1.356,9.565,5.873,6.136,-7.444,16.92,15.985,6.078,63958040482.751,,MMR,4.3151474
2016,Myanmar,4.545,,,,,,,,,,MMR2016,6.929,63298361996.215,1229.197,1.058,11.952,3.616,5.862,-3.032,15.348,16.79,7.176,61653951995.848,,MMR,4.469435
2015,Myanmar,4.395,,,,,,,,,,MMR2015,9.454,59607290407.594,1166.733,0.766,11.392,4.137,6.993,-5.216,17.04,18.506,6.011,57499580407.606,,MMR,4.4032493
2014,Myanmar,4.307,,,,,,,,,,MMR2014,4.953,65531374199.674,1293.0,0.763,11.635,3.91,8.17,-3.787,16.494,22.028,5.841,62535394200.176,,MMR,4.463597
2012,Myanmar,4.439,,,,,,,,,,MMR2012,1.468,59937796648.216,1202.666,0.767,12.479,3.13,7.333,-2.102,10.55,19.701,4.524,57556421307.723,,MMR,4.389533
2011,Myanmar,5.322,,,,,,,,,,MMR2011,5.021,59977326085.991,1213.629,0.75,8.932,10.255,5.591,-2.603,,,,59964576988.509,,MMR,5.168599
2024,Namibia,4.911,4.797,5.025,1.182,1.482,0.104,0.564,0.052,0.056,1.47,NAM2024,4.239,,,19.148,,,,,,,,,,NAM,4.4379716
2023,Namibia,4.832,4.705,4.958,1.266,1.212,0.307,0.47,0.069,0.061,1.446,NAM2023,5.88,12351025066.913,4168.285,19.365,4.241,6.414,4.16,-14.647,,,,11781635235.626,,NAM,5.102315
2022,Namibia,4.631,4.496,4.766,1.289,1.126,0.145,0.383,0.069,0.071,1.549,NAM2022,6.081,12567271004.676,4349.045,19.695,2.034,6.448,5.35,-12.815,35.724,31.295,27.172,12080731344.085,,NAM,4.775614
2021,Namibia,4.459,4.326,4.593,1.292,0.877,0.354,0.384,0.067,0.071,1.414,NAM2021,3.617,12402486183.64,4412.836,20.922,5.245,1.534,3.604,-11.23,37.603,30.207,28.064,11934183889.963,,NAM,4.6759753
2020,Namibia,4.574,4.448,4.7,0.882,0.801,0.262,0.411,0.091,0.059,2.068,NAM2020,2.209,10583748541.526,3878.59,21.004,3.094,4.632,-8.101,2.987,40.315,33.032,31.206,10539865094.82,,NAM,4.622389
2019,Namibia,4.571,4.452,4.691,0.84,1.246,0.407,0.445,0.076,0.054,1.503,NAM2019,3.722,12541928303.48,4731.921,19.921,8.867,0.926,-0.839,-1.765,34.524,32.24,30.393,12234173555.549,,NAM,4.809028
2018,Namibia,4.639,,,,,,,,,,NAM2018,4.292,13682019076.402,5308.608,19.877,5.471,4.428,1.06,-3.552,35.099,30.732,28.932,13176748522.851,,NAM,4.666362
2017,Namibia,4.441,,,,,,,,,,NAM2017,6.146,12895153370.913,5143.961,21.733,0.098,9.919,-1.027,-4.421,38.562,32.69,31.308,12661495881.248,,NAM,4.4877653
2016,Namibia,4.574,,,,,,,,,,NAM2016,6.729,10722018732.094,4395.688,23.352,1.737,7.969,0.034,-16.497,35.452,31.066,29.673,10511261596.57,,NAM,4.5960097
2015,Namibia,4.574,,,,,,,,,,NAM2015,3.394,11335161083.506,4774.107,20.808,5.256,3.865,4.264,-13.758,38.001,35.655,33.422,11317050632.433,,NAM,4.6693544
2011,Namibia,4.886,,,,,,,,,,NAM2011,5.006,12523359440.55,5834.792,19.476,4.735,3.815,5.091,-6.848,34.198,32.529,29.551,12010748072.781,,NAM,4.8252945
2024,Nepal,5.311,5.184,5.437,0.944,1.21,0.463,0.764,0.155,0.099,1.676,NPL2024,,,,10.706,,,,,,,,,,NPL,4.632007
2023,Nepal,5.158,5.027,5.29,0.965,0.99,0.443,0.653,0.209,0.115,1.783,NPL2023,7.115,40908073366.846,1377.626,10.628,,5.416,1.953,0.359,,,,41385089422.558,,NPL,4.4332066
2022,Nepal,5.36,5.214,5.507,0.979,1.027,0.281,0.567,0.215,0.104,2.187,NPL2022,7.651,41182939600.67,1385.911,10.844,,8.241,5.631,-7.499,,,,41421597989.094,,NPL,4.4945645
2021,Nepal,5.377,5.251,5.502,0.984,0.784,0.499,0.519,0.237,0.13,2.224,NPL2021,4.15,36924841394.26,1252.751,12.186,,6.763,4.838,-14.524,19.442,19.882,17.485,37122384063.19,39.922,NPL,4.386347
2020,Nepal,5.269,5.132,5.406,0.519,0.702,0.496,0.488,0.287,0.135,2.642,NPL2020,5.052,33433659301.247,1154.215,12.975,,3.217,-2.37,-0.252,20.165,19.365,15.774,33828751647.554,39.049,NPL,4.2966475
2019,Nepal,5.137,5.024,5.25,0.444,1.101,0.669,0.481,0.301,0.128,2.014,NPL2019,5.569,34186180699.026,1203.143,10.389,,4.691,6.657,-5.13,21.702,22.401,19.809,34539791626.554,31.777,NPL,4.7946086
2018,Nepal,4.913,,,,,,,,,,NPL2018,4.061,33111525237.149,1179.198,10.559,,4.356,7.622,-8.301,20.166,22.017,19.083,33328197894.509,,NPL,4.778841
2017,Nepal,4.88,,,,,,,,,,NPL2017,3.627,28971588940.364,1034.284,10.66,,8.261,8.977,-3.564,16.854,19.937,17.999,29263410261.849,,NPL,4.7706532
2016,Nepal,4.962,,,,,,,,,,NPL2016,8.79,24524109483.529,877.256,10.742,,7.15,0.433,-0.684,14.227,18.576,16.144,24843843665.683,,NPL,4.870264
2015,Nepal,4.793,,,,,,,,,,NPL2015,7.869,24360801286.764,875.544,10.644,,4.409,3.976,10.043,13.99,16.993,14.686,24704984111.051,,NPL,4.663328
2014,Nepal,4.514,,,,,,,,,,NPL2014,8.364,22731612922.191,821.455,10.617,,8.035,6.011,2.183,13.583,16.234,13.995,23065091325.524,,NPL,4.5974097
2012,Nepal,4.156,,,,,,,,,,NPL2012,9.46,21703100877.131,788.203,10.643,,7.741,4.67,2.661,13.839,13.891,12.041,21854809619.747,,NPL,4.235471
2011,Nepal,4.474,,,,,,,,,,NPL2011,9.227,21573872420.701,785.519,10.64,,26.397,3.422,1.338,13.938,13.057,11.625,21678317045.909,,NPL,4.3801036
2024,Netherlands,7.306,7.24,7.372,1.822,1.667,0.844,0.86,0.186,0.344,1.583,NLD2024,3.348,,,3.599,,,,,,,,,,NLD,4.9946246
2023,Netherlands,7.319,7.256,7.383,1.901,1.462,0.706,0.725,0.247,0.372,1.906,NLD2023,3.838,1154361305398.06,64572.006,3.537,,7.344,0.075,9.848,39.316,38.802,24.841,1144673458276.42,,NLD,7.472649
2022,Netherlands,7.403,7.346,7.46,1.942,1.488,0.545,0.672,0.251,0.394,2.11,NLD2022,10.001,1046540797548.64,59123.319,3.526,,6.156,5.007,6.658,39.365,39.167,23.899,999999206889.109,,NLD,7.434671
2021,Netherlands,7.415,7.359,7.471,1.945,1.206,0.787,0.651,0.271,0.419,2.137,NLD2021,2.676,1054472123449.6,60141.988,4.209,,2.747,6.277,10.047,41.795,39.441,24.309,1046137352484.48,,NLD,7.453968
2020,Netherlands,7.464,7.41,7.518,1.501,1.079,0.753,0.647,0.302,0.384,2.798,NLD2020,1.272,932560861701.17,53467.928,3.82,,2.356,-3.868,5.618,43.024,39.84,23.923,880056390964.983,,NLD,7.461265
2019,Netherlands,7.449,7.394,7.503,1.339,1.464,0.976,0.614,0.336,0.369,2.352,NLD2019,2.634,928903005576.469,53554.901,3.379,,3.028,2.3,6.839,37.498,39.59,23.576,891679358650.979,,NLD,7.425334
2018,Netherlands,7.488,,,,,,,,,,NLD2018,1.703,929733599796.862,53955.077,3.832,,2.533,2.259,8.98,37.987,39.504,22.952,910598593874.509,,NLD,7.497156
2017,Netherlands,7.441,,,,,,,,,,NLD2017,1.381,848233537845.884,49513.682,4.837,,1.439,2.782,8.128,38.285,39.544,23.061,824285426585.884,,NLD,7.44699
2016,Netherlands,7.377,,,,,,,,,,NLD2016,0.317,797163949289.885,46808.529,6.007,,0.566,2.424,7.275,39.443,39.482,22.348,765032765730.352,,NLD,7.285357
2015,Netherlands,7.339,,,,,,,,,,NLD2015,0.6,775743675302.734,45793.814,6.872,,0.888,2.121,4.919,40.613,38.705,21.796,757772895013.281,,NLD,7.2216353
2014,Netherlands,7.378,,,,,,,,,,NLD2014,0.976,901556501756.467,53457.223,7.419,,0.344,1.613,8.852,41.947,39.73,21.539,883166065399.213,,NLD,7.4402046
2012,Netherlands,7.512,,,,,,,,,,NLD2012,2.456,845689017065.625,50473.944,5.821,0.292,1.329,-0.978,7.826,42.138,38.925,20.322,829582906275.0,,NLD,7.437322
2011,Netherlands,7.512,,,,,,,,,,NLD2011,2.341,913140741332.687,54701.773,4.977,1.753,0.243,1.773,7.223,41.89,38.473,20.664,902234771926.072,,NLD,7.479992
2024,New Zealand,6.952,6.874,7.031,1.698,1.712,0.815,0.861,0.167,0.429,1.27,NZL2024,2.923,,,4.869,,,,,,,,,,NZL,4.8396873
2023,New Zealand,7.029,6.954,7.105,1.81,1.527,0.673,0.746,0.226,0.48,1.567,NZL2023,5.733,252175506110.168,48280.811,3.729,,4.759,0.733,-6.767,,,,244146718394.277,,NZL,6.09439
2022,New Zealand,7.123,7.048,7.198,1.842,1.544,0.513,0.672,0.23,0.471,1.852,NZL2022,7.172,246733522841.353,48216.51,3.297,,5.587,2.775,-8.765,35.926,33.61,29.934,239404000803.12,54.567,NZL,7.167691
2021,New Zealand,7.2,7.12,7.279,1.852,1.235,0.752,0.68,0.245,0.483,1.954,NZL2021,3.941,253644079784.977,49624.182,3.776,,4.578,4.546,-5.837,33.651,32.829,29.06,246933088131.277,51.37,NZL,7.4096212
2020,New Zealand,7.277,7.198,7.355,1.4,1.094,0.785,0.665,0.276,0.445,2.612,NZL2020,1.715,212697530897.56,41785.692,4.595,,1.955,-0.425,-1.129,36.403,31.737,27.377,208606894464.654,46.119,NZL,7.357838
2019,New Zealand,7.3,7.222,7.377,1.242,1.487,1.008,0.647,0.326,0.461,2.128,NZL2019,1.62,212846907683.439,42747.21,4.109,,3.086,2.362,-2.793,30.086,32.793,28.17,207518405665.816,32.789,NZL,7.2306547
2018,New Zealand,7.307,,,,,,,,,,NZL2018,1.598,211846555690.736,43228.698,4.335,-1.723,1.753,3.499,-4.048,29.704,32.033,27.482,204160040592.513,36.631,NZL,7.2648478
2017,New Zealand,7.324,,,,,,,,,,NZL2017,1.851,206566916732.292,42913.187,4.736,1.103,3.617,3.397,-2.809,29.921,32.153,27.331,198736921883.604,38.663,NZL,7.303491
2016,New Zealand,7.314,,,,,,,,,,NZL2016,0.646,188898209220.167,40070.896,5.147,2.549,2.41,3.748,-2.126,30.728,32.375,27.277,182801552357.251,41.403,NZL,7.2875385
2015,New Zealand,7.334,,,,,,,,,,NZL2015,0.293,178104220784.881,38639.35,5.415,4.257,1.444,3.734,-2.618,31.537,32.735,27.412,172197562719.015,42.93,NZL,7.229602
2014,New Zealand,7.286,,,,,,,,,,NZL2014,1.228,201337554959.49,44578.225,5.428,5.298,0.481,3.754,-3.091,32.356,32.675,26.851,193229267483.34,43.91,NZL,7.281689
2012,New Zealand,7.221,,,,,,,,,,NZL2012,1.06,176210710655.208,39974.3,6.931,6.025,-0.19,2.289,-3.909,35.03,33.151,26.909,168876091936.708,51.657,NZL,7.1770334
2011,New Zealand,7.372,,,,,,,,,,NZL2011,4.028,168295307149.46,38388.528,6.491,3.553,2.468,2.241,-2.866,40.086,33.859,25.667,160666204294.734,48.136,NZL,7.2134857
2024,Nicaragua,6.33,6.186,6.475,1.084,1.47,0.646,0.912,0.103,0.271,1.844,NIC2024,4.625,,,4.574,,,,,,,,,,NIC,4.9443083
2023,Nicaragua,6.284,6.135,6.433,1.097,1.263,0.542,0.793,0.133,0.251,2.203,NIC2023,8.388,17829218219.359,2612.871,4.716,-1.073,10.669,4.569,7.747,16.261,21.48,19.916,16935018482.106,,NIC,5.689329
2022,Nicaragua,6.259,6.109,6.408,1.109,1.292,0.385,0.66,0.148,0.218,2.448,NIC2022,10.467,15649897116.896,2325.167,4.961,0.415,8.778,3.752,-2.472,16.673,21.484,19.841,14530697776.478,,NIC,5.576785
2021,Nicaragua,6.165,6.017,6.312,1.105,1.029,0.617,0.617,0.168,0.212,2.418,NIC2021,4.928,14144060853.136,2128.61,6.118,5.869,3.543,10.316,-3.824,17.257,20.616,18.907,13248461277.539,,NIC,5.3461905
2020,Nicaragua,5.972,5.81,6.134,0.693,0.904,0.604,0.553,0.201,0.176,2.841,NIC2020,3.682,12681569254.282,1931.615,6.201,5.487,5.393,-1.756,3.707,16.474,18.554,17.071,11871469383.254,,NIC,5.2925606
2019,Nicaragua,6.137,6.012,6.262,0.62,1.271,0.803,0.56,0.213,0.174,2.496,NIC2019,5.376,12699028889.666,1958.621,5.472,6.7,5.395,-2.897,5.938,16.452,18.847,17.422,12232628822.995,,NIC,5.520865
2018,Nicaragua,6.105,,,,,,,,,,NIC2018,4.947,13025234820.822,2035.168,5.2,8.024,2.658,-3.364,-1.797,16.847,16.962,15.699,12373034902.721,,NIC,6.0004144
2017,Nicaragua,6.141,,,,,,,,,,NIC2017,3.851,13785924216.272,2182.619,3.3,6.394,4.123,4.633,-7.16,16.522,17.826,16.574,13074230327.719,,NIC,5.954509
2016,Nicaragua,6.071,,,,,,,,,,NIC2016,3.523,13286101094.386,2131.688,3.9,6.548,4.59,4.563,-8.483,16.394,17.383,16.166,12651897675.931,,NIC,5.947113
2015,Nicaragua,5.992,,,,,,,,,,NIC2015,3.997,12756685550.339,2074.454,4.7,4.148,7.589,4.791,-9.873,15.924,16.728,15.59,12267685461.403,,NIC,5.8727055
2014,Nicaragua,5.828,,,,,,,,,,NIC2014,6.036,11880433902.936,1958.37,4.52,4.748,8.392,4.786,-8.028,15.428,16.435,15.316,11432533909.649,,NIC,5.6315465
2012,Nicaragua,5.507,,,,,,,,,,NIC2012,7.194,10531980451.185,1784.692,5.208,5.413,6.243,6.496,-11.724,15.229,16.421,15.009,10116180544.456,,NIC,5.2784023
2011,Nicaragua,5.115,,,,,,,,,,NIC2011,8.082,9774320144.0,1679.71,6.618,0.294,10.214,6.317,-11.908,14.975,15.761,14.52,9505620189.247,,NIC,5.0920286
2024,Niger,4.725,4.588,4.863,0.606,0.796,0.258,0.759,0.122,0.137,2.048,NER2024,9.072,,,0.355,,,,,,,,,,NER,5.12543
2023,Niger,4.556,4.401,4.712,0.573,0.677,0.293,0.615,0.145,0.147,2.107,NER2023,3.701,16819170420.565,642.938,0.425,,3.388,2.5,-13.87,,,,16182366023.882,,NER,4.112208
2022,Niger,4.501,4.291,4.712,0.561,0.628,0.137,0.54,0.154,0.14,2.341,NER2022,4.226,15433852712.296,609.745,0.418,,4.019,11.9,-16.199,,,,14058647971.553,,NER,4.4972754
2021,Niger,5.003,4.76,5.247,0.57,0.56,0.326,0.571,0.165,0.145,2.667,NER2021,3.838,14915002436.069,608.722,0.78,,3.119,1.384,-14.074,,,,15188308377.35,,NER,4.064825
2020,Niger,5.074,4.875,5.273,0.162,0.402,0.167,0.516,0.2,0.157,3.47,NER2020,2.898,13744653103.058,579.512,0.594,,1.163,3.551,-13.21,,,,13156291934.165,,NER,4.1597695
2019,Niger,4.91,4.758,5.061,0.108,0.704,0.299,0.435,0.208,0.138,3.018,NER2019,-2.49,12889555561.23,561.691,0.531,,-0.024,5.94,-12.199,,,,13479237677.173,,NER,3.9114497
2018,Niger,4.628,,,,,,,,,,NER2018,2.968,12837307496.882,578.568,0.535,,2.404,7.211,-12.659,,,,13405990160.982,,NER,4.493881
2017,Niger,4.166,,,,,,,,,,NER2017,2.796,11185104251.694,521.804,0.554,4.754,0.368,5.005,-11.393,,,,11600276120.445,,NER,4.076414
2016,Niger,4.028,,,,,,,,,,NER2016,1.654,10398861981.758,502.706,0.548,3.441,1.793,5.741,-11.363,,,,10734604834.954,,NER,4.05616
2015,Niger,3.856,,,,,,,,,,NER2015,-0.576,9683867926.443,485.663,0.553,2.841,2.249,4.393,-15.347,,,,10161942025.714,,NER,3.8945594
2014,Niger,3.845,,,,,,,,,,NER2014,-0.93,10862943543.542,565.31,0.524,5.767,-0.406,6.642,-12.031,,,,11351529661.747,,NER,3.8853395
2012,Niger,4.152,,,,,,,,,,NER2012,0.455,9426912647.591,528.51,2.177,-0.256,5.308,10.549,-10.837,,,,9746582481.364,,NER,4.1496425
2011,Niger,4.122,,,,,,,,,,NER2011,2.942,8772950777.792,510.76,0.316,1.235,3.972,2.358,-16.334,,,,9327272805.035,,NER,4.0609384
2024,Nigeria,4.885,4.748,5.022,0.989,1.245,0.38,0.639,0.17,0.028,1.433,NGA2024,,,,2.989,,,,,,,,,,NGA,4.9026494
2023,Nigeria,4.881,4.744,5.018,1.042,1.075,0.256,0.566,0.201,0.019,1.722,NGA2023,24.66,363846332834.618,1596.637,3.074,1.233,12.622,2.86,1.655,,,,352906093813.226,,NGA,5.073869
2022,Nigeria,4.981,4.825,5.136,1.065,1.007,0.092,0.448,0.176,0.013,2.181,NGA2022,18.847,477403400101.174,2139.375,3.821,0.919,11.311,3.252,0.213,,,,464530827755.53,,NGA,5.382402
2021,Nigeria,4.552,4.453,4.651,1.079,0.732,0.3,0.444,0.175,0.038,1.784,NGA2021,16.953,440833635873.827,2017.275,5.45,1.228,10.131,3.647,-0.738,,,,432250677057.07,,NGA,5.1799965
2020,Nigeria,4.759,4.658,4.861,0.663,0.625,0.051,0.433,0.212,0.039,2.736,NGA2020,13.246,432198898467.795,2019.657,5.742,5.371,7.849,-1.794,-3.699,,,,427431916390.616,,NGA,5.0250254
2019,Nigeria,4.724,4.622,4.826,0.646,0.987,0.168,0.435,0.221,0.048,2.22,NGA2019,11.396,474517490844.461,2265.155,5.206,4.522,10.385,2.208,-2.884,,,,465356470849.403,,NGA,4.9909377
2018,Nigeria,5.265,,,,,,,,,,NGA2018,12.095,421739251509.08,2057.879,5.067,6.056,10.228,1.923,1.727,,,,410486871490.792,,NGA,5.173551
2017,Nigeria,5.155,,,,,,,,,,NGA2017,16.502,375745731053.427,1876.34,4.828,5.791,11.119,0.806,3.61,,,,367400071058.266,,NGA,4.892758
2016,Nigeria,5.074,,,,,,,,,,NGA2016,15.697,404649125252.16,2070.413,4.499,6.686,9.544,-1.617,1.255,,,,398387885254.181,,NGA,5.172836
2015,Nigeria,4.875,,,,,,,,,,NGA2015,9.009,493026682800.63,2585.734,4.135,13.596,2.864,2.653,-3.131,,,,480318932817.476,,NGA,5.025083
2014,Nigeria,5.268,,,,,,,,,,NGA2014,8.047,574183763411.508,3088.721,3.902,11.356,4.663,6.31,0.158,,,,555021693443.684,,NGA,5.2656646
2012,Nigeria,5.248,,,,,,,,,,NGA2012,12.224,463971018239.281,2633.197,3.76,6.225,9.948,4.23,3.745,,,,441706108191.483,,NGA,5.345567
2011,Nigeria,4.856,,,,,,,,,,NGA2011,10.826,414466676831.16,2418.413,3.77,5.686,9.778,5.308,2.574,,,,391494346889.747,,NGA,5.1311245
2024,North Macedonia,5.503,5.409,5.597,1.458,1.537,0.544,0.637,0.13,0.007,1.19,MKD2024,3.49,,,13.417,,,,,,,,,,MKD,4.313431
2023,North Macedonia,5.369,5.27,5.468,1.475,1.277,0.569,0.58,0.194,0.015,1.26,MKD2023,9.362,15763621848.115,8624.294,13.174,-2.158,7.766,2.073,0.359,,,,14961106563.428,,MKD,5.0457187
2022,North Macedonia,5.254,5.146,5.361,1.498,1.171,0.408,0.515,0.207,0.02,1.435,MKD2022,14.205,13932436550.088,7606.238,14.476,-3.895,8.874,2.759,-6.237,,,,13334444854.332,,MKD,4.9330378
2021,North Macedonia,5.199,5.095,5.303,1.505,0.863,0.637,0.488,0.215,0.031,1.461,MKD2021,3.231,14000283827.015,7620.803,15.801,0.549,4.286,4.511,-2.677,33.33,28.837,17.393,13385879515.777,,MKD,4.6948466
2020,North Macedonia,5.101,5.001,5.202,1.068,0.772,0.535,0.45,0.212,0.022,2.042,MKD2020,1.2,12361036913.841,6659.597,16.575,3.767,1.374,-4.688,-2.916,34.924,27.697,16.127,11892343875.374,,MKD,5.122324
2019,North Macedonia,5.16,5.068,5.251,0.935,1.183,0.803,0.41,0.186,0.025,1.618,MKD2019,0.766,12606338448.547,6718.858,17.414,4.7,0.868,3.91,-2.986,29.687,28.334,17.083,12024667114.976,,MKD,4.794462
2018,North Macedonia,5.274,,,,,,,,,,MKD2018,1.458,12683068114.239,6713.989,21.208,2.098,3.926,2.881,0.143,27.845,26.821,17.575,12150990659.47,,MKD,5.066097
2017,North Macedonia,5.185,,,,,,,,,,MKD2017,1.352,11307067069.666,5955.297,22.857,3.696,2.807,1.082,-0.586,27.997,26.47,17.161,10859414347.173,,MKD,5.0744123
2016,North Macedonia,5.175,,,,,,,,,,MKD2016,-0.239,10672467073.287,5598.486,24.312,3.433,3.465,2.848,-2.664,27.783,26.427,16.951,10247925155.735,,MKD,5.1438127
2015,North Macedonia,5.121,,,,,,,,,,MKD2015,-0.3,10064519962.566,5262.687,26.395,5.346,2.003,3.856,-1.712,28.795,26.957,16.818,9747431783.183,,MKD,5.050326
2014,North Macedonia,5.007,,,,,,,,,,MKD2014,-0.282,11362265252.778,5925.386,28.215,6.228,1.447,3.629,-0.482,28.367,26.059,16.235,11149662118.446,,MKD,4.9612193
2012,North Macedonia,4.574,,,,,,,,,,MKD2012,3.316,9745261300.578,5049.827,31.096,7.985,1.003,-0.456,-3.275,29.373,27.857,16.417,9534185814.44,,MKD,4.6802225
2011,North Macedonia,4.369,,,,,,,,,,MKD2011,3.905,10494626767.644,5416.867,31.502,5.667,3.722,2.34,-2.494,28.982,28.332,17.0,10307350188.472,,MKD,4.5312676
2024,Norway,7.262,7.171,7.353,1.902,1.711,0.863,0.962,0.168,0.425,1.231,NOR2024,3.145,,,3.97,,,,,,,,,,NOR,4.93564
2023,Norway,7.302,7.215,7.389,1.952,1.517,0.704,0.835,0.224,0.484,1.586,NOR2023,5.518,485310823603.662,87925.094,3.572,17.82,-10.619,0.48,17.33,35.719,53.973,26.921,507846254957.478,,NOR,7.3676867
2022,Norway,7.315,7.229,7.402,1.994,1.521,0.544,0.752,0.212,0.463,1.829,NOR2022,5.764,593726965415.619,108798.451,3.231,-19.443,28.162,3.006,28.753,29.419,56.533,31.48,596856513825.084,,NOR,7.160135
2021,Norway,7.365,7.29,7.44,1.997,1.239,0.786,0.728,0.217,0.474,1.925,NOR2021,3.484,503367986030.268,93072.893,4.359,-14.923,20.213,3.909,14.8,36.521,47.437,25.506,502221885913.853,,NOR,7.233672
2020,Norway,7.392,7.323,7.462,1.543,1.108,0.782,0.703,0.249,0.427,2.58,NOR2020,1.287,367633418886.627,68340.018,4.424,5.349,-2.517,-1.278,1.146,45.391,44.615,21.253,382834834941.145,,NOR,7.407129
2019,Norway,7.488,7.42,7.556,1.424,1.495,1.008,0.67,0.288,0.434,2.168,NOR2019,2.168,408742840909.091,76430.589,3.684,3.805,-0.548,1.124,2.916,38.562,47.476,23.283,421234090909.091,,NOR,7.493482
2018,Norway,7.554,,,,,,,,,,NOR2018,2.765,439788625883.8,82792.843,3.801,-3.576,6.743,0.829,7.95,37.129,46.654,23.314,457569996925.915,,NOR,7.5027227
2017,Norway,7.594,,,,,,,,,,NOR2017,1.875,401745275035.261,76131.838,4.164,-1.033,4.081,2.464,5.389,38.695,45.161,22.29,416379568809.188,,NOR,7.554764
2016,Norway,7.537,,,,,,,,,,NOR2016,3.55,370956547619.048,70867.361,4.68,4.744,-1.598,1.165,3.98,39.739,45.182,21.96,387092976190.476,,NOR,7.5106344
2015,Norway,7.498,,,,,,,,,,NOR2015,2.171,388159512245.53,74809.966,4.296,6.486,-2.804,1.857,8.014,38.151,45.389,22.089,404192290999.276,,NOR,7.4475317
2014,Norway,7.522,,,,,,,,,,NOR2014,2.042,501736471832.848,97666.695,3.486,3.943,0.258,2.048,10.955,35.606,45.868,23.412,517499761967.733,,NOR,7.51664
2012,Norway,7.655,,,,,,,,,,NOR2012,0.697,512777309840.997,102175.919,3.129,,3.353,2.718,12.384,33.729,48.424,26.873,517101160292.222,,NOR,7.5191216
2011,Norway,7.524,,,,,,,,,,NOR2011,1.285,501360549669.404,101221.813,3.196,,6.673,1.106,13.255,34.142,48.655,27.552,506139118181.721,,NOR,7.5658436
2024,Oman,6.197,5.973,6.42,1.603,1.411,0.5,0.93,0.142,,,OMN2024,,,,3.161,,,,,,,,,,OMN,4.944094
2014,Oman,6.853,,,,,,,,,,OMN2014,1.014,92699089726.918,23160.65,3.449,3.408,1.757,1.292,4.63,,,,88413003901.17,,OMN,6.3954782
2012,Oman,6.853,,,,,,,,,,OMN2012,2.948,87408842652.796,24642.298,3.765,2.215,3.606,8.863,8.991,,,,82904291287.386,,OMN,6.4629817
2024,Pakistan,4.768,4.644,4.892,0.982,0.759,0.417,0.529,0.136,0.046,1.898,PAK2024,12.633,,,5.472,,,,,,,,,,PAK,4.935577
2023,Pakistan,4.657,4.535,4.779,1.069,0.6,0.321,0.542,0.144,0.074,1.907,PAK2023,30.768,337912301397.727,1365.277,5.408,,26.0,-0.04,-0.244,,,,332147301397.546,,PAK,4.801432
2022,Pakistan,4.555,4.404,4.707,1.081,0.657,0.158,0.511,0.141,0.102,1.907,PAK2022,19.874,374890295666.694,1538.323,5.485,,13.937,4.778,-3.259,,,,369642295666.626,,PAK,4.807622
2021,Pakistan,4.516,4.397,4.634,1.049,0.413,0.374,0.448,0.181,0.112,1.94,PAK2021,9.496,348516647445.148,1455.319,6.338,-1.452,10.267,6.514,-3.524,,,,344116647445.148,,PAK,4.615417
2020,Pakistan,4.934,4.802,5.066,0.637,0.423,0.322,0.418,0.252,0.097,2.784,PAK2020,9.74,300425609817.981,1278.397,6.127,0.74,9.944,-1.274,-0.217,,,,294966609817.792,,PAK,4.60542
2019,Pakistan,5.693,5.599,5.788,0.617,0.873,0.47,0.405,0.229,0.123,2.977,PAK2019,10.578,320909472770.669,1390.417,4.83,2.932,9.036,2.498,-2.667,,,,315299473058.399,,PAK,4.398144
2018,Pakistan,5.653,,,,,,,,,,PAK2018,5.078,356128166704.921,1569.338,4.083,4.516,3.842,6.152,-5.296,,,,350691167594.255,,PAK,5.1585484
2017,Pakistan,5.472,,,,,,,,,,PAK2017,4.085,339205534861.1,1519.235,3.215,4.018,4.03,4.433,-4.77,,,,334191536057.051,,PAK,5.0061655
2016,Pakistan,5.269,,,,,,,,,,PAK2016,3.765,313630000130.435,1424.692,2.285,7.761,0.922,6.574,-2.293,,,,308284997722.844,,PAK,4.8961725
2015,Pakistan,5.132,,,,,,,,,,PAK2015,2.529,299963590534.773,1380.47,3.566,5.471,4.442,4.218,-0.934,,,,295364590988.181,,PAK,4.955728
2014,Pakistan,5.194,,,,,,,,,,PAK2014,7.189,271390474857.632,1266.613,1.827,4.216,7.21,4.116,-1.348,,,,267435475356.814,,PAK,4.865224
2012,Pakistan,5.292,,,,,,,,,,PAK2012,9.682,250106966104.704,1204.365,3.667,3.276,9.918,3.028,-0.936,,,,246861967230.679,,PAK,4.9954867
2011,Pakistan,5.149,,,,,,,,,,PAK2011,11.916,230586581059.665,1131.735,0.796,-1.711,16.411,2.68,-0.957,,,,227569579578.823,,PAK,5.044901
2024,Panama,6.407,6.284,6.531,1.594,1.6,0.717,0.876,0.041,0.042,1.537,PAN2024,0.685,,,6.518,,,,,,,,,,PAN,4.5879207
2023,Panama,6.358,6.227,6.489,1.702,1.392,0.633,0.72,0.063,0.043,1.806,PAN2023,1.486,83318176900.0,18686.405,6.544,,1.707,7.399,-4.487,,,,79285543400.0,,PAN,6.2258515
2022,Panama,6.265,6.105,6.424,1.714,1.402,0.475,0.63,0.065,0.036,1.943,PAN2022,2.86,76276116700.0,17332.436,8.086,4.635,2.172,10.77,-0.623,,,,72807217200.0,,PAN,6.1933384
2021,Panama,6.309,6.154,6.464,1.715,1.107,0.709,0.592,0.049,0.051,2.086,PAN2021,1.631,67396392500.0,15509.807,10.177,5.445,1.415,16.467,-1.156,17.141,11.155,7.461,63404274400.0,,PAN,5.7654157
2020,Panama,6.18,6.036,6.323,1.298,0.976,0.667,0.596,0.079,0.053,2.509,PAN2020,-1.55,57059846500.0,13290.561,14.663,7.54,-0.495,-17.821,0.676,19.269,11.515,8.05,55305091100.0,,PAN,5.7316527
2019,Panama,6.305,6.188,6.422,1.098,1.376,0.879,0.58,0.097,0.054,2.221,PAN2019,-0.355,69778991200.0,16477.907,6.256,6.517,0.538,3.103,-5.05,15.037,11.831,8.648,65459457700.0,,PAN,6.123761
2018,Panama,6.321,,,,,,,,,,PAN2018,0.762,67316471200.0,16151.327,5.161,6.139,0.701,3.918,-7.884,13.592,13.187,9.591,61995613500.0,,PAN,6.3417487
2017,Panama,6.43,,,,,,,,,,PAN2017,0.876,64327688800.0,15694.63,5.338,4.884,1.795,5.744,-5.822,13.942,13.444,9.666,60514887600.0,,PAN,6.319107
2016,Panama,6.452,,,,,,,,,,PAN2016,0.74,59760858700.0,14832.361,4.717,4.024,2.475,4.572,-7.543,13.695,12.685,10.056,55623707800.0,,PAN,6.467304
2015,Panama,6.701,,,,,,,,,,PAN2015,0.137,55767806100.0,14082.655,4.335,3.378,3.015,5.267,-8.694,13.999,12.814,9.798,52316906100.0,,PAN,6.5288105
2014,Panama,6.786,,,,,,,,,,PAN2014,2.627,51427104900.0,13213.199,4.391,2.14,4.694,4.626,-12.984,12.911,13.231,9.96,47073004900.0,,PAN,6.6934323
2012,Panama,7.143,,,,,,,,,,PAN2012,5.698,41595439700.0,11064.806,3.691,1.322,6.318,9.627,-8.98,,,,38857139700.0,,PAN,6.89327
2011,Panama,6.863,,,,,,,,,,PAN2011,5.876,35687738300.0,9662.296,4.03,1.925,5.488,11.909,-12.658,,,,33773738300.0,,PAN,6.746919
2024,Paraguay,6.172,6.064,6.279,1.329,1.615,0.291,0.921,0.097,0.063,1.857,PRY2024,3.835,,,6.093,,,,,,,,,,PRY,4.9546337
2023,Paraguay,5.977,5.868,6.085,1.398,1.408,0.549,0.788,0.131,0.065,1.637,PRY2023,4.632,42956263543.948,6276.351,5.794,,2.069,4.714,-0.566,19.027,17.639,10.176,41584973464.272,,PRY,5.781428
2022,Paraguay,5.738,5.625,5.851,1.428,1.427,0.392,0.678,0.148,0.062,1.604,PRY2022,9.766,41952910858.085,6205.626,6.755,,8.054,0.176,-7.155,16.535,17.396,10.266,40588715171.024,,PRY,5.7417116
2021,Paraguay,5.578,5.467,5.689,1.409,1.13,0.624,0.629,0.171,0.059,1.555,PRY2021,4.788,39950899938.748,5976.932,7.311,3.745,8.448,4.017,-1.108,16.74,16.887,9.794,38564964617.241,,PRY,5.6842737
2020,Paraguay,5.653,5.473,5.832,0.983,0.97,0.549,0.602,0.206,0.037,2.306,PRY2020,1.768,35432178068.181,5365.472,7.548,11.089,2.204,-0.82,1.873,18.473,16.732,9.515,34220989522.023,,PRY,5.6824703
2019,Paraguay,5.692,5.59,5.794,0.898,1.368,0.736,0.587,0.204,0.065,1.834,PRY2019,2.757,37925338329.149,5821.182,6.595,12.053,3.062,-0.402,-0.578,20.35,17.546,9.996,36767424995.415,,PRY,5.680487
2018,Paraguay,5.743,,,,,,,,,,PRY2018,3.976,40225448340.632,6258.45,6.217,13.493,1.96,3.204,-0.233,16.13,17.332,10.075,38831476238.131,,PRY,5.7143087
2017,Paraguay,5.681,,,,,,,,,,PRY2017,3.602,38997129473.556,6152.267,6.138,14.509,2.159,4.81,3.357,14.466,17.443,9.956,37645080815.241,,PRY,5.664724
2016,Paraguay,5.493,,,,,,,,,,PRY2016,4.087,36089700222.946,5775.16,5.255,13.387,4.135,4.268,4.601,15.422,16.865,9.559,34772206410.59,,PRY,5.485811
2015,Paraguay,5.538,,,,,,,,,,PRY2015,3.129,36211447840.097,5879.338,4.556,17.846,1.604,2.957,-0.211,14.828,17.358,9.642,34791041670.017,,PRY,5.619219
2014,Paraguay,5.878,,,,,,,,,,PRY2014,5.029,40377929295.642,6652.255,5.034,17.82,2.857,5.301,-0.787,14.001,16.718,9.745,38813188600.51,,PRY,5.7805443
2012,Paraguay,5.779,,,,,,,,,,PRY2012,3.676,33271921136.315,5642.17,4.085,11.794,4.798,-0.708,-1.819,15.704,16.692,9.458,31826845945.946,,PRY,5.74503
2011,Paraguay,5.398,,,,,,,,,,PRY2011,8.254,33756238766.5,5805.402,4.67,11.706,5.096,4.286,-0.678,13.083,15.562,9.367,32316546158.878,,PRY,5.5484977
2024,Peru,5.947,5.844,6.049,1.323,1.364,0.551,0.71,0.05,0.021,1.929,PER2024,2.008,,,4.828,,,,,,,,,,PER,4.757947
2023,Peru,5.841,5.736,5.946,1.371,1.18,0.662,0.615,0.078,0.029,1.907,PER2023,6.456,267603248655.253,7906.585,4.899,,6.566,-0.55,0.829,,,,253422835356.13,,PER,5.6306605
2022,Peru,5.526,5.412,5.64,1.39,1.153,0.499,0.549,0.073,0.027,1.835,PER2022,8.334,246488757636.211,7363.272,3.85,7.475,4.766,2.726,-3.953,,,,229767512928.334,,PER,5.7375326
2021,Peru,5.559,5.439,5.679,1.397,0.865,0.735,0.545,0.09,0.037,1.89,PER2021,4.272,226354278280.885,6826.972,5.097,0.814,10.083,13.355,-2.065,22.844,20.675,15.923,208856003550.009,35.245,PER,5.6219153
2020,Peru,5.84,5.692,5.988,0.986,0.833,0.623,0.536,0.087,0.031,2.744,PER2020,2.002,201409694755.934,6133.326,7.179,8.889,3.719,-10.933,0.938,26.907,18.05,13.221,196052808902.926,34.765,PER,5.679125
2019,Peru,5.797,5.677,5.917,0.919,1.208,0.824,0.513,0.092,0.027,2.213,PER2019,2.252,228346006003.648,7037.008,3.379,12.283,1.872,2.241,-0.623,20.662,19.529,14.525,220088217727.993,26.527,PER,5.7266216
2018,Peru,5.697,,,,,,,,,,PER2018,1.509,222597009739.235,6978.491,3.492,11.989,2.277,3.969,-1.172,19.889,19.038,14.286,211617892395.279,25.729,PER,5.732534
2017,Peru,5.663,,,,,,,,,,PER2017,2.995,211007984080.911,6736.167,3.691,12.712,3.616,2.519,-0.858,20.15,17.823,13.174,201299928108.921,24.748,PER,5.6591973
2016,Peru,5.715,,,,,,,,,,PER2016,3.557,191898104390.379,6217.036,3.741,12.985,3.081,3.953,-2.204,19.188,18.277,13.788,183940620942.667,23.706,PER,5.6780596
2015,Peru,5.743,,,,,,,,,,PER2015,3.398,189802976285.619,6231.712,3.272,13.064,2.691,3.252,-4.608,20.568,19.68,14.92,183303872361.819,22.866,PER,5.810437
2014,Peru,5.824,,,,,,,,,,PER2014,3.412,200786250582.943,6667.134,3.208,12.995,2.432,2.382,-4.282,20.511,21.83,16.721,191695514405.553,19.565,PER,5.8432903
2012,Peru,5.776,,,,,,,,,,PER2012,3.611,192650021648.583,6519.379,3.238,17.82,1.203,6.14,-2.791,17.918,21.513,16.547,180517336685.894,19.217,PER,5.7517056
2011,Peru,5.258,,,,,,,,,,PER2011,3.369,171761737046.585,5861.358,3.477,11.178,6.746,6.327,-1.964,17.628,20.803,15.969,159083185069.533,20.72,PER,5.489987
2024,Philippines,6.107,5.994,6.22,1.177,1.385,0.315,0.966,0.075,0.11,2.079,PHL2024,3.213,,,2.153,,,,,,,,,,PHL,4.90556
2023,Philippines,6.048,5.929,6.166,1.232,1.146,0.441,0.826,0.099,0.136,2.167,PHL2023,5.978,437146372729.942,3804.873,2.222,,4.596,5.546,-2.834,16.877,15.719,14.102,485154567168.652,,PHL,5.6110005
2022,Philippines,5.523,5.371,5.675,1.238,1.108,0.286,0.714,0.104,0.141,1.931,PHL2022,5.821,404353369604.631,3548.069,2.598,,5.489,7.581,-4.516,18.607,16.083,14.619,428113122133.855,,PHL,5.341293
2021,Philippines,5.904,5.8,6.007,1.268,0.912,0.514,0.678,0.107,0.142,2.283,PHL2021,3.927,394087359848.11,3484.386,3.398,,2.282,5.715,-1.508,19.139,15.481,14.13,408104073652.169,,PHL,5.425727
2020,Philippines,5.88,5.778,5.982,0.853,0.828,0.426,0.651,0.125,0.126,2.872,PHL2020,2.393,361751145451.597,3227.579,2.522,,1.65,-9.518,3.201,19.56,15.905,13.951,389165789740.532,,PHL,5.648474
2019,Philippines,6.006,5.908,6.104,0.775,1.245,0.602,0.622,0.129,0.13,2.502,PHL2019,2.392,376823402244.928,3400.789,2.237,6.354,0.697,6.119,-0.809,14.807,16.069,14.488,414552288030.862,,PHL,5.460406
2018,Philippines,5.631,,,,,,,,,,PHL2018,5.309,346841896583.515,3168.51,2.338,2.292,3.741,6.341,-2.559,14.213,15.518,14.048,383816939950.168,,PHL,5.482908
2017,Philippines,5.524,,,,,,,,,,PHL2017,2.853,328480736798.792,3038.121,2.552,3.232,2.32,6.931,-0.652,13.613,14.932,13.594,364718697508.835,,PHL,5.4057717
2016,Philippines,5.43,,,,,,,,,,PHL2016,1.254,318627003012.52,2985.196,2.695,4.307,1.28,7.149,-0.376,13.435,14.51,13.087,354012676979.657,,PHL,5.281905
2015,Philippines,5.279,,,,,,,,,,PHL2015,0.674,306445871246.718,2909.858,3.068,6.344,-0.72,6.348,2.371,13.477,14.677,13.02,341466825828.893,,PHL,5.265566
2014,Philippines,5.073,,,,,,,,,,PHL2014,3.598,297483555344.802,2866.838,3.6,2.4,3.053,6.348,3.616,12.822,14.435,13.016,331766346480.069,43.426,PHL,5.180132
2012,Philippines,4.985,,,,,,,,,,PHL2012,3.027,261920540972.102,2614.616,3.504,3.613,1.994,6.897,2.653,13.545,13.803,12.306,290823739749.145,49.157,PHL,4.957632
2011,Philippines,4.825,,,,,,,,,,PHL2011,4.718,234216730295.938,2383.919,3.592,2.641,3.919,3.858,2.409,13.521,13.398,11.849,259495340501.428,48.806,PHL,4.9145284
2024,Poland,6.673,6.611,6.734,1.666,1.595,0.63,0.79,0.021,0.169,1.802,POL2024,3.784,,,2.472,,,,,,,,,,POL,5.016662
2023,Poland,6.442,6.37,6.513,1.738,1.417,0.639,0.6,0.081,0.175,1.791,POL2023,11.529,809200697797.088,22056.666,2.743,,9.547,0.139,1.796,39.255,36.039,18.071,778230830221.408,,POL,6.2249193
2022,Poland,6.26,6.177,6.343,1.767,1.474,0.477,0.511,0.12,0.139,1.772,POL2022,14.429,695607470875.276,18891.212,2.811,,10.69,5.255,-2.275,36.063,33.809,17.123,668250895914.937,,POL,6.217653
2021,Poland,6.123,6.04,6.205,1.758,1.174,0.712,0.523,0.124,0.14,1.693,POL2021,5.055,689170230665.35,18635.51,3.268,,5.34,6.927,-1.302,36.999,35.789,18.959,658886045351.756,,POL,6.442038
2020,Poland,6.166,6.087,6.245,1.309,0.982,0.668,0.558,0.08,0.13,2.438,POL2020,3.374,605914237903.742,15987.575,3.155,,4.239,-2.036,2.398,40.522,34.708,17.291,583489675593.182,,POL,6.051486
2019,Poland,6.186,6.117,6.256,1.169,1.31,0.868,0.558,0.063,0.161,2.057,POL2019,2.227,602683770144.88,15874.522,3.267,,3.026,4.58,-0.273,33.827,34.147,17.141,577797688425.851,,POL,6.0781446
2018,Poland,6.182,,,,,,,,,,POL2018,1.813,594616687350.017,15658.212,3.835,,1.227,6.246,-1.966,33.059,34.1,17.185,569457737081.91,,POL,6.2141314
2017,Poland,6.123,,,,,,,,,,POL2017,2.076,528356676667.211,13913.34,4.867,,1.77,5.152,-1.186,34.262,33.532,16.736,505864085381.071,,POL,6.0844083
2016,Poland,5.973,,,,,,,,,,POL2016,-0.665,473259583969.643,12464.011,6.141,,0.083,3.031,-1.069,34.801,32.813,16.209,454775433601.938,,POL,5.9342766
2015,Poland,5.835,,,,,,,,,,POL2015,-0.874,480054118583.367,12637.522,7.475,,1.321,4.432,-1.325,34.139,32.482,15.614,462002918158.907,,POL,5.860225
2014,Poland,5.791,,,,,,,,,,POL2014,0.054,542134167178.627,14262.284,8.971,,0.482,3.921,-2.973,35.075,32.29,15.627,521376161737.583,,POL,5.9301925
2012,Poland,5.822,,,,,,,,,,POL2012,3.56,498148649702.66,13087.421,10.031,,2.183,1.512,-4.112,35.058,32.754,16.005,479188660855.595,,POL,5.7630234
2011,Poland,5.803,,,,,,,,,,POL2011,4.239,527848543023.469,13867.667,9.576,,3.066,5.255,-5.111,34.836,32.537,16.67,509126016589.444,,POL,5.8547087
2024,Portugal,6.013,5.907,6.118,1.646,1.56,0.822,0.879,0.04,0.034,1.032,PRT2024,2.416,,,6.384,,,,,,,,,,PRT,4.673953
2023,Portugal,6.03,5.925,6.134,1.728,1.368,0.699,0.757,0.047,0.035,1.397,PRT2023,4.311,289114289663.542,27331.209,6.509,,6.902,2.526,0.562,37.572,37.773,22.87,281752856063.905,,PRT,6.5492444
2022,Portugal,5.968,5.86,6.076,1.758,1.356,0.537,0.693,0.031,0.037,1.556,PRT2022,7.833,256898675068.927,24620.52,6.011,,5.327,6.986,-2.085,39.311,38.083,23.173,251691706536.851,,PRT,6.366083
2021,Portugal,6.016,5.911,6.122,1.76,1.078,0.777,0.655,0.016,0.039,1.691,PRT2021,1.266,256055879091.139,24711.451,6.577,,2.02,5.559,-0.672,42.454,37.705,22.283,252978982539.953,,PRT,6.132961
2020,Portugal,5.929,5.821,6.037,1.323,0.939,0.76,0.621,0.029,0.033,2.225,PRT2020,-0.012,229618773422.577,22299.404,6.801,,2.103,-8.205,-0.63,44.527,37.767,22.26,225467491361.699,,PRT,5.939425
2019,Portugal,5.911,5.807,6.015,1.169,1.34,0.979,0.59,0.053,0.028,1.753,PRT2019,0.338,240115970063.019,23343.363,6.464,,1.834,2.746,0.766,38.669,37.454,22.447,233752871351.921,,PRT,6.031143
2018,Portugal,5.693,,,,,,,,,,PRT2018,0.994,242092894542.888,23541.14,6.994,,1.852,2.946,0.728,39.282,37.606,22.845,236395409034.201,,PRT,5.8795223
2017,Portugal,5.41,,,,,,,,,,PRT2017,1.369,220862990767.229,21442.384,8.869,,1.532,3.315,1.564,41.669,37.299,22.636,216161830459.115,,PRT,5.712692
2016,Portugal,5.195,,,,,,,,,,PRT2016,0.607,206305431241.638,19980.281,11.068,,1.854,2.004,1.426,41.32,37.264,22.617,201411635475.272,,PRT,5.354955
2015,Portugal,5.123,,,,,,,,,,PRT2015,0.488,199038523119.639,19215.781,12.447,,1.962,1.59,0.508,44.004,37.966,23.078,194045468799.965,,PRT,5.2263064
2014,Portugal,5.102,,,,,,,,,,PRT2014,-0.278,230078616299.675,22120.685,13.897,,0.724,0.741,0.315,47.561,38.394,22.875,225198395238.514,,PRT,5.227025
2012,Portugal,5.101,,,,,,,,,,PRT2012,2.773,216536676771.973,20593.427,15.531,,-0.376,-4.051,-1.527,44.363,36.4,21.011,211105801823.003,,PRT,5.278194
2011,Portugal,5.327,,,,,,,,,,PRT2011,3.653,245426767676.002,23246.543,12.682,,-0.26,-1.714,-6.119,44.476,36.45,21.36,241146265856.975,,PRT,5.381118
2015,Puerto Rico,7.039,,,,,,,,,,PRI2015,,103375500000.0,29763.488,12.0,,1.978,-1.049,,,,,69602000000.0,,PRI,6.7679205
2011,Puerto Rico,6.593,,,,,,,,,,PRI2011,,100351700000.0,27278.883,15.7,,2.37,-0.359,,,,,65720700000.0,,PRI,6.5502076
2018,Qatar,6.374,,,,,,,,,,QAT2018,0.256,183334953818.681,71039.849,0.11,-6.613,12.414,1.235,9.083,,,,179589624148.352,,QAT,6.4493165
2017,Qatar,6.374,,,,,,,,,,QAT2017,0.395,161099122225.275,63279.856,0.14,-2.868,7.788,-1.498,3.989,,,,160679616730.769,,QAT,6.3556657
2016,Qatar,6.375,,,,,,,,,,QAT2016,2.677,151732181868.132,61253.638,0.15,14.301,-8.977,3.064,-5.45,,,,150622841208.791,,QAT,6.3900046
2015,Qatar,6.375,,,,,,,,,,QAT2015,1.814,161739955576.923,68985.295,0.17,39.489,-25.13,4.753,8.502,,,,158174570961.538,,QAT,6.4428506
2014,Qatar,6.611,,,,,,,,,,QAT2014,3.35,206224598571.429,95840.631,0.2,6.544,-1.483,5.334,23.959,,,,196924049120.879,,QAT,6.5554013
2012,Qatar,6.666,,,,,,,,,,QAT2012,2.315,186833502362.637,108470.379,0.48,-0.892,6.33,4.73,33.185,,,,174708777087.912,,QAT,6.6161776
2011,Qatar,6.569,,,,,,,,,,QAT2011,1.138,167775268626.374,103261.507,0.56,-10.808,18.27,13.375,31.068,,,,154504256813.187,,QAT,6.5785594
2024,Republic of Korea,6.038,5.945,6.131,1.709,1.357,0.903,0.678,0.1,0.139,1.152,KOR2024,2.322,,,2.604,,,,,,,,,,KOR,4.872992
2023,Republic of Korea,6.058,5.968,6.148,1.815,1.178,0.77,0.555,0.126,0.158,1.456,KOR2023,3.597,1712792854202.37,33121.371,2.675,3.062,2.064,1.357,1.916,30.505,29.46,15.724,1744702631805.69,52.297,KOR,6.385177
2022,Republic of Korea,5.951,5.862,6.04,1.853,1.188,0.603,0.446,0.112,0.163,1.587,KOR2022,5.09,1673916511799.71,32394.683,2.857,2.979,1.276,2.613,1.543,33.643,32.004,18.445,1698504131878.33,51.179,KOR,6.487138
2021,Republic of Korea,5.935,5.849,6.021,1.851,0.886,0.841,0.414,0.111,0.176,1.656,KOR2021,2.498,1818432106880.04,35125.522,3.639,0.118,2.763,4.305,4.687,30.491,29.934,16.735,1838899317165.23,48.955,KOR,6.451472
2020,Republic of Korea,5.845,5.763,5.928,1.403,0.758,0.801,0.353,0.134,0.135,2.262,KOR2020,0.537,1644312831906.17,31721.299,3.931,1.219,1.564,-0.709,4.616,29.726,27.903,14.861,1658668665990.32,46.432,KOR,6.378128
2019,Republic of Korea,5.872,5.786,5.959,1.245,1.134,1.023,0.259,0.17,0.095,1.947,KOR2019,0.383,1651422932447.77,31902.417,3.746,4.321,-0.839,2.244,3.614,27.512,27.88,15.2,1665675897739.53,39.969,KOR,6.1055284
2018,Republic of Korea,5.895,,,,,,,,,,KOR2018,1.476,1725373496825.43,33447.156,3.824,3.164,0.483,2.907,4.49,24.918,27.449,15.536,1732322374323.88,37.556,KOR,6.112513
2017,Republic of Korea,5.875,,,,,,,,,,KOR2017,1.944,1623074183501.9,31600.736,3.653,1.227,2.223,3.16,4.635,23.963,26.185,14.494,1629690182358.85,37.349,KOR,5.9513507
2016,Republic of Korea,5.838,,,,,,,,,,KOR2016,0.972,1499679823909.61,29280.44,3.65,1.355,1.986,2.947,6.53,23.505,25.757,13.982,1505162317173.77,38.066,KOR,5.8607306
2015,Republic of Korea,5.835,,,,,,,,,,KOR2015,0.706,1466038936206.43,28737.439,3.546,0.337,3.186,2.809,7.17,23.489,24.814,13.158,1470624628355.3,37.493,KOR,5.8658566
2014,Republic of Korea,5.984,,,,,,,,,,KOR2014,1.275,1484488526271.8,29252.931,3.082,3.326,0.907,3.202,5.593,23.619,24.988,13.241,1491673283689.83,36.5,KOR,5.9042916
2012,Republic of Korea,6.267,,,,,,,,,,KOR2012,2.187,1278046536287.01,25459.169,2.812,4.093,1.252,2.403,3.818,24.633,26.652,14.078,1291410762822.05,32.409,KOR,6.0908093
2011,Republic of Korea,5.643,,,,,,,,,,KOR2011,4.026,1253289537500.81,25097.595,2.992,4.419,1.282,3.686,1.328,18.136,20.692,13.851,1261047470780.75,,KOR,6.085222
2024,Republic of Moldova,5.819,5.706,5.933,1.332,1.43,0.414,0.83,0.054,0.037,1.722,MDA2024,4.678,,,1.434,,,,,,,,,,MDA,5.052745
2023,Republic of Moldova,5.816,5.702,5.93,1.385,1.277,0.542,0.695,0.077,0.044,1.795,MDA2023,13.417,16539436547.295,6729.413,1.555,3.334,8.708,0.783,-11.447,34.832,29.708,18.779,16806186549.415,34.619,MDA,5.518055
2022,Republic of Moldova,5.819,5.717,5.922,1.425,1.302,0.375,0.61,0.093,0.02,1.995,MDA2022,28.737,14510490660.252,5738.425,0.897,-6.253,19.253,-5.015,-17.107,32.278,29.344,18.94,14570210660.95,34.521,MDA,5.533257
2021,Republic of Moldova,5.857,5.766,5.948,1.417,1.008,0.597,0.561,0.102,0.028,2.142,MDA2021,5.106,13691869264.079,5274.606,0.785,0.954,6.382,13.93,-12.41,29.955,28.631,18.388,13958389264.174,32.119,MDA,5.6998
2020,Republic of Moldova,5.766,5.677,5.856,0.985,0.888,0.542,0.536,0.137,0.013,2.665,MDA2020,3.766,11530746234.449,4375.779,1.186,2.467,5.575,-8.276,-7.69,32.722,28.731,17.91,11920936240.3,33.956,MDA,5.650154
2019,Republic of Moldova,5.608,5.525,5.69,0.708,1.237,0.713,0.39,0.174,0.014,2.371,MDA2019,4.838,11736797054.696,4405.334,1.466,2.751,5.352,3.552,-9.421,28.272,27.644,17.656,12351757049.22,25.451,MDA,5.719678
2018,Republic of Moldova,5.529,,,,,,,,,,MDA2018,3.045,11252353420.88,4156.45,1.196,5.461,3.211,4.076,-10.77,27.784,28.213,18.014,11788143412.483,27.511,MDA,5.5392303
2017,Republic of Moldova,5.64,,,,,,,,,,MDA2017,6.57,9514404016.209,3453.267,1.586,3.868,6.252,4.176,-5.837,27.241,27.546,17.727,10070244015.431,29.667,MDA,5.700672
2016,Republic of Moldova,5.838,,,,,,,,,,MDA2016,6.359,7980917075.775,2847.088,1.557,10.357,3.551,4.646,-3.614,26.675,25.714,16.43,8426887067.084,32.247,MDA,5.848685
2015,Republic of Moldova,5.897,,,,,,,,,,MDA2015,9.676,7797667196.731,2749.551,1.742,2.308,11.574,-0.338,-5.936,28.33,26.193,16.291,8247147199.76,23.314,MDA,5.838833
2014,Republic of Moldova,5.889,,,,,,,,,,MDA2014,5.089,9402090137.742,3289.958,1.425,5.582,5.143,5.0,-6.044,29.367,26.25,16.829,10224420143.592,21.066,MDA,5.8934364
2012,Republic of Moldova,5.791,,,,,,,,,,MDA2012,4.546,8709138634.829,3044.808,2.151,5.58,7.424,-0.59,-7.39,27.854,26.127,15.595,9519279677.548,20.347,MDA,5.709134
2011,Republic of Moldova,5.305,,,,,,,,,,MDA2011,7.687,8414352020.494,2941.362,2.648,5.774,8.191,5.818,-10.125,27.36,25.606,15.24,8991792743.469,19.767,MDA,5.325635
2024,Romania,6.563,6.47,6.655,1.636,1.401,0.561,0.847,0.028,0.015,2.075,ROU2024,-4.519,,,5.379,,,,,,,,,,ROU,4.6416774
2023,Romania,6.491,6.39,6.592,1.699,1.236,0.583,0.717,0.041,0.006,2.21,ROU2023,10.397,350775856415.189,18404.273,5.589,-3.058,12.77,2.404,-6.973,,,,341406887173.994,,ROU,6.442825
2022,Romania,6.589,6.488,6.69,1.726,1.28,0.423,0.631,0.044,0.0,2.485,ROU2022,13.795,296354358293.475,15557.883,5.614,-3.867,12.092,3.965,-9.221,37.173,31.611,16.158,287401142589.008,50.885,ROU,5.9815693
2021,Romania,6.477,6.379,6.575,1.719,1.006,0.655,0.605,0.039,0.006,2.446,ROU2021,5.052,286578196368.297,14986.785,5.59,0.003,5.61,5.546,-7.176,37.0,30.212,14.924,280850525992.947,55.763,ROU,6.2605453
2020,Romania,6.14,6.027,6.253,1.275,0.832,0.595,0.564,0.045,0.001,2.83,ROU2020,2.631,252033792712.145,13082.301,5.035,2.282,4.111,-3.674,-5.112,38.003,30.001,14.147,248241836530.323,57.143,ROU,6.492403
2019,Romania,6.124,6.031,6.217,1.12,1.194,0.792,0.535,0.068,0.001,2.413,ROU2019,3.828,251677082534.495,12992.033,3.912,0.201,6.947,3.923,-4.839,33.603,29.677,14.522,248106362712.884,43.248,ROU,6.1695004
2018,Romania,6.07,,,,,,,,,,ROU2018,4.625,243468683030.34,12502.262,4.187,0.585,6.187,6.121,-4.576,32.52,29.729,14.374,239021337055.325,42.538,ROU,6.1911845
2017,Romania,5.945,,,,,,,,,,ROU2017,1.339,210147385855.419,10727.982,4.927,0.873,4.651,8.195,-3.194,31.597,29.03,15.587,207139929998.628,44.327,ROU,5.9821467
2016,Romania,5.825,,,,,,,,,,ROU2016,-1.545,185290759248.844,9404.54,5.901,3.01,2.62,2.86,-2.103,32.225,30.145,17.112,182793770174.934,47.279,ROU,5.7644806
2015,Romania,5.528,,,,,,,,,,ROU2015,-0.594,177885131240.315,8977.017,6.812,3.392,3.265,3.157,-0.637,33.014,32.848,18.918,176016433717.531,45.17,ROU,5.415267
2014,Romania,5.124,,,,,,,,,,ROU2014,1.068,199722319675.741,10031.771,6.802,6.638,1.714,4.116,-0.341,32.442,31.719,17.939,198781424858.361,46.267,ROU,5.345415
2012,Romania,5.033,,,,,,,,,,ROU2012,3.335,179117323107.087,8929.954,6.794,7.243,3.81,1.904,-4.578,32.3,29.976,17.159,176155821463.583,40.392,ROU,5.2029314
2011,Romania,5.178,,,,,,,,,,ROU2011,5.789,192623977894.173,9560.676,7.177,7.833,3.983,4.496,-4.816,33.655,29.897,17.215,190288593351.457,37.246,ROU,5.3874416
2024,Russian Federation,5.945,5.865,6.026,1.63,1.549,0.47,0.702,0.095,0.125,1.373,RUS2024,,,,2.527,,,,,,,,,,RUS,4.9076753
2023,Russian Federation,5.785,5.712,5.859,1.642,1.351,0.531,0.551,0.138,0.121,1.451,RUS2023,,2021421476035.42,13817.046,3.076,4.248,7.074,3.6,2.48,30.338,29.445,12.372,1994504886035.41,18.962,RUS,5.865179
2022,Russian Federation,5.661,5.588,5.734,1.68,1.383,0.366,0.449,0.12,0.091,1.572,RUS2022,,2266029240645.34,15445.242,3.867,-4.503,16.715,-2.07,10.491,31.753,27.308,10.97,2219007320645.76,19.506,RUS,5.8987846
2021,Russian Federation,5.459,5.392,5.525,1.685,1.095,0.586,0.401,0.117,0.08,1.494,RUS2021,6.694,1843392293734.38,12521.522,4.749,-10.242,19.412,5.614,6.778,30.546,26.371,11.606,1800376274532.51,20.867,RUS,5.7150946
2020,Russian Federation,5.477,5.413,5.541,1.241,0.992,0.511,0.409,0.115,0.06,2.148,RUS2020,3.382,1493075894362.14,10108.327,5.62,5.825,0.898,-2.654,2.369,35.3,27.677,10.799,1458071184362.37,22.992,RUS,5.710015
2019,Russian Federation,5.546,5.468,5.624,1.127,1.379,0.68,0.399,0.099,0.046,1.816,RUS2019,4.47,1693115002708.32,11447.701,4.513,5.317,3.263,2.198,3.876,29.614,27.48,10.938,1639594452707.88,17.276,RUS,5.7123966
2018,Russian Federation,5.648,,,,,,,,,,RUS2018,2.878,1657328773461.31,11211.888,4.871,-1.028,9.998,2.807,6.98,28.944,27.516,11.469,1616936904758.28,16.169,RUS,5.6387606
2017,Russian Federation,5.81,,,,,,,,,,RUS2017,3.683,1574199360089.0,10658.913,5.238,4.946,5.35,1.826,2.044,30.71,24.485,10.288,1532146060813.91,16.325,RUS,5.82623
2016,Russian Federation,5.963,,,,,,,,,,RUS2016,7.042,1276786350881.14,8663.158,5.591,9.484,2.844,0.194,1.916,31.028,24.268,9.183,1241289768349.06,14.242,RUS,5.935374
2015,Russian Federation,5.856,,,,,,,,,,RUS2015,15.534,1363482182197.71,9277.714,5.615,7.895,7.25,-1.973,4.971,30.648,24.472,10.642,1325733351220.47,13.541,RUS,5.88733
2014,Russian Federation,5.716,,,,,,,,,,RUS2014,7.823,2059241589895.01,14055.473,5.212,3.397,7.49,0.736,2.793,26.462,27.152,13.255,1991279402292.03,11.2,RUS,5.736433
2012,Russian Federation,5.464,,,,,,,,,,RUS2012,5.075,2208293553878.42,15401.852,5.484,0.176,8.908,4.024,3.228,24.196,27.238,13.755,2140632821885.44,8.551,RUS,5.583279
2011,Russian Federation,5.284,,,,,,,,,,RUS2011,8.44,2045922753398.04,14305.332,6.571,-12.857,24.46,4.3,4.755,23.35,29.148,13.954,1985523437666.18,8.641,RUS,5.3366427
2021,Rwanda,3.268,3.074,3.462,0.785,0.133,0.462,0.621,0.187,0.544,0.536,RWA2021,-0.391,11069280649.646,828.833,15.775,12.948,2.858,10.858,-10.924,20.306,21.451,14.476,10843185964.584,,RWA,3.6081858
2020,Rwanda,3.415,3.282,3.548,0.364,0.202,0.407,0.627,0.227,0.493,1.095,RWA2020,9.85,10174387374.348,778.702,11.829,9.027,6.712,-3.374,-12.065,21.53,21.382,15.074,9937664507.812,,RWA,3.8406088
2019,Rwanda,3.312,3.21,3.415,0.343,0.523,0.572,0.604,0.236,0.486,0.548,RWA2019,3.348,10349300380.33,810.051,11.236,13.717,2.471,9.447,-11.893,19.346,20.741,14.605,10001278819.882,,RWA,3.9460073
2018,Rwanda,3.334,,,,,,,,,,RWA2018,-0.311,9637904655.174,771.774,10.759,17.657,-0.603,8.516,-10.114,18.686,20.423,14.25,9290176578.871,,RWA,3.4116094
2017,Rwanda,3.408,,,,,,,,,,RWA2017,8.28,9252834336.495,758.301,11.875,8.328,8.163,3.918,-9.46,18.673,19.793,13.451,8961396887.972,,RWA,3.4715486
2016,Rwanda,3.471,,,,,,,,,,RWA2016,7.174,8695272300.91,729.519,11.801,11.674,5.03,5.971,-15.305,18.46,20.024,14.416,8456915984.282,,RWA,3.4866378
2015,Rwanda,3.515,,,,,,,,,,RWA2015,2.529,8543759677.582,733.999,11.838,16.766,0.486,8.857,-12.684,16.933,18.943,13.294,8381415487.965,,RWA,3.5763288
2014,Rwanda,3.465,,,,,,,,,,RWA2014,2.354,8238966063.867,724.958,11.844,11.961,4.732,6.167,-11.344,17.418,18.252,12.948,8050147969.236,,RWA,3.4870238
2012,Rwanda,3.715,,,,,,,,,,RWA2012,10.271,7654761573.55,706.817,11.701,11.439,4.723,8.642,-9.68,,,,7552066586.401,,RWA,3.9454174
2011,Rwanda,4.204,,,,,,,,,,RWA2011,3.08,6884913658.106,651.134,11.775,8.84,7.191,7.958,-6.928,,,,6827682931.802,,RWA,4.247946
2024,Saudi Arabia,6.6,6.497,6.702,1.743,1.566,0.714,0.915,0.105,0.187,1.37,SAU2024,1.688,,,3.896,,,,,,,,,,SAU,4.8570485
2023,Saudi Arabia,6.594,6.48,6.707,1.842,1.361,0.511,0.787,0.114,0.188,1.79,SAU2023,2.327,1067582933333.33,32093.962,4.008,,-2.965,-0.755,3.291,27.645,30.281,8.908,1073418445360.0,,SAU,6.524144
2022,Saudi Arabia,6.463,6.344,6.581,1.861,1.37,0.351,0.682,0.093,0.17,1.936,SAU2022,2.474,1108571466666.67,34454.196,5.589,,17.984,7.486,13.563,24.556,30.506,7.772,1118179993493.33,,SAU,6.5349336
2021,Saudi Arabia,6.523,6.409,6.637,1.87,1.092,0.577,0.651,0.078,0.18,2.075,SAU2021,3.063,874156000000.0,28396.086,6.621,,13.301,5.075,4.637,28.117,29.453,9.673,887051480960.0,,SAU,6.375353
2020,Saudi Arabia,6.494,6.384,6.604,1.435,0.964,0.571,0.603,0.09,0.163,2.668,SAU2020,3.445,734271200000.0,23271.404,7.66,,-9.185,-3.582,-3.479,33.435,28.394,8.237,745486551306.667,,SAU,6.5379014
2019,Saudi Arabia,6.406,6.296,6.517,1.334,1.31,0.76,0.548,0.087,0.163,2.203,SAU2019,-2.093,838564800000.0,27892.842,5.636,,-2.023,1.098,4.585,28.313,29.483,6.998,846719422506.667,,SAU,6.3666945
2018,Saudi Arabia,6.375,,,,,,,,,,SAU2018,2.458,846583733333.333,28036.026,6.029,,14.734,3.199,8.618,28.061,28.533,8.292,854758208400.0,,SAU,6.3880153
2017,Saudi Arabia,6.371,,,,,,,,,,SAU2017,-0.838,714994666666.667,23081.205,5.89,,6.387,0.911,1.696,26.936,25.791,3.26,726876989173.333,,SAU,6.369881
2016,Saudi Arabia,6.344,,,,,,,,,,SAU2016,2.069,666000000000.0,21515.66,5.6,,-2.36,1.884,-3.672,27.882,20.799,3.283,681352861413.333,,SAU,6.4767814
2015,Saudi Arabia,6.379,,,,,,,,,,SAU2015,1.206,669484266666.667,22453.572,5.6,,-16.437,4.509,-7.863,31.506,24.405,3.259,690847754533.333,,SAU,6.372353
2014,Saudi Arabia,6.411,,,,,,,,,,SAU2014,2.236,766605866666.667,27079.673,5.877,,-2.043,3.811,10.47,28.564,36.182,2.734,789633446080.0,,SAU,6.3604245
2012,Saudi Arabia,6.48,,,,,,,,,,SAU2012,2.866,741849866666.667,28348.573,5.622,,4.012,5.409,23.41,25.641,44.808,2.518,761738805173.333,,SAU,6.427674
2011,Saudi Arabia,6.597,,,,,,,,,,SAU2011,5.826,676634666666.667,26966.294,5.77,,15.412,10.994,24.384,23.012,44.043,2.313,692763354533.333,,SAU,6.5444746
2024,Senegal,4.856,4.732,4.979,0.907,0.977,0.433,0.767,0.129,0.09,1.553,SEN2024,,,,2.992,,,,,,,,,,SEN,4.9026494
2023,Senegal,4.969,4.841,5.096,0.927,0.751,0.392,0.607,0.152,0.069,2.071,SEN2023,5.939,30848333083.706,1706.442,2.8,,3.852,4.584,-19.683,23.447,24.055,19.441,29815310912.719,,SEN,5.187324
2022,Senegal,4.855,4.727,4.983,0.943,0.727,0.231,0.519,0.142,0.06,2.234,SEN2022,9.697,27619479059.613,1564.745,2.837,,8.728,3.826,-20.067,23.26,22.281,18.703,26730995883.942,,SEN,4.8669934
2021,Senegal,5.046,4.921,5.171,0.933,0.53,0.447,0.494,0.143,0.081,2.419,SEN2021,2.18,27520784129.751,1598.107,3.44,,1.447,6.544,-12.09,19.589,20.814,17.55,26818952801.845,,SEN,4.863379
2020,Senegal,5.132,4.998,5.266,0.518,0.558,0.357,0.381,0.158,0.088,3.071,SEN2020,2.543,24530513037.752,1461.087,3.437,,1.603,1.342,-10.853,20.946,20.23,17.449,24122233479.252,,SEN,4.784544
2019,Senegal,4.981,4.877,5.084,0.504,0.955,0.518,0.352,0.164,0.082,2.405,SEN2019,1.76,23403995992.135,1431.181,2.863,,2.086,4.614,-8.109,21.233,21.21,18.419,22793623628.474,,SEN,4.791271
2018,Senegal,4.681,,,,,,,,,,SEN2018,0.461,23116701556.138,1452.556,3.455,,-0.84,6.209,-9.583,19.847,19.772,16.378,22515158389.218,,SEN,4.605344
2017,Senegal,4.631,,,,,,,,,,SEN2017,1.318,20996562943.598,1356.805,4.078,4.514,0.599,7.407,-7.269,19.788,21.341,15.906,20409580182.44,,SEN,4.5279546
2016,Senegal,4.535,,,,,,,,,,SEN2016,0.837,19040312333.186,1266.44,4.455,4.298,0.956,6.356,-4.179,18.31,20.819,16.371,18541862786.771,,SEN,4.688035
2015,Senegal,4.219,,,,,,,,,,SEN2015,0.135,17774766696.176,1218.006,6.757,4.041,1.07,6.367,-5.316,18.299,19.198,15.774,17312461398.556,,SEN,4.321001
2014,Senegal,3.904,,,,,,,,,,SEN2014,-1.09,19797253440.268,1398.891,5.841,6.96,-1.516,6.224,-6.803,,,,19408861677.051,,SEN,3.9067595
2012,Senegal,3.959,,,,,,,,,,SEN2012,1.418,17660870411.524,1326.838,3.888,1.709,3.274,4.003,-8.652,,,,17359552048.495,,SEN,4.2030015
2011,Senegal,4.414,,,,,,,,,,SEN2011,3.403,17814283639.312,1374.676,2.853,1.347,3.857,1.334,-6.445,,,,17532438785.721,,SEN,4.3910813
2024,Serbia,6.606,6.513,6.698,1.489,1.62,0.545,0.767,0.131,0.107,1.946,SRB2024,4.671,,,7.39,,,,,,,,,,SRB,4.7781944
2023,Serbia,6.411,6.3,6.522,1.538,1.391,0.585,0.663,0.2,0.101,1.932,SRB2023,12.372,81342660752.373,12281.506,8.268,,13.84,3.847,-2.394,,,,77124644204.408,,SRB,6.238859
2022,Serbia,6.144,5.988,6.299,1.552,1.343,0.424,0.617,0.246,0.081,1.881,SRB2022,11.982,66797564758.339,10022.969,8.439,,10.516,2.631,-6.672,35.469,38.657,23.897,63640695711.636,,SRB,5.8135147
2021,Serbia,6.178,6.062,6.294,1.55,1.086,0.658,0.546,0.219,0.088,2.031,SRB2021,4.085,66159884072.531,9680.528,9.843,,5.684,7.949,-4.012,37.698,34.562,19.661,63725727979.921,,SRB,5.852975
2020,Serbia,6.078,5.974,6.181,1.101,0.924,0.634,0.482,0.189,0.066,2.682,SRB2020,1.576,55874017668.998,8098.71,9.011,,2.649,-0.95,-3.896,42.538,39.43,22.43,54250382218.318,,SRB,5.5202427
2019,Serbia,5.778,5.679,5.878,0.988,1.327,0.828,0.395,0.15,0.059,2.029,SRB2019,1.849,53864693664.557,7755.633,10.395,,2.348,4.75,-6.563,35.743,39.291,23.0,51089361866.014,,SRB,5.1221104
2018,Serbia,5.603,,,,,,,,,,SRB2018,1.96,52787520248.924,7559.862,12.733,,2.0,4.649,-4.658,35.192,38.641,22.638,50210951337.945,,SRB,5.2471347
2017,Serbia,5.398,,,,,,,,,,SRB2017,3.131,45972834713.808,6548.037,13.477,,2.997,2.363,-5.052,36.141,39.018,23.129,43120235148.204,,SRB,5.143482
2016,Serbia,5.395,,,,,,,,,,SRB2016,1.122,42225495909.563,5982.37,15.257,,1.544,2.975,-2.818,37.791,38.325,22.444,39988171446.519,,SRB,5.1721034
2015,Serbia,5.177,,,,,,,,,,SRB2015,1.392,41297410634.959,5820.322,17.66,,2.169,1.296,-3.318,39.053,37.458,21.467,39457763395.71,,SRB,5.1116776
2014,Serbia,5.123,,,,,,,,,,SRB2014,2.082,49114321280.347,6886.678,19.223,,2.909,-1.804,-5.364,40.911,37.323,21.052,47332816794.213,,SRB,5.0693526
2012,Serbia,4.813,,,,,,,,,,SRB2012,7.33,45103269969.411,6263.041,24.0,,6.044,-0.444,-10.479,35.426,31.538,17.815,43688184212.71,,SRB,4.8444495
2011,Serbia,4.564,,,,,,,,,,SRB2011,11.137,51251098408.092,7082.286,22.959,,11.002,0.054,-9.928,34.083,31.722,18.314,49347436352.331,,SRB,4.6476893
2024,Sierra Leone,2.998,2.894,3.102,0.786,0.692,0.327,0.613,0.138,0.052,0.391,SLE2024,28.634,,,3.126,,,,,,,,,,SLE,5.277991
2023,Sierra Leone,3.245,3.124,3.366,0.654,0.566,0.253,0.469,0.181,0.053,1.068,SLE2023,47.643,6411869546.289,757.858,3.153,-7.412,29.216,5.71,-9.457,,,,6357900250.53,,SLE,4.4033046
2022,Sierra Leone,3.138,2.976,3.299,0.67,0.54,0.092,0.371,0.193,0.051,1.221,SLE2022,27.208,7119137321.901,860.131,3.175,-6.017,26.952,5.314,-6.35,,,,7052172099.96,,SLE,4.435472
2021,Sierra Leone,3.574,3.416,3.732,0.686,0.416,0.273,0.387,0.202,0.055,1.556,SLE2021,11.874,7165214367.65,885.184,3.556,10.636,7.433,5.897,-7.297,,,,7095115114.099,,SLE,4.25743
2020,Sierra Leone,3.849,3.698,4.001,0.279,0.377,0.1,0.408,0.243,0.047,2.396,SLE2020,13.447,6688594757.621,845.314,3.508,4.115,13.277,-1.253,-5.837,,,,6661953410.234,,SLE,4.180809
2019,Sierra Leone,3.926,3.807,4.046,0.241,0.748,0.204,0.382,0.258,0.048,2.046,SLE2019,14.805,6523577590.383,843.713,3.203,7.325,9.916,5.503,-7.788,,,,6453832475.363,,SLE,4.1363235
2018,Sierra Leone,4.374,,,,,,,,,,SLE2018,16.03,6390514688.528,845.915,3.192,1.711,14.011,3.473,-9.255,,,,6321721809.585,,SLE,4.1963754
2017,Sierra Leone,4.571,,,,,,,,,,SLE2017,18.222,5818480351.637,788.487,3.834,6.151,8.956,3.754,-11.68,,,,5718813430.742,,SLE,4.3815145
2016,Sierra Leone,4.709,,,,,,,,,,SLE2016,10.886,6042615859.611,838.632,4.294,9.792,5.852,6.347,-4.863,,,,5946667599.373,,SLE,4.494281
2015,Sierra Leone,4.635,,,,,,,,,,SLE2015,6.689,6651626733.649,945.148,4.606,-0.761,19.64,-20.491,-15.08,,,,6651514105.595,,SLE,4.434021
2014,Sierra Leone,4.507,,,,,,,,,,SLE2014,4.639,7845456215.278,1140.927,4.678,17.306,1.795,4.559,-6.026,,,,7845075238.31,,SLE,4.7338204
2012,Sierra Leone,4.318,,,,,,,,,,SLE2012,6.588,5927684219.153,904.841,4.552,7.996,12.041,15.202,-20.416,,,,5927502383.727,,SLE,4.261273
2011,Sierra Leone,3.586,,,,,,,,,,SLE2011,6.791,4587078913.133,718.162,4.54,3.159,17.295,6.01,-41.715,,,,4586860848.136,,SLE,3.690307
2024,Singapore,6.565,6.481,6.65,2.022,1.565,0.935,0.856,0.164,0.522,0.501,SGP2024,2.366,,,3.182,,,,,,,,,,SGP,4.9122767
2023,Singapore,6.523,6.44,6.605,2.118,1.361,0.769,0.743,0.168,0.575,0.788,SGP2023,4.821,501427500080.059,84734.256,3.444,,-3.069,1.075,17.83,17.442,18.36,14.006,420675068720.039,177.002,SGP,6.7653627
2022,Singapore,6.587,6.454,6.72,2.168,1.354,0.607,0.66,0.17,0.561,1.067,SGP2022,6.121,498474540987.78,88428.702,3.591,,13.478,3.838,18.812,15.136,16.221,12.033,402947122111.431,157.363,SGP,6.3014293
2021,Singapore,6.48,6.392,6.569,2.149,1.127,0.851,0.672,0.163,0.587,0.932,SGP2021,2.305,434111559282.849,79601.413,4.64,-4.547,10.264,9.691,19.911,16.376,17.229,12.813,369181671818.698,150.142,SGP,6.6078777
2020,Singapore,6.377,6.293,6.46,1.695,1.019,0.897,0.664,0.176,0.547,1.379,SGP2020,-0.182,349488382610.662,61466.804,4.1,7.881,-2.439,-3.87,17.485,25.722,18.052,12.732,301827008237.772,151.566,SGP,7.0187387
2019,Singapore,6.377,6.312,6.442,1.52,1.395,1.138,0.635,0.219,0.533,0.937,SGP2019,0.565,376901649222.451,66081.72,3.1,5.466,-0.204,1.345,15.354,14.143,20.901,13.152,333217559842.775,127.827,SGP,6.5981474
2018,Singapore,6.262,,,,,,,,,,SGP2018,0.439,376892697588.005,66840.637,3.613,1.666,3.604,3.517,15.702,14.691,18.189,13.013,330780032057.128,110.758,SGP,6.3674216
2017,Singapore,6.343,,,,,,,,,,SGP2017,0.576,343257164581.712,61162.097,4.2,2.319,2.894,4.513,18.626,14.305,20.189,13.99,319463982475.515,109.329,SGP,6.3579693
2016,Singapore,6.572,,,,,,,,,,SGP2016,-0.532,319053943915.005,56899.918,4.08,4.837,0.49,3.589,18.039,14.443,18.466,13.309,299704968202.289,109.056,SGP,6.6021686
2015,Singapore,6.739,,,,,,,,,,SGP2015,-0.523,307998545269.398,55645.607,3.79,2.21,3.072,2.977,18.693,15.926,17.997,13.14,286982925099.558,103.321,SGP,6.6965814
2014,Singapore,6.798,,,,,,,,,,SGP2014,1.025,314863580758.455,57564.802,3.74,5.632,-0.267,3.936,17.95,13.151,18.021,13.557,303910658616.471,99.61,SGP,6.715903
2012,Singapore,6.546,,,,,,,,,,SGP2012,4.576,295092888076.589,55547.555,3.72,4.861,0.495,4.435,17.643,12.384,17.477,13.581,281970766822.76,107.828,SGP,6.6086364
2011,Singapore,6.549,,,,,,,,,,SGP2011,5.248,279356499090.458,53891.457,3.89,4.16,1.171,6.215,22.218,12.773,17.021,13.106,269757413084.683,104.785,SGP,6.5887146
2024,Slovakia,6.221,6.154,6.288,1.629,1.762,0.547,0.704,0.058,0.07,1.451,SVK2024,2.758,,,5.234,,,,,,,,,,SVK,4.7548094
2023,Slovakia,6.257,6.182,6.332,1.706,1.54,0.638,0.566,0.096,0.058,1.653,SVK2023,10.532,132908336234.295,24491.377,5.84,,10.136,1.378,-1.678,,,,129363521385.089,,SVK,6.3545027
2022,Slovakia,6.469,6.36,6.578,1.731,1.544,0.472,0.494,0.128,0.022,2.078,SVK2022,12.774,115928615553.286,21342.767,6.143,,7.489,0.45,-9.598,39.728,37.853,19.44,113663598494.847,64.316,SVK,6.1268334
2021,Slovakia,6.391,6.306,6.475,1.736,1.232,0.707,0.479,0.118,0.025,2.094,SVK2021,3.15,120592216208.386,22138.195,6.894,,2.244,5.727,-4.79,42.367,37.365,18.963,115128905716.297,77.515,SVK,5.906265
2020,Slovakia,6.331,6.251,6.411,1.304,1.066,0.653,0.468,0.107,0.018,2.714,SVK2020,1.937,107732602896.441,19735.486,6.719,,2.408,-2.586,-0.437,42.11,36.824,18.464,105812952730.797,77.603,SVK,5.96585
2019,Slovakia,6.281,6.204,6.357,1.195,1.424,0.853,0.424,0.117,0.011,2.256,SVK2019,2.665,105843498304.094,19406.059,5.761,,2.401,2.276,-3.513,38.098,37.027,18.76,103173702727.27,63.034,SVK,6.2306232
2018,Slovakia,6.198,,,,,,,,,,SVK2018,2.514,106611673364.837,19573.372,6.544,,2.109,4.062,-1.593,37.129,36.253,18.464,104466604126.592,63.5,SVK,6.1905227
2017,Slovakia,6.173,,,,,,,,,,SVK2017,1.312,95978130734.977,17645.53,8.142,,1.182,2.875,-1.718,37.039,36.086,18.502,93926182364.76,64.134,SVK,6.1512575
2016,Slovakia,6.098,,,,,,,,,,SVK2016,-0.52,90347173228.636,16636.077,9.679,,-0.391,1.948,-1.417,40.319,37.768,18.013,87583418794.887,66.126,SVK,6.0054216
2015,Slovakia,6.078,,,,,,,,,,SVK2015,-0.325,89178548717.332,16442.076,11.492,,-0.186,5.177,-2.051,40.678,40.501,18.052,86733263300.836,64.633,SVK,6.0067186
2014,Slovakia,5.995,,,,,,,,,,SVK2014,-0.076,101713075598.862,18770.929,11.536,,-0.133,2.708,1.776,40.05,37.903,17.388,100294158379.669,65.702,SVK,5.946414
2012,Slovakia,5.969,,,,,,,,,,SVK2012,3.606,94724394278.052,17516.969,13.966,,1.339,1.569,0.939,39.133,34.492,15.5,93046097962.178,58.426,SVK,5.816537
2011,Slovakia,5.657,,,,,,,,,,SVK2011,3.919,99705104723.434,18469.435,13.634,,1.62,2.562,-4.924,39.06,34.93,16.004,96477145180.409,48.687,SVK,5.6744156
2024,Slovenia,6.792,6.695,6.889,1.692,1.718,0.802,0.961,0.121,0.113,1.384,SVN2024,1.966,,,3.357,,,,,,,,,,SVN,4.868594
2023,Slovenia,6.743,6.643,6.843,1.786,1.502,0.695,0.789,0.157,0.131,1.683,SVN2023,7.447,69148468417.321,32610.111,3.652,,10.05,2.113,4.472,42.941,41.764,20.346,68204657444.175,,SVN,6.3991275
2022,Slovenia,6.65,6.55,6.75,1.815,1.539,0.532,0.707,0.144,0.113,1.799,SVN2022,8.834,59927702746.284,28373.838,4.011,,6.517,2.699,-1.03,43.533,42.324,21.021,58905498955.812,,SVN,6.6135225
2021,Slovenia,6.63,6.542,6.718,1.81,1.249,0.769,0.685,0.118,0.115,1.885,SVN2021,1.917,61529280461.092,29187.369,4.744,,2.69,8.39,3.368,46.617,43.153,21.613,61087662970.414,,SVN,6.2942743
2020,Slovenia,6.461,6.376,6.546,1.36,1.093,0.722,0.69,0.122,0.085,2.388,SVN2020,-0.055,53384760135.158,25392.065,4.971,,1.19,-4.085,7.674,49.108,42.106,20.489,53456563151.351,,SVN,6.2784843
2019,Slovenia,6.363,6.277,6.449,1.209,1.465,0.933,0.647,0.146,0.077,1.889,SVN2019,1.631,53909922735.545,25814.169,4.446,,2.339,3.505,6.453,40.79,42.248,21.699,53555776974.368,,SVN,6.314727
2018,Slovenia,6.118,,,,,,,,,,SVN2018,1.739,53689067639.918,25888.048,5.108,,2.181,4.379,6.521,41.145,42.699,22.033,53372127792.394,,SVN,6.19377
2017,Slovenia,5.948,,,,,,,,,,SVN2017,1.429,48153200134.661,23303.078,6.564,,1.288,5.174,6.821,42.298,42.396,21.905,47713353120.197,,SVN,5.9539905
2016,Slovenia,5.758,,,,,,,,,,SVN2016,-0.055,44290685824.068,21447.838,8.0,,0.885,3.034,5.292,44.675,42.693,22.163,43632048585.544,,SVN,5.7636347
2015,Slovenia,5.768,,,,,,,,,,SVN2015,-0.526,42709468274.814,20697.275,8.962,,0.867,2.393,4.118,46.722,44.439,22.122,41777966741.873,,SVN,5.741289
2014,Slovenia,5.848,,,,,,,,,,SVN2014,0.199,49514466379.606,24013.068,9.668,,0.632,2.763,5.328,47.534,43.724,22.034,49538339538.7,,SVN,5.835332
2012,Slovenia,6.06,,,,,,,,,,SVN2012,2.597,46167053954.337,22442.142,8.841,,0.627,-2.916,1.403,47.49,43.441,21.702,45851550969.762,,SVN,5.9279933
2011,Slovenia,5.922,,,,,,,,,,SVN2011,1.803,51199194599.309,24940.628,8.166,,1.365,0.655,-0.772,48.809,42.472,21.695,50883600760.681,,SVN,6.0284457
2024,Somalia,4.347,4.203,4.49,0.535,0.877,0.046,0.916,0.206,0.192,1.575,SOM2024,,,,18.861,,,,,,,,,,SOM,4.449954
2018,Somalia,4.668,,,,,,,,,,SOM2018,,7873440838.366,509.526,18.738,,4.975,2.054,,0.0,0.0,0.0,7839349638.496,,SOM,4.548947
2017,Somalia,4.982,,,,,,,,,,SOM2017,,7621501720.0,510.94,18.523,,0.598,14.736,,0.0,0.0,0.0,7588940646.518,,SOM,5.024609
2016,Somalia,5.151,,,,,,,,,,SOM2016,,6613743089.999,460.928,18.578,,4.082,7.035,,,,,6583423311.613,,SOM,5.098746
2015,Somalia,5.44,,,,,,,,,,SOM2015,,6152149080.002,445.583,18.597,,6.949,10.462,,,,,6122909830.002,,SOM,5.1769257
2024,South Africa,5.213,5.086,5.339,1.283,1.465,0.142,0.676,0.064,0.043,1.54,ZAF2024,4.361,,,33.168,,,,,,,,,,ZAF,4.442979
2023,South Africa,5.422,5.295,5.549,1.389,1.369,0.322,0.537,0.078,0.034,1.693,ZAF2023,6.075,380699271814.508,6022.543,32.098,6.389,4.804,0.698,-1.614,,,,375533190780.566,,ZAF,4.9077916
2022,South Africa,5.275,5.132,5.417,1.417,1.428,0.149,0.464,0.09,0.019,1.708,ZAF2022,7.04,406920004594.074,6523.411,33.268,3.619,4.992,1.911,-0.462,33.48,30.273,26.005,398453691164.869,76.237,ZAF,4.618409
2021,South Africa,5.194,5.073,5.315,1.425,1.088,0.361,0.442,0.089,0.046,1.742,ZAF2021,4.619,420886877628.703,6843.399,34.007,0.472,6.539,4.955,3.73,34.531,30.065,25.895,412864533620.666,73.807,ZAF,4.660746
2020,South Africa,4.956,4.839,5.074,0.967,0.895,0.265,0.447,0.144,0.051,2.187,ZAF2020,3.232,337974655408.055,5580.604,29.217,2.198,5.391,-6.169,2.004,37.835,27.814,23.265,332348812405.049,75.726,ZAF,4.8143086
2019,South Africa,4.814,4.696,4.932,0.902,1.259,0.407,0.435,0.126,0.06,1.625,ZAF2019,4.103,389330032224.269,6533.711,28.468,5.268,4.614,0.26,-2.62,34.653,28.898,24.867,379611912078.734,64.589,ZAF,4.9232683
2018,South Africa,4.722,,,,,,,,,,ZAF2018,4.51,405260723892.517,6914.178,26.906,5.856,3.993,1.557,-3.001,33.995,28.364,24.895,393942734756.111,59.102,ZAF,4.6890755
2017,South Africa,4.724,,,,,,,,,,ZAF2017,5.186,381448814653.456,6618.335,27.035,4.647,5.473,1.158,-2.374,33.252,28.913,24.769,370872987853.886,56.26,ZAF,4.691851
2016,South Africa,4.829,,,,,,,,,,ZAF2016,6.603,323585509674.481,5651.206,26.536,3.278,6.952,0.665,-2.634,32.19,29.041,24.828,315294109648.646,53.739,ZAF,4.7582498
2015,South Africa,4.459,,,,,,,,,,ZAF2015,4.519,346709790458.563,6112.274,25.149,3.668,5.546,1.322,-4.31,33.68,29.647,25.049,338766618711.13,52.651,ZAF,4.668524
2014,South Africa,4.642,,,,,,,,,,ZAF2014,6.133,381198869776.106,6856.731,24.89,3.567,5.367,1.414,-4.812,31.905,28.873,24.432,371745234720.224,,ZAF,4.659498
2012,South Africa,4.963,,,,,,,,,,ZAF2012,5.738,434400545085.811,8076.977,24.727,3.883,4.685,2.396,-4.684,30.365,26.523,23.346,423516734077.151,,ZAF,4.9661603
2011,South Africa,5.101,,,,,,,,,,ZAF2011,5.001,458199494830.834,8646.056,24.639,3.279,5.539,3.169,-2.02,31.062,25.974,22.875,447479678691.973,,ZAF,5.081235
2019,South Sudan,2.817,2.606,3.028,0.289,0.553,0.209,0.066,0.21,0.111,1.379,SSD2019,87.241,,,12.709,-25.098,,,-4.157,,,,,,SSD,3.1257539
2018,South Sudan,2.853,,,,,,,,,,SSD2018,83.502,,,12.952,-27.288,,,-9.038,,,,,,SSD,3.03228
2017,South Sudan,3.254,,,,,,,,,,SSD2017,187.852,,,13.111,-77.561,,,8.307,,,,,,SSD,3.2974122
2016,South Sudan,3.591,,,,,,,,,,SSD2016,380.0,,,12.955,-33.009,,,-5.767,,,,,,SSD,3.450294
2015,South Sudan,3.832,,,,,,,,,,SSD2015,52.766,11997800760.224,1080.147,12.485,-3.321,17.689,-10.793,-4.169,,,,10522802563.676,,SSD,3.8698604
2024,Spain,6.466,6.385,6.547,1.69,1.685,0.894,0.734,0.112,0.18,1.17,ESP2024,2.774,,,11.394,,,,,,,,,,ESP,4.56335
2023,Spain,6.421,6.339,6.502,1.766,1.471,0.729,0.619,0.119,0.177,1.54,ESP2023,3.532,1620090734956.89,33509.013,12.179,,6.235,2.676,2.655,34.031,29.635,14.993,1606770094001.98,107.26,ESP,6.5256853
2022,Spain,6.436,6.354,6.519,1.798,1.491,0.567,0.533,0.101,0.157,1.789,ESP2022,8.391,1446498147749.03,30287.366,12.917,,4.712,6.179,0.31,35.395,29.791,15.496,1424534712303.51,109.218,ESP,6.3051486
2021,Spain,6.476,6.392,6.56,1.808,1.211,0.808,0.505,0.101,0.149,1.893,ESP2021,3.093,1461244901852.69,30817.683,14.781,,2.556,6.683,0.765,38.362,30.122,14.878,1456884138329.43,132.547,ESP,6.4267883
2020,Spain,6.491,6.408,6.574,1.375,1.057,0.826,0.462,0.135,0.124,2.513,ESP2020,-0.323,1289783836971.21,27230.36,15.532,,1.134,-10.94,0.819,40.369,29.223,13.446,1281402401923.74,138.955,ESP,6.54838
2019,Spain,6.401,6.318,6.484,1.231,1.421,1.051,0.426,0.165,0.11,1.997,ESP2019,0.7,1403496387686.27,29776.201,14.104,,1.429,1.961,2.12,32.115,27.84,13.658,1396786257474.51,111.293,ESP,6.373178
2018,Spain,6.354,,,,,,,,,,ESP2018,1.675,1431642809327.06,30592.126,15.255,,1.187,2.395,1.861,31.726,27.753,14.125,1423751671292.55,107.203,ESP,6.3726873
2017,Spain,6.31,,,,,,,,,,ESP2017,1.956,1321754088818.83,28367.939,17.224,,1.258,2.896,2.829,31.362,27.036,13.626,1313739000871.77,106.578,ESP,6.3248568
2016,Spain,6.403,,,,,,,,,,ESP2016,-0.203,1243015667917.12,26740.685,19.635,,0.372,2.915,3.158,32.432,27.129,13.684,1236606698893.78,105.968,ESP,6.368327
2015,Spain,6.361,,,,,,,,,,ESP2015,-0.5,1206164777553.12,25969.838,22.057,,0.552,4.061,2.037,32.656,27.539,14.082,1195894016724.61,104.514,ESP,6.245904
2014,Spain,6.329,,,,,,,,,,ESP2014,-0.151,1380244561361.96,29694.887,24.441,,-0.221,1.52,1.736,34.531,28.314,14.048,1366800133424.7,104.928,ESP,6.3971515
2012,Spain,6.322,,,,,,,,,,ESP2012,2.446,1330994811670.31,28456.444,24.789,,-0.203,-2.865,0.055,38.032,25.873,11.706,1314155086548.05,77.446,ESP,6.434564
2011,Spain,6.761,,,,,,,,,,ESP2011,3.196,1487568659241.25,31824.622,21.39,,-0.146,-0.64,-2.687,31.194,25.923,11.826,1454580711702.34,57.79,ESP,6.66946
2024,Sri Lanka,3.891,3.78,4.001,1.271,1.308,0.567,0.696,0.121,0.025,-0.099,LKA2024,-0.429,,,4.996,,,,,,,,,,LKA,4.709917
2023,Sri Lanka,3.898,3.778,4.018,1.361,1.179,0.586,0.583,0.144,0.031,0.014,LKA2023,16.541,84356863743.634,3827.965,5.997,,17.519,-2.298,1.848,17.976,11.035,9.847,81623429815.185,,LKA,5.005709
2022,Sri Lanka,4.442,4.28,4.603,1.422,1.224,0.426,0.539,0.12,0.086,0.625,LKA2022,49.721,74144870023.424,3342.72,4.528,,47.464,-7.347,-1.954,15.742,8.225,7.277,72199977445.736,,LKA,4.9133925
2021,Sri Lanka,4.362,4.237,4.487,1.415,0.934,0.66,0.529,0.15,0.079,0.595,LKA2021,7.015,88609324901.977,3999.338,4.981,,8.021,4.207,-3.706,17.467,8.273,7.37,86619332546.136,,LKA,4.834524
2020,Sri Lanka,4.325,4.196,4.454,0.99,0.82,0.593,0.559,0.239,0.049,1.075,LKA2020,6.154,84304298770.533,3846.174,5.364,,3.104,-4.625,-1.408,19.069,8.743,7.775,82024773617.052,,LKA,4.862934
2019,Sri Lanka,4.327,4.223,4.431,0.898,1.195,0.792,0.529,0.253,0.049,0.611,LKA2019,3.528,89014978344.14,4082.694,4.67,7.099,3.871,-0.22,-2.071,15.934,11.884,10.904,86545573251.94,,LKA,5.0138235
2018,Sri Lanka,4.366,,,,,,,,,,LKA2018,2.135,94493871200.787,4360.585,4.318,6.96,4.295,2.31,-2.962,15.285,12.506,11.154,92095811316.341,,LKA,4.5550623
2017,Sri Lanka,4.471,,,,,,,,,,LKA2017,7.704,94376237797.237,4401.056,4.046,5.781,5.473,6.461,-2.447,15.331,12.73,11.609,92061614515.905,,LKA,4.6366
2016,Sri Lanka,4.44,,,,,,,,,,LKA2016,3.959,88012282205.836,4149.761,4.242,4.789,5.443,5.054,-1.98,15.661,13.156,11.423,85816595299.736,,LKA,4.5528116
2015,Sri Lanka,4.415,,,,,,,,,,LKA2015,3.768,85140955388.851,4060.131,4.519,3.828,3.014,4.206,-2.211,17.088,12.577,11.72,83118677957.889,73.513,LKA,4.5569296
2014,Sri Lanka,4.271,,,,,,,,,,LKA2014,3.179,82528535713.926,3971.919,4.157,5.805,1.921,6.378,-2.408,14.203,10.929,9.748,80720442913.028,68.591,LKA,4.365618
2012,Sri Lanka,4.151,,,,,,,,,,LKA2012,7.543,70447216891.337,3327.776,3.88,2.552,10.463,8.632,-5.691,15.068,11.688,10.111,69233385160.863,66.747,LKA,4.3517985
2011,Sri Lanka,4.26,,,,,,,,,,LKA2011,6.717,67753284043.928,3224.957,4.118,5.224,3.98,8.669,-6.812,15.579,12.478,10.848,67101713795.899,68.526,LKA,4.2617726
2024,State of Palestine,4.78,4.675,4.886,1.047,1.456,,0.618,0.055,0.081,,PSE2024,,,,,,,,,,,,,,PSE,4.9552484
2023,State of Palestine,4.879,4.753,5.006,,,,,,,,PSE2023,5.871,17420800000.0,3372.35,,,-3.904,-5.411,-16.62,,,,20657700000.0,,PSE,5.5869884
2022,State of Palestine,4.908,4.727,5.089,1.144,1.309,,0.416,0.065,0.067,,PSE2022,3.741,19165500000.0,3799.955,24.42,,1.683,4.083,-10.627,,,,23693000000.0,,PSE,4.9329658
2021,State of Palestine,4.483,4.3,4.665,1.148,0.957,0.521,0.336,0.073,0.079,1.368,PSE2021,1.237,18109000000.0,3678.636,26.39,-3.119,8.954,7.012,-9.818,26.166,23.392,21.475,21736300000.0,,PSE,4.589605
2020,State of Palestine,4.517,4.384,4.649,0.646,0.819,0.434,0.33,0.082,0.075,2.131,PSE2020,-0.735,15531700000.0,3233.569,25.895,3.225,2.221,-11.318,-12.251,29.235,22.72,20.852,18024400000.0,,PSE,4.7136436
2019,State of Palestine,4.553,4.443,4.662,0.588,1.195,0.614,0.299,0.092,0.072,1.694,PSE2019,1.58,17133500000.0,3656.858,25.34,2.005,3.849,1.363,-10.385,24.466,20.291,18.534,19791500000.0,,PSE,4.8545146
2018,State of Palestine,4.696,,,,,,,,,,PSE2018,-0.195,16276600000.0,3562.331,26.256,6.194,-0.302,1.227,-13.15,24.617,20.794,18.782,19062800000.0,,PSE,4.6428595
2017,State of Palestine,4.743,,,,,,,,,,PSE2017,0.213,16128000000.0,3620.36,25.677,2.486,3.225,1.419,-13.207,26.874,22.468,20.664,18257000000.0,,PSE,4.7399054
2016,State of Palestine,4.775,,,,,,,,,,PSE2016,-0.219,15405400000.0,3527.614,23.939,4.81,1.278,8.865,-13.908,25.672,22.925,20.409,17301000000.0,,PSE,4.71765
2015,State of Palestine,4.754,,,,,,,,,,PSE2015,1.432,13972400000.0,3272.154,23.005,10.893,-3.707,3.721,-13.879,26.988,21.013,19.73,15684800000.0,,PSE,4.6937885
2014,State of Palestine,4.715,,,,,,,,,,PSE2014,1.733,13989700000.0,3352.113,20.526,2.639,3.672,-0.158,-13.587,26.628,20.025,18.578,15472300000.0,,PSE,4.706545
2012,State of Palestine,4.7,,,,,,,,,,PSE2012,2.779,12208400000.0,3067.439,19.202,3.986,2.868,6.096,-14.917,25.7,16.351,16.253,13065900000.0,,PSE,4.6403465
2011,State of Palestine,4.555,,,,,,,,,,PSE2011,2.877,11186100000.0,2880.798,17.597,1.297,5.42,9.601,-18.501,28.191,18.593,17.581,11935600000.0,,PSE,4.58685
2017,Sudan,4.139,,,,,,,,,,SDN2017,32.352,41283617976.19,966.506,12.953,,34.622,0.709,-11.17,,,,39632308795.238,,SDN,4.018714
2016,Sudan,4.139,,,,,,,,,,SDN2016,17.75,42630376000.0,1033.216,13.606,,20.686,3.468,-9.883,9.726,8.774,7.39,41763874766.667,,SDN,4.1238265
2015,Sudan,4.139,,,,,,,,,,SDN2015,16.91,51726758676.768,1292.38,14.347,,14.023,1.91,-10.557,10.712,10.314,8.194,50563738020.202,,SDN,4.1715846
2014,Sudan,4.55,,,,,,,,,,SDN2014,36.907,49516748617.978,1275.438,15.411,,34.067,4.661,-7.16,11.432,11.042,7.982,48568747977.528,,SDN,4.525099
2012,Sudan,4.401,,,,,,,,,,SDN2012,35.559,37632919966.667,1019.222,17.002,,30.129,-17.005,-16.632,11.635,9.412,6.894,35608466700.0,,SDN,4.375136
2011,Sudan,4.424,,,,,,,,,,SDN2011,18.097,55018567210.526,1332.657,17.44,,26.328,-3.214,-4.822,,11.306,3.856,51237402657.895,,SDN,4.317319
2015,Suriname,6.269,,,,,,,,,,SUR2015,6.894,5126237646.221,8813.617,7.22,7.403,4.855,-3.413,-15.341,,,,5112966262.15,,SUR,6.335989
2014,Suriname,6.269,,,,,,,,,,SUR2014,3.383,5240606060.606,9108.189,6.94,10.533,1.584,0.256,-7.945,,,,5170283939.394,,SUR,6.321808
2012,Suriname,6.269,,,,,,,,,,SUR2012,5.007,4980000000.0,8851.241,8.1,0.909,10.735,2.69,3.26,,,,4787510969.697,,SUR,6.0644674
2020,Swaziland,4.308,4.168,4.448,0.849,0.693,0.074,0.323,0.067,0.147,2.155,SWZ2020,,4105756862.553,3442.322,32.944,2.951,4.864,-2.887,6.599,26.253,27.465,27.281,3719044112.004,38.629,SWZ,4.372588
2019,Swaziland,4.308,4.168,4.448,0.828,1.065,0.216,0.3,0.067,0.147,1.686,SWZ2019,2.598,4594818143.276,3894.33,28.138,7.388,2.548,4.962,3.834,25.403,25.933,24.646,4112925340.939,29.946,SWZ,4.320763
2018,Swaziland,4.212,,,,,,,,,,SWZ2018,4.815,4659474399.74,3986.106,26.369,6.58,3.502,0.769,1.303,26.673,24.728,24.247,4339197362.558,27.023,SWZ,4.1897044
2014,Swaziland,4.867,,,,,,,,,,SWZ2014,5.681,4250545460.945,3740.693,23.828,2.178,6.31,1.717,12.048,25.509,30.654,30.008,4063414218.602,14.425,SWZ,4.720296
2012,Swaziland,4.867,,,,,,,,,,SWZ2012,8.94,4886551483.934,4347.996,25.128,0.001,8.748,5.397,4.91,22.33,28.838,28.233,4571223253.096,12.882,SWZ,4.773025
2024,Sweden,7.345,7.262,7.427,1.783,1.698,0.889,0.952,0.17,0.467,1.385,SWE2024,2.836,,,8.528,,,,,,,,,,SWE,4.62261
2023,Sweden,7.344,7.267,7.422,1.878,1.501,0.724,0.838,0.221,0.524,1.658,SWE2023,8.549,584960475767.32,55516.836,7.611,,6.149,-0.311,6.978,,,,606603219320.577,,SWE,6.220794
2022,Sweden,7.395,7.322,7.468,1.921,1.51,0.562,0.754,0.225,0.52,1.903,SWE2022,8.369,579895717343.956,55296.937,7.392,,5.782,1.459,4.726,32.235,33.289,27.605,604826974545.303,36.91,SWE,7.376852
2021,Sweden,7.384,7.315,7.454,1.92,1.204,0.803,0.724,0.218,0.512,2.003,SWE2021,2.163,637186904843.636,61174.968,8.722,,2.741,5.938,6.703,32.912,32.498,27.399,663252463172.592,40.655,SWE,7.370272
2020,Sweden,7.363,7.293,7.433,1.478,1.062,0.763,0.685,0.244,0.448,2.683,SWE2020,0.497,545147614972.141,52653.757,8.291,,1.794,-2.005,5.798,34.879,32.253,26.822,564371291338.878,44.178,SWE,7.471723
2019,Sweden,7.353,7.282,7.425,1.322,1.433,0.986,0.65,0.273,0.442,2.246,SWE2019,1.784,532169294165.94,51773.046,6.833,,2.421,2.55,5.327,31.331,32.953,27.501,547611418095.424,38.795,SWE,7.3935423
2018,Sweden,7.343,,,,,,,,,,SWE2018,1.954,551312498430.164,54181.907,6.365,,2.616,1.903,2.192,31.944,33.484,28.119,561279115315.834,42.582,SWE,7.4381437
2017,Sweden,7.314,,,,,,,,,,SWE2017,1.794,536083940228.684,53300.859,6.718,,2.227,1.825,2.074,31.927,33.606,28.386,543698522015.555,44.353,SWE,7.3977356
2016,Sweden,7.284,,,,,,,,,,SWE2016,0.984,514218206628.325,51820.397,6.99,,1.652,2.35,1.847,32.037,33.515,28.199,515550957283.109,46.317,SWE,7.3847895
2015,Sweden,7.291,,,,,,,,,,SWE2015,-0.047,501698263620.663,51197.953,7.432,,2.253,4.41,2.594,32.353,32.624,27.321,505274264709.006,47.756,SWE,7.383826
2014,Sweden,7.364,,,,,,,,,,SWE2014,-0.18,577730245154.162,59583.714,7.954,,1.833,2.296,3.25,33.257,32.089,26.709,589823904990.464,49.817,SWE,7.3895965
2012,Sweden,7.48,,,,,,,,,,SWE2012,0.888,549742183874.355,57749.825,7.976,,0.95,-0.414,5.533,33.009,32.244,26.435,562604589238.968,43.727,SWE,7.432079
2011,Sweden,7.379,,,,,,,,,,SWE2011,2.961,570541353128.724,60379.775,7.804,,1.117,3.164,5.51,32.439,32.701,26.799,583474661753.753,43.957,SWE,7.363163
2024,Switzerland,6.935,6.854,7.015,1.87,1.622,0.883,0.889,0.156,0.468,1.047,CHE2024,1.062,,,4.11,,,,,,,,,,CHE,4.7451024
2023,Switzerland,7.06,6.973,7.147,1.97,1.425,0.747,0.759,0.173,0.498,1.488,CHE2023,2.135,884940402230.409,99564.71,4.043,1.822,1.023,0.716,5.362,16.906,17.239,9.1,860241113084.629,20.095,CHE,7.401092
2022,Switzerland,7.24,7.156,7.324,2.022,1.463,0.582,0.678,0.151,0.475,1.87,CHE2022,2.835,818426550206.45,93245.795,4.122,0.146,2.497,2.568,8.837,16.672,17.394,9.101,801895036040.353,17.803,CHE,7.286427
2021,Switzerland,7.512,7.437,7.586,2.026,1.226,0.822,0.677,0.147,0.461,2.153,CHE2021,0.582,813408787222.499,93446.434,5.013,1.377,1.246,5.392,7.073,19.011,18.476,10.094,800495604747.336,19.986,CHE,7.2278075
2020,Switzerland,7.571,7.5,7.643,1.566,1.079,0.816,0.653,0.204,0.413,2.839,CHE2020,-0.726,741999406005.627,85897.784,4.817,3.358,-0.699,-2.142,0.375,20.043,17.893,9.345,716684165061.556,20.852,CHE,7.5449214
2019,Switzerland,7.56,7.491,7.629,1.391,1.472,1.041,0.629,0.269,0.408,2.35,CHE2019,0.363,721369112726.724,84121.931,4.394,2.74,-0.104,1.142,3.512,16.853,17.906,9.907,696318048854.117,18.954,CHE,7.499286
2018,Switzerland,7.48,,,,,,,,,,CHE2018,0.936,725568717468.001,85217.369,4.713,1.849,0.764,2.86,5.05,16.718,17.675,9.691,699353255841.699,18.678,CHE,7.436456
2017,Switzerland,7.487,,,,,,,,,,CHE2017,0.534,695200833086.499,82254.377,4.797,3.006,-0.368,1.363,5.344,17.216,18.155,10.062,685587748787.691,20.284,CHE,7.4678235
2016,Switzerland,7.494,,,,,,,,,,CHE2016,-0.435,687895460902.713,82153.075,4.918,3.249,-0.583,2.069,7.276,17.241,17.45,9.405,683895323472.44,19.381,CHE,7.491792
2015,Switzerland,7.509,,,,,,,,,,CHE2015,-1.144,694118186379.628,83806.448,4.801,3.996,-1.265,1.645,8.879,17.067,17.746,9.556,701133713181.255,20.439,CHE,7.5643654
2014,Switzerland,7.587,,,,,,,,,,CHE2014,-0.013,726537808338.0,88724.991,4.826,3.365,-0.653,2.35,6.867,16.719,17.132,9.087,725732044919.197,20.611,CHE,7.5141616
2012,Switzerland,7.65,,,,,,,,,,CHE2012,-0.693,686420221557.99,85836.208,4.491,2.623,0.064,1.179,8.877,16.522,17.164,9.169,697992809377.499,21.344,CHE,7.5724044
2011,Switzerland,7.499,,,,,,,,,,CHE2011,0.231,715888126682.396,90476.759,4.409,2.739,-0.02,1.813,6.211,16.638,17.29,9.322,720038694879.46,21.142,CHE,7.5197186
2018,Syria,3.462,,,,,,,,,,SYR2018,0.941,21497782867.643,1098.067,13.497,,13.188,1.393,,,,,20708643151.976,,SYR,3.5930648
2017,Syria,3.462,,,,,,,,,,SYR2017,18.075,16369843352.345,851.502,13.597,,37.221,-0.723,,,,,15776320913.866,,SYR,3.368974
2016,Syria,3.462,,,,,,,,,,SYR2016,47.705,12597854877.425,656.349,13.795,,36.871,-6.406,,,,,12131412781.945,,SYR,3.3419762
2015,Syria,3.069,,,,,,,,,,SYR2015,38.461,16466863117.001,847.732,14.243,,38.215,-4.18,,,,,15846726811.901,,SYR,3.191015
2014,Syria,3.006,,,,,,,,,,SYR2014,10.927,21502061465.95,1060.591,14.783,,37.095,-10.31,,,,,20679218993.095,,SYR,3.1447427
2012,Syria,3.892,,,,,,,,,,SYR2012,36.702,43190318032.563,1897.661,13.8,,26.246,-26.339,,,,,41500139065.81,,SYR,3.9461918
2011,Syria,4.735,,,,,,,,,,SYR2011,4.753,67539428159.447,2952.143,8.627,,11.574,2.85,,,,,62976957811.715,,SYR,4.8423944
2024,Tajikistan,5.411,5.337,5.485,0.914,1.555,0.658,,0.085,0.342,,TJK2024,,,,11.635,,,,,,,,,,TJK,4.6586213
2023,Tajikistan,5.281,5.201,5.361,,,,,,,,TJK2023,,12060602008.848,1160.812,11.546,,2.188,8.3,4.842,11.187,18.712,10.916,15143750556.156,,TJK,4.621719
2022,Tajikistan,5.33,5.207,5.452,0.972,1.248,0.291,0.599,0.104,0.292,1.823,TJK2022,,10713525200.4,1052.179,11.634,,8.262,8.0,15.257,10.691,17.07,10.344,14210918854.237,,TJK,4.9604654
2021,Tajikistan,5.377,5.287,5.468,0.966,1.005,0.518,0.572,0.118,0.304,1.895,TJK2021,,8937805347.14,896.748,12.333,,10.045,9.4,8.229,12.457,17.753,10.346,10758910057.168,,TJK,4.784586
2020,Tajikistan,5.466,5.4,5.532,0.508,0.895,0.498,0.548,0.152,0.247,2.619,TJK2020,,8133963550.657,834.312,12.321,,1.656,4.4,4.349,,,,9498106073.45,,TJK,4.1542134
2019,Tajikistan,5.556,5.492,5.619,0.475,1.218,0.681,0.521,0.182,0.222,2.257,TJK2019,,8300813599.308,871.022,11.419,19.189,3.659,7.4,-2.232,,,,9631287021.79,,TJK,5.0743337
2018,Tajikistan,5.467,,,,,,,,,,TJK2018,,7764999999.454,834.288,11.437,24.096,2.492,7.6,-4.89,,,,8990673043.815,,TJK,5.3410144
2017,Tajikistan,5.352,,,,,,,,,,TJK2017,,7536402852.858,829.457,11.487,18.069,9.805,7.1,2.109,,,,8637196303.701,,TJK,5.3418155
2016,Tajikistan,5.041,,,,,,,,,,TJK2016,6.005,6992416096.89,788.71,11.5,24.27,0.541,6.9,-4.159,,,,8081792570.519,,TJK,4.9122334
2015,Tajikistan,4.996,,,,,,,,,,TJK2015,5.715,8271431485.075,956.916,11.485,17.751,6.866,6.019,-5.768,,,,9797996695.503,,TJK,4.6927714
2014,Tajikistan,4.786,,,,,,,,,,TJK2014,6.104,9112605459.328,1081.544,11.439,18.865,4.767,6.7,-3.473,,,,11296415927.116,,TJK,4.744503
2012,Tajikistan,4.38,,,,,,,,,,TJK2012,5.831,7633036903.076,952.453,11.444,8.246,11.869,7.5,-8.927,,,,9744488621.924,,TJK,4.499085
2011,Tajikistan,4.614,,,,,,,,,,TJK2011,12.432,6522756255.012,833.602,11.557,8.063,13.324,7.4,-6.337,,,,8316624763.052,,TJK,4.5152445
2024,Tanzania,3.8,3.661,3.938,0.847,0.908,0.411,0.858,0.153,0.243,0.38,TZA2024,3.057,,,2.576,,,,,,,,,,TZA,4.9072986
2023,Tanzania,3.781,3.644,3.917,0.82,0.706,0.38,0.709,0.191,0.257,0.717,TZA2023,3.799,79062403820.892,1224.49,2.582,,2.748,5.07,-3.742,17.03,13.411,11.491,77553169188.701,,TZA,4.190943
2022,Tanzania,3.694,3.547,3.84,0.836,0.787,0.214,0.607,0.234,0.269,0.747,TZA2022,4.35,75769974505.011,1207.853,2.588,,2.763,4.566,-7.235,16.847,13.997,11.793,74376313109.119,,TZA,4.1313095
2021,Tanzania,3.702,3.558,3.847,0.848,0.597,0.425,0.578,0.248,0.27,0.735,TZA2021,3.691,70655628147.899,1159.857,2.821,,2.674,4.321,-3.36,15.126,12.631,10.856,69464087924.354,,TZA,4.2982445
2020,Tanzania,3.623,3.485,3.762,0.433,0.54,0.3,0.549,0.307,0.231,1.263,TZA2020,3.29,66068737786.064,1117.415,2.781,9.638,6.423,1.992,-2.208,14.293,13.358,11.627,64804138398.107,,TZA,4.2331276
2019,Tanzania,3.476,3.352,3.6,0.457,0.873,0.443,0.509,0.272,0.204,0.719,TZA2019,3.464,61026731925.921,1063.323,2.496,14.363,2.28,5.8,-2.196,15.375,13.27,11.019,60012994185.172,,TZA,3.509337
2018,Tanzania,3.231,,,,,,,,,,TZA2018,3.494,57003712892.086,1023.106,2.393,13.949,3.041,5.468,-4.05,14.575,13.906,11.695,56365032376.366,,TZA,3.3189323
2017,Tanzania,3.303,,,,,,,,,,TZA2017,5.319,53274884532.789,986.674,2.303,14.747,2.638,6.762,-2.773,15.739,13.582,11.837,52339432682.939,,TZA,3.4562948
2016,Tanzania,3.349,,,,,,,,,,TZA2016,5.175,49774409374.454,953.011,2.23,7.896,7.472,6.867,-2.447,13.369,12.403,11.39,48817192683.225,,TZA,3.6826344
2015,Tanzania,3.666,,,,,,,,,,TZA2015,5.588,47413919817.124,939.127,2.159,7.913,7.591,6.161,-5.523,14.87,11.383,10.492,46684218023.575,,TZA,3.6941874
2014,Tanzania,3.781,,,,,,,,,,TZA2014,6.132,49986726460.68,1022.748,2.125,9.656,6.051,6.732,-9.976,16.079,12.238,11.364,49453645654.068,,TZA,3.6994622
2012,Tanzania,3.77,,,,,,,,,,TZA2012,16.001,39650394362.929,861.97,3.222,4.591,10.484,4.5,-9.494,14.018,11.323,10.433,39080121049.558,,TZA,3.9341636
2011,Tanzania,3.8,,,,,,,,,,TZA2011,12.691,34657140096.484,775.393,3.47,2.464,12.198,7.672,-12.641,14.376,10.32,9.794,34013428042.164,,TZA,3.9635303
2024,Thailand,6.222,6.117,6.327,1.426,1.551,0.633,0.927,0.223,0.039,1.423,THA2024,,,,0.693,,,,,,,,,,THA,4.9997387
2023,Thailand,5.976,5.858,6.094,1.484,1.347,0.62,0.756,0.283,0.024,1.463,THA2023,1.228,514968699239.005,7182.025,0.733,3.029,1.22,1.887,1.439,20.804,19.957,15.451,503339156913.529,61.236,THA,6.102706
2022,Thailand,5.843,5.717,5.969,1.515,1.344,0.461,0.624,0.291,0.013,1.594,THA2022,6.077,495645210972.751,6909.36,0.94,-1.555,4.767,2.463,-3.463,22.232,18.977,15.139,481390360909.718,60.35,THA,6.1228905
2021,Thailand,5.891,5.788,5.994,1.535,1.096,0.697,0.617,0.321,0.026,1.6,THA2021,1.23,506256494297.34,7058.069,1.215,1.266,1.771,1.568,-2.118,25.13,19.204,15.061,488672219203.916,58.504,THA,6.0156393
2020,Thailand,5.985,5.893,6.077,1.107,0.957,0.596,0.611,0.375,0.028,2.309,THA2020,-0.846,500461898480.246,6985.644,1.099,4.652,-1.299,-6.05,4.183,22.831,20.066,15.193,489367035950.047,50.323,THA,6.0120296
2019,Thailand,5.999,5.915,6.082,1.007,1.348,0.794,0.609,0.377,0.032,1.832,THA2019,0.707,543976691793.886,7605.697,0.716,3.039,1.014,2.115,7.033,18.667,20.004,15.398,523977887377.21,38.628,THA,6.113597
2018,Thailand,6.008,,,,,,,,,,THA2018,1.064,506754208404.485,7099.777,0.765,2.68,1.429,4.223,5.62,19.02,20.177,15.698,482264933708.604,37.91,THA,6.008605
2017,Thailand,6.072,,,,,,,,,,THA2017,0.666,456356813536.764,6413.092,0.83,2.47,1.9,4.178,9.631,19.123,19.86,15.519,435913240648.276,,THA,6.087395
2016,Thailand,6.424,,,,,,,,,,THA2016,0.188,413366349747.508,5833.577,0.688,1.785,2.636,3.435,10.508,19.665,20.548,16.1,393948949386.684,37.307,THA,6.343984
2015,Thailand,6.474,,,,,,,,,,THA2015,-0.9,401296238228.084,5688.853,0.597,3.981,0.722,3.134,6.916,19.393,21.255,16.851,380594916735.618,36.671,THA,6.3593187
2014,Thailand,6.455,,,,,,,,,,THA2014,1.895,407339040197.651,5801.198,0.576,3.458,1.441,0.984,2.858,19.995,20.38,16.499,386381481702.815,35.39,THA,6.392131
2012,Thailand,6.371,,,,,,,,,,THA2012,3.015,397558325278.579,5725.528,0.58,3.217,1.909,7.243,-1.232,18.622,18.938,15.441,379342666424.563,28.445,THA,6.2369084
2011,Thailand,5.804,,,,,,,,,,THA2011,3.809,370818739623.622,5373.623,0.66,1.277,3.743,0.84,2.542,19.417,19.812,16.362,361875003955.99,28.132,THA,5.95293
2024,Togo,4.315,4.2,4.43,0.757,0.736,0.378,0.576,0.097,0.153,1.618,TGO2024,,,,1.94,,,,,,,,,,TGO,4.893315
2023,Togo,4.214,4.098,4.33,0.758,0.586,0.32,0.453,0.127,0.156,1.814,TGO2023,5.489,9171261837.571,985.698,1.948,,2.595,6.408,,16.993,16.601,14.759,9210663736.528,,TGO,4.147083
2022,Togo,4.137,3.986,4.289,0.77,0.642,0.161,0.367,0.149,0.136,1.913,TGO2022,7.968,8169476148.957,898.758,1.965,,4.156,5.76,,16.156,15.054,14.188,8209395367.784,,TGO,3.7127829
2021,Togo,4.112,3.953,4.272,0.771,0.322,0.36,0.292,0.174,0.132,2.061,TGO2021,4.186,8342243645.944,939.613,2.333,,2.466,5.991,,13.492,14.839,14.202,8360888241.214,,TGO,3.7935905
2020,Togo,4.107,3.956,4.258,0.254,0.239,0.203,0.289,0.209,0.107,2.806,TGO2020,1.699,7400284167.785,853.578,2.225,,1.933,1.992,-0.28,14.404,14.184,12.867,7443023219.441,,TGO,3.8859584
2019,Togo,4.187,4.065,4.31,0.268,0.548,0.343,0.304,0.201,0.115,2.41,TGO2019,0.675,6992700101.372,826.261,2.036,,0.012,4.923,-0.793,13.396,15.242,13.584,7014819501.268,,TGO,3.9318461
2018,Togo,4.085,,,,,,,,,,TGO2018,0.928,7029300383.08,851.131,2.898,,0.454,4.795,-2.63,13.629,15.493,12.859,7048636180.159,,TGO,3.982501
2017,Togo,3.999,,,,,,,,,,TGO2017,-0.982,6387422517.692,792.765,3.744,6.079,-0.885,4.008,-1.513,11.512,14.068,13.059,6392420306.834,,TGO,3.924559
2016,Togo,3.495,,,,,,,,,,TGO2016,1.285,6071170959.121,772.582,2.968,3.782,1.458,4.215,-7.192,13.611,14.693,13.867,6114776688.371,,TGO,3.5973828
2015,Togo,3.303,,,,,,,,,,TGO2015,2.585,5755461035.38,751.052,2.204,2.888,2.203,5.468,-8.01,12.925,14.845,13.769,5887730069.069,,TGO,3.378851
2014,Togo,2.839,,,,,,,,,,TGO2014,0.191,6393318261.827,855.585,2.142,4.835,0.48,5.633,-7.171,11.555,14.287,13.166,6439476563.923,,TGO,3.1451151
2012,Togo,2.936,,,,,,,,,,TGO2012,2.577,5413544658.415,762.392,2.03,3.232,1.75,6.303,-5.433,12.517,12.949,11.362,5419520492.565,,TGO,3.1423166
2011,Togo,3.007,,,,,,,,,,TGO2011,3.564,5422442166.441,783.989,1.982,2.37,2.82,5.823,-5.571,10.808,12.391,11.405,5656293246.147,,TGO,3.0539148
2024,Trinidad and Tobago,5.905,5.651,6.159,1.549,1.532,0.419,0.76,0.111,0.001,1.533,TTO2024,0.527,,,4.546,,,,,,,,,,TTO,4.744427
2019,Trinidad and Tobago,6.192,5.968,6.416,1.168,1.407,0.659,0.553,0.199,0.015,2.191,TTO2019,1.001,23775659262.574,17431.027,3.523,13.58,-3.812,0.361,4.291,32.9,23.96,16.547,23168661689.018,,TTO,6.3475704
2018,Trinidad and Tobago,6.192,,,,,,,,,,TTO2018,1.019,24569257295.092,18076.357,3.498,6.239,2.687,-0.602,6.617,30.48,28.74,19.323,23869252229.184,,TTO,6.2575884
2017,Trinidad and Tobago,6.192,,,,,,,,,,TTO2017,1.88,24040211327.49,17720.497,3.394,0.727,8.214,-4.801,5.862,32.755,28.477,18.243,24089211146.799,,TTO,6.225118
2016,Trinidad and Tobago,6.168,,,,,,,,,,TTO2016,3.071,23722678429.808,17521.801,3.207,9.814,-0.742,-7.527,-3.273,33.288,31.11,21.308,23297537849.565,,TTO,6.30168
2015,Trinidad and Tobago,6.168,,,,,,,,,,TTO2015,4.661,27026750552.965,20024.755,2.428,18.535,-8.734,-0.777,7.612,33.318,35.617,24.54,26787107495.45,,TTO,6.1585417
2014,Trinidad and Tobago,6.168,,,,,,,,,,TTO2014,5.684,29697674913.541,22074.426,2.477,8.494,-0.916,3.854,13.989,30.864,32.573,24.844,27974529430.442,,TTO,6.2615514
2012,Trinidad and Tobago,6.519,,,,,,,,,,TTO2012,9.26,27334568806.192,20472.357,3.718,7.338,0.345,7.447,14.145,28.328,29.703,24.79,25038317529.092,,TTO,6.4712844
2011,Trinidad and Tobago,6.263,,,,,,,,,,TTO2011,5.107,25433007437.16,19151.087,3.425,-6.706,15.73,-0.294,18.513,27.324,28.694,25.644,22613153665.275,,TTO,6.244115
2024,Tunisia,4.552,4.47,4.633,1.257,1.224,0.459,0.382,0.032,0.05,1.149,TUN2024,7.207,,,16.203,,,,,,,,,,TUN,4.339025
2023,Tunisia,4.422,4.338,4.505,1.306,0.955,0.579,0.254,0.024,0.018,1.285,TUN2023,9.329,48529595416.653,3977.695,15.106,,8.888,0.039,-2.288,,,,47219686954.842,,TUN,4.6832647
2022,Tunisia,4.497,4.393,4.601,1.333,0.981,0.422,0.259,0.022,0.016,1.463,TUN2022,8.306,44579761022.899,3678.4,15.3,,3.055,2.673,-8.904,,,,43606718412.831,,TUN,4.623859
2021,Tunisia,4.516,4.403,4.629,1.35,0.596,0.656,0.316,0.029,0.029,1.54,TUN2021,5.706,46812290143.344,3885.282,16.611,,4.517,4.736,-5.917,,,,45582180787.964,,TUN,4.9834075
2020,Tunisia,4.596,4.484,4.709,0.919,0.515,0.59,0.334,0.057,0.044,2.138,TUN2020,5.634,42491780918.361,3548.654,17.656,,6.806,-9.012,-6.012,,,,41095052621.324,,TUN,4.743718
2019,Tunisia,4.392,4.295,4.49,0.875,0.872,0.781,0.236,0.056,0.044,1.528,TUN2019,6.72,41905642418.825,3528.872,17.153,,7.135,1.588,-8.049,,,,40813336000.515,,TUN,4.600023
2018,Tunisia,4.461,,,,,,,,,,TUN2018,7.308,42686504459.801,3628.104,15.459,,7.925,2.625,-10.795,,,,41650260477.765,,TUN,4.5858517
2017,Tunisia,4.592,,,,,,,,,,TUN2017,5.309,42163530590.946,3619.032,15.33,,4.714,2.238,-10.014,,,,41171063372.496,,TUN,4.7222886
2016,Tunisia,4.805,,,,,,,,,,TUN2016,3.629,44360072680.448,3847.804,15.557,,4.935,1.117,-8.529,,,,43403523130.231,,TUN,4.8399124
2015,Tunisia,5.045,,,,,,,,,,TUN2015,4.437,45779494041.93,4014.948,15.159,,4.214,0.968,-8.571,,,,44599350028.675,,TUN,4.915861
2014,Tunisia,4.739,,,,,,,,,,TUN2014,4.626,50271812920.612,4458.979,14.259,,4.665,3.09,-8.878,,,,48568157921.864,,TUN,4.9922867
2012,Tunisia,4.826,,,,,,,,,,TUN2012,4.612,47311401812.673,4297.268,17.63,,4.662,4.217,-7.866,33.764,29.876,20.115,45406928007.826,42.52,TUN,4.746692
2011,Tunisia,5.141,,,,,,,,,,TUN2011,3.24,48123325825.074,4420.648,18.334,,4.571,-2.047,-7.036,32.905,31.161,20.175,45963001044.905,42.481,TUN,4.9838023
2024,Türkiye,5.262,5.178,5.347,1.582,1.444,0.626,0.244,0.04,0.104,1.223,TUR2024,58.506,,,8.449,,,,,,,,,,TUR,5.033438
2023,Türkiye,4.975,4.866,5.085,1.702,1.175,0.631,0.202,0.068,0.115,1.083,TUR2023,53.859,1118252964260.77,13105.659,9.388,,68.234,5.111,-3.566,33.707,29.35,18.535,1107012964203.48,33.107,TUR,5.452747
2022,Türkiye,4.614,4.45,4.777,1.714,1.148,0.467,0.125,0.095,0.096,0.969,TUR2022,72.309,907118434653.505,10674.504,10.465,,96.036,5.533,-5.102,29.67,25.759,16.092,898339434432.342,35.246,TUR,5.6924434
2021,Türkiye,4.744,4.644,4.845,1.707,0.865,0.702,0.209,0.087,0.115,1.059,TUR2021,19.596,819865223976.115,9743.213,11.969,,28.973,11.439,-0.759,30.94,29.872,17.864,809183224524.79,42.576,TUR,5.428892
2020,Türkiye,4.948,4.857,5.038,1.26,0.809,0.59,0.236,0.097,0.104,1.852,TUR2020,12.279,720338490327.248,8638.739,13.148,,14.789,1.86,-4.3,34.068,29.635,17.664,711744489823.581,41.802,TUR,4.993262
2019,Türkiye,5.132,5.054,5.21,1.127,1.197,0.781,0.254,0.086,0.121,1.565,TUR2019,15.177,761005915750.925,9215.44,13.73,,13.868,0.819,1.973,35.572,29.173,16.524,749161915105.152,33.905,TUR,5.0445385
2018,Türkiye,5.373,,,,,,,,,,TUR2018,16.332,778972108040.602,9568.835,10.956,,16.512,3.013,-1.875,33.544,30.292,17.27,767897107698.872,29.211,TUR,5.236685
2017,Türkiye,5.483,,,,,,,,,,TUR2017,11.144,858988492853.742,10695.55,10.919,,10.982,7.502,-4.091,31.732,29.481,17.718,848260493929.361,29.667,TUR,5.394778
2016,Türkiye,5.5,,,,,,,,,,TUR2016,7.775,869682881593.041,10970.046,10.899,,8.13,3.323,-2.549,30.645,30.791,18.266,860501882366.186,30.033,TUR,5.263961
2015,Türkiye,5.389,,,,,,,,,,TUR2015,7.671,864313810469.009,11049.995,10.304,,7.845,6.084,-2.471,28.882,30.384,18.181,854629812144.004,29.006,TUR,5.4192314
2014,Türkiye,5.332,,,,,,,,,,TUR2014,8.855,938934609296.966,12165.22,9.901,,7.39,4.94,-3.42,29.378,30.31,17.946,930726607714.177,31.346,TUR,5.3922915
2012,Türkiye,5.345,,,,,,,,,,TUR2012,8.892,880555885492.269,11713.285,9.21,,7.423,4.788,-4.747,29.58,30.675,18.107,873967885708.304,37.96,TUR,5.5046773
2011,Türkiye,5.234,,,,,,,,,,TUR2011,6.472,838785289694.35,11300.785,9.789,,8.201,11.2,-8.87,30.339,30.668,18.571,831536291661.567,40.077,TUR,5.312588
2021,Turkmenistan,5.474,5.371,5.578,1.484,1.319,0.516,0.649,0.314,0.032,1.16,TKM2021,,50007428571.429,7051.202,4.459,,2.772,6.2,,,,,49698385714.286,,TKM,5.463806
2020,Turkmenistan,5.066,4.996,5.136,1.046,1.172,0.439,0.602,0.366,0.033,1.409,TKM2020,,45818000000.0,6592.601,4.501,,-4.35,5.9,,,,,45566594285.714,,TKM,5.458688
2019,Turkmenistan,5.119,5.062,5.177,1.009,1.51,0.612,0.515,0.323,0.034,1.115,TKM2019,,45232857142.857,6648.035,4.043,,4.383,6.3,,,,,44588356857.143,,TKM,5.679573
2018,Turkmenistan,5.247,,,,,,,,,,TKM2018,,40765428571.429,6125.052,4.044,,1.211,6.2,,,,,39048469257.143,,TKM,5.503094
2017,Turkmenistan,5.636,,,,,,,,,,TKM2017,,37926285714.286,5828.482,4.044,,-1.542,6.5,,,,,36352285714.286,,TKM,5.5624995
2016,Turkmenistan,5.822,,,,,,,,,,TKM2016,,36169428571.429,5686.98,4.031,,-4.866,6.2,,,,,35225885714.286,,TKM,5.677003
2015,Turkmenistan,5.658,,,,,,,,,,TKM2015,,35799714285.714,5759.498,4.016,,-5.153,6.5,,,,,33705628571.429,,TKM,5.670444
2014,Turkmenistan,5.548,,,,,,,,,,TKM2014,,43524210526.316,7164.145,4.0,,0.669,10.3,,,,,39603210526.316,,TKM,5.617076
2012,Turkmenistan,5.628,,,,,,,,,,TKM2012,,35164210526.316,6053.875,3.986,,8.27,11.1,,,,,31835210526.316,,TKM,5.755161
2011,Turkmenistan,6.568,,,,,,,,,,TKM2011,,29233333333.333,5143.619,4.002,,12.857,14.7,,,,,26406333333.333,,TKM,6.213251
2024,Uganda,4.461,4.336,4.587,0.762,1.342,0.396,0.751,0.148,0.05,1.012,UGA2024,3.323,,,2.941,,,,,,,,,,UGA,4.9320354
2023,Uganda,4.372,4.243,4.501,0.772,1.151,0.373,0.587,0.178,0.054,1.256,UGA2023,5.351,48768955863.318,1002.309,2.787,,6.748,5.337,-7.723,16.583,14.379,12.968,47796257769.304,53.147,UGA,3.8961668
2022,Uganda,4.432,4.258,4.607,0.785,1.144,0.201,0.425,0.197,0.051,1.628,UGA2022,7.196,45565333210.911,963.067,2.886,,4.922,4.588,-8.919,16.942,13.779,12.55,44595747451.055,53.89,UGA,3.8642452
2021,Uganda,4.603,4.459,4.747,0.777,0.875,0.418,0.402,0.222,0.066,1.842,UGA2021,2.205,40529788748.674,882.792,3.422,,2.545,3.537,-8.894,15.588,13.986,12.459,39643093796.592,51.303,UGA,3.7973082
2020,Uganda,4.636,4.493,4.78,0.364,0.718,0.24,0.398,0.267,0.054,2.596,UGA2020,3.313,37600368241.666,845.766,3.831,,2.721,2.951,-9.57,13.672,12.854,11.391,36830875672.529,44.186,UGA,3.7490623
2019,Uganda,4.432,4.298,4.566,0.312,1.052,0.378,0.402,0.265,0.064,1.959,UGA2019,2.868,35348155095.422,822.057,3.06,,3.0,6.439,-7.448,13.515,13.096,12.236,34432253660.84,38.477,UGA,3.7627165
2018,Uganda,4.189,,,,,,,,,,UGA2018,2.616,32927025619.68,792.166,3.25,14.748,4.443,6.304,-6.331,11.836,12.477,11.683,32000683481.978,34.674,UGA,4.092489
2017,Uganda,4.161,,,,,,,,,,UGA2017,5.21,30744473841.424,765.218,3.428,15.891,4.649,3.131,-4.885,11.258,12.366,11.605,30021045436.895,,UGA,4.127438
2016,Uganda,4.081,,,,,,,,,,UGA2016,5.706,29203988696.263,752.697,3.008,18.233,4.781,4.781,-2.726,11.313,11.962,11.12,28691910472.565,,UGA,4.0356603
2015,Uganda,3.739,,,,,,,,,,UGA2015,5.59,32387183730.1,862.935,2.679,16.555,5.188,5.188,-5.093,10.761,11.577,10.802,31759208103.982,,UGA,3.882979
2014,Uganda,3.931,,,,,,,,,,UGA2014,3.076,32612397257.446,896.055,2.348,15.677,5.106,5.106,-6.642,,,,31865562076.896,,UGA,4.032766
2012,Uganda,4.443,,,,,,,,,,UGA2012,12.679,27305915910.788,795.223,3.551,21.488,3.837,3.837,-6.063,,,,26729090962.498,,UGA,4.3416777
2011,Uganda,4.313,,,,,,,,,,UGA2011,16.564,27871725241.472,835.62,3.528,11.373,9.392,9.392,-7.489,,,,27440502305.144,,UGA,4.402964
2024,Ukraine,4.68,4.565,4.794,1.328,1.472,0.472,0.689,0.245,0.023,0.451,UKR2024,6.502,,,,,,,,,,,,,UKR,5.0493503
2023,Ukraine,4.873,4.758,4.988,1.35,1.315,0.513,0.631,0.285,0.025,0.753,UKR2023,12.849,178757021965.008,5069.703,,3.065,18.48,5.324,-5.35,66.464,31.26,17.7,183755021981.851,,UKR,5.4093814
2022,Ukraine,5.071,4.956,5.187,1.358,1.354,0.355,0.551,0.265,0.016,1.172,UKR2022,20.184,161989520721.19,4199.671,,-12.086,34.915,-28.759,4.924,57.895,29.281,16.692,170470520722.365,,UKR,5.7348485
2021,Ukraine,5.084,4.978,5.19,1.411,1.081,0.583,0.473,0.188,0.017,1.331,UKR2021,9.363,199765859570.935,4775.946,9.834,-9.225,24.805,3.446,-1.943,33.262,30.055,19.082,193966075658.275,,UKR,4.9726095
2020,Ukraine,4.875,4.773,4.977,0.979,0.958,0.517,0.417,0.181,0.01,1.813,UKR2020,2.732,156617722013.342,3709.769,9.475,3.624,10.295,-3.753,3.363,37.209,32.317,19.151,160040031866.428,58.716,UKR,4.925313
2019,Ukraine,4.561,4.463,4.658,0.78,1.321,0.699,0.319,0.179,0.01,1.253,UKR2019,7.887,153883047509.577,3619.862,8.194,10.694,8.246,3.2,-2.68,33.057,31.866,19.196,155795133939.49,48.327,UKR,5.162295
2018,Ukraine,4.332,,,,,,,,,,UKR2018,10.952,130891088293.55,3059.052,8.799,3.125,15.399,3.488,-4.914,33.409,32.135,20.143,132164741725.995,56.906,UKR,4.471743
2017,Ukraine,4.103,,,,,,,,,,UKR2017,14.438,112090505081.739,2604.288,9.5,-4.68,22.098,2.36,-3.098,33.606,32.571,20.052,113717855579.016,66.735,UKR,4.1343966
2016,Ukraine,4.096,,,,,,,,,,UKR2016,13.913,93355869403.922,2158.461,9.35,1.828,17.097,2.441,-1.999,33.504,31.203,19.63,94324077169.513,71.81,UKR,4.2192287
2015,Ukraine,4.324,,,,,,,,,,UKR2015,48.7,91030967789.072,2094.474,9.14,-12.283,38.882,-9.773,5.531,37.369,35.758,20.451,94833354986.185,70.259,UKR,4.3033605
2014,Ukraine,4.681,,,,,,,,,,UKR2014,12.072,133503871861.723,3054.908,9.27,1.567,15.902,-10.079,-3.443,43.541,33.685,17.294,131977538852.591,63.665,UKR,4.64731
2012,Ukraine,5.057,,,,,,,,,,UKR2012,0.569,182591753827.949,3951.342,7.529,9.64,7.983,0.152,-7.851,39.538,36.095,17.633,180602773435.061,32.446,UKR,5.082778
2011,Ukraine,5.089,,,,,,,,,,UKR2011,7.956,169333835201.554,3656.698,7.851,1.546,14.182,5.445,-6.043,36.876,34.985,17.84,161004939653.442,26.481,UKR,5.0649824
2024,United Arab Emirates,6.759,6.673,6.846,1.812,1.294,0.659,0.934,0.165,0.235,1.66,ARE2024,,,,2.133,,,,,,,,,,ARE,4.9005933
2023,United Arab Emirates,6.733,6.643,6.823,1.983,1.164,0.563,0.815,0.209,0.258,1.741,ARE2023,1.627,514130432653.081,49040.695,2.151,,-1.304,3.619,,3.831,3.739,0.627,517969779147.295,,ARE,6.842981
2022,United Arab Emirates,6.571,6.486,6.656,2.015,1.223,0.401,0.745,0.188,0.247,1.752,ARE2022,5.291,502731935197.487,49899.065,2.872,,12.63,7.51,,3.875,3.268,0.579,502786394013.008,,ARE,6.6878805
2021,United Arab Emirates,6.576,6.492,6.66,1.998,0.98,0.633,0.702,0.204,0.25,1.809,ARE2021,0.18,415178792769.884,43360.021,3.105,,13.844,4.355,,4.337,4.385,0.535,414443598760.354,,ARE,6.8268504
2020,United Arab Emirates,6.561,6.484,6.637,1.555,0.86,0.594,0.67,0.236,0.223,2.422,ARE2020,-2.079,349473015336.939,37173.875,4.294,,-12.031,-4.957,,5.259,6.365,0.682,347594186201.473,,ARE,6.7456465
2019,United Arab Emirates,6.791,6.711,6.871,1.431,1.251,0.788,0.653,0.281,0.22,2.167,ARE2019,-1.931,417989721734.494,44251.454,2.331,,-3.194,1.108,,4.259,4.669,0.972,420051262918.973,,ARE,6.9513817
2018,United Arab Emirates,6.825,,,,,,,,,,ARE2018,3.069,427049432149.345,45689.857,2.236,,7.937,1.314,,3.918,3.351,0.059,428473530175.213,,ARE,6.790491
2017,United Arab Emirates,6.774,,,,,,,,,,ARE2017,1.967,390516804016.501,42340.592,2.462,,4.986,0.735,,4.015,3.449,0.066,393294203608.06,,ARE,6.859715
2016,United Arab Emirates,6.648,,,,,,,,,,ARE2016,1.617,369255326235.771,41326.402,1.64,,-5.529,5.561,,4.318,3.898,0.042,371351990633.321,,ARE,6.582225
2015,United Arab Emirates,6.573,,,,,,,,,,ARE2015,4.07,370275469560.166,43534.997,1.793,,-16.267,6.787,,4.148,3.415,0.056,372018151656.831,,ARE,6.5663214
2014,United Arab Emirates,6.901,,,,,,,,,,ARE2014,2.346,414105366758.911,51381.407,2.002,,-0.668,4.166,,3.792,2.93,0.346,414764318426.712,,ARE,6.8877797
2012,United Arab Emirates,7.144,,,,,,,,,,ARE2012,0.662,384610125384.033,52034.476,2.327,,4.68,1.824,,4.138,3.161,0.354,384909648869.397,,ARE,7.080431
2011,United Arab Emirates,6.977,,,,,,,,,,ARE2011,0.877,360832739558.385,50789.051,2.596,,13.167,6.216,,4.009,3.317,0.312,360968069714.954,,ARE,6.9546847
2024,United Kingdom,6.728,6.647,6.809,1.725,1.562,0.779,0.872,0.211,0.318,1.26,GBR2024,3.272,,,4.111,,,,,,,,,,GBR,4.7916408
2023,United Kingdom,6.749,6.665,6.833,1.822,1.326,0.672,0.713,0.267,0.351,1.598,GBR2023,6.794,3380854520809.54,49463.855,3.984,,7.298,0.34,-2.214,41.716,35.846,27.319,3296696999733.49,138.193,GBR,7.354386
2022,United Kingdom,6.796,6.714,6.877,1.857,1.366,0.511,0.626,0.272,0.34,1.822,GBR2022,7.922,3114042471144.39,45935.928,3.73,,5.444,4.839,-2.279,41.528,36.681,27.173,3104062213686.48,141.244,GBR,7.1312838
2021,United Kingdom,6.943,6.867,7.018,1.867,1.143,0.75,0.597,0.289,0.329,1.967,GBR2021,2.518,3143323050707.26,46896.866,4.826,,0.067,8.576,-0.441,43.647,35.104,26.415,3158743956476.28,186.795,GBR,6.9654536
2020,United Kingdom,7.064,6.99,7.138,1.423,1.062,0.757,0.58,0.34,0.306,2.596,GBR2020,0.989,2696778386607.65,40201.681,4.472,,4.97,-10.297,-2.958,48.012,33.737,24.785,2640330920076.4,196.641,GBR,6.9563503
2019,United Kingdom,7.165,7.092,7.237,1.273,1.458,0.976,0.525,0.373,0.323,2.237,GBR2019,1.738,2851407164907.81,42662.535,3.613,,2.133,1.624,-2.685,36.716,33.533,25.111,2848530128634.05,160.322,GBR,7.031568
2018,United Kingdom,7.054,,,,,,,,,,GBR2018,2.293,2871340347581.79,43203.814,4.12,,1.921,1.405,-3.922,37.53,33.961,25.547,2832314578365.26,158.163,GBR,7.045412
2017,United Kingdom,6.814,,,,,,,,,,GBR2017,2.558,2680148052335.3,40572.121,4.452,,1.855,2.657,-3.498,37.104,33.996,25.597,2651310310924.48,161.27,GBR,6.9531336
2016,United Kingdom,6.714,,,,,,,,,,GBR2016,1.008,2689106566899.61,40985.235,4.867,,1.964,1.922,-5.499,37.256,33.604,25.455,2626007963890.08,156.604,GBR,6.7526245
2015,United Kingdom,6.725,,,,,,,,,,GBR2015,0.368,2927911140916.73,44964.391,5.517,,0.658,2.223,-4.947,38.444,33.102,25.067,2864097393294.2,147.949,GBR,6.8480124
2014,United Kingdom,6.867,,,,,,,,,,GBR2014,1.451,3064708247921.43,47439.617,6.363,-0.808,1.319,3.195,-5.011,39.41,32.883,24.881,3009960217665.1,150.592,GBR,6.8979945
2012,United Kingdom,6.883,,,,,,,,,,GBR2012,2.573,2707089726614.64,42497.34,8.25,-1.027,1.543,1.509,-3.147,43.332,32.865,25.103,2681873588980.34,147.054,GBR,6.861263
2011,United Kingdom,6.936,,,,,,,,,,GBR2011,3.856,2663805834828.07,42109.642,8.169,-1.66,2.196,1.138,-1.631,42.7,33.507,25.835,2674933131108.5,143.759,GBR,6.9528837
2024,United States,6.724,6.629,6.82,1.839,1.614,0.604,0.644,0.171,0.161,1.69,USA2024,2.95,,,4.106,,,,,,,,,,USA,4.8115354
2023,United States,6.725,6.631,6.818,1.939,1.392,0.542,0.586,0.223,0.169,1.873,USA2023,4.116,27720709000000.0,82769.412,3.638,,3.598,2.888,-3.266,24.513,17.592,10.646,27576136000000.0,114.756,USA,6.959856
2022,United States,6.894,6.802,6.986,1.98,1.46,0.39,0.557,0.21,0.172,2.124,USA2022,8.003,26006893000000.0,78035.175,3.65,,7.129,2.512,-3.892,24.658,19.928,12.599,26231750000000.0,112.818,USA,6.988122
2021,United States,6.977,6.888,7.065,1.982,1.182,0.628,0.574,0.22,0.177,2.214,USA2021,4.698,23681171000000.0,71318.307,5.349,-1.259,4.566,6.055,-3.665,31.303,18.808,11.395,23832230000000.0,118.401,USA,7.1366525
2020,United States,6.951,6.856,7.047,1.533,1.03,0.621,0.554,0.252,0.154,2.807,USA2020,1.234,21354105000000.0,64411.373,8.055,2.186,1.329,-2.163,-2.815,31.828,17.709,10.153,21458070000000.0,124.515,USA,7.2265573
2019,United States,6.94,6.847,7.032,1.374,1.405,0.832,0.535,0.298,0.152,2.344,USA2019,1.812,21539982000000.0,65604.682,3.669,3.573,1.65,2.584,-2.051,22.514,17.291,9.885,21764838000000.0,100.058,USA,6.9911723
2018,United States,6.892,,,,,,,,,,USA2018,2.443,20656516000000.0,63201.046,3.896,2.555,2.291,2.967,-2.129,22.169,17.479,9.93,20883383000000.0,98.45,USA,6.932464
2017,United States,6.886,,,,,,,,,,USA2017,2.13,19612102000000.0,60322.261,4.355,2.265,1.791,2.458,-1.874,22.141,19.21,11.504,19837150000000.0,97.022,USA,6.923227
2016,United States,6.993,,,,,,,,,,USA2016,1.262,18804913000000.0,58206.614,4.869,2.537,0.95,1.819,-2.107,22.416,18.541,10.855,18983369000000.0,97.929,USA,7.0351877
2015,United States,7.104,,,,,,,,,,USA2015,0.119,18295019000000.0,57040.208,5.28,2.311,0.928,2.946,-2.233,22.374,18.995,11.183,18608138000000.0,95.956,USA,7.073251
2014,United States,7.119,,,,,,,,,,USA2014,1.622,17608138000000.0,55304.316,6.168,1.483,1.742,2.524,-2.101,22.61,18.859,10.9,17984237000000.0,95.454,USA,7.103696
2012,United States,7.082,,,,,,,,,,USA2012,2.069,16253970000000.0,51784.411,8.069,1.362,1.862,2.289,-2.572,23.912,16.748,9.764,16640301000000.0,93.649,USA,7.092382
2011,United States,7.27,,,,,,,,,,USA2011,3.157,15599732000000.0,50065.979,8.949,1.163,2.063,1.564,-2.919,25.346,16.629,9.539,15861958000000.0,89.547,USA,7.2249184
2024,Uruguay,6.661,6.578,6.743,1.554,1.654,0.523,0.913,0.078,0.197,1.741,URY2024,4.849,,,8.401,,,,,,,,,,URY,4.764141
2023,Uruguay,6.611,6.527,6.696,1.596,1.431,0.592,0.775,0.106,0.22,1.891,URY2023,5.869,77240830877.46,22797.811,8.355,8.184,3.431,0.367,-3.335,37.383,31.132,18.841,71753758290.647,62.977,URY,6.510482
2022,Uruguay,6.494,6.404,6.583,1.617,1.445,0.435,0.683,0.102,0.254,1.958,URY2022,9.104,70164683290.378,20691.974,7.877,6.351,4.245,4.707,-3.711,36.514,29.873,18.713,63181504841.792,54.574,URY,6.112841
2021,Uruguay,6.474,6.386,6.562,1.615,1.18,0.672,0.665,0.103,0.265,1.974,URY2021,7.748,60760798595.544,17888.212,9.328,-3.355,11.181,5.562,-2.462,31.722,29.092,17.812,54661497469.564,58.094,URY,5.9623327
2020,Uruguay,6.431,6.341,6.521,1.164,1.042,0.649,0.625,0.128,0.223,2.6,URY2020,9.756,53668636567.867,15789.686,10.413,0.229,10.977,-7.38,-0.728,34.62,30.786,18.515,50779391680.796,60.278,URY,5.9182673
2019,Uruguay,6.44,6.351,6.529,1.071,1.425,0.857,0.594,0.132,0.193,2.167,URY2019,7.882,62222325807.058,18315.735,8.836,3.049,8.256,0.928,1.293,32.067,30.64,17.865,59174795690.019,50.131,URY,6.1575527
2018,Uruguay,6.293,,,,,,,,,,URY2018,7.607,65344576348.228,19249.94,8.336,4.348,7.526,0.165,-0.461,31.913,31.353,18.325,61677734383.874,47.341,URY,6.2150426
2017,Uruguay,6.379,,,,,,,,,,URY2017,6.218,65006039994.56,19184.663,7.89,7.715,5.68,1.74,0.011,31.248,29.707,18.077,61449241065.824,45.074,URY,6.297765
2016,Uruguay,6.454,,,,,,,,,,URY2016,9.639,57480788390.258,17009.759,7.841,7.401,8.165,1.69,0.825,35.221,33.11,21.732,54820503514.286,46.458,URY,6.469241
2015,Uruguay,6.545,,,,,,,,,,URY2015,8.666,57680327998.669,17125.902,7.488,5.449,9.855,0.371,-0.255,29.576,28.124,17.096,55232403158.343,47.277,URY,6.4177723
2014,Uruguay,6.485,,,,,,,,,,URY2014,8.877,61496186973.902,18322.428,6.547,4.821,10.221,3.239,-2.989,29.581,28.714,17.275,57758605834.761,41.285,URY,6.314794
2012,Uruguay,6.355,,,,,,,,,,URY2012,8.098,54232266358.781,16259.594,6.451,1.633,9.413,3.538,-3.755,28.843,28.302,17.792,50380210747.357,41.028,URY,6.2025247
2011,Uruguay,5.898,,,,,,,,,,URY2011,8.093,50342406067.078,15132.268,6.307,-0.085,9.875,5.162,-2.611,27.735,28.604,18.199,48712391359.77,43.207,URY,5.986065
2024,Uzbekistan,6.193,6.088,6.297,1.179,1.615,0.654,0.977,0.195,0.208,1.364,UZB2024,9.628,,,4.488,,,,,,,,,,UZB,5.016279
2023,Uzbekistan,6.195,6.087,6.303,1.212,1.394,0.539,0.835,0.251,0.215,1.749,UZB2023,9.957,101591769702.343,2849.515,4.46,8.425,12.659,6.291,-7.678,23.65,20.491,11.649,100818361933.577,,UZB,5.0380216
2022,Uzbekistan,6.014,5.899,6.13,1.227,1.347,0.375,0.74,0.26,0.208,1.856,UZB2022,11.447,90095926567.436,2578.667,4.49,6.363,14.463,6.001,-3.16,23.075,21.093,11.989,90999134200.679,,UZB,5.134066
2021,Uzbekistan,6.063,5.948,6.178,1.219,1.092,0.6,0.716,0.283,0.24,1.913,UZB2021,10.849,77340060003.035,2258.52,5.364,6.799,13.693,8.035,-6.332,22.954,19.461,13.363,77697421134.942,,UZB,5.0511985
2020,Uzbekistan,6.179,6.045,6.312,0.769,1.027,0.528,0.716,0.391,0.271,2.477,UZB2020,12.868,66443265418.309,1978.281,5.293,10.605,10.61,1.563,-4.557,19.046,19.378,13.402,66603341567.817,,UZB,5.0257897
2019,Uzbekistan,6.258,6.151,6.364,0.697,1.434,0.717,0.693,0.363,0.28,2.073,UZB2019,14.526,67293639798.4,2041.385,4.932,5.129,17.576,6.78,-5.01,14.996,18.056,11.302,68029857950.019,,UZB,5.2323623
2018,Uzbekistan,6.174,,,,,,,,,,UZB2018,17.524,58695899092.108,1813.085,5.389,-4.699,25.881,5.559,-6.122,14.703,19.182,12.695,60203452154.762,,UZB,5.868937
2017,Uzbekistan,6.096,,,,,,,,,,UZB2017,13.876,69703222282.728,2190.604,5.83,-13.691,33.679,4.395,2.12,12.712,15.55,10.369,70916116486.52,,UZB,5.96084
2016,Uzbekistan,5.971,,,,,,,,,,UZB2016,8.131,86138288644.171,2753.38,5.16,4.217,8.93,5.932,0.248,14.335,19.729,13.433,86990975030.901,,UZB,5.849208
2015,Uzbekistan,5.987,,,,,,,,,,UZB2015,8.752,86196264755.31,2803.19,5.15,2.962,10.501,7.219,1.039,15.065,19.645,13.558,87622912878.422,,UZB,5.788053
2014,Uzbekistan,6.003,,,,,,,,,,UZB2014,9.283,80845385809.453,2674.963,5.09,1.724,14.025,6.874,2.568,14.969,20.906,13.47,81960281654.202,,UZB,5.933267
2012,Uzbekistan,5.623,,,,,,,,,,UZB2012,13.209,67517349212.061,2307.346,4.87,,15.399,7.102,1.791,14.258,25.026,13.174,68310411486.024,,UZB,5.619338
2011,Uzbekistan,5.225,,,,,,,,,,UZB2011,13.78,60178909297.208,2087.864,4.96,,21.627,7.525,4.625,14.312,22.906,12.366,61313053176.586,,UZB,5.326036
2024,Venezuela,5.683,5.57,5.796,0.0,1.493,0.515,0.702,0.154,0.117,2.701,VEN2024,,,,5.475,,,,,,,,,,VEN,4.7910357
2023,Venezuela,5.607,5.489,5.725,0.0,1.321,0.491,0.518,0.192,0.086,2.998,VEN2023,,,,5.485,,,,,,,,,,VEN,4.7910357
2022,Venezuela,5.211,5.085,5.336,0.0,1.257,0.341,0.369,0.205,0.084,2.955,VEN2022,,,,5.707,,,,,,,,,,VEN,4.861621
2021,Venezuela,4.925,4.8,5.051,0.0,0.968,0.578,0.283,0.225,0.082,2.79,VEN2021,,,,7.037,,,,,,,,,,VEN,4.7276855
2020,Venezuela,4.892,4.767,5.017,0.852,0.897,0.574,0.284,0.078,0.072,2.135,VEN2020,,,,7.53,,,,,,,,,,VEN,4.7048993
2019,Venezuela,5.053,4.927,5.179,0.77,1.349,0.767,0.272,0.087,0.064,1.745,VEN2019,,,,5.876,,,,,,,,,,VEN,4.865219
2018,Venezuela,4.707,,,,,,,,,,VEN2018,,,,5.46,,,,,,,,,,VEN,4.7910357
2017,Venezuela,4.806,,,,,,,,,,VEN2017,,,,5.045,,,,,,,,,,VEN,4.7979107
2016,Venezuela,5.25,,,,,,,,,,VEN2016,254.949,,,5.319,,,,,,,,,,VEN,5.4676013
2015,Venezuela,6.084,,,,,,,,,,VEN2015,121.738,,,6.137,,,,,,,,,,VEN,5.702716
2014,Venezuela,6.81,,,,,,,,,,VEN2014,62.169,482359318767.703,15943.613,6.821,-16.54,40.44,-3.894,1.02,,,,476933862544.158,,VEN,6.8599086
2012,Venezuela,7.039,,,,,,,,,,VEN2012,21.069,381286237847.667,12901.417,6.601,2.035,14.059,5.626,0.678,,,,371208188282.47,,VEN,6.983406
2011,Venezuela,6.922,,,,,,,,,,VEN2011,26.09,316482190800.364,10843.923,6.902,-8.583,28.149,4.176,5.164,,,,308493145268.459,,VEN,6.7246695
2024,Viet Nam,6.352,6.28,6.424,1.278,1.533,0.631,1.012,0.039,0.174,1.684,VNM2024,3.621,,,1.431,,,,,,,,,,VNM,5.0477233
2023,Viet Nam,6.043,5.948,6.138,1.331,1.267,0.539,0.843,0.094,0.16,1.81,VNM2023,3.253,429716969043.572,4282.089,1.645,7.278,1.906,5.046,6.012,,,,407253969043.888,,VNM,5.653491
2022,Viet Nam,5.763,5.662,5.865,1.349,1.212,0.381,0.741,0.134,0.122,1.824,VNM2022,3.157,410324028883.325,4116.386,1.523,3.808,4.051,8.124,0.342,,,,390409525932.523,,VNM,5.394043
2021,Viet Nam,5.485,5.4,5.57,1.252,0.932,0.611,0.707,0.143,0.105,1.735,VNM2021,1.835,366474752771.009,3704.194,2.385,4.792,2.881,2.554,-1.263,,,,347725576769.191,,VNM,5.4220247
2020,Viet Nam,5.411,5.334,5.488,0.817,0.873,0.616,0.679,0.124,0.091,2.211,VNM2020,3.221,346615738537.796,3534.04,2.103,6.091,1.467,2.865,4.345,,,,331798335389.682,,VNM,5.5679207
2019,Viet Nam,5.353,5.287,5.42,0.718,1.253,0.819,0.651,0.136,0.09,1.686,VNM2019,2.796,334365270496.667,3440.9,1.681,5.159,2.423,7.359,3.918,,,,317567408001.614,,VNM,5.478923
2018,Viet Nam,5.175,,,,,,,,,,VNM2018,3.54,310106478394.659,3222.31,1.161,3.614,3.627,7.465,1.902,,,,294286042195.288,,VNM,5.357928
2017,Viet Nam,5.103,,,,,,,,,,VNM2017,3.52,281353605986.903,2956.11,1.874,2.592,4.363,6.94,-0.586,,,,264356106349.992,,VNM,5.2333717
2016,Viet Nam,5.074,,,,,,,,,,VNM2016,2.668,257096001177.982,2735.06,1.848,5.049,1.82,6.69,0.243,,,,242953110901.302,,VNM,5.2409377
2015,Viet Nam,5.061,,,,,,,,,,VNM2015,0.631,239258328381.741,2577.569,1.848,8.988,-1.717,6.987,-0.853,,,,227116870128.414,,VNM,5.1515226
2014,Viet Nam,5.36,,,,,,,,,,VNM2014,4.085,233451469642.519,2546.385,1.256,4.79,3.698,6.422,4.009,,,,224605804804.237,,VNM,5.42408
2012,Viet Nam,5.533,,,,,,,,,,VNM2012,9.095,195590661129.249,2185.118,1.027,4.028,9.078,5.505,4.821,,,,189361661225.274,,VNM,5.5854087
2011,Viet Nam,5.425,,,,,,,,,,VNM2011,18.678,172595049183.925,1950.925,0.999,-3.673,21.414,6.413,0.137,,,,167761189190.507,,VNM,5.466259
2024,Yemen,3.561,3.408,3.714,0.631,1.482,0.375,0.447,0.066,0.106,0.454,YEM2024,,,,17.086,,,,,,,,,,YEM,4.3818846
2023,Yemen,3.561,3.408,3.714,0.671,1.281,0.293,0.362,0.08,0.113,0.76,YEM2023,,,477.409,17.091,,,,,,,,,,YEM,4.62734
2021,Yemen,4.197,4.01,4.384,0.691,1.043,0.384,0.33,0.09,0.098,1.561,YEM2021,,,522.174,18.287,,,,,,,,,,YEM,4.581752
2020,Yemen,3.658,3.521,3.794,0.329,0.831,0.272,0.268,0.092,0.089,1.776,YEM2020,,,559.565,17.953,,,,,,,,,,YEM,4.554073
2019,Yemen,3.527,3.421,3.634,0.393,1.177,0.415,0.244,0.095,0.087,1.116,YEM2019,,,623.376,17.202,,,,,,,,,,YEM,4.5128164
2018,Yemen,3.38,,,,,,,,,,YEM2018,,21606160783.984,633.887,17.584,,14.854,0.752,,,,,20996364431.252,,YEM,3.5631628
2017,Yemen,3.355,,,,,,,,,,YEM2017,,26842228828.563,811.166,18.603,,18.554,-5.072,,,,,26106000074.582,,YEM,3.5521252
2016,Yemen,3.593,,,,,,,,,,YEM2016,,31317824943.207,975.359,18.416,,0.134,-9.375,-7.724,,,,30921701659.496,,YEM,3.6235743
2015,Yemen,3.724,,,,,,,,,,YEM2015,,42444489522.23,1362.174,17.9,,46.476,-27.995,-7.129,,,,41437133275.722,,YEM,3.696783
2014,Yemen,4.077,,,,,,,,,,YEM2014,8.105,43228585321.327,1430.164,13.467,,7.163,-0.189,-3.443,,,,40801643750.291,,YEM,4.0754604
2012,Yemen,4.054,,,,,,,,,,YEM2012,9.885,35401331609.592,1245.051,13.473,17.571,5.893,2.393,-0.945,,,,33831688609.842,,YEM,4.149908
2011,Yemen,4.454,,,,,,,,,,YEM2011,19.544,32726417878.391,1186.475,13.311,5.83,18.114,-12.715,-1.611,,,,30388993336.296,,YEM,4.2984877
2024,Zambia,3.912,3.769,4.056,0.848,1.013,0.233,0.872,0.131,0.107,0.709,ZMB2024,,,,5.961,,,,,,,,,,ZMB,4.9049683
2023,Zambia,3.502,3.368,3.636,0.899,0.809,0.264,0.727,0.168,0.109,0.526,ZMB2023,10.885,27577956471.244,1330.728,5.905,,7.095,5.368,-2.113,,,,26271802177.299,,ZMB,4.4961004
2022,Zambia,3.982,3.797,4.167,0.914,0.89,0.095,0.545,0.189,0.08,1.27,ZMB2022,10.993,29163782140.486,1447.123,5.995,,6.14,5.211,3.748,,,,27416151733.239,,ZMB,4.5345592
2021,Zambia,3.76,3.618,3.902,0.93,0.577,0.306,0.525,0.203,0.083,1.135,ZMB2021,22.021,22096416932.009,1127.161,5.199,,25.143,6.235,11.9,25.137,21.967,16.78,20174571689.659,71.411,ZMB,5.0772395
2020,Zambia,4.073,3.938,4.209,0.528,0.552,0.231,0.487,0.227,0.074,1.975,ZMB2020,15.733,18137764930.651,951.644,6.033,-3.893,13.914,-2.785,11.791,25.372,19.581,16.418,17628788924.042,103.543,ZMB,4.2050138
2019,Zambia,3.759,3.64,3.878,0.537,0.896,0.364,0.491,0.251,0.087,1.134,ZMB2019,9.15,23308667781.226,1258.986,5.542,2.47,7.633,1.441,0.604,21.956,19.596,16.678,22904080806.827,61.93,ZMB,4.7754383
2018,Zambia,4.107,,,,,,,,,,ZMB2018,7.495,26311507273.674,1463.9,5.033,2.216,7.412,4.034,-1.301,20.111,19.411,16.587,25904703273.457,59.712,ZMB,4.480012
2017,Zambia,4.377,,,,,,,,,,ZMB2017,6.577,25873601260.835,1483.466,4.529,2.091,10.073,3.526,-1.681,20.922,16.851,15.185,24726787496.717,52.281,ZMB,4.5561323
2016,Zambia,4.514,,,,,,,,,,ZMB2016,17.87,20958412538.309,1239.085,5.239,1.694,13.576,3.755,-4.552,22.409,18.132,13.353,20311304651.433,46.433,ZMB,4.64112
2015,Zambia,4.795,,,,,,,,,,ZMB2015,10.111,21251216798.776,1295.878,5.942,6.179,6.659,2.92,-3.612,23.234,18.296,14.394,20839208733.139,49.407,ZMB,4.7590756
2014,Zambia,5.129,,,,,,,,,,ZMB2014,7.807,27141023558.083,1707.486,6.571,5.816,5.441,4.693,-1.427,20.256,17.738,15.761,26589065800.162,44.396,ZMB,5.041125
2012,Zambia,5.006,,,,,,,,,,ZMB2012,6.576,25503060420.026,1710.051,7.85,4.821,6.992,7.597,5.379,16.532,16.668,14.892,25071084452.043,23.489,ZMB,5.036104
2011,Zambia,4.705,,,,,,,,,,ZMB2011,6.429,23459515275.578,1624.868,10.545,6.957,11.107,5.569,4.658,14.496,17.468,14.716,22302537247.722,18.05,ZMB,4.848808
2024,Zimbabwe,3.396,3.283,3.509,0.827,0.961,0.178,0.598,0.065,0.131,0.636,ZWE2024,,,,8.554,,,,,,,,,,ZWE,4.681976
2023,Zimbabwe,3.341,3.226,3.457,0.748,0.85,0.232,0.487,0.096,0.131,0.797,ZWE2023,,35231367885.855,2156.034,8.759,-73.54,921.536,5.337,0.38,,,,34796066708.941,,ZWE,4.4785724
2022,Zimbabwe,3.204,3.084,3.323,0.758,0.881,0.069,0.363,0.112,0.117,0.905,ZWE2022,104.705,32789751736.332,2040.552,10.087,-36.833,266.987,6.139,0.93,,,,32026941089.152,,ZWE,4.6805058
2021,Zimbabwe,2.995,2.88,3.11,0.947,0.69,0.27,0.329,0.106,0.105,0.548,ZWE2021,98.546,27240515108.805,1724.388,9.54,-31.796,113.295,8.468,1.278,,,,26621784726.578,,ZWE,4.5172353
2020,Zimbabwe,3.145,3.03,3.259,0.457,0.649,0.243,0.359,0.157,0.075,1.205,ZWE2020,557.202,26867936444.683,1730.413,8.621,-81.132,604.946,-7.817,4.08,,,,26329744652.409,,ZWE,4.235493
2019,Zimbabwe,3.299,3.184,3.414,0.426,1.048,0.375,0.377,0.151,0.081,0.841,ZWE2019,255.305,25717409842.448,1684.028,7.373,-64.295,225.395,-6.332,3.579,,,,25261574788.757,,ZWE,4.312782
2018,Zimbabwe,3.663,,,,,,,,,,ZWE2018,10.619,34156069918.061,2271.853,6.793,3.455,3.554,5.01,-4.039,10.977,8.117,7.215,33442898974.535,,ZWE,3.8691106
2017,Zimbabwe,3.692,,,,,,,,,,ZWE2017,0.894,51074660513.372,3448.083,6.344,-64.282,199.325,4.08,-0.531,9.783,5.958,5.466,49083524563.156,,ZWE,3.8056355
2016,Zimbabwe,3.875,,,,,,,,,,ZWE2016,-1.544,20548678100.0,1407.415,5.886,4.999,2.014,0.901,-3.394,25.236,17.195,15.458,18002592300.0,,ZWE,4.2250767
2015,Zimbabwe,4.193,,,,,,,,,,ZWE2015,-2.431,19963120600.0,1386.423,5.377,8.144,0.367,2.024,-7.998,21.809,19.003,17.673,17604879500.0,,ZWE,4.1933236
2014,Zimbabwe,4.61,,,,,,,,,,ZWE2014,-0.198,19495519600.0,1372.213,4.774,8.788,0.625,1.485,-11.971,,,,17300432200.0,,ZWE,4.465791
2012,Zimbabwe,4.827,,,,,,,,,,ZWE2012,3.725,17114849900.0,1238.601,5.061,6.429,4.856,15.745,-13.308,20.212,20.395,17.835,15245882400.0,,ZWE,4.787213
2011,Zimbabwe,3.978,,,,,,,,,,ZWE2011,3.466,14101920300.0,1037.255,5.368,,2.172,14.62,-19.497,19.077,20.673,17.928,12515356900.0,,ZWE,4.0351057
2025,Afghanistan,,,,,,,,,,,,86.94046783447266,,6033.17919921875,6.525140762329102,-3.438387632369995,-0.2994166612625122,-1.2944767475128174,-5.720139503479004,25.282533645629883,23.773178100585938,14.684514045715332,,54.79441452026367,,5.909758
2026,Afghanistan,,,,,,,,,,,,4.260919094085693,,19861.474609375,9.172687530517578,1.4184441566467285,29.049030303955078,0.6216418147087097,-5.307872295379639,24.762149810791016,23.13278579711914,16.971769332885742,,60.2260856628418,,6.220587
2027,Afghanistan,,,,,,,,,,,,14.961894035339355,,10228.5166015625,7.928377628326416,-2.5963549613952637,4.538210868835449,2.353044033050537,-2.491062641143799,27.820711135864258,25.65016746520996,14.663826942443848,,48.58534240722656,,6.322111
2028,Afghanistan,,,,,,,,,,,,2.2591702938079834,,10499.93359375,7.809235572814941,7.344933032989502,18.029634475708008,2.797767162322998,-1.2978073358535767,28.826053619384766,25.63349723815918,14.831279754638672,,44.174415588378906,,6.2562857
2029,Afghanistan,,,,,,,,,,,,14.020203590393066,,13913.2890625,8.804139137268066,-2.819765090942383,2.660429000854492,0.933788537979126,-3.3224079608917236,28.124670028686523,27.077917098999023,13.233484268188477,,38.34138488769531,,6.0744863
2030,Afghanistan,,,,,,,,,,,,1.0200587511062622,,14191.7685546875,7.784398555755615,9.230416297912598,17.75365447998047,2.8356263637542725,-0.13313952088356018,30.43210792541504,26.46363067626953,15.272302627563477,,52.96034240722656,,6.3172913
2025,Albania,,,,,,,,,,,,86.73924255371094,,8279.51171875,7.53956937789917,1.1735635995864868,0.27828437089920044,2.630289077758789,-5.888949394226074,25.430727005004883,24.0821475982666,15.018121719360352,,51.851959228515625,,6.052396
2026,Albania,,,,,,,,,,,,1.1240254640579224,,15013.4580078125,8.5646390914917,-0.5496915578842163,25.72568130493164,1.695754051208496,-7.3113508224487305,26.120046615600586,22.851276397705078,16.80278205871582,,45.48331832885742,,6.0822687
2027,Albania,,,,,,,,,,,,12.618346214294434,,12203.5078125,7.224948406219482,-6.964313507080078,4.9842119216918945,2.081566095352173,-1.9652457237243652,25.84746742248535,26.58162498474121,14.077322959899902,,50.48334503173828,,6.3429008
2028,Albania,,,,,,,,,,,,0.5674559473991394,,11609.0107421875,8.438058853149414,8.528698921203613,25.76617431640625,2.9745395183563232,2.0411031246185303,29.6635799407959,23.954174041748047,16.19300651550293,,47.86933517456055,,6.229524
2029,Albania,,,,,,,,,,,,13.306953430175781,,13860.0771484375,8.533985137939453,-10.94351863861084,1.6763689517974854,1.6987231969833374,-3.860161304473877,26.862646102905273,29.01723289489746,12.066764831542969,,45.48868179321289,,6.100065
2030,Albania,,,,,,,,,,,,-1.9136691093444824,,18918.453125,7.56809139251709,9.476086616516113,31.572011947631836,3.190237522125244,3.3049936294555664,32.512630462646484,22.254077911376953,17.69618797302246,,57.723236083984375,,6.308992
2025,Algeria,,,,,,,,,,,,86.74722290039062,,5251.2607421875,7.859255313873291,3.128142833709717,0.7152770757675171,2.893022298812866,-6.904487609863281,25.40284538269043,24.03397560119629,15.284146308898926,,50.1595344543457,,5.832866
2026,Algeria,,,,,,,,,,,,1.119376301765442,,10740.955078125,8.938849449157715,-0.8996841907501221,25.64204216003418,1.4388253688812256,-8.834504127502441,26.345256805419922,23.065523147583008,18.34308433532715,,53.128055572509766,,5.9981356
2027,Algeria,,,,,,,,,,,,12.5067720413208,,10249.078125,11.768733978271484,-5.990302085876465,5.5570783615112305,1.7805869579315186,-2.1948726177215576,26.348318099975586,26.713363647460938,14.094329833984375,,49.22102355957031,,5.814023
2028,Algeria,,,,,,,,,,,,4.09087610244751,,7225.857421875,8.945159912109375,9.494555473327637,22.128643035888672,3.3076908588409424,1.1069203615188599,30.185752868652344,23.709505081176758,16.059202194213867,,49.05014419555664,,5.9317555
2029,Algeria,,,,,,,,,,,,14.249350547790527,,4541.33984375,11.78014087677002,-5.859274864196777,3.744697093963623,1.7662726640701294,-6.125932693481445,25.395490646362305,29.313026428222656,13.065873146057129,,42.781890869140625,,4.663808
2030,Algeria,,,,,,,,,,,,3.4749486446380615,,6613.79248046875,8.605406761169434,13.03702163696289,25.06719207763672,3.435849905014038,-1.32415771484375,30.58020782470703,22.949954986572266,19.158899307250977,,58.85242462158203,,5.767568
2025,Angola,,,,,,,,,,,,16.717771530151367,,2571.146728515625,12.009913444519043,-5.403836727142334,24.140090942382812,-0.07277191430330276,-2.7637810707092285,19.05463218688965,15.722185134887695,11.147621154785156,,51.59095001220703,,4.2733555
2026,Angola,,,,,,,,,,,,14.097731590270996,,4153.791015625,9.299713134765625,-1.6048029661178589,25.956260681152344,1.047963261604309,-3.6807422637939453,20.851205825805664,16.96489715576172,11.902530670166016,,51.10865783691406,,5.1048155
2027,Angola,,,,,,,,,,,,12.627374649047852,,5762.85693359375,8.598182678222656,-1.817285418510437,18.347976684570312,1.5087488889694214,-3.74979305267334,21.920610427856445,19.07948112487793,12.194592475891113,,53.504310607910156,,5.4412193
2028,Angola,,,,,,,,,,,,11.011637687683105,,10259.01171875,8.719785690307617,1.2991071939468384,15.558032035827637,0.61904376745224,-2.338815689086914,24.427921295166016,20.433616638183594,12.96175479888916,,55.35858154296875,,6.4898305
2029,Angola,,,,,,,,,,,,10.045286178588867,,13204.8857421875,7.85249137878418,0.1093849167227745,11.323079109191895,2.876032829284668,-4.013296604156494,26.655061721801758,24.157833099365234,13.966255187988281,,47.426361083984375,,6.4386597
2030,Angola,,,,,,,,,,,,7.238869667053223,,10425.3046875,7.128656387329102,4.002596378326416,10.670708656311035,3.8216912746429443,-0.6660870909690857,29.328702926635742,24.074695587158203,15.43553638458252,,37.87321090698242,,5.785876
2025,Argentina,,,,,,,,,,,,87.87818908691406,,6697.34814453125,6.680135726928711,5.1746625900268555,3.28769850730896,4.103460311889648,-2.82633638381958,25.540613174438477,23.98735809326172,15.30785083770752,,50.8349723815918,,5.9293637
2026,Argentina,,,,,,,,,,,,2.6369638442993164,,8314.2041015625,8.880986213684082,-0.49124640226364136,39.38155746459961,1.973854660987854,-7.995887279510498,23.96304702758789,23.594249725341797,17.052284240722656,,45.19258499145508,,5.643484
2027,Argentina,,,,,,,,,,,,16.812068939208984,,7340.09521484375,10.008485794067383,-7.396162033081055,5.943600177764893,0.3228338658809662,-2.854375123977661,26.762170791625977,25.76616859436035,14.809618949890137,,52.07252883911133,,5.514796
2028,Argentina,,,,,,,,,,,,2.4258921146392822,,6608.19189453125,9.986610412597656,7.8471360206604,29.004180908203125,3.758570909500122,-0.9869798421859741,28.32014274597168,24.18726921081543,16.588603973388672,,46.15714645385742,,5.6750555
2029,Argentina,,,,,,,,,,,,16.47985076904297,,8573.28515625,10.23363208770752,-9.241806983947754,2.6040425300598145,1.614989995956421,-6.400618076324463,25.912887573242188,28.563764572143555,13.19291877746582,,43.082801818847656,,5.33535
2030,Argentina,,,,,,,,,,,,0.6400836706161499,,11187.8134765625,8.164738655090332,10.710001945495605,30.940767288208008,3.078552484512329,-1.8653395175933838,31.678829193115234,23.6534366607666,18.012393951416016,,57.31829071044922,,6.5344257
2025,Armenia,,,,,,,,,,,,81.8746109008789,,8669.2109375,7.247137069702148,-2.8947057723999023,0.3367907404899597,1.3735144138336182,-5.116274356842041,25.29359245300293,24.004989624023438,15.220357894897461,,55.168785095214844,,6.0458894
2026,Armenia,,,,,,,,,,,,0.1294458508491516,,19074.111328125,9.547321319580078,0.233968123793602,29.881162643432617,1.2737855911254883,-6.6251068115234375,25.79298973083496,23.043609619140625,16.335277557373047,,58.73815155029297,,6.1072373
2027,Armenia,,,,,,,,,,,,15.558828353881836,,8839.30859375,7.50400447845459,-4.874846458435059,3.3496475219726562,2.6375017166137695,-2.145735263824463,27.108802795410156,26.162364959716797,12.962054252624512,,54.61203384399414,,6.1806693
2028,Armenia,,,,,,,,,,,,1.0500353574752808,,22931.703125,9.186121940612793,10.83088493347168,24.519329071044922,1.694702386856079,-1.7596416473388672,29.067218780517578,24.1382999420166,15.355406761169434,,44.233734130859375,,6.4012976
2029,Armenia,,,,,,,,,,,,13.318927764892578,,7824.390625,7.066746711730957,-10.523889541625977,0.33813267946243286,1.6984944343566895,-3.2482900619506836,27.98414421081543,27.305042266845703,11.464706420898438,,53.20085906982422,,5.5544543
2030,Armenia,,,,,,,,,,,,-2.608240842819214,,26513.00390625,11.595060348510742,10.916884422302246,31.18080711364746,2.1158695220947266,2.1773698329925537,30.278472900390625,23.15222930908203,15.349577903747559,,53.269508361816406,,6.1615133
2025,Australia,,,,,,,,,,,,30.12619400024414,,6726.771484375,7.6667094230651855,1.8487006425857544,-0.6078611016273499,3.2533912658691406,-4.525474548339844,25.116661071777344,23.963090896606445,15.288817405700684,,49.86433410644531,,5.7261834
2026,Australia,,,,,,,,,,,,1.233749508857727,,17357.52734375,9.704052925109863,7.291294574737549,15.42282772064209,2.381882667541504,-8.349990844726562,24.675048828125,23.055511474609375,16.936683654785156,,46.465877532958984,,6.0357094
2027,Australia,,,,,,,,,,,,10.28172779083252,,2309.6708984375,6.7642974853515625,-0.6631478071212769,1.3227812051773071,3.042482852935791,-3.0774238109588623,27.218582153320312,25.669452667236328,14.666106224060059,,51.897911071777344,,5.142701
2028,Australia,,,,,,,,,,,,1.2670011520385742,,14503.3662109375,7.188141822814941,9.958414077758789,13.126712799072266,3.774895191192627,-3.1315455436706543,27.120594024658203,23.337787628173828,17.19052505493164,,56.76475143432617,,6.555418
2029,Australia,,,,,,,,,,,,8.319331169128418,,13682.25390625,6.050333499908447,-0.530129075050354,1.6710875034332275,3.45210862159729,-5.4920806884765625,24.48518943786621,26.669025421142578,14.524833679199219,,45.036930084228516,,6.168983
2030,Australia,,,,,,,,,,,,0.7420608401298523,,12289.9814453125,6.894094944000244,7.230729103088379,12.193472862243652,3.749696731567383,-0.9248559474945068,28.738142013549805,23.79798698425293,16.653179168701172,,54.232383728027344,,6.0984745
2025,Austria,,,,,,,,,,,,14.311809539794922,,9323.53125,7.622411727905273,0.8624153733253479,0.0888347402215004,2.6267898082733154,-4.801552772521973,25.009414672851562,24.375398635864258,15.325982093811035,,49.811126708984375,,5.861805
2026,Austria,,,,,,,,,,,,1.0055452585220337,,16454.703125,7.836350917816162,9.826484680175781,15.230998992919922,2.1213483810424805,-4.371593475341797,28.147262573242188,23.198413848876953,16.171890258789062,,47.086002349853516,,6.507363
2027,Austria,,,,,,,,,,,,10.410432815551758,,11042.8916015625,5.796811580657959,-1.681283950805664,1.4368244409561157,2.954007387161255,-4.402958393096924,27.56764793395996,27.34471893310547,13.146881103515625,,45.96651840209961,,6.292197
2028,Austria,,,,,,,,,,,,0.7552415132522583,,18365.16796875,7.96539306640625,9.292305946350098,13.596837043762207,3.1459922790527344,1.0102152824401855,30.44991111755371,25.7141056060791,15.007221221923828,,47.890106201171875,,6.4020014
2029,Austria,,,,,,,,,,,,9.975455284118652,,10623.7236328125,7.47373104095459,-1.0926399230957031,1.3417575359344482,3.216057300567627,-2.4943666458129883,27.980419158935547,27.88348960876465,13.59892749786377,,47.96894836425781,,6.2831063
2030,Austria,,,,,,,,,,,,0.7909600138664246,,15289.9892578125,7.716412544250488,10.333767890930176,13.118868827819824,2.9498300552368164,0.7015811204910278,30.162336349487305,26.103910446166992,14.815367698669434,,50.040592193603516,,6.4653497
2025,Azerbaijan,,,,,,,,,,,,21.72661781311035,,11254.3056640625,7.53956937789917,0.9408672451972961,0.004905646666884422,2.62801456451416,-4.460554599761963,25.15350341796875,24.24481773376465,15.003575325012207,,51.23198318481445,,6.419786
2026,Azerbaijan,,,,,,,,,,,,0.8499681353569031,,16701.099609375,7.19469690322876,8.883312225341797,18.042448043823242,3.165752410888672,-5.109884738922119,26.999021530151367,23.04667854309082,16.13786506652832,,47.447269439697266,,6.447641
2027,Azerbaijan,,,,,,,,,,,,13.914484977722168,,7809.74609375,5.436934471130371,-1.914061188697815,1.3086023330688477,1.276611328125,-4.230789661407471,23.709314346313477,26.862518310546875,13.769021987915039,,44.60054016113281,,5.747047
2028,Azerbaijan,,,,,,,,,,,,0.8128728270530701,,16364.45703125,9.655257225036621,10.035320281982422,17.583341598510742,3.4475109577178955,-1.429237961769104,28.965309143066406,23.546714782714844,16.378070831298828,,53.604156494140625,,6.4352784
2029,Azerbaijan,,,,,,,,,,,,10.427571296691895,,8971.7255859375,6.987142086029053,-3.5756099224090576,1.3885552883148193,1.698296308517456,-3.925274133682251,26.782238006591797,27.79451560974121,12.815177917480469,,49.91312026977539,,6.101412
2030,Azerbaijan,,,,,,,,,,,,1.8674864768981934,,19980.52734375,8.50552749633789,10.783464431762695,16.76703643798828,3.06303334236145,-0.7871772050857544,31.39202308654785,23.833707809448242,16.59270668029785,,52.42444610595703,,6.4768615
2025,Bahrain,,,,,,,,,,,,31.848712921142578,,5077.64208984375,7.2183756828308105,-1.6576082706451416,-2.6741604804992676,2.9641618728637695,-0.1189311221241951,25.10100746154785,23.63966178894043,14.315009117126465,,51.07716751098633,,5.590305
2026,Bahrain,,,,,,,,,,,,0.5999937057495117,,19225.447265625,10.042827606201172,10.853517532348633,18.44333839416504,3.1001572608947754,-5.508358001708984,24.104366302490234,25.274396896362305,13.865517616271973,,65.42979431152344,,6.5386176
2027,Bahrain,,,,,,,,,,,,12.31765365600586,,6657.142578125,4.282543659210205,1.4702378511428833,1.1062818765640259,1.3829509019851685,-1.4844497442245483,28.14105987548828,24.305862426757812,13.69823932647705,,50.83864212036133,,5.8597755
2028,Bahrain,,,,,,,,,,,,1.225394606590271,,15381.2099609375,11.007281303405762,10.216212272644043,10.942244529724121,2.343902826309204,-3.3358089923858643,26.78288459777832,26.722652435302734,14.562975883483887,,42.58784484863281,,6.1597776
2029,Bahrain,,,,,,,,,,,,8.055464744567871,,7450.2607421875,6.04058837890625,1.8088068962097168,1.7073826789855957,3.619691848754883,-2.421072244644165,30.031421661376953,24.573118209838867,16.16861343383789,,49.857234954833984,,5.8400497
2030,Bahrain,,,,,,,,,,,,1.8493812084197998,,16579.2421875,12.925498008728027,8.260401725769043,9.303260803222656,2.5197815895080566,-4.778578758239746,25.850894927978516,27.88258934020996,15.446220397949219,,36.14449691772461,,5.46351
2025,Bangladesh,,,,,,,,,,,,28.565458297729492,,4352.11669921875,7.338296413421631,4.0418500900268555,5.808018207550049,3.6960976123809814,-3.2363264560699463,25.76426124572754,24.271530151367188,15.246844291687012,,49.56853485107422,,5.596941
2026,Bangladesh,,,,,,,,,,,,4.92735481262207,,8023.67626953125,9.783330917358398,4.607558727264404,15.460765838623047,3.408977746963501,-9.1226167678833,25.23147964477539,23.443241119384766,17.777250289916992,,51.23011779785156,,5.531671
2027,Bangladesh,,,,,,,,,,,,10.776055335998535,,2771.117431640625,12.125601768493652,0.4691236913204193,4.789860248565674,3.3269448280334473,-5.515869140625,26.15526008605957,25.6392879486084,15.589336395263672,,46.325340270996094,,4.631543
2028,Bangladesh,,,,,,,,,,,,4.37780237197876,,6990.6943359375,6.435384750366211,8.097124099731445,11.94946002960205,4.022290229797363,-5.978487491607666,28.245765686035156,23.000574111938477,18.141157150268555,,48.537681579589844,,5.878176
2029,Bangladesh,,,,,,,,,,,,8.424219131469727,,5156.6572265625,12.077569007873535,1.826913595199585,3.6393401622772217,3.258477210998535,-6.310455799102783,21.805139541625977,27.7303409576416,14.919272422790527,,37.93174362182617,,4.6840196
2030,Bangladesh,,,,,,,,,,,,3.3409979343414307,,6511.62939453125,4.966179370880127,9.450475692749023,10.203993797302246,3.778322696685791,-3.5727760791778564,28.664775848388672,21.987926483154297,19.024023056030273,,56.228782653808594,,5.9259677
2025,Belarus,,,,,,,,,,,,9.649555206298828,,8780.0869140625,10.373336791992188,-0.15028826892375946,18.798452377319336,3.0332632064819336,2.7200779914855957,26.268295288085938,28.522308349609375,12.882266998291016,,31.07979965209961,,5.398464
2026,Belarus,,,,,,,,,,,,11.468450546264648,,5614.7705078125,5.950923919677734,-0.178105428814888,11.39497184753418,1.1916747093200684,-0.14876848459243774,28.786388397216797,26.845882415771484,15.705260276794434,,38.6896858215332,,5.746447
2027,Belarus,,,,,,,,,,,,7.642454147338867,,10026.416015625,10.434492111206055,1.046005368232727,12.276268005371094,2.869384765625,-2.2541539669036865,28.26396942138672,28.51811981201172,15.267335891723633,,44.25398635864258,,5.626629
2028,Belarus,,,,,,,,,,,,7.933917999267578,,9358.2685546875,6.378697395324707,1.5621552467346191,9.42162799835205,3.780784845352173,-4.271426200866699,31.179269790649414,26.538448333740234,15.442638397216797,,39.190032958984375,,5.8763514
2029,Belarus,,,,,,,,,,,,7.74036169052124,,10508.9052734375,8.700387954711914,5.452455520629883,9.5877103805542,2.9954140186309814,-2.777036190032959,28.336780548095703,27.419221878051758,15.628778457641602,,37.075618743896484,,5.7523856
2030,Belarus,,,,,,,,,,,,8.060877799987793,,7338.013671875,6.388564109802246,4.994017124176025,7.457688808441162,3.1711437702178955,-2.6058714389801025,30.076820373535156,26.97588348388672,15.604655265808105,,40.35185623168945,,5.636181
2025,Belgium,,,,,,,,,,,,22.75346565246582,,9488.4638671875,7.6667094230651855,2.2416181564331055,0.07282130420207977,2.62801456451416,-4.936782360076904,25.009414672851562,24.20379638671875,15.325982093811035,,49.77208709716797,,5.9644637
2026,Belgium,,,,,,,,,,,,1.2221555709838867,,17011.310546875,6.9543046951293945,9.40892219543457,17.431171417236328,2.488321542739868,-6.382349967956543,26.908447265625,22.778560638427734,16.30779266357422,,45.30128479003906,,6.32226
2027,Belgium,,,,,,,,,,,,10.69681453704834,,8773.8291015625,5.1750569343566895,-2.242807149887085,1.3980677127838135,2.0169003009796143,-3.9628117084503174,23.7380313873291,26.428855895996094,13.893377304077148,,45.88576126098633,,6.0360074
2028,Belgium,,,,,,,,,,,,0.772480845451355,,16510.0234375,9.44885540008545,10.117269515991211,14.120182037353516,3.854994058609009,-0.6009821891784668,29.811025619506836,23.448942184448242,16.29995346069336,,55.33118438720703,,6.381461
2029,Belgium,,,,,,,,,,,,10.176376342773438,,9167.05078125,6.586260795593262,-2.569781541824341,1.068138599395752,2.9816887378692627,-4.444847583770752,26.649879455566406,28.95744514465332,13.721383094787598,,49.9278564453125,,6.088269
2030,Belgium,,,,,,,,,,,,0.40542834997177124,,17155.98046875,7.801242828369141,10.914689064025879,14.237581253051758,3.3968653678894043,-0.5293194055557251,31.927080154418945,23.683082580566406,17.806392669677734,,49.176151275634766,,6.4071903
2025,Belize,,,,,,,,,,,,87.87818908691406,,10075.5732421875,7.6667094230651855,3.0511834621429443,0.3752387464046478,2.62801456451416,-5.7610063552856445,25.322368621826172,24.0404052734375,15.490458488464355,,50.12934875488281,,6.068593
2026,Belize,,,,,,,,,,,,1.3674416542053223,,12071.6298828125,7.211759090423584,-1.5943443775177002,38.57738494873047,2.0042738914489746,-5.421141147613525,25.991300582885742,22.782854080200195,16.66794204711914,,45.24705123901367,,5.962536
2027,Belize,,,,,,,,,,,,16.69163703918457,,16031.642578125,6.89137077331543,-9.330498695373535,6.21331787109375,0.9770501852035522,-2.0895941257476807,24.564472198486328,26.379987716674805,13.855545043945312,,44.99443817138672,,6.3998847
2028,Belize,,,,,,,,,,,,1.812018871307373,,11547.90625,8.316869735717773,7.16880989074707,29.425640106201172,4.111972332000732,0.5434024333953857,29.33144760131836,23.147064208984375,16.132518768310547,,47.30458068847656,,5.9998455
2029,Belize,,,,,,,,,,,,15.781403541564941,,11586.6884765625,8.339011192321777,-10.025311470031738,2.1885793209075928,1.6006652116775513,-5.249944686889648,26.2347354888916,28.597841262817383,12.419371604919434,,45.442230224609375,,6.133463
2030,Belize,,,,,,,,,,,,-1.5526431798934937,,20129.490234375,8.112276077270508,10.059499740600586,32.19831085205078,2.9099462032318115,1.9241987466812134,32.63713073730469,21.738372802734375,17.847429275512695,,57.216670989990234,,6.335993
2025,Benin,,,,,,,,,,,,30.383821487426758,,2057.19189453125,6.680135726928711,2.8994853496551514,-0.7636452317237854,4.9326581954956055,0.6629188060760498,25.086048126220703,23.544401168823242,14.827494621276855,,48.97913360595703,,5.2034984
2026,Benin,,,,,,,,,,,,1.6687084436416626,,17642.0859375,8.060858726501465,8.096002578735352,16.39137077331543,2.5732266902923584,-8.034729957580566,22.157365798950195,23.093284606933594,17.168275833129883,,51.710418701171875,,6.346272
2027,Benin,,,,,,,,,,,,10.300525665283203,,7191.03759765625,5.881124496459961,-0.9138110876083374,1.6993759870529175,2.0055530071258545,-2.0914499759674072,27.679771423339844,23.94852066040039,14.795931816101074,,54.58649444580078,,5.9858856
2028,Benin,,,,,,,,,,,,1.1127862930297852,,20125.6953125,10.519078254699707,8.981870651245117,12.280882835388184,2.7646164894104004,-1.6528916358947754,26.75550079345703,26.315284729003906,14.488694190979004,,54.05033493041992,,6.4724593
2029,Benin,,,,,,,,,,,,7.8628249168396,,8527.4482421875,4.913850784301758,-0.19063855707645416,0.8148645162582397,3.6018292903900146,-1.8167173862457275,30.226917266845703,25.253952026367188,15.280013084411621,,48.348716735839844,,5.879896
2030,Benin,,,,,,,,,,,,0.995025634765625,,14606.716796875,10.923001289367676,8.578696250915527,10.2063570022583,3.1025502681732178,-2.8829612731933594,26.304166793823242,27.807659149169922,14.763076782226562,,41.71098709106445,,6.045562
2025,Bhutan,,,,,,,,,,,,4.399838924407959,,10063.8076171875,6.2542572021484375,9.313345909118652,1.363342046737671,4.387592792510986,-13.737396240234375,20.42355728149414,20.880905151367188,18.112831115722656,,64.4431381225586,,6.2139673
2026,Bhutan,,,,,,,,,,,,1.820111632347107,,7838.8681640625,8.448038101196289,7.740302085876465,3.4109046459198,4.175079345703125,-4.25974702835083,21.889041900634766,21.513626098632812,15.9049654006958,,47.44794845581055,,5.799901
2027,Bhutan,,,,,,,,,,,,2.874924898147583,,8869.1943359375,5.65558385848999,5.821103572845459,2.163219928741455,3.3679959774017334,-6.190215110778809,24.666309356689453,21.685993194580078,17.067598342895508,,53.23939514160156,,5.8538966
2028,Bhutan,,,,,,,,,,,,2.188778877258301,,10339.2900390625,7.861386775970459,5.773785591125488,2.5287303924560547,3.066816806793213,-5.952354907989502,22.574575424194336,24.222190856933594,16.36471939086914,,46.510345458984375,,5.8579173
2029,Bhutan,,,,,,,,,,,,2.5250399112701416,,10521.2841796875,6.403024196624756,5.76148796081543,2.2532784938812256,3.7154898643493652,-4.003036022186279,27.252363204956055,21.81869125366211,17.19594955444336,,45.37623977661133,,6.021245
2030,Bhutan,,,,,,,,,,,,2.226144313812256,,16643.677734375,7.4154462814331055,5.108351707458496,2.5510449409484863,3.120919942855835,-5.57302713394165,22.60226821899414,26.320636749267578,15.57312297821045,,44.924476623535156,,5.9747167
2025,Bolivia,,,,,,,,,,,,30.12619400024414,,3375.52880859375,7.986211776733398,2.4341392517089844,2.0380711555480957,3.3756227493286133,-3.632115602493286,25.18268585205078,23.91535758972168,15.025816917419434,,49.171016693115234,,5.311736
2026,Bolivia,,,,,,,,,,,,1.9013127088546753,,11226.744140625,9.019113540649414,6.9186296463012695,16.046741485595703,3.966074228286743,-8.170393943786621,25.721330642700195,21.9268856048584,18.044918060302734,,55.113365173339844,,5.968328
2027,Bolivia,,,,,,,,,,,,10.520617485046387,,5938.173828125,7.17464017868042,-0.9977676272392273,2.2897379398345947,2.11651349067688,-5.982082843780518,24.154420852661133,26.30963897705078,14.641674995422363,,51.15011978149414,,5.6024146
2028,Bolivia,,,,,,,,,,,,1.7640901803970337,,12322.173828125,8.923163414001465,9.507051467895508,12.705958366394043,3.7460544109344482,-1.3894455432891846,30.323488235473633,22.979333877563477,17.28447723388672,,55.677669525146484,,6.4066706
2029,Bolivia,,,,,,,,,,,,8.137715339660645,,11147.6669921875,8.752270698547363,0.22824867069721222,2.203085422515869,2.986582040786743,-6.188495635986328,24.64643669128418,28.781190872192383,13.703839302062988,,48.381710052490234,,6.100741
2030,Bolivia,,,,,,,,,,,,1.73246169090271,,11832.0302734375,5.574131965637207,10.35485553741455,10.962872505187988,3.692413091659546,0.5614079833030701,31.49244499206543,23.18980598449707,18.062030792236328,,49.598907470703125,,6.271676
2025,Bosnia and Herzegovina,,,,,,,,,,,,86.74722290039062,,7711.39599609375,7.147250652313232,0.8836075663566589,0.2522023916244507,2.630289077758789,-5.1438446044921875,25.336240768432617,24.0821475982666,15.171631813049316,,53.1534309387207,,5.923723
2026,Bosnia and Herzegovina,,,,,,,,,,,,0.9403489232063293,,18986.810546875,8.996037483215332,-0.41314589977264404,25.570327758789062,1.5407993793487549,-6.529007911682129,25.642826080322266,23.000791549682617,16.467025756835938,,47.57134246826172,,6.0496674
2027,Bosnia and Herzegovina,,,,,,,,,,,,12.765181541442871,,6366.84326171875,7.831869125366211,-7.150675296783447,4.296634197235107,2.272317409515381,-0.6985629796981812,26.761661529541016,26.351943969726562,14.040730476379395,,56.40745162963867,,5.553587
2028,Bosnia and Herzegovina,,,,,,,,,,,,0.07643995434045792,,12598.6103515625,10.38376522064209,10.282408714294434,28.19414520263672,3.196650743484497,0.6393142342567444,29.4882869720459,24.978458404541016,16.40001678466797,,47.155826568603516,,5.875763
2029,Bosnia and Herzegovina,,,,,,,,,,,,16.208662033081055,,7556.16455078125,7.646765232086182,-10.733552932739258,1.4308778047561646,2.035177707672119,-4.39084005355835,26.832475662231445,29.050601959228516,11.418357849121094,,46.51956558227539,,5.41514
2030,Bosnia and Herzegovina,,,,,,,,,,,,-1.8398330211639404,,21650.607421875,8.870187759399414,11.038580894470215,32.3436279296875,2.6828486919403076,0.6327998042106628,31.08852195739746,21.56100845336914,17.735015869140625,,52.75251388549805,,6.327744
2025,Botswana,,,,,,,,,,,,79.75495910644531,,5104.3115234375,7.577159404754639,-2.4423274993896484,-0.4736173152923584,-1.1998018026351929,-7.853476047515869,25.206329345703125,23.68109130859375,15.393199920654297,,50.13692855834961,,5.716036
2026,Botswana,,,,,,,,,,,,1.060170292854309,,15714.9453125,9.679587364196777,0.45170342922210693,28.094852447509766,0.7372379302978516,-6.569106578826904,25.087230682373047,23.110797882080078,17.4163818359375,,65.70289611816406,,6.081401
2027,Botswana,,,,,,,,,,,,15.646942138671875,,8796.8623046875,7.893237590789795,-4.739006519317627,3.284636974334717,2.3984501361846924,-2.73832631111145,26.961023330688477,25.92934226989746,13.344388008117676,,50.247310638427734,,6.1394057
2028,Botswana,,,,,,,,,,,,2.3802216053009033,,16451.951171875,9.483729362487793,10.682950019836426,23.626632690429688,1.9210221767425537,-2.364987850189209,29.82128143310547,24.249492645263672,15.89864444732666,,45.207088470458984,,6.4016094
2029,Botswana,,,,,,,,,,,,13.563664436340332,,9779.9208984375,7.716752529144287,-9.626570701599121,1.9199132919311523,1.6134804487228394,-4.478363990783691,27.582149505615234,28.61667251586914,12.918693542480469,,53.348880767822266,,6.2007565
2030,Botswana,,,,,,,,,,,,-0.9293397068977356,,23106.02734375,8.303847312927246,10.85185718536377,30.767425537109375,2.7479302883148193,2.564643383026123,31.56797981262207,24.901254653930664,16.25517463684082,,53.992591857910156,,6.3205333
2025,Brazil,,,,,,,,,,,,87.87818908691406,,6803.40576171875,7.859255313873291,3.311363935470581,1.5531822443008423,2.744844913482666,-5.9570817947387695,25.475440979003906,24.015581130981445,15.448230743408203,,49.83597946166992,,5.830916
2026,Brazil,,,,,,,,,,,,1.9529707431793213,,10497.072265625,9.063291549682617,-1.9429943561553955,38.547306060791016,1.85683012008667,-7.130465984344482,26.774181365966797,23.375329971313477,17.197200775146484,,44.07883071899414,,5.7891293
2027,Brazil,,,,,,,,,,,,17.80058479309082,,9118.009765625,6.955272674560547,-7.9573259353637695,6.8368239402771,0.2871722877025604,-1.7286853790283203,26.5986270904541,27.556705474853516,14.157036781311035,,49.76532745361328,,6.176049
2028,Brazil,,,,,,,,,,,,2.2691683769226074,,11317.787109375,8.76223087310791,8.823333740234375,30.46479034423828,3.6660189628601074,-1.031785488128662,30.875152587890625,24.327983856201172,16.036846160888672,,39.48353958129883,,6.1717196
2029,Brazil,,,,,,,,,,,,15.20201301574707,,9558.166015625,7.062735557556152,-9.573506355285645,2.199273109436035,1.627393126487732,-4.598229885101318,26.51231575012207,29.31178855895996,12.560820579528809,,45.80154037475586,,5.9829426
2030,Brazil,,,,,,,,,,,,-0.734647274017334,,20329.31640625,7.765304088592529,10.650823593139648,30.528730392456055,3.047337770462036,2.2811715602874756,31.740955352783203,21.68494415283203,17.736949920654297,,50.908042907714844,,6.4015093
2025,Bulgaria,,,,,,,,,,,,30.12619400024414,,7524.41015625,7.890637397766113,0.5305661559104919,-0.5918476581573486,3.2249488830566406,-4.250726222991943,25.116661071777344,23.996871948242188,15.182004928588867,,51.207401275634766,,5.715544
2026,Bulgaria,,,,,,,,,,,,0.9675732254981995,,15240.37109375,9.576231956481934,7.1615753173828125,15.992663383483887,2.4364919662475586,-7.200128555297852,26.24850082397461,23.267967224121094,16.626182556152344,,51.29743576049805,,6.0809684
2027,Bulgaria,,,,,,,,,,,,10.239361763000488,,3594.11767578125,6.903944969177246,-1.1769002676010132,1.8621658086776733,1.9940842390060425,-4.849914073944092,27.732662200927734,25.623088836669922,14.664969444274902,,49.19072723388672,,5.2905154
2028,Bulgaria,,,,,,,,,,,,1.1693035364151,,16822.0625,9.505982398986816,9.336517333984375,14.207433700561523,3.5772080421447754,-3.1681573390960693,28.3153133392334,24.614362716674805,16.379785537719727,,60.5919189453125,,6.4476886
2029,Bulgaria,,,,,,,,,,,,9.775569915771484,,8768.591796875,5.4668498039245605,-0.14002542197704315,1.3781700134277344,2.878119468688965,-3.465776205062866,27.346412658691406,27.489112854003906,12.854162216186523,,48.072078704833984,,6.261792
2030,Bulgaria,,,,,,,,,,,,1.3230793476104736,,19487.0625,8.69277572631836,10.16043758392334,10.733315467834473,2.6624064445495605,0.5098586082458496,29.149234771728516,24.899337768554688,15.496000289916992,,42.678565979003906,,6.3261747
2025,Burkina Faso,,,,,,,,,,,,217.0138397216797,,6287.53271484375,7.859255313873291,3.604522466659546,1.095078706741333,2.840278387069702,-5.099418640136719,25.04867935180664,24.479019165039062,15.295860290527344,,49.362220764160156,,5.847159
2026,Burkina Faso,,,,,,,,,,,,1.6067091226577759,,12044.955078125,8.73512077331543,-1.4188673496246338,38.1441764831543,1.8256733417510986,-7.473166465759277,27.071533203125,22.92844009399414,17.048503875732422,,47.624298095703125,,5.9191294
2027,Burkina Faso,,,,,,,,,,,,17.16326332092285,,11801.8857421875,7.270624160766602,-7.721412658691406,6.628899574279785,0.16671408712863922,-2.1120405197143555,25.69202995300293,27.72757911682129,13.5758695602417,,49.702239990234375,,6.3936853
2028,Burkina Faso,,,,,,,,,,,,1.9351253509521484,,10672.3603515625,8.18039608001709,8.63071346282959,28.536523818969727,4.3115129470825195,0.5018786787986755,30.83883285522461,24.07634735107422,16.046865463256836,,49.835243225097656,,6.344976
2029,Burkina Faso,,,,,,,,,,,,16.361745834350586,,10490.720703125,8.353134155273438,-9.975122451782227,1.9404631853103638,1.6574602127075195,-4.414331436157227,26.38178253173828,29.380435943603516,11.980589866638184,,44.9266471862793,,6.072467
2030,Burkina Faso,,,,,,,,,,,,-1.4790316820144653,,19913.611328125,7.69961404800415,10.083012580871582,31.78577423095703,3.0154764652252197,1.6109384298324585,32.22414779663086,21.418481826782227,17.793180465698242,,54.886383056640625,,6.331588
2025,Burundi,,,,,,,,,,,,7.312527656555176,,-2605.421630859375,3.244124174118042,12.927362442016602,5.9315667152404785,3.653757333755493,-14.184880256652832,20.007062911987305,17.102670669555664,13.857598304748535,,49.82909393310547,,3.5344505
2026,Burundi,,,,,,,,,,,,6.648499965667725,,-1069.8033447265625,1.8529138565063477,16.76193618774414,6.34793758392334,3.9804768562316895,-16.627981185913086,17.78730583190918,18.18266487121582,14.413479804992676,,51.26179885864258,,3.4278152
2027,Burundi,,,,,,,,,,,,6.859015941619873,,-3169.9765625,1.6711879968643188,15.059799194335938,5.088559627532959,3.8959031105041504,-15.5230712890625,18.578062057495117,17.272144317626953,14.222047805786133,,56.0188102722168,,3.4653866
2028,Burundi,,,,,,,,,,,,5.448968410491943,,-1013.3595581054688,1.4802501201629639,16.399906158447266,5.34373140335083,3.6311659812927246,-17.160301208496094,18.084070205688477,18.368934631347656,14.364371299743652,,55.813507080078125,,3.400595
2029,Burundi,,,,,,,,,,,,7.5272932052612305,,-1275.456787109375,1.5037809610366821,10.55787181854248,3.2508764266967773,3.169252395629883,-15.17363166809082,18.539714813232422,17.23161506652832,14.535605430603027,,56.29592514038086,,3.5728953
2030,Burundi,,,,,,,,,,,,3.6775341033935547,,1182.597412109375,1.264950156211853,16.086654663085938,5.938477993011475,3.8731443881988525,-16.80916976928711,18.604965209960938,18.1843318939209,14.603384017944336,,57.572872161865234,,4.7342176
2025,Cambodia,,,,,,,,,,,,31.848712921142578,,14764.3984375,6.680135726928711,2.435025215148926,-0.9987899661064148,5.404455184936523,-0.8998737335205078,24.990093231201172,23.544401168823242,14.487682342529297,,47.56891632080078,,6.367131
2026,Cambodia,,,,,,,,,,,,0.7671119570732117,,18185.57421875,7.17110013961792,5.781063556671143,15.064465522766113,2.903088331222534,-5.582409858703613,23.854738235473633,24.30918312072754,15.91357707977295,,48.729862213134766,,6.0715127
2027,Cambodia,,,,,,,,,,,,10.279769897460938,,8747.4833984375,5.885503768920898,-0.8801571726799011,1.2258769273757935,3.814424514770508,-1.8333266973495483,27.107955932617188,25.03742218017578,14.71996021270752,,44.33552169799805,,6.146242
2028,Cambodia,,,,,,,,,,,,0.8770419359207153,,14807.6484375,8.193489074707031,9.09170913696289,12.392841339111328,3.111011266708374,-1.9332245588302612,27.63523292541504,26.134641647338867,15.101424217224121,,48.637298583984375,,6.467944
2029,Cambodia,,,,,,,,,,,,8.209485054016113,,9779.8994140625,6.780410289764404,-0.352882444858551,1.9112170934677124,3.362631320953369,-2.9508557319641113,29.506635665893555,26.18281364440918,14.329561233520508,,50.41361618041992,,6.2721415
2030,Cambodia,,,,,,,,,,,,1.2007229328155518,,15220.2626953125,10.653299331665039,9.841461181640625,11.671262741088867,2.8476829528808594,-1.335256814956665,28.40608787536621,26.741125106811523,15.640841484069824,,49.094871520996094,,6.092788
2025,Cameroon,,,,,,,,,,,,30.12619400024414,,3519.93359375,6.680135726928711,4.4647955894470215,0.5832337737083435,5.03204870223999,-0.5745458602905273,25.10650062561035,23.88641357421875,15.311925888061523,,50.63103103637695,,5.3509097
2026,Cameroon,,,,,,,,,,,,1.395274043083191,,10617.591796875,8.898890495300293,7.6884613037109375,15.619720458984375,3.865624189376831,-9.442704200744629,22.91958999633789,22.973861694335938,17.75836753845215,,53.03974151611328,,5.971548
2027,Cameroon,,,,,,,,,,,,10.940882682800293,,3876.795166015625,8.879389762878418,0.5083436965942383,1.910718321800232,3.568953514099121,-4.289992332458496,24.24554443359375,24.7027530670166,14.918000221252441,,49.87055206298828,,5.209056
2028,Cameroon,,,,,,,,,,,,1.6845036745071411,,10641.396484375,9.174188613891602,9.857826232910156,12.676201820373535,4.076658725738525,-4.637604236602783,27.912839889526367,22.73907470703125,17.956605911254883,,59.28852462768555,,6.4151444
2029,Cameroon,,,,,,,,,,,,8.772651672363281,,8009.4521484375,6.865530967712402,4.612367153167725,2.152696371078491,3.3570773601531982,-6.0357537269592285,24.32706642150879,27.582433700561523,13.757597923278809,,47.43159866333008,,5.5067053
2030,Cameroon,,,,,,,,,,,,2.161304235458374,,8956.2421875,7.881947040557861,10.438186645507812,8.791728019714355,3.510148763656616,-2.0546910762786865,29.216997146606445,23.072599411010742,17.455036163330078,,43.240081787109375,,6.32884
2025,Canada,,,,,,,,,,,,87.87818908691406,,10664.8505859375,7.890637397766113,1.026885986328125,0.39125221967697144,2.62801456451416,-4.9648003578186035,25.199729919433594,24.074186325073242,15.383646011352539,,51.04561996459961,,6.21565
2026,Canada,,,,,,,,,,,,0.9416628479957581,,15405.501953125,7.149596214294434,-1.621985673904419,39.2927131652832,2.297980308532715,-5.53437614440918,27.657800674438477,22.974149703979492,16.37725067138672,,47.562721252441406,,6.020801
2027,Canada,,,,,,,,,,,,17.977502822875977,,14645.5673828125,6.819662570953369,-9.947694778442383,5.968159198760986,0.5756369829177856,-1.7593085765838623,24.18526840209961,28.09615707397461,12.763792991638184,,45.4577522277832,,6.343054
2028,Canada,,,,,,,,,,,,0.8656263947486877,,12029.294921875,7.817897796630859,7.55417537689209,32.67934799194336,4.156741142272949,1.3446365594863892,30.281391143798828,22.627044677734375,16.073984146118164,,48.0758056640625,,6.050152
2029,Canada,,,,,,,,,,,,17.529813766479492,,10875.2119140625,8.70907211303711,-12.576419830322266,1.7483153343200684,1.8779371976852417,-4.696325302124023,24.47857666015625,29.021739959716797,12.420594215393066,,40.1409912109375,,5.944373
2030,Canada,,,,,,,,,,,,-1.6150245666503906,,17314.169921875,5.502257347106934,10.071944236755371,32.60904312133789,4.594576835632324,1.837568998336792,31.647489547729492,21.385953903198242,17.71160316467285,,59.8968505859375,,6.390316
2025,Central African Republic,,,,,,,,,,,,2.468132495880127,,9157.4296875,5.958573341369629,6.928794860839844,4.120870113372803,4.171515464782715,-4.682704448699951,10.109862327575684,8.534907341003418,8.226125717163086,,48.860965728759766,,5.5646353
2026,Central African Republic,,,,,,,,,,,,4.309656143188477,,4772.56884765625,4.332679748535156,2.3022634983062744,2.568441390991211,4.586222171783447,-3.0493879318237305,13.479879379272461,11.080709457397461,8.066855430603027,,45.828182220458984,,5.253801
2027,Central African Republic,,,,,,,,,,,,3.0645227432250977,,11245.318359375,4.8018670082092285,7.460982799530029,4.7496657371521,5.2922821044921875,-1.4765541553497314,15.255234718322754,11.938532829284668,10.153923988342285,,50.328792572021484,,5.90107
2028,Central African Republic,,,,,,,,,,,,4.9026994705200195,,4083.650390625,4.520791530609131,3.3349807262420654,2.585355520248413,4.6893415451049805,-1.931565523147583,15.466497421264648,13.086366653442383,10.980215072631836,,43.9437370300293,,4.9575124
2029,Central African Republic,,,,,,,,,,,,2.7127256393432617,,7662.7509765625,4.82875394821167,7.827613830566406,4.924237251281738,5.115478038787842,-3.419875383377075,15.154031753540039,13.03199291229248,12.254570960998535,,51.40339279174805,,5.064758
2030,Central African Republic,,,,,,,,,,,,4.739011764526367,,4102.93115234375,4.990234375,3.6712300777435303,2.4102017879486084,4.4017333984375,-2.9423344135284424,14.85373306274414,15.179924964904785,11.618885040283203,,45.016902923583984,,5.1951604
2025,Chad,,,,,,,,,,,,31.848712921142578,,79.8268814086914,7.407685279846191,2.0283572673797607,2.769409656524658,3.8301985263824463,0.6408275365829468,25.041608810424805,23.66124725341797,14.331459999084473,,47.89737319946289,,3.9362006
2026,Chad,,,,,,,,,,,,3.704106569290161,,13054.8486328125,6.464803695678711,32.18366241455078,17.017669677734375,4.272161960601807,-18.59000015258789,22.860902786254883,21.447004318237305,18.205150604248047,,51.56709671020508,,6.019442
2027,Chad,,,,,,,,,,,,13.23274040222168,,3508.198974609375,7.969644546508789,-0.485036700963974,-2.7720253467559814,-1.3542433977127075,-4.3529815673828125,21.119831085205078,26.13734245300293,14.497467994689941,,59.37739944458008,,5.208818
2028,Chad,,,,,,,,,,,,1.8636493682861328,,20910.64453125,9.16290283203125,15.53238582611084,15.732988357543945,2.9937899112701416,-3.1516780853271484,30.108318328857422,19.969205856323242,16.101762771606445,,63.37799835205078,,6.4099545
2029,Chad,,,,,,,,,,,,9.913006782531738,,10093.0517578125,7.16147518157959,-3.3055362701416016,-2.4969797134399414,1.79740309715271,-7.1774983406066895,25.304941177368164,28.83418083190918,9.718544960021973,,50.73823165893555,,5.981407
2030,Chad,,,,,,,,,,,,1.9581115245819092,,23120.693359375,7.510678768157959,13.58143138885498,17.16512107849121,2.6126608848571777,4.231610298156738,32.96913528442383,20.186729431152344,14.631909370422363,,57.928924560546875,,6.466884
2025,Chile,,,,,,,,,,,,87.87818908691406,,5476.90771484375,7.859255313873291,3.233396291732788,1.5531822443008423,2.744844913482666,-6.583429336547852,25.495962142944336,24.01630210876465,15.330751419067383,,51.568668365478516,,5.8305464
2026,Chile,,,,,,,,,,,,1.8431458473205566,,10179.2265625,8.971517562866211,-1.9062312841415405,38.394779205322266,1.674178123474121,-8.243069648742676,26.48446273803711,23.54090118408203,18.251253128051758,,53.117679595947266,,5.861585
2027,Chile,,,,,,,,,,,,17.635522842407227,,11844.677734375,8.73188304901123,-7.035070896148682,6.751261234283447,0.4717435836791992,-1.7777775526046753,26.35922622680664,26.696754455566406,14.206497192382812,,49.50697326660156,,6.3786674
2028,Chile,,,,,,,,,,,,2.25331974029541,,9475.1650390625,9.086724281311035,8.287999153137207,28.592267990112305,4.292395114898682,0.6391717791557312,30.52574348449707,24.341407775878906,16.00638771057129,,45.132171630859375,,6.0576425
2029,Chile,,,,,,,,,,,,16.397735595703125,,8992.94921875,8.743606567382812,-9.65587043762207,2.4165432453155518,1.5002809762954712,-4.706000328063965,26.39918327331543,29.43474769592285,12.135331153869629,,43.84511947631836,,5.8817024
2030,Chile,,,,,,,,,,,,-0.2231307327747345,,18096.7421875,8.499151229858398,11.205678939819336,30.854393005371094,2.8012473583221436,-0.14650167524814606,32.314109802246094,21.47623634338379,17.768918991088867,,48.12608337402344,,6.3066964
2025,China,,,,,,,,,,,,32.60033416748047,,10059.9091796875,7.371688365936279,-0.4249298870563507,-0.2867656648159027,3.089423179626465,-4.182260513305664,25.552759170532227,23.91486358642578,15.237541198730469,,52.96431350708008,,6.0208554
2026,China,,,,,,,,,,,,0.5215361714363098,,18572.947265625,7.498671054840088,7.7406697273254395,27.42165184020996,0.9847631454467773,-6.176767826080322,25.211708068847656,23.598356246948242,16.60365104675293,,57.7959098815918,,6.379888
2027,China,,,,,,,,,,,,16.421772003173828,,9566.6103515625,7.957425117492676,-6.1480278968811035,1.1477456092834473,2.2873852252960205,-2.4770052433013916,25.768156051635742,25.05759620666504,14.131224632263184,,48.64019775390625,,6.087152
2028,China,,,,,,,,,,,,0.29367706179618835,,17267.44921875,7.573512077331543,10.306405067443848,24.65656280517578,2.456627130508423,-2.9165241718292236,28.337013244628906,23.77081298828125,16.35927963256836,,56.78678894042969,,6.6113214
2029,China,,,,,,,,,,,,13.1783447265625,,15339.9404296875,6.250082492828369,-10.595473289489746,0.8825144171714783,1.466460108757019,-3.4408981800079346,25.858150482177734,27.29322052001953,12.718530654907227,,46.33085250854492,,6.28429
2030,China,,,,,,,,,,,,-2.8534698486328125,,22384.451171875,9.626978874206543,8.593729019165039,29.856273651123047,2.8185372352600098,2.46209716796875,29.85654640197754,23.640026092529297,16.617446899414062,,59.05038070678711,,6.3792973
2025,Colombia,,,,,,,,,,,,86.73924255371094,,4818.787109375,7.383251190185547,4.179045677185059,4.851527214050293,3.8033435344696045,-7.7312703132629395,25.4520320892334,24.01630210876465,15.316398620605469,,51.64093780517578,,5.727837
2026,Colombia,,,,,,,,,,,,4.0343756675720215,,4471.20458984375,8.895298957824707,-2.301403045654297,25.212459564208984,1.425020456314087,-9.031952857971191,24.43851661682129,23.652931213378906,18.322160720825195,,49.762630462646484,,5.3648596
2027,Colombia,,,,,,,,,,,,11.324986457824707,,5880.16259765625,16.785507202148438,-3.1885907649993896,8.0095796585083,1.9194775819778442,-3.199934482574463,25.81882095336914,26.06501007080078,16.04334259033203,,56.65790557861328,,4.839302
2028,Colombia,,,,,,,,,,,,5.296926975250244,,6712.76513671875,9.985678672790527,6.891258239746094,17.085126876831055,3.215022087097168,-2.227900266647339,30.360456466674805,25.660200119018555,18.11321449279785,,54.00992202758789,,5.501449
2029,Colombia,,,,,,,,,,,,10.935086250305176,,6488.4072265625,15.628387451171875,-2.4457521438598633,5.315057754516602,1.3954371213912964,-6.07529878616333,25.71331214904785,29.66136932373047,14.424333572387695,,38.46884536743164,,4.530526
2030,Colombia,,,,,,,,,,,,3.6565310955047607,,3016.087890625,7.175045013427734,7.702116012573242,15.66502857208252,3.552719831466675,-1.5943841934204102,32.8009033203125,24.21194076538086,19.144027709960938,,55.14972686767578,,5.392482
2025,Comoros,,,,,,,,,,,,30.12619400024414,,3900.98291015625,6.680135726928711,4.385504245758057,0.5832337737083435,5.058197498321533,-0.7413710951805115,25.086254119873047,23.88641357421875,15.290114402770996,,50.6630744934082,,5.4068823
2026,Comoros,,,,,,,,,,,,1.3779734373092651,,9969.4501953125,9.061022758483887,7.940351486206055,15.619720458984375,3.6861886978149414,-9.487632751464844,22.91958999633789,23.606090545654297,17.539480209350586,,53.29099655151367,,5.9927983
2027,Comoros,,,,,,,,,,,,10.9768705368042,,3757.50927734375,9.275468826293945,0.9265322089195251,1.9252245426177979,3.3814806938171387,-3.379035234451294,25.78717041015625,24.56435775756836,14.903548240661621,,50.73881149291992,,5.078544
2028,Comoros,,,,,,,,,,,,1.6386030912399292,,10291.0625,9.88407039642334,9.770669937133789,12.296329498291016,3.5700855255126953,-5.429067611694336,27.780492782592773,23.57906150817871,18.04117774963379,,57.522003173828125,,6.3217554
2029,Comoros,,,,,,,,,,,,8.572270393371582,,7241.88623046875,6.885344982147217,2.3137404918670654,2.228123664855957,3.448145866394043,-5.28602933883667,25.851762771606445,27.645444869995117,13.935306549072266,,46.77678680419922,,5.6086593
2030,Comoros,,,,,,,,,,,,1.9636188745498657,,14933.607421875,8.871506690979004,10.661901473999023,9.53974723815918,3.1911699771881104,-3.069286346435547,28.79083824157715,23.81374168395996,17.65734100341797,,43.6338996887207,,6.5267677
2025,Congo,,,,,,,,,,,,79.72041320800781,,2451.97607421875,6.680135726928711,0.5506755709648132,-0.5054078102111816,0.8441524505615234,-4.120873928070068,24.164640426635742,24.002840042114258,15.359679222106934,,51.7801399230957,,5.354094
2026,Congo,,,,,,,,,,,,1.6599065065383911,,18069.60546875,8.063796043395996,1.7836744785308838,26.659229278564453,1.2612700462341309,-8.710411071777344,24.40571403503418,21.787525177001953,17.88186264038086,,58.212772369384766,,6.176036
2027,Congo,,,,,,,,,,,,14.404437065124512,,17760.599609375,11.135292053222656,-5.901537895202637,2.594069004058838,2.532567262649536,-2.63030743598938,26.117565155029297,25.880212783813477,13.415584564208984,,52.01893615722656,,5.9054503
2028,Congo,,,,,,,,,,,,0.9650970697402954,,13369.634765625,7.673069000244141,9.38583755493164,21.838605880737305,2.6308891773223877,-0.3363332748413086,30.395404815673828,23.823423385620117,16.696413040161133,,51.55251693725586,,6.3519197
2029,Congo,,,,,,,,,,,,13.282397270202637,,13488.080078125,8.140117645263672,-5.8789567947387695,1.7641271352767944,1.9710335731506348,-3.935272455215454,25.285545349121094,29.252365112304688,12.210768699645996,,45.19889831542969,,6.0699844
2030,Congo,,,,,,,,,,,,0.3926626741886139,,18584.32421875,7.0016865730285645,9.414722442626953,24.138256072998047,3.219996690750122,3.633495569229126,32.667083740234375,21.11382293701172,17.543947219848633,,61.12541580200195,,6.3193073
2025,Costa Rica,,,,,,,,,,,,87.87818908691406,,10305.359375,8.011382102966309,-0.08006816357374191,0.030639585107564926,3.029719591140747,-4.586536407470703,25.56927490234375,23.8843994140625,14.481402397155762,,54.334999084472656,,6.6006117
2026,Costa Rica,,,,,,,,,,,,0.9675732254981995,,17392.439453125,7.315847873687744,-1.0845212936401367,39.642704010009766,1.2873895168304443,-4.321558952331543,26.94706916809082,23.63544273376465,16.461795806884766,,56.974937438964844,,6.252445
2027,Costa Rica,,,,,,,,,,,,17.75434684753418,,20997.71484375,8.318071365356445,-8.907249450683594,5.485580921173096,0.22197899222373962,-0.6126059293746948,26.349178314208984,26.931194305419922,13.574830055236816,,44.873111724853516,,6.394037
2028,Costa Rica,,,,,,,,,,,,2.194563865661621,,12581.02734375,8.182160377502441,7.211456775665283,29.4509220123291,3.8969316482543945,1.657618761062622,30.317771911621094,24.57659912109375,16.060882568359375,,49.280757904052734,,5.941241
2029,Costa Rica,,,,,,,,,,,,17.14883804321289,,12321.630859375,9.17048168182373,-10.495835304260254,2.2126879692077637,1.6385859251022339,-4.572234630584717,26.617647171020508,29.115253448486328,12.610977172851562,,43.91225814819336,,5.929062
2030,Costa Rica,,,,,,,,,,,,-1.8066760301589966,,15959.3046875,7.544641494750977,10.098587036132812,32.29484558105469,4.343817710876465,0.7274042367935181,32.7836799621582,21.810287475585938,17.803260803222656,,53.72221374511719,,6.27901
2025,Côte d’Ivoire,,,,,,,,,,,,30.06559944152832,,4299.75048828125,7.714235782623291,2.211280345916748,-0.5602512359619141,3.332146644592285,-2.557570695877075,25.089717864990234,23.613927841186523,15.021076202392578,,48.365821838378906,,5.5751753
2026,Côte d’Ivoire,,,,,,,,,,,,1.1878498792648315,,17434.39453125,10.108469009399414,7.695693016052246,16.216331481933594,2.8007781505584717,-9.048659324645996,24.059267044067383,23.00916862487793,17.514972686767578,,52.525146484375,,6.1137366
2027,Côte d’Ivoire,,,,,,,,,,,,10.283289909362793,,1626.2379150390625,8.161642074584961,-1.1792420148849487,1.3227812051773071,2.5224881172180176,-3.0246357917785645,26.28533363342285,25.431974411010742,14.46275520324707,,51.260948181152344,,4.696581
2028,Côte d’Ivoire,,,,,,,,,,,,1.186635136604309,,17782.447265625,7.248170852661133,10.038196563720703,14.764849662780762,3.858550548553467,-4.004040241241455,28.513212203979492,22.50409507751465,18.21981430053711,,60.992340087890625,,6.5506144
2029,Côte d’Ivoire,,,,,,,,,,,,10.564679145812988,,13313.560546875,7.155516624450684,-0.18241196870803833,1.2969276905059814,2.9028687477111816,-3.5848073959350586,23.248014450073242,28.342029571533203,12.255764961242676,,43.883056640625,,6.140528
2030,Côte d’Ivoire,,,,,,,,,,,,0.8109312057495117,,18542.02734375,6.262664794921875,9.704726219177246,10.777717590332031,3.629291296005249,0.6129574775695801,31.55695343017578,20.967578887939453,17.59137535095215,,51.75922775268555,,6.395943
2025,Croatia,,,,,,,,,,,,220.7205810546875,,6803.72802734375,6.680135726928711,5.4678192138671875,1.9538164138793945,4.285884857177734,-2.0998377799987793,24.9569034576416,24.321630477905273,15.320311546325684,,50.57082748413086,,5.945766
2026,Croatia,,,,,,,,,,,,2.142726182937622,,7569.83349609375,8.156353950500488,0.4515466094017029,39.016807556152344,1.808170199394226,-7.786794185638428,25.127323150634766,23.213457107543945,16.807512283325195,,43.737815856933594,,5.6158113
2027,Croatia,,,,,,,,,,,,18.248802185058594,,12282.091796875,8.720844268798828,-7.52557897567749,4.465203285217285,0.42923280596733093,-4.418931007385254,26.285884857177734,26.055030822753906,14.146260261535645,,51.93612289428711,,6.5423403
2028,Croatia,,,,,,,,,,,,1.0621224641799927,,9297.52734375,8.707390785217285,8.768481254577637,28.582660675048828,4.601787567138672,-0.28796130418777466,30.677499771118164,23.542903900146484,16.690153121948242,,49.43069076538086,,6.2568717
2029,Croatia,,,,,,,,,,,,16.34278106689453,,8171.75927734375,9.236115455627441,-9.479215621948242,1.5925999879837036,1.6355817317962646,-4.416238784790039,25.291980743408203,29.82708168029785,12.331265449523926,,46.6950569152832,,5.282232
2030,Croatia,,,,,,,,,,,,-0.5496481657028198,,14840.427734375,8.50749683380127,11.05915355682373,30.84382438659668,2.828094959259033,0.8274785280227661,32.629310607910156,20.95705223083496,17.68509292602539,,58.10509490966797,,6.300005
2025,Cuba,,,,,,,,,,,,3.558021068572998,,5969.552734375,8.894984245300293,5.918084144592285,3.3503661155700684,5.750144004821777,-0.9551485180854797,25.296316146850586,24.213279724121094,15.090336799621582,,48.31348419189453,,5.7244186
2026,Cuba,,,,,,,,,,,,2.6843390464782715,,8082.81298828125,8.652719497680664,8.383944511413574,2.771831512451172,3.1011979579925537,-6.61671781539917,25.816884994506836,23.576744079589844,17.110095977783203,,51.47367477416992,,5.97311
2027,Cuba,,,,,,,,,,,,2.5828728675842285,,5471.03564453125,10.497601509094238,6.35303258895874,2.7451751232147217,3.036672830581665,-6.499464511871338,26.07248306274414,24.784996032714844,17.206960678100586,,54.64335250854492,,5.338159
2028,Cuba,,,,,,,,,,,,2.472590923309326,,9859.2998046875,11.900877952575684,6.692984104156494,2.7750751972198486,3.1162731647491455,-7.434962749481201,25.502117156982422,25.226802825927734,18.96202850341797,,52.199241638183594,,5.362517
2029,Cuba,,,,,,,,,,,,2.4257993698120117,,4845.005859375,8.156038284301758,6.08493709564209,2.897702693939209,3.3886990547180176,-5.138182163238525,26.311317443847656,24.73287010192871,17.687902450561523,,49.89669418334961,,5.548851
2030,Cuba,,,,,,,,,,,,2.720165491104126,,12649.525390625,12.04344367980957,6.541163444519043,2.7438528537750244,3.170886993408203,-6.791256427764893,25.458406448364258,25.251073837280273,18.470935821533203,,49.617923736572266,,5.5058756
2025,Cyprus,,,,,,,,,,,,21.72661781311035,,10916.0615234375,7.147250652313232,0.6342161893844604,-0.021176382899284363,2.62801456451416,-4.100029468536377,25.126270294189453,24.24481773376465,15.13425064086914,,52.505069732666016,,6.1730804
2026,Cyprus,,,,,,,,,,,,0.8499681353569031,,17825.171875,7.180121898651123,8.79210090637207,17.991107940673828,2.9984335899353027,-4.952188968658447,26.704164505004883,22.96583366394043,16.114988327026367,,50.72196578979492,,6.451492
2027,Cyprus,,,,,,,,,,,,13.914484977722168,,10507.85546875,5.5362548828125,-1.914061188697815,1.2195088863372803,1.2996479272842407,-3.268071174621582,24.3000431060791,26.325326919555664,14.205500602722168,,43.87053680419922,,6.161426
2028,Cyprus,,,,,,,,,,,,0.7309858202934265,,16394.134765625,8.978075981140137,9.137046813964844,17.635204315185547,3.4302361011505127,-0.2966093122959137,29.279945373535156,23.82473373413086,16.11113166809082,,53.592796325683594,,6.4306955
2029,Cyprus,,,,,,,,,,,,10.103793144226074,,9622.71875,6.7238383293151855,-3.836998462677002,1.3846625089645386,1.6200515031814575,-3.7964184284210205,26.747520446777344,28.378110885620117,12.785014152526855,,49.40232467651367,,6.123649
2030,Cyprus,,,,,,,,,,,,1.8433035612106323,,20273.94140625,8.089643478393555,10.596914291381836,16.759870529174805,3.13157057762146,1.5857576131820679,31.513662338256836,23.916595458984375,17.44389533996582,,53.558502197265625,,6.4328017
2025,Czechia,,,,,,,,,,,,30.06559944152832,,6921.80419921875,7.890637397766113,0.17389079928398132,-0.6333351135253906,3.1451821327209473,-2.461411237716675,25.096609115600586,23.65485954284668,14.914263725280762,,50.64177322387695,,5.747296
2026,Czechia,,,,,,,,,,,,0.9868692755699158,,17015.4609375,10.329878807067871,7.628715515136719,16.752273559570312,2.8740737438201904,-6.004569053649902,26.118209838867188,23.423458099365234,16.423511505126953,,52.16741180419922,,6.205394
2027,Czechia,,,,,,,,,,,,10.633480072021484,,2482.3349609375,5.920650005340576,-1.8635815382003784,1.4993174076080322,2.0354011058807373,-3.4594829082489014,27.630290985107422,25.837392807006836,14.572909355163574,,47.329246520996094,,5.3000317
2028,Czechia,,,,,,,,,,,,1.3706510066986084,,17446.220703125,7.832313060760498,9.310540199279785,14.722671508789062,3.5734291076660156,-3.0283217430114746,27.670839309692383,24.558279037475586,16.366682052612305,,59.6893196105957,,6.499197
2029,Czechia,,,,,,,,,,,,9.757983207702637,,11437.2412109375,4.984354496002197,0.1628255993127823,1.2991594076156616,2.598968267440796,-2.163792371749878,27.46552276611328,27.813583374023438,13.224054336547852,,42.36539840698242,,6.351505
2030,Czechia,,,,,,,,,,,,1.2054736614227295,,17944.5078125,6.771160125732422,9.179551124572754,10.72614860534668,3.0610828399658203,0.7856540679931641,29.939653396606445,26.138643264770508,14.621883392333984,,43.842926025390625,,6.393187
2025,Denmark,,,,,,,,,,,,21.72661781311035,,11802.763671875,7.441922187805176,0.8497177958488464,-0.061446741223335266,2.672041416168213,-3.1306867599487305,25.066984176635742,24.24481773376465,15.167418479919434,,52.014892578125,,6.1997323
2026,Denmark,,,,,,,,,,,,0.7040057182312012,,17890.001953125,7.345578670501709,8.812920570373535,18.178232192993164,2.8867075443267822,-4.952188968658447,26.844263076782227,23.33501434326172,16.02617645263672,,47.585044860839844,,6.4897966
2027,Denmark,,,,,,,,,,,,13.914484977722168,,10497.90234375,5.543951034545898,-1.9769951105117798,1.2115871906280518,1.404257893562317,-3.1689116954803467,26.10639190673828,26.361915588378906,14.11235523223877,,45.15379333496094,,6.2181883
2028,Denmark,,,,,,,,,,,,0.7309858202934265,,20640.708984375,9.824631690979004,9.319061279296875,17.700021743774414,3.2854843139648438,-0.2508356273174286,29.32174301147461,24.45698356628418,16.40517807006836,,51.03453063964844,,6.2362995
2029,Denmark,,,,,,,,,,,,13.142863273620605,,7032.20849609375,6.724466800689697,-3.824007749557495,0.4359927773475647,1.033534049987793,-1.977915644645691,27.44796371459961,28.477378845214844,12.181838035583496,,46.593170166015625,,5.3360324
2030,Denmark,,,,,,,,,,,,1.7491735219955444,,21647.33984375,9.542288780212402,11.424286842346191,20.420146942138672,2.183607816696167,0.35284993052482605,29.90568733215332,23.661235809326172,16.390140533447266,,52.42668151855469,,6.2481093
2025,Djibouti,,,,,,,,,,,,2.9956395626068115,,14299.369140625,16.126123428344727,5.897066593170166,3.2034988403320312,10.555717468261719,7.2487335205078125,23.97684097290039,25.395523071289062,15.446809768676758,,54.41653060913086,,5.284556
2026,Djibouti,,,,,,,,,,,,1.870597004890442,,13628.0263671875,6.512768745422363,3.384641647338867,2.91011381149292,3.2901198863983154,-6.876736164093018,25.322023391723633,25.06503677368164,16.609067916870117,,49.433135986328125,,6.019879
2027,Djibouti,,,,,,,,,,,,1.8805879354476929,,12175.35546875,6.256198883056641,4.608633518218994,2.7681338787078857,3.4464292526245117,-3.4498658180236816,25.724824905395508,23.574661254882812,17.37796974182129,,47.27224349975586,,6.2366805
2028,Djibouti,,,,,,,,,,,,2.181699514389038,,18302.529296875,7.40201997756958,5.436825275421143,2.586197853088379,2.974379301071167,-4.063791275024414,24.550716400146484,24.939006805419922,17.112028121948242,,50.220184326171875,,6.227047
2029,Djibouti,,,,,,,,,,,,2.0785980224609375,,17078.20703125,6.061225414276123,4.544665813446045,2.2602648735046387,3.0780105590820312,-3.221294403076172,26.775941848754883,24.17740249633789,16.788118362426758,,47.25192642211914,,6.3619184
2030,Djibouti,,,,,,,,,,,,1.6689643859863281,,20063.47265625,6.376494884490967,4.500254154205322,2.2526159286499023,3.0975518226623535,-3.3241379261016846,25.92382049560547,25.707263946533203,16.833572387695312,,43.367313385009766,,6.2492914
2025,Dominican Republic,,,,,,,,,,,,22.75346565246582,,9696.8232421875,7.6667094230651855,2.9026238918304443,0.07282130420207977,2.62801456451416,-5.163836479187012,25.01405906677246,24.20379638671875,15.325982093811035,,49.77208709716797,,6.0353966
2026,Dominican Republic,,,,,,,,,,,,1.2221555709838867,,15824.9833984375,6.860325813293457,9.399728775024414,17.308534622192383,2.5400230884552,-6.382349967956543,26.911521911621094,22.739002227783203,16.30779266357422,,45.252872467041016,,6.3156757
2027,Dominican Republic,,,,,,,,,,,,10.69681453704834,,8773.8291015625,5.25291109085083,-2.242807149887085,1.4775381088256836,2.0841779708862305,-4.200963973999023,23.7380313873291,26.24063491821289,13.893377304077148,,45.625946044921875,,6.063927
2028,Dominican Republic,,,,,,,,,,,,0.8364011645317078,,16847.158203125,9.131948471069336,10.117269515991211,14.120182037353516,3.854994058609009,-0.4781527817249298,29.82576560974121,23.299530029296875,16.332916259765625,,54.69204330444336,,6.411927
2029,Dominican Republic,,,,,,,,,,,,10.176376342773438,,9167.05078125,6.5862345695495605,-2.52004075050354,1.1286864280700684,2.950024127960205,-4.169802665710449,26.706253051757812,28.95744514465332,13.721383094787598,,49.45841598510742,,6.098781
2030,Dominican Republic,,,,,,,,,,,,0.6252490878105164,,17676.05078125,7.377816200256348,10.914689064025879,14.237581253051758,3.3777971267700195,-0.5293194055557251,32.15217590332031,24.214468002319336,17.70893096923828,,48.94712448120117,,6.3302274
2025,DR Congo,,,,,,,,,,,,32.15974426269531,,4710.345703125,6.680135726928711,4.8115715980529785,1.8593735694885254,5.002843379974365,-2.196840763092041,25.511568069458008,23.850582122802734,15.290114402770996,,50.545875549316406,,5.630546
2026,DR Congo,,,,,,,,,,,,2.115499258041382,,9466.3017578125,9.591469764709473,6.392580032348633,15.44426441192627,3.5156257152557373,-9.437294006347656,23.177589416503906,24.252059936523438,17.71827507019043,,52.96805953979492,,5.6282067
2027,DR Congo,,,,,,,,,,,,10.915706634521484,,4923.4208984375,9.603480339050293,0.7114585638046265,2.28470778465271,3.3976500034332275,-4.241772651672363,26.20956802368164,25.267576217651367,15.347896575927734,,47.66980743408203,,5.22168
2028,DR Congo,,,,,,,,,,,,1.8975234031677246,,11928.802734375,9.428064346313477,9.066120147705078,12.41130542755127,3.692073345184326,-6.629783630371094,27.983264923095703,24.14393424987793,18.045930862426758,,51.83063888549805,,6.376323
2029,DR Congo,,,,,,,,,,,,8.250250816345215,,4527.39453125,7.2366623878479,1.4531835317611694,2.2518348693847656,3.308440685272217,-5.293041706085205,26.028762817382812,27.722158432006836,14.454197883605957,,46.900123596191406,,5.479234
2030,DR Congo,,,,,,,,,,,,1.7788640260696411,,18179.3671875,8.785965919494629,9.628464698791504,10.62534236907959,3.2907073497772217,-5.308858394622803,28.15240478515625,23.92935562133789,18.495203018188477,,45.08903884887695,,6.470764
2025,Ecuador,,,,,,,,,,,,28.565458297729492,,9769.7236328125,7.419795989990234,0.4853176474571228,-0.04070013761520386,2.9712178707122803,-3.9974794387817383,24.974876403808594,24.4324951171875,15.12154483795166,,52.014892578125,,5.934602
2026,Ecuador,,,,,,,,,,,,0.9675732254981995,,17027.1875,7.243076324462891,6.734088897705078,15.970900535583496,2.5217885971069336,-4.929406642913818,26.5701904296875,23.01351547241211,16.204511642456055,,49.872657775878906,,6.1735497
2027,Ecuador,,,,,,,,,,,,10.49016284942627,,10610.4833984375,6.327909469604492,-1.7495290040969849,1.4967331886291504,1.988319754600525,-3.766538143157959,24.73516273498535,25.7364444732666,14.503358840942383,,43.08098220825195,,6.0735207
2028,Ecuador,,,,,,,,,,,,0.8684415221214294,,16552.6953125,6.605243682861328,8.104157447814941,13.771857261657715,3.810655355453491,-0.9465041756629944,28.588468551635742,23.245071411132812,16.434581756591797,,56.29204559326172,,6.453206
2029,Ecuador,,,,,,,,,,,,9.781245231628418,,13173.7451171875,8.000840187072754,-0.3010491132736206,1.3442302942276,3.1245765686035156,-4.712683200836182,24.830354690551758,27.57242774963379,13.831164360046387,,44.74055480957031,,6.2947626
2030,Ecuador,,,,,,,,,,,,0.44111987948417664,,14168.353515625,6.801225185394287,9.679933547973633,12.220532417297363,3.6194076538085938,0.6358206868171692,31.600845336914062,23.234779357910156,16.70136833190918,,59.35295104980469,,6.2850266
2025,Egypt,,,,,,,,,,,,87.87818908691406,,7204.65087890625,6.680135726928711,5.1746625900268555,2.836134672164917,4.173593521118164,-2.82633638381958,25.315465927124023,23.986637115478516,15.42533016204834,,50.85204315185547,,5.9805593
2026,Egypt,,,,,,,,,,,,2.5167236328125,,7945.4609375,9.217474937438965,-0.34133315086364746,39.1647834777832,1.871956706047058,-7.319977283477783,24.037769317626953,23.008588790893555,16.787506103515625,,45.15389633178711,,5.4730706
2027,Egypt,,,,,,,,,,,,16.234703063964844,,7029.6982421875,8.763760566711426,-7.0410847663879395,5.991360187530518,0.31105539202690125,-3.980705976486206,25.692670822143555,25.66907501220703,14.871623992919922,,52.1373291015625,,5.699096
2028,Egypt,,,,,,,,,,,,2.68432354927063,,7104.544921875,9.838798522949219,8.028128623962402,28.82710838317871,3.172898054122925,-1.0199054479599,28.602869033813477,23.484670639038086,16.755855560302734,,51.56727981567383,,5.7598457
2029,Egypt,,,,,,,,,,,,16.001554489135742,,6756.373046875,13.187987327575684,-9.048081398010254,2.682199001312256,1.3039865493774414,-6.400618076324463,25.04442596435547,28.743906021118164,13.446645736694336,,44.274566650390625,,4.697618
2030,Egypt,,,,,,,,,,,,0.8892036080360413,,8828.212890625,9.287545204162598,11.15265941619873,30.458084106445312,3.17807674407959,0.1580192595720291,31.414730072021484,23.24149513244629,18.2735652923584,,53.53317642211914,,5.9184785
2025,El Salvador,,,,,,,,,,,,30.12619400024414,,8299.302734375,7.2183756828308105,-0.8805606961250305,-0.8483908772468567,3.1677660942077637,-1.9530017375946045,25.06608772277832,23.981674194335938,14.97034740447998,,52.54985046386719,,5.886828
2026,El Salvador,,,,,,,,,,,,0.4756356179714203,,17513.02734375,9.576620101928711,6.818428039550781,17.379030227661133,2.5374491214752197,-6.169554710388184,25.0323486328125,23.616493225097656,16.004375457763672,,57.47719955444336,,6.1999183
2027,El Salvador,,,,,,,,,,,,10.473834991455078,,4611.48876953125,5.994854927062988,-0.9501954913139343,1.2554103136062622,2.1107826232910156,-2.6535468101501465,28.21533966064453,25.022472381591797,14.438220024108887,,52.722633361816406,,5.73274
2028,El Salvador,,,,,,,,,,,,0.8118458986282349,,19064.98828125,10.85268783569336,8.998424530029297,12.318461418151855,2.810350179672241,-4.0798234939575195,27.48305320739746,25.94176483154297,16.027149200439453,,57.46324157714844,,6.126872
2029,El Salvador,,,,,,,,,,,,8.002784729003906,,8155.94091796875,4.952215671539307,1.2018147706985474,1.4209331274032593,3.3221590518951416,-2.397982597351074,30.553787231445312,25.902963638305664,14.609108924865723,,49.04866027832031,,5.9797053
2030,El Salvador,,,,,,,,,,,,1.3793160915374756,,16653.431640625,12.358044624328613,8.816383361816406,10.264727592468262,3.0577423572540283,-2.4281115531921387,28.43857765197754,27.389965057373047,15.40424633026123,,36.557159423828125,,5.473027
2025,Estonia,,,,,,,,,,,,87.87818908691406,,7165.650390625,7.714235782623291,3.388213872909546,0.7021161317825317,2.744844913482666,-5.967099666595459,25.586233139038086,24.033254623413086,15.35018253326416,,50.02433395385742,,5.881557
2026,Estonia,,,,,,,,,,,,1.3674416542053223,,11808.298828125,8.996482849121094,-1.878665804862976,38.10483932495117,1.57719087600708,-8.069193840026855,25.30240821838379,23.426433563232422,17.215198516845703,,44.929405212402344,,5.8591375
2027,Estonia,,,,,,,,,,,,16.897300720214844,,6174.5927734375,9.124813079833984,-6.905719757080078,6.389172077178955,0.8716438412666321,-0.6794702410697937,26.672527313232422,26.07803726196289,13.79849624633789,,52.971824645996094,,5.534135
2028,Estonia,,,,,,,,,,,,2.568305492401123,,9167.9208984375,9.602154731750488,9.543244361877441,28.763566970825195,3.150080680847168,-0.7477533221244812,29.230567932128906,25.21491050720215,16.594310760498047,,49.53444290161133,,6.007213
2029,Estonia,,,,,,,,,,,,16.195762634277344,,7493.06689453125,9.709986686706543,-8.926395416259766,2.827979803085327,1.450486660003662,-6.66533899307251,26.6774845123291,28.459632873535156,13.445958137512207,,44.35047912597656,,5.1306367
2030,Estonia,,,,,,,,,,,,0.2070995718240738,,11797.5986328125,8.767419815063477,10.881643295288086,30.898971557617188,3.018681764602661,-1.333441972732544,30.48642349243164,24.406892776489258,18.284339904785156,,52.10114669799805,,6.384253
2025,Eswatini,,,,,,,,,,,,79.92887878417969,,2217.435791015625,6.680135726928711,0.8896328806877136,0.6664292812347412,0.6594163179397583,-2.3617568016052246,25.14605712890625,23.558090209960938,16.277477264404297,,49.696678161621094,,5.4388146
2026,Eswatini,,,,,,,,,,,,1.6792024374008179,,16308.423828125,8.75145435333252,2.4130749702453613,28.607614517211914,2.428736686706543,-7.418830394744873,23.710031509399414,22.930238723754883,17.434688568115234,,54.61263656616211,,6.1147804
2027,Eswatini,,,,,,,,,,,,16.010942459106445,,14840.345703125,6.61561393737793,-6.8217291831970215,2.503518581390381,1.9325662851333618,-3.213303804397583,25.526611328125,25.45516014099121,14.043455123901367,,53.14958572387695,,6.3147674
2028,Eswatini,,,,,,,,,,,,-1.1494890451431274,,17693.134765625,7.4817938804626465,8.336725234985352,26.443899154663086,2.704758644104004,-1.1426700353622437,27.47481346130371,23.45461654663086,16.474254608154297,,52.287994384765625,,6.4203763
2029,Eswatini,,,,,,,,,,,,13.339994430541992,,8701.15625,8.675618171691895,-10.440070152282715,0.8981017470359802,1.4561179876327515,-2.098580837249756,25.885160446166992,27.19115447998047,10.798908233642578,,45.73711013793945,,6.0260553
2030,Eswatini,,,,,,,,,,,,-1.986363172531128,,21691.19140625,10.34743881225586,11.262930870056152,31.975858688354492,2.524815320968628,1.4567301273345947,31.186800003051758,21.224668502807617,16.45976448059082,,62.85760498046875,,6.1807413
2025,Ethiopia,,,,,,,,,,,,30.12619400024414,,3559.6884765625,6.680135726928711,4.326485633850098,0.5832337737083435,5.008167743682861,-0.645168662071228,25.133634567260742,23.88641357421875,15.414921760559082,,50.418209075927734,,5.39178
2026,Ethiopia,,,,,,,,,,,,1.2835420370101929,,10469.173828125,9.066315650939941,7.808636665344238,15.619720458984375,3.865624189376831,-9.144265174865723,22.994312286376953,22.973861694335938,17.75836753845215,,53.03795623779297,,5.991608
2027,Ethiopia,,,,,,,,,,,,10.940882682800293,,3554.34521484375,8.75462818145752,0.40481528639793396,1.910718321800232,3.568953514099121,-4.263125419616699,24.233070373535156,24.7027530670166,15.001912117004395,,49.95712661743164,,5.1098685
2028,Ethiopia,,,,,,,,,,,,1.6845036745071411,,10799.51953125,9.208728790283203,9.58712100982666,12.676201820373535,4.237030029296875,-5.237332344055176,28.069665908813477,22.10684585571289,18.175493240356445,,59.22578811645508,,6.4049153
2029,Ethiopia,,,,,,,,,,,,8.73254108428955,,7526.8857421875,7.499301910400391,4.174886703491211,2.1705594062805176,3.3293983936309814,-6.124298095703125,24.182861328125,27.645444869995117,13.627476692199707,,47.526912689208984,,5.4686713
2030,Ethiopia,,,,,,,,,,,,2.161046028137207,,9501.2734375,8.103797912597656,10.695104598999023,8.881401062011719,3.6232235431671143,-2.020742177963257,28.53474235534668,23.024328231811523,17.500822067260742,,42.7646484375,,6.302249
2025,Finland,,,,,,,,,,,,87.87818908691406,,9957.7509765625,7.419795989990234,0.7827752828598022,0.37249425053596497,2.557880401611328,-4.458413600921631,25.553361892700195,24.0821475982666,15.173328399658203,,53.79684829711914,,6.1927233
2026,Finland,,,,,,,,,,,,0.9675732254981995,,19412.595703125,7.324851989746094,-1.1043473482131958,39.37644958496094,1.8531179428100586,-5.052589416503906,26.006847381591797,23.628623962402344,16.542783737182617,,48.253055572509766,,6.1908712
2027,Finland,,,,,,,,,,,,17.919523239135742,,17734.197265625,5.948988914489746,-9.962493896484375,5.41080904006958,0.7683070302009583,0.2624673843383789,26.17151641845703,26.46246910095215,13.985711097717285,,46.552120208740234,,6.4360056
2028,Finland,,,,,,,,,,,,0.3116883635520935,,14654.4326171875,8.005122184753418,6.092052936553955,30.745895385742188,3.67319393157959,1.0177083015441895,29.39940643310547,25.158952713012695,15.807125091552734,,40.82942199707031,,5.846204
2029,Finland,,,,,,,,,,,,17.41348648071289,,12239.74609375,6.87177848815918,-13.447402954101562,1.793398380279541,1.925519347190857,-3.4036238193511963,26.72071075439453,29.299230575561523,12.749629020690918,,43.89578628540039,,6.149173
2030,Finland,,,,,,,,,,,,-2.0760247707366943,,21019.279296875,6.568390369415283,10.128143310546875,32.09228515625,3.7745823860168457,0.8164756298065186,31.246335983276367,23.94649314880371,17.713457107543945,,53.19147491455078,,6.3909
2025,France,,,,,,,,,,,,87.87818908691406,,10540.001953125,7.185527801513672,0.7537311315536499,0.4601360559463501,2.62801456451416,-5.097225189208984,25.36067771911621,24.0814266204834,15.215520858764648,,53.428104400634766,,6.2552133
2026,France,,,,,,,,,,,,0.9043617248535156,,19064.5078125,7.179864406585693,-1.621985673904419,38.781734466552734,2.297980308532715,-5.415700435638428,26.006847381591797,23.003501892089844,16.330379486083984,,48.74077606201172,,6.091299
2027,France,,,,,,,,,,,,17.919523239135742,,17284.875,5.92574405670166,-10.682774543762207,5.350957870483398,1.0399384498596191,-0.5238233804702759,24.81339454650879,26.375690460205078,13.959266662597656,,45.08198165893555,,6.460829
2028,France,,,,,,,,,,,,-0.04694664478302002,,11722.4931640625,7.539939880371094,6.834353446960449,30.711719512939453,3.828761100769043,0.7650470733642578,29.139036178588867,24.010107040405273,15.896061897277832,,46.083770751953125,,5.936404
2029,France,,,,,,,,,,,,15.877289772033691,,11381.748046875,8.862339973449707,-12.655458450317383,1.3738980293273926,2.021285057067871,-3.6878960132598877,25.55887222290039,28.592864990234375,11.653141975402832,,37.41578674316406,,5.8874464
2030,France,,,,,,,,,,,,-1.9644246101379395,,16778.765625,5.840195655822754,10.183115005493164,33.23737335205078,2.9718124866485596,0.9656049013137817,32.35869598388672,21.467592239379883,17.94911003112793,,62.73381423950195,,6.350839
2025,Gabon,,,,,,,,,,,,79.72041320800781,,5106.91259765625,7.2183756828308105,-3.144479751586914,-1.4707791805267334,-0.9595298171043396,-6.481400489807129,24.185150146484375,24.146347045898438,15.204957008361816,,53.497314453125,,5.686095
2026,Gabon,,,,,,,,,,,,1.3291563987731934,,20199.185546875,9.225193977355957,1.7296204566955566,29.35566520690918,0.8887302279472351,-6.500636577606201,25.649921417236328,23.230072021484375,15.71742057800293,,63.72855758666992,,6.193488
2027,Gabon,,,,,,,,,,,,15.871889114379883,,10369.4599609375,7.0831298828125,-4.987494468688965,2.372168779373169,2.4111990928649902,-2.4881489276885986,28.462757110595703,25.745603561401367,13.412627220153809,,51.93636703491211,,6.2348304
2028,Gabon,,,,,,,,,,,,0.7034197449684143,,17451.349609375,10.2323579788208,9.936033248901367,24.030961990356445,2.026172161102295,-1.5838446617126465,27.237451553344727,25.326805114746094,14.900784492492676,,44.536277770996094,,6.299873
2029,Gabon,,,,,,,,,,,,13.318927764892578,,8402.265625,4.877521991729736,-10.191383361816406,1.361956000328064,1.9255915880203247,-1.927765965461731,27.941394805908203,26.690832138061523,13.14122200012207,,52.686668395996094,,5.9310174
2030,Gabon,,,,,,,,,,,,-2.748767852783203,,19343.44140625,10.872386932373047,9.833983421325684,30.364200592041016,2.672513008117676,1.1010830402374268,28.303619384765625,26.50286865234375,14.345829010009766,,51.021488189697266,,6.0726357
2025,Gambia,,,,,,,,,,,,87.87818908691406,,7204.65087890625,6.680135726928711,5.12950325012207,2.836134672164917,4.173593521118164,-2.528569459915161,25.147218704223633,23.986637115478516,15.448126792907715,,50.623695373535156,,5.953975
2026,Gambia,,,,,,,,,,,,2.5819196701049805,,8252.9443359375,9.368168830871582,0.34573662281036377,39.1647834777832,1.9059207439422607,-7.094846248626709,23.988325119018555,23.052440643310547,16.645977020263672,,45.15389633178711,,5.4997296
2027,Gambia,,,,,,,,,,,,16.006467819213867,,6422.1142578125,8.49387264251709,-7.0410847663879395,4.9209794998168945,0.3465774357318878,-4.93966007232666,27.264163970947266,25.42209815979004,14.680051803588867,,51.86655807495117,,5.6883903
2028,Gambia,,,,,,,,,,,,1.9819533824920654,,8119.732421875,9.00042724609375,8.247404098510742,28.324426651000977,2.9336307048797607,-1.8285415172576904,28.400341033935547,24.71597671508789,15.914466857910156,,51.387184143066406,,6.0428286
2029,Gambia,,,,,,,,,,,,15.606547355651855,,8360.81640625,11.73000431060791,-9.875479698181152,2.222151517868042,1.3814359903335571,-6.255594253540039,27.097980499267578,27.650388717651367,12.714015007019043,,46.29813003540039,,5.117464
2030,Gambia,,,,,,,,,,,,0.6669756770133972,,12401.71875,8.77515697479248,12.810368537902832,31.205942153930664,2.7721123695373535,0.1566886603832245,31.15097999572754,24.276817321777344,15.90408706665039,,57.12269592285156,,6.2611103
2025,Georgia,,,,,,,,,,,,86.74722290039062,,8384.673828125,7.2183756828308105,0.7885541319847107,0.4786151349544525,2.8314268589019775,-5.156656742095947,25.305784225463867,24.0821475982666,15.237466812133789,,52.984676361083984,,5.9153423
2026,Georgia,,,,,,,,,,,,0.9403489232063293,,18080.21875,8.547091484069824,-0.629715085029602,25.570327758789062,1.695754051208496,-7.503689765930176,25.925092697143555,23.001312255859375,16.480754852294922,,48.121212005615234,,6.063066
2027,Georgia,,,,,,,,,,,,12.618346214294434,,10873.1015625,6.638401031494141,-6.67939567565918,4.407559394836426,2.0989067554473877,-1.098362684249878,26.739931106567383,26.457656860351562,14.102147102355957,,56.191619873046875,,6.399619
2028,Georgia,,,,,,,,,,,,0.7256531119346619,,13630.697265625,8.362020492553711,8.874482154846191,22.099626541137695,2.9349422454833984,0.7660998106002808,29.281675338745117,24.82302474975586,15.991785049438477,,44.14963912963867,,6.2317004
2029,Georgia,,,,,,,,,,,,13.401747703552246,,13645.880859375,7.432466983795166,-7.592831134796143,1.665692925453186,2.131218433380127,-3.8229382038116455,27.149864196777344,28.460718154907227,12.392915725708008,,47.4449348449707,,6.1799574
2030,Georgia,,,,,,,,,,,,-1.4249764680862427,,19917.009765625,7.128846168518066,9.366941452026367,27.868249893188477,3.3076963424682617,2.6850781440734863,31.071887969970703,23.111534118652344,16.585224151611328,,54.22356033325195,,6.312079
2025,Germany,,,,,,,,,,,,30.12619400024414,,6875.2646484375,7.580719470977783,0.3804071247577667,-0.6802204251289368,3.2033615112304688,-3.2082741260528564,25.144195556640625,23.996871948242188,15.25768756866455,,50.99612045288086,,5.6892953
2026,Germany,,,,,,,,,,,,0.9216727614402771,,16843.66796875,9.954911231994629,7.299955368041992,16.70024299621582,2.7561542987823486,-7.459646224975586,24.755163192749023,23.491100311279297,16.76827621459961,,51.74837112426758,,6.061754
2027,Germany,,,,,,,,,,,,10.496672630310059,,1592.4326171875,5.629837512969971,-1.2420951128005981,1.6058125495910645,2.1693620681762695,-3.1349854469299316,27.134658813476562,25.462820053100586,14.613810539245605,,50.82636260986328,,4.7387953
2028,Germany,,,,,,,,,,,,1.4599488973617554,,17071.369140625,7.258420944213867,9.666098594665527,14.422353744506836,3.8298254013061523,-4.159066200256348,27.2736873626709,23.482847213745117,16.907114028930664,,57.060157775878906,,6.5752482
2029,Germany,,,,,,,,,,,,10.247325897216797,,12397.2314453125,4.824990272521973,-0.8157250881195068,1.6929240226745605,2.984610080718994,-3.1801271438598633,24.82540512084961,27.37055778503418,13.420196533203125,,44.626564025878906,,6.3286614
2030,Germany,,,,,,,,,,,,0.7669920325279236,,14495.349609375,7.4155144691467285,8.999312400817871,12.39370059967041,3.652484655380249,1.4606009721755981,29.168432235717773,23.918766021728516,16.19137954711914,,52.316017150878906,,6.3040905
2025,Ghana,,,,,,,,,,,,30.12619400024414,,2744.923583984375,7.087978363037109,3.4407081604003906,6.023126125335693,4.460815906524658,-3.2017502784729004,25.03077507019043,23.908384323120117,15.016092300415039,,49.2906494140625,,5.53332
2026,Ghana,,,,,,,,,,,,5.35670280456543,,7137.140625,7.713205337524414,5.230327606201172,15.969775199890137,3.9108076095581055,-7.9285454750061035,23.21821403503418,21.946796417236328,17.491422653198242,,51.231563568115234,,5.5635505
2027,Ghana,,,,,,,,,,,,11.067455291748047,,3885.630615234375,10.28583812713623,0.013201599940657616,5.5888824462890625,1.826546549797058,-5.519626140594482,22.642440795898438,25.336517333984375,15.654911994934082,,42.17849349975586,,5.001363
2028,Ghana,,,,,,,,,,,,4.589661598205566,,5123.90234375,7.657463550567627,7.6307148933410645,12.912038803100586,4.607715129852295,-4.813285827636719,28.936220169067383,21.4902286529541,18.38136863708496,,54.75490951538086,,5.895299
2029,Ghana,,,,,,,,,,,,8.651627540588379,,7752.22802734375,14.488224983215332,2.0183637142181396,3.9412195682525635,3.097158908843994,-8.423633575439453,21.31055450439453,28.27614402770996,15.26755142211914,,47.94816207885742,,4.684718
2030,Ghana,,,,,,,,,,,,3.0732638835906982,,3134.028076171875,7.596044063568115,7.129427909851074,9.712883949279785,3.619408369064331,-4.355491638183594,30.448070526123047,21.262554168701172,18.175582885742188,,48.784339904785156,,5.3913937
2025,Greece,,,,,,,,,,,,86.73924255371094,,7667.7177734375,7.577159404754639,1.1561819314956665,0.36221352219581604,2.630289077758789,-6.252598285675049,25.430727005004883,24.068056106567383,15.279585838317871,,51.129695892333984,,5.833549
2026,Greece,,,,,,,,,,,,1.1240254640579224,,14739.0224609375,8.7998628616333,-0.5412046909332275,25.77785873413086,1.695754051208496,-7.8336381912231445,25.908184051513672,22.8660831451416,16.995519638061523,,46.15958023071289,,6.065713
2027,Greece,,,,,,,,,,,,12.618346214294434,,10176.07421875,7.588091850280762,-7.076442241668701,4.762853145599365,2.081566095352173,-1.9652457237243652,25.75404167175293,26.683561325073242,14.131583213806152,,55.712772369384766,,6.3872194
2028,Greece,,,,,,,,,,,,0.7976719737052917,,13952.501953125,8.406327247619629,9.046428680419922,26.24744415283203,3.2946722507476807,1.3841700553894043,29.674522399902344,23.8768253326416,16.2266788482666,,50.84532928466797,,6.322477
2029,Greece,,,,,,,,,,,,13.822366714477539,,11735.65625,8.243821144104004,-11.246849060058594,1.653866171836853,1.3827402591705322,-3.844208240509033,26.500600814819336,29.05828094482422,12.100587844848633,,48.05854797363281,,6.147644
2030,Greece,,,,,,,,,,,,-1.7367123365402222,,19328.76171875,8.827906608581543,10.257227897644043,32.74489974975586,3.229569911956787,3.5179061889648438,32.92621612548828,21.498260498046875,17.733379364013672,,55.68327713012695,,6.322509
2025,Guatemala,,,,,,,,,,,,30.422313690185547,,6242.47802734375,7.622411727905273,-0.9928336143493652,-1.5113083124160767,3.1451821327209473,-2.1641829013824463,25.096609115600586,23.629135131835938,14.96013355255127,,48.630210876464844,,5.799159
2026,Guatemala,,,,,,,,,,,,0.5408318638801575,,18027.951171875,9.828734397888184,8.461593627929688,17.750694274902344,3.0164761543273926,-5.9504170417785645,24.74860954284668,23.543073654174805,13.748571395874023,,61.37836837768555,,6.7580705
2027,Guatemala,,,,,,,,,,,,13.284215927124023,,6398.130859375,6.057453155517578,2.6748414039611816,1.1955432891845703,1.2383689880371094,-1.9188055992126465,27.937471389770508,24.295522689819336,13.501992225646973,,53.837730407714844,,5.9124117
2028,Guatemala,,,,,,,,,,,,1.4226759672164917,,22027.833984375,10.966005325317383,10.718449592590332,13.041260719299316,1.8177863359451294,-4.066128253936768,26.11151695251465,26.319643020629883,14.720491409301758,,41.941593170166016,,6.1648707
2029,Guatemala,,,,,,,,,,,,8.583561897277832,,7143.05517578125,4.720783233642578,0.015764307230710983,0.5947703719139099,3.868541955947876,-1.5582094192504883,30.715267181396484,24.160667419433594,15.593453407287598,,53.74702453613281,,5.89571
2030,Guatemala,,,,,,,,,,,,0.9064094424247742,,17570.796875,12.693887710571289,9.341789245605469,10.712933540344238,3.3048980236053467,-3.5617053508758545,24.387727737426758,28.12568473815918,14.768951416015625,,42.14484405517578,,5.8255963
2025,Guinea,,,,,,,,,,,,220.7205810546875,,5723.287109375,7.494921684265137,4.560424327850342,5.886569023132324,3.294550895690918,-3.868114471435547,24.835783004760742,24.435073852539062,15.284736633300781,,49.51451110839844,,5.957603
2026,Guinea,,,,,,,,,,,,5.049545764923096,,5311.75634765625,8.450997352600098,-3.167970895767212,38.00465393066406,1.4760041236877441,-7.36669397354126,25.46350860595703,22.97184944152832,17.038991928100586,,48.0770378112793,,5.622235
2027,Guinea,,,,,,,,,,,,17.594505310058594,,6170.52734375,13.039693832397461,-3.9671027660369873,12.845355033874512,0.7069167494773865,-3.3370845317840576,25.071250915527344,27.238330841064453,15.97503662109375,,58.9724006652832,,4.8948417
2028,Guinea,,,,,,,,,,,,9.530344009399414,,5766.177734375,9.592120170593262,5.459680080413818,21.31064224243164,3.611447811126709,-3.4222311973571777,30.933164596557617,25.045637130737305,16.275793075561523,,51.062957763671875,,5.501025
2029,Guinea,,,,,,,,,,,,14.551297187805176,,4053.504638671875,13.099702835083008,-1.6854053735733032,8.335277557373047,1.3611409664154053,-4.5436015129089355,26.03154754638672,28.886098861694336,15.244603157043457,,46.17613220214844,,4.6145506
2030,Guinea,,,,,,,,,,,,5.634870529174805,,7449.255859375,8.929914474487305,6.890693187713623,18.43882179260254,3.7690703868865967,-4.723592758178711,31.96298599243164,23.957250595092773,18.49718475341797,,48.31473159790039,,5.6419168
2025,Guyana,,,,,,,,,,,,3.924865245819092,,1994.4241943359375,11.053025245666504,10.109902381896973,3.3708059787750244,4.16220760345459,-6.23643159866333,25.566009521484375,24.582162857055664,15.372270584106445,,53.022830963134766,,4.945958
2026,Guyana,,,,,,,,,,,,3.4952805042266846,,4146.43359375,5.932046890258789,8.772018432617188,3.5593626499176025,3.9987964630126953,-8.639670372009277,25.841392517089844,22.57794761657715,18.66813850402832,,55.240604400634766,,5.745309
2027,Guyana,,,,,,,,,,,,3.431758165359497,,10054.216796875,14.141702651977539,7.883005142211914,3.0684516429901123,3.354484796524048,-7.834604263305664,21.11227035522461,25.26486587524414,17.51421546936035,,53.947261810302734,,5.3070407
2028,Guyana,,,,,,,,,,,,2.710336446762085,,4188.82861328125,6.2775115966796875,7.128878116607666,3.0649499893188477,3.32228684425354,-3.9772231578826904,26.636587142944336,21.16494369506836,17.619850158691406,,52.214683532714844,,5.7102957
2029,Guyana,,,,,,,,,,,,2.7158801555633545,,13474.291015625,10.38899040222168,5.601276874542236,2.668093681335449,3.2155911922454834,-8.149836540222168,21.558982849121094,24.933557510375977,17.09421730041504,,50.03282928466797,,5.639898
2030,Guyana,,,,,,,,,,,,1.9545129537582397,,4246.798828125,6.072231769561768,4.659379959106445,2.7702109813690186,3.792296886444092,-3.476306915283203,26.75532341003418,22.393081665039062,17.80506706237793,,51.95728302001953,,5.80995
2025,Haiti,,,,,,,,,,,,24.613174438476562,,3300.7421875,8.68415641784668,-0.07550402730703354,23.999597549438477,-4.471429347991943,-3.6435916423797607,25.758527755737305,23.800878524780273,14.946609497070312,,52.03514099121094,,5.2964163
2026,Haiti,,,,,,,,,,,,20.094430923461914,,5604.52197265625,8.377158164978027,-2.105285406112671,22.90734100341797,2.3166284561157227,-5.9277262687683105,26.56902313232422,24.435077667236328,15.910746574401855,,56.44974136352539,,5.5915847
2027,Haiti,,,,,,,,,,,,13.677881240844727,,9187.5693359375,9.367654800415039,-1.7808367013931274,19.820608139038086,2.6239688396453857,-4.600191116333008,25.95964813232422,26.727096557617188,15.847587585449219,,52.4339485168457,,5.575472
2028,Haiti,,,,,,,,,,,,13.865644454956055,,5045.23388671875,8.722424507141113,0.9914789199829102,17.913253784179688,1.8766282796859741,-1.773790717124939,29.65413475036621,26.573070526123047,15.511402130126953,,42.023502349853516,,5.414996
2029,Haiti,,,,,,,,,,,,13.564330101013184,,11441.958984375,13.041667938232422,-0.390310138463974,16.04073143005371,0.5881033539772034,-4.197915554046631,28.843826293945312,28.9931583404541,15.360538482666016,,51.6826057434082,,5.3805676
2030,Haiti,,,,,,,,,,,,9.683891296386719,,3893.860595703125,9.788328170776367,0.7046659588813782,16.09974479675293,1.5981035232543945,-1.0155844688415527,33.790016174316406,27.129661560058594,15.282205581665039,,39.773963928222656,,5.1424174
2025,Honduras,,,,,,,,,,,,102.86869812011719,,6853.50341796875,7.986211776733398,3.3490216732025146,1.6271628141403198,2.814979076385498,-5.599588871002197,25.253734588623047,24.131786346435547,15.303335189819336,,49.429405212402344,,5.781813
2026,Honduras,,,,,,,,,,,,1.8933769464492798,,10679.7900390625,9.105053901672363,-1.6698728799819946,38.66884231567383,1.8256733417510986,-7.223194599151611,26.831823348999023,22.761144638061523,17.198116302490234,,47.605369567871094,,5.8571577
2027,Honduras,,,,,,,,,,,,17.7724552154541,,8217.197265625,7.2861127853393555,-7.894932746887207,6.8368239402771,0.2871722877025604,-2.549960136413574,25.686880111694336,27.38429832458496,14.126948356628418,,50.11487579345703,,5.935252
2028,Honduras,,,,,,,,,,,,2.37294864654541,,9497.8134765625,9.652338981628418,8.416214942932129,30.588184356689453,3.791577100753784,-0.7140116691589355,30.587955474853516,23.946617126464844,16.565616607666016,,45.48204040527344,,6.0196414
2029,Honduras,,,,,,,,,,,,16.52866554260254,,8771.4404296875,9.679713249206543,-10.780004501342773,2.5695879459381104,1.566152572631836,-4.9173126220703125,26.341463088989258,29.199975967407227,12.537365913391113,,45.93742370605469,,5.7315116
2030,Honduras,,,,,,,,,,,,-1.2260122299194336,,15629.6474609375,8.896488189697266,11.046700477600098,31.80290412902832,3.6555774211883545,-0.7839902639389038,32.2320556640625,21.734195709228516,17.75580596923828,,47.753597259521484,,6.247694
2025,Hong Kong SAR of China,,,,,,,,,,,,30.12619400024414,,7099.5078125,7.147250652313232,-0.0583205446600914,-0.7433462142944336,3.1451821327209473,-2.2649147510528564,25.09654426574707,24.004112243652344,14.828655242919922,,52.29330062866211,,5.765083
2026,Hong Kong SAR of China,,,,,,,,,,,,0.9216727614402771,,17662.7265625,10.225212097167969,7.6600751876831055,16.35264778137207,2.8466575145721436,-5.694176197052002,24.617361068725586,23.330081939697266,16.44437026977539,,50.12336349487305,,6.139474
2027,Hong Kong SAR of China,,,,,,,,,,,,10.551326751708984,,2309.701171875,5.802562236785889,-1.6700774431228638,1.3894871473312378,2.1607344150543213,-2.9346659183502197,28.16740608215332,25.080711364746094,14.404717445373535,,50.71345520019531,,5.319893
2028,Hong Kong SAR of China,,,,,,,,,,,,1.2821019887924194,,17216.583984375,8.533454895019531,9.448431015014648,13.963939666748047,3.6348440647125244,-3.762300968170166,27.12160873413086,24.45094108581543,16.256546020507812,,56.99330520629883,,6.5784936
2029,Hong Kong SAR of China,,,,,,,,,,,,10.25005054473877,,9976.41796875,4.6397857666015625,0.8112092614173889,1.3758400678634644,3.3787841796875,-3.204238176345825,27.447587966918945,26.158985137939453,14.500266075134277,,48.47541809082031,,6.264313
2030,Hong Kong SAR of China,,,,,,,,,,,,1.2996597290039062,,11806.693359375,7.694429874420166,8.561474800109863,10.203371047973633,3.3922524452209473,-0.226969376206398,29.529340744018555,25.46535873413086,14.951074600219727,,40.6916618347168,,6.2099037
2025,Hungary,,,,,,,,,,,,32.15974426269531,,4957.90185546875,7.799880027770996,2.744046688079834,0.43704846501350403,3.4119133949279785,-5.142663478851318,25.109769821166992,23.95594024658203,15.285957336425781,,49.776390075683594,,5.5471025
2026,Hungary,,,,,,,,,,,,1.2221555709838867,,11955.943359375,9.847100257873535,7.532508373260498,15.29721450805664,3.4451119899749756,-8.49877643585205,25.83246612548828,23.188447952270508,17.979835510253906,,54.26692199707031,,6.00825
2027,Hungary,,,,,,,,,,,,10.271328926086426,,4811.15625,8.89437198638916,0.6194549798965454,1.9368444681167603,3.7600576877593994,-5.596959590911865,25.68531036376953,26.258275985717773,14.643495559692383,,50.5186882019043,,5.4760933
2028,Hungary,,,,,,,,,,,,1.6572797298431396,,9037.462890625,9.352798461914062,9.527414321899414,11.16719913482666,3.5636396408081055,-3.1589977741241455,29.362998962402344,24.09819793701172,18.302534103393555,,61.157657623291016,,6.326497
2029,Hungary,,,,,,,,,,,,8.24207878112793,,10115.6318359375,10.214533805847168,5.297199726104736,2.1706345081329346,2.660216808319092,-7.242921352386475,26.121536254882812,27.90842628479004,13.6662015914917,,45.752349853515625,,5.856534
2030,Hungary,,,,,,,,,,,,2.092588186264038,,8210.9228515625,6.733624458312988,10.893607139587402,8.53541088104248,3.5280261039733887,-2.872098922729492,30.953588485717773,23.55754852294922,17.76933479309082,,45.659481048583984,,6.0922523
2025,Iceland,,,,,,,,,,,,30.12619400024414,,3149.06298828125,7.383251190185547,3.6136133670806885,3.377629280090332,3.913818597793579,-3.796929121017456,25.202531814575195,23.91535758972168,15.264344215393066,,49.171016693115234,,5.234394
2026,Iceland,,,,,,,,,,,,2.9568185806274414,,10286.5556640625,8.92898941040039,6.657444000244141,15.404081344604492,3.780892848968506,-8.631893157958984,24.006546020507812,21.81665802001953,17.91859245300293,,52.27436828613281,,5.823535
2027,Iceland,,,,,,,,,,,,10.911540985107422,,2060.347900390625,8.66932487487793,-0.48635023832321167,2.6977550983428955,3.2658956050872803,-4.808507919311523,23.985004425048828,25.51741600036621,15.10753345489502,,47.431034088134766,,4.792476
2028,Iceland,,,,,,,,,,,,1.9831395149230957,,10565.25390625,6.750478744506836,9.578648567199707,14.689566612243652,4.557770252227783,-4.058794021606445,27.891159057617188,21.787437438964844,18.18803596496582,,57.382362365722656,,6.435121
2029,Iceland,,,,,,,,,,,,11.030197143554688,,12735.759765625,6.7249650955200195,-0.5499892234802246,2.1411423683166504,2.745338201522827,-6.268874645233154,22.04461097717285,28.83306312561035,12.486571311950684,,42.9875373840332,,5.968129
2030,Iceland,,,,,,,,,,,,1.1454367637634277,,16779.64453125,5.450098037719727,9.559005737304688,13.83276653289795,3.686469793319702,3.0288243293762207,31.742351531982422,19.67485237121582,18.139699935913086,,54.41970443725586,,6.3280945
2025,India,,,,,,,,,,,,30.12619400024414,,3876.170654296875,7.986211776733398,2.6609437465667725,1.7149235010147095,3.4553894996643066,-4.6084065437316895,25.13796615600586,23.91535758972168,15.256568908691406,,49.5411491394043,,5.356536
2026,India,,,,,,,,,,,,1.8755311965942383,,10764.4052734375,9.817190170288086,6.747294902801514,15.950116157531738,3.8392112255096436,-8.737607955932617,25.903696060180664,22.579084396362305,17.835529327392578,,55.856231689453125,,5.837803
2027,India,,,,,,,,,,,,11.008342742919922,,5988.79931640625,8.754981994628906,-0.5009185075759888,2.3106119632720947,2.471252918243408,-5.829675674438477,24.629758834838867,26.30963897705078,14.81656265258789,,49.780845642089844,,5.577731
2028,India,,,,,,,,,,,,1.8292862176895142,,10626.3154296875,8.822244644165039,9.54625415802002,13.791464805603027,3.7242538928985596,-1.559976577758789,30.828020095825195,23.108243942260742,17.394519805908203,,60.424537658691406,,6.448981
2029,India,,,,,,,,,,,,10.592860221862793,,11453.880859375,8.65417194366455,3.0220253467559814,1.9546905755996704,2.7576379776000977,-5.809685230255127,26.03639030456543,29.29008674621582,12.935336112976074,,47.23394775390625,,6.0726566
2030,India,,,,,,,,,,,,1.9259517192840576,,14160.7509765625,6.393895626068115,10.099527359008789,9.202957153320312,3.226844310760498,-0.36249515414237976,32.39087677001953,22.950332641601562,18.16335678100586,,41.070457458496094,,6.093856
2025,Indonesia,,,,,,,,,,,,30.12619400024414,,3596.83203125,6.680135726928711,4.370639324188232,0.5832337737083435,5.008167743682861,-0.645168662071228,25.133634567260742,23.88641357421875,15.38651180267334,,50.15950012207031,,5.377621
2026,Indonesia,,,,,,,,,,,,1.2835420370101929,,10469.173828125,9.066315650939941,7.732107162475586,15.619720458984375,3.865624189376831,-9.366655349731445,22.91958999633789,23.00874137878418,17.64483642578125,,53.034507751464844,,5.9789467
2027,Indonesia,,,,,,,,,,,,10.940882682800293,,3732.46044921875,8.760794639587402,0.6668720245361328,1.910718321800232,3.568953514099121,-4.263125419616699,24.24554443359375,24.651103973388672,14.9493989944458,,50.01796340942383,,5.2210336
2028,Indonesia,,,,,,,,,,,,1.6845036745071411,,10799.51953125,9.174188613891602,9.510590553283691,12.493781089782715,4.158377647399902,-5.592026710510254,27.912839889526367,22.707035064697266,17.956605911254883,,59.22578811645508,,6.3801594
2029,Indonesia,,,,,,,,,,,,8.73254108428955,,6440.80224609375,6.8123931884765625,4.504202842712402,2.2131683826446533,3.3570773601531982,-5.972998142242432,24.144920349121094,27.582433700561523,13.842976570129395,,47.582637786865234,,5.5067053
2030,Indonesia,,,,,,,,,,,,2.161304235458374,,9572.388671875,8.364892959594727,10.75843620300293,8.768425941467285,3.5833494663238525,-1.966521978378296,28.69535255432129,23.041501998901367,17.73467254638672,,46.243370056152344,,6.3267207
2025,Iran,,,,,,,,,,,,87.87818908691406,,5843.6103515625,6.680135726928711,5.0966949462890625,3.28769850730896,4.103460311889648,-3.2111682891845703,25.389446258544922,23.98735809326172,15.30785083770752,,52.475189208984375,,5.9637337
2026,Iran,,,,,,,,,,,,2.571767807006836,,8212.3359375,8.574870109558105,-0.4093358516693115,38.40316390991211,1.8646572828292847,-7.590139389038086,23.733226776123047,23.055814743041992,17.32553482055664,,49.958740234375,,5.6264663
2027,Iran,,,,,,,,,,,,16.812068939208984,,10500.7880859375,9.799071311950684,-7.216119289398193,5.960183620452881,0.1937149614095688,-3.6985721588134766,26.769197463989258,25.524362564086914,14.501320838928223,,52.29734802246094,,6.0385494
2028,Iran,,,,,,,,,,,,2.6241543292999268,,6530.7177734375,7.997114658355713,7.237059116363525,28.495134353637695,4.535798072814941,-0.9467524886131287,28.7393798828125,24.030664443969727,16.149303436279297,,45.95735168457031,,5.72101
2029,Iran,,,,,,,,,,,,15.854211807250977,,9774.2509765625,11.778867721557617,-9.33431625366211,2.589536428451538,1.517474889755249,-6.330621719360352,25.561100006103516,28.938156127929688,13.71835994720459,,42.0717658996582,,5.4549727
2030,Iran,,,,,,,,,,,,0.990453839302063,,10228.45703125,7.504870891571045,13.097585678100586,30.83250617980957,3.35658860206604,0.34275633096694946,32.547019958496094,23.731313705444336,18.06865119934082,,55.21954345703125,,6.084456
2025,Iraq,,,,,,,,,,,,80.51298522949219,,4047.41943359375,6.680135726928711,1.8167994022369385,3.049875020980835,2.2573001384735107,-3.4038381576538086,25.27105140686035,23.84300422668457,15.282455444335938,,52.37163162231445,,5.705991
2026,Iraq,,,,,,,,,,,,2.3303065299987793,,15096.6142578125,9.26471996307373,0.8894885182380676,25.540523529052734,1.8968299627304077,-8.600920677185059,24.155412673950195,22.480735778808594,17.59719467163086,,54.12528991699219,,5.9760437
2027,Iraq,,,,,,,,,,,,12.700406074523926,,9635.8349609375,9.280878067016602,-6.592236042022705,4.08593225479126,2.211519479751587,-3.4184939861297607,25.72537612915039,25.672298431396484,13.846521377563477,,54.18659210205078,,5.9510164
2028,Iraq,,,,,,,,,,,,1.2115329504013062,,9778.45703125,7.659587383270264,10.083550453186035,23.725067138671875,2.5943567752838135,-0.045643143355846405,28.49628448486328,23.467758178710938,16.490890502929688,,55.06117630004883,,6.290649
2029,Iraq,,,,,,,,,,,,14.281846046447754,,14684.1748046875,7.952611446380615,-9.386627197265625,1.8499504327774048,1.5869685411453247,-4.342715740203857,25.517526626586914,28.102622985839844,12.10155963897705,,42.65930938720703,,6.184736
2030,Iraq,,,,,,,,,,,,-1.1125396490097046,,18722.470703125,7.985307216644287,8.940942764282227,29.69169044494629,3.5266835689544678,2.0091922283172607,32.232879638671875,21.640850067138672,17.004770278930664,,59.7086296081543,,6.381856
2025,Ireland,,,,,,,,,,,,31.441808700561523,,7846.58935546875,7.315394878387451,0.21225281059741974,-0.048654139041900635,3.2249488830566406,-4.619643688201904,25.116661071777344,24.004112243652344,15.036676406860352,,53.36308288574219,,5.7330203
2026,Ireland,,,,,,,,,,,,0.9403489232063293,,18396.162109375,9.503918647766113,6.82183313369751,15.978068351745605,2.479201316833496,-6.256058216094971,25.478153228759766,23.06452178955078,16.582117080688477,,50.1640625,,6.0496383
2027,Ireland,,,,,,,,,,,,10.49016284942627,,2066.218017578125,6.178705215454102,-1.5741146802902222,1.4335256814956665,2.144369125366211,-3.232538938522339,28.210773468017578,25.823593139648438,14.630216598510742,,52.388912200927734,,5.1611767
2028,Ireland,,,,,,,,,,,,1.216905951499939,,16778.3359375,8.430872917175293,9.349763870239258,14.143978118896484,3.564568281173706,-3.404547929763794,27.644670486450195,24.278644561767578,16.600128173828125,,58.01422882080078,,6.580534
2029,Ireland,,,,,,,,,,,,10.031844139099121,,10043.6279296875,4.734269618988037,-0.5608515739440918,1.388252854347229,3.0267183780670166,-4.070358753204346,27.341489791870117,27.77983856201172,13.957138061523438,,48.74118423461914,,6.2317243
2030,Ireland,,,,,,,,,,,,0.8995227813720703,,14703.181640625,7.079039096832275,9.585657119750977,11.995780944824219,3.4563205242156982,1.0819742679595947,30.712717056274414,25.23641014099121,15.349587440490723,,47.684776306152344,,6.1561193
2025,Israel,,,,,,,,,,,,30.12619400024414,,6226.1318359375,7.6667094230651855,1.6901941299438477,-0.5591063499450684,3.2033615112304688,-3.6756961345672607,25.144195556640625,23.963090896606445,15.296592712402344,,49.49420166015625,,5.768374
2026,Israel,,,,,,,,,,,,1.17838454246521,,16871.12109375,9.327704429626465,7.361036777496338,15.451464653015137,2.406456232070923,-8.32181167602539,24.909149169921875,23.18604850769043,16.97817611694336,,50.202362060546875,,6.1490946
2027,Israel,,,,,,,,,,,,10.308317184448242,,1638.85302734375,7.065090179443359,-0.6631478071212769,1.411874771118164,2.8592722415924072,-3.5311360359191895,26.815763473510742,25.595951080322266,14.627760887145996,,52.68062973022461,,4.713721
2028,Israel,,,,,,,,,,,,1.2367303371429443,,19098.525390625,7.118936061859131,9.919099807739258,13.121676445007324,3.8084871768951416,-4.113065242767334,27.53780174255371,22.78449249267578,18.03617286682129,,56.84497833251953,,6.4998956
2029,Israel,,,,,,,,,,,,8.43490219116211,,12774.544921875,4.960351943969727,-0.0500926598906517,1.2335469722747803,3.3918564319610596,-3.7985281944274902,23.107145309448242,27.193470001220703,13.883549690246582,,44.87462615966797,,6.1441035
2030,Israel,,,,,,,,,,,,0.8901987671852112,,13678.58203125,6.916825294494629,8.954388618469238,10.871912956237793,4.2128376960754395,0.1320105642080307,28.60008430480957,23.634456634521484,16.65325355529785,,48.08405685424805,,6.397134
2025,Italy,,,,,,,,,,,,87.87818908691406,,11484.5595703125,7.2183756828308105,0.6839591860771179,0.29405665397644043,2.672041416168213,-4.184971809387207,25.18987274169922,24.058988571166992,15.430148124694824,,53.08644485473633,,6.2959666
2026,Italy,,,,,,,,,,,,0.8499681353569031,,17995.09765625,7.189009666442871,-1.7318165302276611,38.95954895019531,2.1688523292541504,-5.14744758605957,26.188007354736328,23.01566505432129,16.243297576904297,,51.658416748046875,,6.1435385
2027,Italy,,,,,,,,,,,,17.778942108154297,,17793.068359375,6.1548848152160645,-10.33996295928955,5.408398151397705,0.7636777758598328,-0.8369781970977783,24.76835060119629,26.353899002075195,13.964950561523438,,45.5030403137207,,6.411978
2028,Italy,,,,,,,,,,,,0.47660383582115173,,11464.8408203125,8.245534896850586,6.99702787399292,30.745895385742188,3.826399326324463,0.8749274015426636,29.386367797851562,23.96927833557129,16.007131576538086,,46.566078186035156,,5.9145284
2029,Italy,,,,,,,,,,,,15.9773530960083,,11086.9951171875,8.730761528015137,-12.632379531860352,1.6357365846633911,1.9374788999557495,-3.8755266666412354,26.50577735900879,29.0252742767334,12.447799682617188,,43.00550079345703,,6.0011783
2030,Italy,,,,,,,,,,,,-1.6936018466949463,,19197.791015625,6.472018718719482,10.095037460327148,32.930301666259766,2.8704349994659424,0.6185250878334045,31.97835922241211,21.864675521850586,17.855363845825195,,54.972042083740234,,6.333973
2025,Jamaica,,,,,,,,,,,,28.120859146118164,,5073.337890625,7.33828592300415,3.314425468444824,3.5246214866638184,2.9255073070526123,-5.31845235824585,25.015979766845703,24.49159812927246,15.256568908691406,,49.44890213012695,,5.442219
2026,Jamaica,,,,,,,,,,,,2.636420965194702,,12154.5380859375,9.12299633026123,6.277388572692871,15.264124870300293,3.4714958667755127,-7.93414306640625,25.712970733642578,22.952228546142578,17.7150936126709,,51.71535873413086,,6.016568
2027,Jamaica,,,,,,,,,,,,10.210165023803711,,3303.126220703125,7.661804676055908,0.6592417359352112,2.744755268096924,3.437357187271118,-5.395135402679443,24.721391677856445,26.439510345458984,15.287527084350586,,50.00968933105469,,5.114311
2028,Jamaica,,,,,,,,,,,,2.2615833282470703,,10672.2265625,6.876323223114014,9.392508506774902,11.463330268859863,4.226888179779053,-4.368358612060547,29.13045310974121,22.02124786376953,18.1948299407959,,48.840633392333984,,6.417921
2029,Jamaica,,,,,,,,,,,,8.386859893798828,,10968.51171875,9.65958023071289,0.0017596399411559105,2.3860318660736084,3.178623914718628,-5.4241414070129395,22.29195785522461,27.95368194580078,13.95363998413086,,41.19923400878906,,5.8322043
2030,Jamaica,,,,,,,,,,,,1.7958078384399414,,10658.78125,4.065210342407227,9.885854721069336,11.033656120300293,4.4641289710998535,-1.1998932361602783,29.92801284790039,21.818347930908203,17.403749465942383,,48.77831268310547,,6.465901
2025,Japan,,,,,,,,,,,,30.06559944152832,,6413.05859375,7.577159404754639,0.2309482842683792,-0.6333351135253906,3.1451821327209473,-2.5795671939849854,25.096609115600586,23.648008346557617,14.96013355255127,,49.77545166015625,,5.797551
2026,Japan,,,,,,,,,,,,0.9868692755699158,,17707.478515625,10.059065818786621,7.397854804992676,16.543169021606445,2.8982298374176025,-6.969817638397217,24.71149253845215,23.42879867553711,16.592681884765625,,55.40837097167969,,6.1490293
2027,Japan,,,,,,,,,,,,10.5513916015625,,3350.257568359375,5.6492743492126465,-1.190022587776184,1.5494657754898071,2.1608331203460693,-2.8150084018707275,28.050048828125,25.022193908691406,14.3595552444458,,50.90370178222656,,5.481637
2028,Japan,,,,,,,,,,,,1.2570185661315918,,16890.060546875,8.81717586517334,9.846675872802734,13.477241516113281,3.3648245334625244,-3.725841522216797,27.55992317199707,24.90951919555664,16.08582305908203,,57.00921630859375,,6.510728
2029,Japan,,,,,,,,,,,,10.2901611328125,,9655.5458984375,4.531124591827393,0.7737800478935242,1.4498249292373657,3.1352386474609375,-3.3227651119232178,27.3321590423584,26.996374130249023,14.374484062194824,,48.81536102294922,,6.2306557
2030,Japan,,,,,,,,,,,,1.2996597290039062,,11391.8916015625,7.916578769683838,8.276999473571777,10.178768157958984,3.530757427215576,0.09541381895542145,29.680294036865234,25.394330978393555,15.34616470336914,,40.89850616455078,,6.0378647
2025,Jordan,,,,,,,,,,,,79.28684997558594,,2998.283935546875,6.680135726928711,1.6521642208099365,2.0916285514831543,2.270951986312866,-3.312610626220703,25.039817810058594,23.89188575744629,15.26880931854248,,52.356624603271484,,5.6148252
2026,Jordan,,,,,,,,,,,,2.243537187576294,,15399.7421875,8.327409744262695,1.220509648323059,26.094411849975586,2.2314116954803467,-8.44107437133789,24.328365325927734,21.658206939697266,17.90350341796875,,53.85763168334961,,6.0528436
2027,Jordan,,,,,,,,,,,,13.380184173583984,,16570.58203125,7.638101577758789,-6.914548873901367,3.5078206062316895,2.0323596000671387,-3.325331449508667,25.360132217407227,25.703441619873047,13.515484809875488,,53.09503173828125,,6.350464
2028,Jordan,,,,,,,,,,,,-0.674639105796814,,19404.24609375,7.115783214569092,8.577959060668945,24.368366241455078,2.8898489475250244,1.72127103805542,27.708511352539062,23.11221694946289,16.32000160217285,,53.04822540283203,,6.3804374
2029,Jordan,,,,,,,,,,,,12.85456657409668,,12562.4658203125,7.384878158569336,-11.446267127990723,0.4950961470603943,1.8576585054397583,-2.731797456741333,25.469083786010742,28.31589126586914,10.007346153259277,,44.046409606933594,,6.178203
2030,Jordan,,,,,,,,,,,,-2.6882591247558594,,23108.3671875,7.192323207855225,10.565755844116211,32.23292922973633,2.9684805870056152,3.3505399227142334,31.495641708374023,20.68326187133789,16.98236083984375,,59.9261474609375,,6.3555083
2025,Kazakhstan,,,,,,,,,,,,28.565458297729492,,5513.76025390625,7.986211776733398,3.013906717300415,1.7750564813613892,3.158182382583618,-5.1964216232299805,25.023414611816406,24.366649627685547,15.256568908691406,,49.44890213012695,,5.6321645
2026,Kazakhstan,,,,,,,,,,,,1.8933769464492798,,10000.2021484375,8.899309158325195,6.431347370147705,15.255645751953125,3.732527494430542,-7.488469123840332,26.101903915405273,23.018945693969727,17.678251266479492,,56.27033233642578,,5.938357
2027,Kazakhstan,,,,,,,,,,,,10.855340957641602,,7827.931640625,7.316583633422852,1.089233160018921,2.3106119632720947,3.4203622341156006,-5.847696781158447,24.519947052001953,26.36650848388672,14.891776084899902,,45.710994720458984,,5.54393
2028,Kazakhstan,,,,,,,,,,,,2.0350396633148193,,11746.021484375,8.281476974487305,9.003170013427734,11.76108455657959,3.7320713996887207,-2.7713093757629395,30.081613540649414,23.073259353637695,17.06685447692871,,44.39595031738281,,6.452891
2029,Kazakhstan,,,,,,,,,,,,7.974595069885254,,10832.8330078125,8.728838920593262,0.08378671854734421,2.240889072418213,3.0412774085998535,-5.49819803237915,26.04343032836914,28.37110710144043,14.050862312316895,,48.17195510864258,,6.0719953
2030,Kazakhstan,,,,,,,,,,,,1.6866406202316284,,12913.7216796875,6.02549934387207,9.613775253295898,10.946825981140137,3.693850517272949,-0.5574338436126709,31.439485549926758,23.778310775756836,18.178150177001953,,48.453773498535156,,6.348641
2025,Kenya,,,,,,,,,,,,14.311809539794922,,6360.2861328125,7.862894535064697,3.1628050804138184,1.050736427307129,2.8137543201446533,-4.994547367095947,25.063419342041016,24.350574493408203,15.293733596801758,,49.44890213012695,,5.6618533
2026,Kenya,,,,,,,,,,,,1.3066459894180298,,12229.16015625,9.622325897216797,9.44242000579834,14.065716743469238,2.917855739593506,-6.413442134857178,28.226058959960938,22.908721923828125,17.0623779296875,,46.75771713256836,,6.3027825
2027,Kenya,,,,,,,,,,,,10.602577209472656,,3587.61962890625,7.104026794433594,0.026727808639407158,1.8784136772155762,3.373723268508911,-5.467584609985352,25.472360610961914,27.74030303955078,14.22672176361084,,47.81444549560547,,5.0054545
2028,Kenya,,,,,,,,,,,,1.6572797298431396,,12541.6826171875,8.685633659362793,10.657134056091309,11.498441696166992,4.063086032867432,-3.206372022628784,29.602970123291016,23.02414894104004,18.239330291748047,,55.000572204589844,,6.5385375
2029,Kenya,,,,,,,,,,,,8.083869934082031,,11818.1171875,8.938926696777344,0.0732000544667244,2.1162259578704834,3.000912666320801,-5.591454982757568,24.101581573486328,28.79092025756836,14.241384506225586,,51.79499435424805,,5.9713345
2030,Kenya,,,,,,,,,,,,1.407580018043518,,9483.130859375,5.9171223640441895,9.756905555725098,10.92912769317627,3.776721239089966,0.5806754231452942,32.18431091308594,23.058605194091797,17.958511352539062,,49.84611511230469,,6.0618563
2025,Kosovo,,,,,,,,,,,,79.52009582519531,,7417.66162109375,7.147250652313232,-0.4440751075744629,-0.08376146852970123,2.836254119873047,-5.9334588050842285,24.764604568481445,23.678020477294922,15.01613998413086,,52.12009811401367,,5.9197936
2026,Kosovo,,,,,,,,,,,,0.899334192276001,,15445.1572265625,9.178297996520996,-0.2308972030878067,26.53584861755371,0.41927483677864075,-5.7657647132873535,24.845605850219727,23.10135841369629,16.433134078979492,,57.18679428100586,,6.065952
2027,Kosovo,,,,,,,,,,,,13.630014419555664,,9315.4375,7.682477951049805,-7.3342156410217285,3.6953654289245605,2.0815718173980713,-1.8515840768814087,27.571556091308594,25.287012100219727,13.74833869934082,,52.537410736083984,,6.0687804
2028,Kosovo,,,,,,,,,,,,-0.22986984252929688,,12561.810546875,8.579373359680176,11.24998664855957,28.693458557128906,2.6559369564056396,0.7246382832527161,27.565656661987305,25.964414596557617,14.449256896972656,,46.50008010864258,,6.3623624
2029,Kosovo,,,,,,,,,,,,15.634117126464844,,12072.90625,10.386197090148926,-10.34583568572998,1.6059973239898682,2.193303108215332,-2.388511896133423,29.594268798828125,27.72881317138672,11.00864028930664,,53.44059371948242,,5.8341656
2030,Kosovo,,,,,,,,,,,,-1.9797089099884033,,21603.185546875,11.405683517456055,10.163163185119629,32.30684280395508,2.0485668182373047,3.1210532188415527,32.308738708496094,22.931921005249023,15.13565444946289,,55.44404602050781,,5.9586043
2025,Kuwait,,,,,,,,,,,,30.422313690185547,,6242.47802734375,7.622411727905273,-0.9928336143493652,-1.7390389442443848,3.1278529167175293,-3.2334110736846924,25.096609115600586,23.621078491210938,15.019245147705078,,48.17947769165039,,5.8230295
2026,Kuwait,,,,,,,,,,,,0.5408318638801575,,18027.951171875,9.85445499420166,8.48814582824707,17.58297348022461,3.057051658630371,-5.9504170417785645,24.78310775756836,23.500852584838867,14.049760818481445,,61.430633544921875,,6.705821
2027,Kuwait,,,,,,,,,,,,10.534998893737793,,5387.6044921875,5.859182834625244,1.7879923582077026,1.173089861869812,2.1053972244262695,-1.9188055992126465,27.99138069152832,24.311492919921875,13.501992225646973,,53.33266830444336,,5.857458
2028,Kuwait,,,,,,,,,,,,1.4588638544082642,,23033.583984375,10.826323509216309,10.490035057067871,9.513434410095215,2.410599708557129,-4.065606594085693,26.13820457458496,26.5580997467041,15.34087085723877,,48.373653411865234,,6.1586
2029,Kuwait,,,,,,,,,,,,7.904838562011719,,7279.97705078125,5.2526631355285645,2.5907719135284424,0.8569778203964233,3.7159550189971924,-2.838931083679199,30.816139221191406,23.939388275146484,15.564474105834961,,52.15435791015625,,5.969108
2030,Kuwait,,,,,,,,,,,,1.146440029144287,,15752.8359375,12.812222480773926,8.530984878540039,8.341263771057129,2.44568133354187,-3.169599771499634,24.639720916748047,27.42964744567871,15.53437614440918,,37.748329162597656,,5.5263963
2025,Kyrgyzstan,,,,,,,,,,,,30.12619400024414,,3596.83203125,6.680135726928711,4.370639324188232,0.5832337737083435,5.008167743682861,-0.645168662071228,25.133634567260742,23.88641357421875,15.38651180267334,,50.15950012207031,,5.377621
2026,Kyrgyzstan,,,,,,,,,,,,1.2835420370101929,,10469.173828125,9.066315650939941,7.732107162475586,15.619720458984375,3.865624189376831,-9.366655349731445,22.91958999633789,23.00874137878418,17.64483642578125,,53.034507751464844,,5.9789467
2027,Kyrgyzstan,,,,,,,,,,,,10.940882682800293,,3732.46044921875,8.760794639587402,0.6668720245361328,1.910718321800232,3.568953514099121,-4.263125419616699,24.24554443359375,24.651103973388672,14.9493989944458,,50.01796340942383,,5.2210336
2028,Kyrgyzstan,,,,,,,,,,,,1.6845036745071411,,10799.51953125,9.174188613891602,9.510590553283691,12.493781089782715,4.158377647399902,-5.592026710510254,27.912839889526367,22.707035064697266,17.956605911254883,,59.22578811645508,,6.3801594
2029,Kyrgyzstan,,,,,,,,,,,,8.73254108428955,,6440.80224609375,6.8123931884765625,4.504202842712402,2.2131683826446533,3.3570773601531982,-5.972998142242432,24.144920349121094,27.582433700561523,13.842976570129395,,47.582637786865234,,5.5067053
2030,Kyrgyzstan,,,,,,,,,,,,2.161304235458374,,9572.388671875,8.364892959594727,10.75843620300293,8.768425941467285,3.5833494663238525,-1.966521978378296,28.69535255432129,23.041501998901367,17.73467254638672,,46.243370056152344,,6.3267207
2025,Lao PDR,,,,,,,,,,,,31.468294143676758,,1008.1028442382812,7.087978363037109,2.0500197410583496,3.8033251762390137,4.44348669052124,-1.5682835578918457,25.018596649169922,23.56637191772461,14.261927604675293,,47.89737319946289,,4.4860764
2026,Lao PDR,,,,,,,,,,,,3.642754316329956,,9414.8701171875,7.414736270904541,9.467525482177734,16.4156494140625,3.743659734725952,-8.647767066955566,22.49909782409668,22.239656448364258,18.02849006652832,,51.7293701171875,,6.0103583
2027,Lao PDR,,,,,,,,,,,,11.34946346282959,,3367.2119140625,8.754504203796387,-0.08314520865678787,3.0534422397613525,2.264389753341675,-4.694901466369629,22.80976104736328,24.20876693725586,15.344154357910156,,44.48442840576172,,5.0987535
2028,Lao PDR,,,,,,,,,,,,2.1562485694885254,,13954.5126953125,7.409773826599121,9.28941535949707,12.65873908996582,4.325319766998291,-5.499710559844971,28.85738182067871,20.479045867919922,18.053295135498047,,54.34114074707031,,6.4429755
2029,Lao PDR,,,,,,,,,,,,8.215779304504395,,10862.0185546875,8.472256660461426,-1.086324691772461,2.088087320327759,3.496687650680542,-7.185064792633057,21.818227767944336,27.836544036865234,13.268667221069336,,43.42963409423828,,5.9528866
2030,Lao PDR,,,,,,,,,,,,1.033432960510254,,9685.25,4.851354598999023,9.715408325195312,13.763161659240723,3.6809468269348145,0.9674761295318604,29.210561752319336,21.670310974121094,17.744384765625,,57.70308303833008,,6.263051
2025,Latvia,,,,,,,,,,,,87.87818908691406,,11582.8291015625,7.357884407043457,0.6546160578727722,0.24097071588039398,2.672041416168213,-4.184971809387207,25.15996742248535,24.0814266204834,15.34447193145752,,52.17369842529297,,6.29977
2026,Latvia,,,,,,,,,,,,0.8499681353569031,,16421.2734375,7.10584831237793,-1.7318165302276611,39.4559326171875,2.0138981342315674,-5.5489397048950195,26.188007354736328,23.084938049316406,16.149580001831055,,51.658416748046875,,6.068323
2027,Latvia,,,,,,,,,,,,17.3839168548584,,16251.974609375,6.120045185089111,-10.33996295928955,5.672450542449951,0.838476300239563,-1.657996654510498,25.31705665588379,26.183061599731445,14.021024703979492,,46.475215911865234,,6.4032555
2028,Latvia,,,,,,,,,,,,0.8656263947486877,,10333.48046875,8.59825325012207,6.85263204574585,30.450586318969727,3.9995603561401367,0.42700666189193726,29.30177879333496,23.52889060974121,15.891134262084961,,45.064937591552734,,5.893624
2029,Latvia,,,,,,,,,,,,16.326496124267578,,9393.2080078125,8.633097648620605,-10.822369575500488,1.7483153343200684,1.8282111883163452,-3.7994420528411865,25.95871353149414,28.623844146728516,12.477132797241211,,44.185115814208984,,5.895918
2030,Latvia,,,,,,,,,,,,-1.4973448514938354,,19390.232421875,7.269863128662109,11.024286270141602,32.702510833740234,2.794877767562866,0.5575008988380432,32.116661071777344,21.895450592041016,17.776887893676758,,55.72597885131836,,6.327686
2025,Lebanon,,,,,,,,,,,,79.52009582519531,,5078.21142578125,6.680135726928711,3.8066024780273438,1.2934465408325195,4.878684043884277,-4.094208717346191,24.759172439575195,23.510730743408203,15.139891624450684,,50.35478591918945,,5.761957
2026,Lebanon,,,,,,,,,,,,1.657495379447937,,9770.150390625,8.131515502929688,0.785480797290802,24.11546516418457,1.730539321899414,-8.102705001831055,23.17061424255371,23.51803970336914,17.610910415649414,,53.9904899597168,,5.933596
2027,Lebanon,,,,,,,,,,,,13.494439125061035,,15874.2119140625,7.677778720855713,-5.695229530334473,3.840480327606201,2.0975687503814697,-2.218714714050293,26.700023651123047,25.50701141357422,14.362131118774414,,53.04556655883789,,6.302688
2028,Lebanon,,,,,,,,,,,,1.3501332998275757,,13741.40234375,6.6777496337890625,7.702630519866943,22.947858810424805,2.9787003993988037,-0.23818440735340118,27.962726593017578,24.30699920654297,16.174806594848633,,46.21708297729492,,6.198587
2029,Lebanon,,,,,,,,,,,,13.239886283874512,,13803.68359375,7.728382110595703,-10.16628360748291,1.6677404642105103,1.6706562042236328,-3.666637659072876,25.996337890625,28.59425163269043,12.38016414642334,,41.44477081298828,,6.1555367
2030,Lebanon,,,,,,,,,,,,-2.15820050239563,,21756.583984375,7.2245635986328125,9.320128440856934,31.60794448852539,3.252603054046631,2.134568452835083,32.5965576171875,22.036033630371094,17.73722267150879,,55.67791748046875,,6.2631793
2025,Lesotho,,,,,,,,,,,,80.51298522949219,,3899.703125,7.383251190185547,0.4327186048030853,4.301022529602051,2.123523235321045,-6.993351459503174,25.313417434692383,23.879737854003906,15.447870254516602,,50.47620391845703,,5.4907527
2026,Lesotho,,,,,,,,,,,,2.871150493621826,,7112.33935546875,9.288838386535645,-1.6222589015960693,27.388763427734375,1.896937608718872,-7.529390811920166,24.70933723449707,22.64975929260254,17.87748146057129,,54.0674934387207,,5.520363
2027,Lesotho,,,,,,,,,,,,15.659838676452637,,9053.302734375,11.37899112701416,-5.584248065948486,7.120553016662598,2.2274298667907715,-3.2906317710876465,25.06247329711914,26.02756118774414,15.04749584197998,,49.4805793762207,,5.450525
2028,Lesotho,,,,,,,,,,,,5.53702449798584,,4744.9560546875,9.091584205627441,8.454900741577148,24.468791961669922,2.190401077270508,-2.261261463165283,30.21644401550293,23.0929012298584,16.250625610351562,,46.543216705322266,,5.837134
2029,Lesotho,,,,,,,,,,,,13.789125442504883,,5428.59423828125,13.32320499420166,-7.021521091461182,5.6425251960754395,1.305172324180603,-7.280883312225342,26.206974029541016,28.68317413330078,14.05771255493164,,52.73794174194336,,4.8393183
2030,Lesotho,,,,,,,,,,,,2.4177534580230713,,5548.6142578125,9.87381362915039,9.751067161560059,28.243633270263672,3.069401741027832,0.9327163696289062,31.41005516052246,23.728261947631836,19.444019317626953,,54.35051345825195,,5.669889
2025,Liberia,,,,,,,,,,,,30.12619400024414,,3596.83203125,6.680135726928711,4.177024841308594,0.5417464375495911,4.949986934661865,-0.32868075370788574,25.113216400146484,23.88641357421875,15.02237319946289,,50.19303894042969,,5.3968315
2026,Liberia,,,,,,,,,,,,1.2835420370101929,,10739.9169921875,8.993489265441895,7.706661224365234,15.619720458984375,3.856113910675049,-8.84536075592041,22.655414581298828,23.103788375854492,17.602405548095703,,52.71799087524414,,6.0021305
2027,Liberia,,,,,,,,,,,,10.93671703338623,,3732.46044921875,8.625829696655273,0.6701664924621582,1.910718321800232,3.5000832080841064,-4.1226935386657715,25.59703826904297,23.88069725036621,14.98473072052002,,50.33428192138672,,5.4102464
2028,Liberia,,,,,,,,,,,,1.6845036745071411,,11127.3837890625,9.66994571685791,9.423362731933594,12.559525489807129,3.857678174972534,-6.065371513366699,27.690088272094727,23.477283477783203,17.730575561523438,,62.47057342529297,,6.482283
2029,Liberia,,,,,,,,,,,,8.534544944763184,,6166.85009765625,6.542083740234375,3.7122349739074707,2.2244601249694824,3.317080497741699,-5.244133472442627,25.96023941040039,27.52625846862793,13.438101768493652,,47.1327018737793,,5.6582723
2030,Liberia,,,,,,,,,,,,2.0336062908172607,,13923.5927734375,9.186544418334961,10.388175010681152,8.802889823913574,3.147397041320801,-3.1211788654327393,27.263078689575195,23.856252670288086,17.923545837402344,,41.48361587524414,,6.370678
2025,Libya,,,,,,,,,,,,79.44605255126953,,4854.5478515625,7.315394878387451,-2.884835720062256,-1.5975151062011719,1.877451777458191,-5.400956630706787,25.072237014770508,23.986675262451172,15.017168998718262,,54.999366760253906,,5.63563
2026,Libya,,,,,,,,,,,,0.16555079817771912,,22047.869140625,9.442634582519531,2.1256966590881348,30.113265991210938,0.7290987968444824,-7.0698065757751465,24.958749771118164,23.4499568939209,14.922026634216309,,66.5978775024414,,6.4520655
2027,Libya,,,,,,,,,,,,15.330491065979004,,10507.7578125,7.104259967803955,-4.982350826263428,1.676139235496521,2.122661828994751,-1.7044519186019897,28.655309677124023,24.37671661376953,12.206658363342285,,52.7332763671875,,6.1808186
2028,Libya,,,,,,,,,,,,0.38386592268943787,,22892.498046875,10.105576515197754,9.580920219421387,24.035608291625977,1.7906917333602905,-0.8057399988174438,27.077354431152344,23.807109832763672,14.369580268859863,,51.33831024169922,,6.504371
2029,Libya,,,,,,,,,,,,12.875799179077148,,8144.32080078125,4.993754863739014,-9.963395118713379,0.4816187024116516,1.8252736330032349,-1.9601600170135498,27.859643936157227,26.888715744018555,11.149163246154785,,53.98568344116211,,5.761713
2030,Libya,,,,,,,,,,,,-2.910733938217163,,26441.623046875,11.038429260253906,10.777191162109375,30.923219680786133,2.4060916900634766,2.000516414642334,28.96981430053711,24.309152603149414,14.54507064819336,,50.308265686035156,,6.2062697
2025,Lithuania,,,,,,,,,,,,87.87818908691406,,12398.0166015625,7.203429698944092,-0.03946550935506821,0.5894985198974609,2.650512456893921,-4.466639518737793,25.32168960571289,24.058988571166992,15.371991157531738,,53.215065002441406,,6.3417435
2026,Lithuania,,,,,,,,,,,,0.5687103271484375,,18028.271484375,7.407732963562012,-1.5770649909973145,39.201995849609375,2.3189992904663086,-5.28789758682251,26.171247482299805,22.941133499145508,16.21556854248047,,51.641475677490234,,6.2112136
2027,Lithuania,,,,,,,,,,,,17.778942108154297,,18297.810546875,6.252488613128662,-10.025188446044922,5.3054118156433105,0.8798354864120483,-0.8369781970977783,24.827987670898438,26.38779640197754,13.967216491699219,,45.44546890258789,,6.40918
2028,Lithuania,,,,,,,,,,,,0.18232016265392303,,11464.8408203125,8.119356155395508,7.113258361816406,30.745895385742188,3.826399326324463,0.8261629343032837,29.374652862548828,23.866737365722656,15.956697463989258,,46.600616455078125,,6.0196795
2029,Lithuania,,,,,,,,,,,,15.9773530960083,,10670.92578125,8.747538566589355,-12.590421676635742,1.403443455696106,1.9221543073654175,-4.022405624389648,26.661548614501953,28.99334716796875,11.825045585632324,,45.452449798583984,,5.9517655
2030,Lithuania,,,,,,,,,,,,-1.8586242198944092,,20514.7421875,7.268839359283447,10.22506046295166,33.015357971191406,2.8469173908233643,1.2285655736923218,32.194313049316406,21.416284561157227,17.759408950805664,,54.985748291015625,,6.308072
2025,Luxembourg,,,,,,,,,,,,102.86869812011719,,10534.3671875,7.287156105041504,0.791388988494873,0.23481203615665436,2.62801456451416,-4.739734649658203,25.19243049621582,24.211885452270508,15.074530601501465,,53.24980163574219,,6.214589
2026,Luxembourg,,,,,,,,,,,,0.9043617248535156,,19037.626953125,7.255697727203369,-1.6184654235839844,39.37644958496094,2.1430258750915527,-4.870326042175293,26.80691909790039,23.003501892089844,16.13786506652832,,47.866737365722656,,6.1510053
2027,Luxembourg,,,,,,,,,,,,17.524497985839844,,15666.951171875,6.0624895095825195,-10.710776329040527,5.4035844802856445,0.6212970018386841,-0.5238233804702759,24.81339454650879,26.97056770324707,13.795024871826172,,46.460899353027344,,6.4554696
2028,Luxembourg,,,,,,,,,,,,0.47660383582115173,,11176.0654296875,7.623153209686279,6.969956874847412,30.43416976928711,3.828003406524658,0.799528181552887,29.274444580078125,23.81601905822754,15.931312561035156,,46.103187561035156,,5.9214177
2029,Luxembourg,,,,,,,,,,,,15.781403541564941,,11939.4453125,8.693628311157227,-10.972816467285156,1.6877670288085938,1.8690627813339233,-3.706711530685425,24.833209991455078,28.592864990234375,12.488190650939941,,39.00294494628906,,5.9528894
2030,Luxembourg,,,,,,,,,,,,-1.7150118350982666,,16813.408203125,5.2636260986328125,10.152761459350586,32.70099639892578,2.8203577995300293,1.6131104230880737,32.168434143066406,21.54314422607422,17.757795333862305,,63.52793502807617,,6.371633
2025,Madagascar,,,,,,,,,,,,30.12619400024414,,3596.83203125,6.680135726928711,4.177024841308594,0.5417464375495911,4.949986934661865,-0.6325362920761108,25.113216400146484,23.88641357421875,15.059362411499023,,50.38853454589844,,5.34766
2026,Madagascar,,,,,,,,,,,,1.2835420370101929,,10739.9169921875,9.149613380432129,7.615449905395508,15.619720458984375,3.856113910675049,-8.84536075592041,22.675376892089844,23.00874137878418,17.65646743774414,,52.71799087524414,,5.9600425
2027,Madagascar,,,,,,,,,,,,10.93671703338623,,3384.76123046875,8.625829696655273,0.5333350896835327,1.910718321800232,3.5275821685791016,-4.221853256225586,24.233070373535156,23.88069725036621,15.028454780578613,,50.18687057495117,,5.1948037
2028,Madagascar,,,,,,,,,,,,1.6845036745071411,,10956.8134765625,7.938201904296875,9.57496166229248,12.74194622039795,4.132420063018799,-5.452510833740234,27.690088272094727,22.020103454589844,17.870323181152344,,61.420658111572266,,6.4315033
2029,Madagascar,,,,,,,,,,,,8.534544944763184,,9763.796875,6.749980926513672,3.2043774127960205,2.1705594062805176,3.3293983936309814,-5.8458638191223145,24.497976303100586,27.600500106811523,13.239201545715332,,43.02460861206055,,5.915576
2030,Madagascar,,,,,,,,,,,,2.1089043617248535,,10602.3447265625,5.368404865264893,10.156987190246582,9.163344383239746,3.518831491470337,-1.9180318117141724,28.366924285888672,23.112415313720703,17.312705993652344,,42.609962463378906,,6.401077
2025,Malawi,,,,,,,,,,,,29.04882049560547,,5237.23095703125,7.603953838348389,2.480062961578369,3.926973581314087,4.1348066329956055,-4.222466945648193,24.845129013061523,24.4720458984375,15.2770414352417,,49.56853485107422,,5.6472845
2026,Malawi,,,,,,,,,,,,3.2245497703552246,,7321.7119140625,8.677316665649414,5.350492000579834,15.209129333496094,3.421009063720703,-7.880199432373047,25.159643173217773,23.10167121887207,17.631572723388672,,52.096221923828125,,5.5655355
2027,Malawi,,,,,,,,,,,,10.857064247131348,,3359.93310546875,11.615072250366211,1.7126541137695312,3.0637505054473877,3.6590588092803955,-5.868035793304443,25.45232582092285,25.85393524169922,15.610453605651855,,47.34042739868164,,4.6207995
2028,Malawi,,,,,,,,,,,,2.5616416931152344,,7951.79248046875,6.461371421813965,10.338033676147461,12.26159954071045,4.0302276611328125,-6.284078121185303,28.779335021972656,23.141271591186523,18.464643478393555,,53.242332458496094,,5.855626
2029,Malawi,,,,,,,,,,,,8.905550956726074,,8968.306640625,12.896431922912598,1.5267508029937744,2.51328444480896,3.1602160930633545,-7.113361358642578,23.756677627563477,27.897502899169922,14.675622940063477,,40.720481872558594,,5.294473
2030,Malawi,,,,,,,,,,,,1.9425241947174072,,8652.51171875,5.255064010620117,9.428972244262695,10.212946891784668,3.5013835430145264,-3.551482677459717,30.25060272216797,23.037166595458984,17.845081329345703,,48.18556594848633,,6.1815767
2025,Malaysia,,,,,,,,,,,,30.12619400024414,,7242.6201171875,7.147250652313232,0.011846588924527168,-0.7018587589263916,3.2533912658691406,-3.1595520973205566,25.089736938476562,24.004112243652344,15.096396446228027,,52.59731674194336,,5.7114544
2026,Malaysia,,,,,,,,,,,,0.9216727614402771,,17397.05078125,10.446486473083496,7.3034749031066895,16.35264778137207,3.0843026638031006,-6.6630659103393555,24.680482864379883,23.371986389160156,16.603355407714844,,49.57805252075195,,5.8354287
2027,Malaysia,,,,,,,,,,,,10.493976593017578,,833.91162109375,5.704041004180908,-1.0632115602493286,1.4954661130905151,2.179183006286621,-2.5296223163604736,27.50046157836914,25.223468780517578,14.48892593383789,,50.6428108215332,,4.2686377
2028,Malaysia,,,,,,,,,,,,1.1014025211334229,,17299.671875,6.9769697189331055,10.97492504119873,14.375173568725586,3.6369359493255615,-5.667128086090088,26.91107177734375,23.51305389404297,17.199108123779297,,57.11500549316406,,6.493734
2029,Malaysia,,,,,,,,,,,,10.57411003112793,,9232.0869140625,5.064818859100342,-0.07970155775547028,1.0041979551315308,3.347421884536743,-2.603074789047241,24.896509170532227,27.138975143432617,13.959014892578125,,46.751197814941406,,6.136715
2030,Malaysia,,,,,,,,,,,,1.0535131692886353,,13066.203125,9.115160942077637,10.260330200195312,10.703695297241211,3.5101370811462402,0.0546799972653389,29.70522117614746,23.868938446044922,16.366750717163086,,46.522804260253906,,6.277393
2025,Maldives,,,,,,,,,,,,-2.013028383255005,,7269.2421875,22.195703506469727,9.339223861694336,4.459780693054199,-0.0005730033735744655,-15.951669692993164,26.197174072265625,31.870460510253906,15.614323616027832,,50.62638854980469,,4.9613523
2026,Maldives,,,,,,,,,,,,4.411370754241943,,-900.9337158203125,9.83883285522461,4.932729721069336,0.19352345168590546,0.5356537103652954,-2.46582293510437,34.610294342041016,22.28118133544922,22.769134521484375,,55.332340240478516,,4.136056
2027,Maldives,,,,,,,,,,,,3.0973925590515137,,20963.7109375,17.209890365600586,20.517606735229492,4.322962284088135,2.1946663856506348,-20.75438117980957,29.415449142456055,29.953195571899414,17.5159969329834,,55.67444610595703,,5.620501
2028,Maldives,,,,,,,,,,,,3.2315945625305176,,3544.0361328125,7.6184587478637695,3.4518494606018066,-6.122459411621094,1.6739749908447266,-3.082284927368164,32.64485168457031,27.067832946777344,18.1180362701416,,65.96488189697266,,5.4027915
2029,Maldives,,,,,,,,,,,,1.5530937910079956,,30820.75390625,18.1312255859375,15.349991798400879,3.666194200515747,2.257758617401123,-5.464086532592773,26.488683700561523,29.401594161987305,15.008308410644531,,53.59998321533203,,6.395823
2030,Maldives,,,,,,,,,,,,3.2479522228240967,,7965.9970703125,3.7922329902648926,4.271693706512451,-2.7634453773498535,2.6014695167541504,-1.8073153495788574,33.812076568603516,23.738513946533203,19.12222671508789,,71.36878204345703,,5.840007
2025,Mali,,,,,,,,,,,,30.12619400024414,,6482.54296875,7.6667094230651855,2.1360762119293213,-0.6493485569953918,3.1451821327209473,-3.549184560775757,25.123777389526367,23.963090896606445,15.058065414428711,,49.49420166015625,,5.687967
2026,Mali,,,,,,,,,,,,1.1878498792648315,,17391.125,9.979676246643066,7.364556312561035,15.21372127532959,2.628791332244873,-7.799520969390869,24.530698776245117,23.051681518554688,16.937419891357422,,49.619728088378906,,6.0786095
2027,Mali,,,,,,,,,,,,10.23071575164795,,1485.874755859375,5.9745402336120605,-0.4634736478328705,1.3227812051773071,3.5725173950195312,-3.228914737701416,27.362510681152344,25.6207275390625,14.525156021118164,,51.71623992919922,,4.652419
2028,Mali,,,,,,,,,,,,1.2117542028427124,,13710.865234375,7.0689616203308105,9.626863479614258,13.05106258392334,3.5732831954956055,-4.191422939300537,26.674379348754883,23.690641403198242,16.9305477142334,,55.85854721069336,,6.5513496
2029,Mali,,,,,,,,,,,,8.091809272766113,,11454.1865234375,5.752029895782471,0.2598361372947693,1.7205637693405151,3.674834728240967,-4.692319393157959,24.63297462463379,26.018766403198242,15.481182098388672,,44.49988555908203,,6.004783
2030,Mali,,,,,,,,,,,,1.5169332027435303,,13191.9111328125,6.633073329925537,7.719181537628174,10.781332969665527,3.644854784011841,-1.7149585485458374,28.74526596069336,23.82201385498047,16.616106033325195,,46.598148345947266,,6.3263664
2025,Malta,,,,,,,,,,,,30.12619400024414,,3596.83203125,6.680135726928711,4.177024841308594,0.5417464375495911,4.949986934661865,-0.32868075370788574,25.086048126220703,23.88641357421875,15.02237319946289,,50.19303894042969,,5.3968315
2026,Malta,,,,,,,,,,,,1.2835420370101929,,10739.9169921875,8.993489265441895,7.706661224365234,15.619720458984375,3.856113910675049,-8.84536075592041,22.655414581298828,23.103788375854492,17.602405548095703,,52.71799087524414,,6.0021305
2027,Malta,,,,,,,,,,,,10.93671703338623,,3732.46044921875,8.625829696655273,0.6701664924621582,1.910718321800232,3.5000832080841064,-4.1226935386657715,25.59703826904297,23.88069725036621,14.98473072052002,,50.33428192138672,,5.4102464
2028,Malta,,,,,,,,,,,,1.6845036745071411,,11127.3837890625,9.66994571685791,9.423362731933594,12.559525489807129,3.857678174972534,-6.065371513366699,27.690088272094727,23.477283477783203,17.730575561523438,,62.47057342529297,,6.482283
2029,Malta,,,,,,,,,,,,8.534544944763184,,6166.85009765625,6.542083740234375,3.7122349739074707,2.2244601249694824,3.317080497741699,-5.244133472442627,25.96023941040039,27.52625846862793,13.438101768493652,,47.1327018737793,,5.6582723
2030,Malta,,,,,,,,,,,,2.0336062908172607,,13923.5927734375,9.186544418334961,10.388175010681152,8.802889823913574,3.147397041320801,-3.1211788654327393,27.263078689575195,23.856252670288086,17.923545837402344,,41.48361587524414,,6.370678
2025,Mauritania,,,,,,,,,,,,86.73924255371094,,5536.39697265625,6.680135726928711,5.4120707511901855,3.1029741764068604,4.175868988037109,-3.376546859741211,25.338064193725586,23.98735809326172,15.298196792602539,,51.31320571899414,,5.9375553
2026,Mauritania,,,,,,,,,,,,2.6090688705444336,,6951.744140625,8.78963565826416,0.6402468085289001,24.465744018554688,1.8031851053237915,-7.7461466789245605,23.637910842895508,23.2180118560791,17.704092025756836,,53.79045104980469,,5.597325
2027,Mauritania,,,,,,,,,,,,13.494439125061035,,12555.66796875,11.365787506103516,-5.0373406410217285,4.6690216064453125,1.8684943914413452,-4.3004150390625,26.149194717407227,25.748720169067383,14.924824714660645,,50.475101470947266,,5.752244
2028,Mauritania,,,,,,,,,,,,2.9730706214904785,,7045.01904296875,7.611062049865723,7.996893405914307,24.580617904663086,3.3359594345092773,-1.2451058626174927,28.995162963867188,23.520357131958008,16.503965377807617,,54.16678237915039,,5.9222093
2029,Mauritania,,,,,,,,,,,,13.648542404174805,,11305.7314453125,13.755904197692871,-8.0360746383667,2.682199001312256,0.9811748266220093,-6.0595173835754395,24.236656188964844,28.410829544067383,13.597847938537598,,38.9108772277832,,5.3416963
2030,Mauritania,,,,,,,,,,,,1.3169808387756348,,7815.00634765625,6.271792411804199,10.044655799865723,26.987300872802734,3.6629137992858887,1.4652981758117676,31.034713745117188,23.279855728149414,18.014183044433594,,57.33363723754883,,5.805015
2025,Mauritius,,,,,,,,,,,,22.75346565246582,,6546.0966796875,7.859255313873291,3.1628050804138184,0.9721622467041016,2.814979076385498,-5.320413112640381,25.063419342041016,24.187314987182617,15.302827835083008,,49.362220764160156,,5.737989
2026,Mauritius,,,,,,,,,,,,1.3066459894180298,,12486.2978515625,9.2205810546875,9.187214851379395,17.39264678955078,3.477036714553833,-7.848742485046387,26.972204208374023,22.861440658569336,17.099822998046875,,45.258235931396484,,6.1857214
2027,Mauritius,,,,,,,,,,,,10.565363883972168,,3740.524658203125,6.47607946395874,-0.8282384276390076,1.9513506889343262,2.2153842449188232,-5.082418441772461,24.737226486206055,27.011829376220703,14.027771949768066,,48.974910736083984,,5.363762
2028,Mauritius,,,,,,,,,,,,1.2112425565719604,,15571.6484375,9.056612014770508,10.293719291687012,13.177177429199219,3.9057908058166504,-2.2816078662872314,29.27845001220703,22.590103149414062,17.930997848510742,,61.28107452392578,,6.546716
2029,Mauritius,,,,,,,,,,,,8.319331169128418,,9588.177734375,7.64400577545166,0.7063533663749695,1.260676622390747,3.359851598739624,-5.498130798339844,24.23348617553711,27.942787170410156,13.411274909973145,,49.53200912475586,,6.027018
2030,Mauritius,,,,,,,,,,,,1.3335992097854614,,13107.7197265625,5.913928508758545,10.428330421447754,10.726834297180176,3.5981335639953613,-0.9933561682701111,28.920564651489258,23.22648811340332,16.73182487487793,,48.5043830871582,,6.4319224
2025,Mexico,,,,,,,,,,,,30.12619400024414,,3449.94970703125,7.986211776733398,2.3675789833068848,1.0079776048660278,3.332146644592285,-3.3282597064971924,25.1179141998291,23.91535758972168,14.9888277053833,,48.975521087646484,,5.2920446
2026,Mexico,,,,,,,,,,,,1.270123839378357,,11981.4951171875,9.436553001403809,7.120712757110596,16.046741485595703,4.161592960357666,-8.4485445022583,25.63344955444336,22.147979736328125,18.077251434326172,,54.91117477416992,,6.002159
2027,Mexico,,,,,,,,,,,,10.420557975769043,,4706.7939453125,7.156540393829346,-0.760151207447052,1.8898444175720215,2.2712881565093994,-5.635634899139404,24.246482849121094,26.28062629699707,14.41350269317627,,50.653663635253906,,5.421789
2028,Mexico,,,,,,,,,,,,1.2112425565719604,,13454.1103515625,9.625201225280762,9.713480949401855,12.634096145629883,3.747588634490967,-2.951660394668579,29.455488204956055,23.11739730834961,17.939586639404297,,61.03890609741211,,6.544035
2029,Mexico,,,,,,,,,,,,8.090136528015137,,9418.591796875,9.060123443603516,1.3992012739181519,1.7652888298034668,3.4060468673706055,-5.852372646331787,25.974937438964844,28.6496524810791,13.46860408782959,,49.05848693847656,,5.9263563
2030,Mexico,,,,,,,,,,,,1.8182154893875122,,13025.3818359375,6.518584251403809,10.948657035827637,10.20988941192627,3.0348637104034424,-1.409629225730896,30.107194900512695,23.656593322753906,18.368181228637695,,42.561031341552734,,6.3513207
2025,Mongolia,,,,,,,,,,,,14.311809539794922,,5950.21923828125,7.330897331237793,4.02894401550293,4.9731292724609375,3.3370399475097656,-5.706234455108643,25.030719757080078,24.39734649658203,15.291704177856445,,49.486331939697266,,5.5877094
2026,Mongolia,,,,,,,,,,,,4.375767707824707,,4406.66064453125,8.913740158081055,7.901029109954834,13.448451042175293,2.94474458694458,-6.032500267028809,26.512155532836914,23.0001163482666,17.31730079650879,,45.92206954956055,,5.711238
2027,Mongolia,,,,,,,,,,,,11.211800575256348,,4031.72265625,10.944198608398438,2.8764116764068604,3.9359898567199707,3.5223984718322754,-8.277847290039062,24.668521881103516,25.488771438598633,16.799123764038086,,52.37725830078125,,4.8753653
2028,Mongolia,,,,,,,,,,,,2.9996070861816406,,1677.4232177734375,8.341801643371582,8.110342025756836,11.250164985656738,3.76961612701416,-6.312571048736572,26.44266128540039,23.941774368286133,18.531084060668945,,53.57530212402344,,4.8584356
2029,Mongolia,,,,,,,,,,,,8.935729026794434,,8064.6044921875,9.781882286071777,3.1215972900390625,3.2767019271850586,4.223747730255127,-7.855827808380127,24.69255256652832,24.39677619934082,17.376298904418945,,50.90601348876953,,5.415216
2030,Mongolia,,,,,,,,,,,,2.233704090118408,,5950.7734375,9.255574226379395,8.564972877502441,8.833890914916992,3.1544106006622314,-4.764096260070801,26.08744239807129,24.328760147094727,17.407075881958008,,46.84699249267578,,5.9606237
2025,Montenegro,,,,,,,,,,,,81.59403991699219,,6339.7021484375,7.714235782623291,-0.1341279000043869,1.396031379699707,1.296789526939392,-6.533484935760498,25.289011001586914,23.9739933013916,15.254372596740723,,50.49854278564453,,5.7827682
2026,Montenegro,,,,,,,,,,,,1.3180233240127563,,12807.0517578125,9.717764854431152,-0.7810922861099243,26.810466766357422,2.1498143672943115,-6.767989635467529,25.37012481689453,23.051454544067383,17.06888198852539,,56.13264846801758,,5.9817395
2027,Montenegro,,,,,,,,,,,,14.639467239379883,,8967.33203125,7.242431640625,-5.921740531921387,5.098518371582031,2.381944417953491,-1.8741347789764404,26.77347183227539,25.903329849243164,13.665074348449707,,52.41193389892578,,6.199777
2028,Montenegro,,,,,,,,,,,,2.673809766769409,,11943.3564453125,8.861532211303711,9.98217487335205,24.56743049621582,2.541954755783081,-1.9961028099060059,29.299623489379883,24.414072036743164,16.12432861328125,,40.90275192260742,,6.2775774
2029,Montenegro,,,,,,,,,,,,13.5001220703125,,9342.0439453125,7.275208950042725,-9.400799751281738,2.562530040740967,1.4292120933532715,-4.849127292633057,27.254638671875,28.092369079589844,13.213062286376953,,45.95735549926758,,6.0309024
2030,Montenegro,,,,,,,,,,,,-0.5389573574066162,,17653.150390625,8.625300407409668,10.919901847839355,30.706926345825195,3.0371317863464355,1.8313113451004028,30.503360748291016,24.82296371459961,15.88797664642334,,48.01240539550781,,6.28832
2025,Morocco,,,,,,,,,,,,87.87818908691406,,9651.8876953125,7.2183756828308105,0.6059910655021667,0.6633394360542297,2.601907253265381,-5.092988014221191,25.37173843383789,24.059709548950195,15.289872169494629,,54.7095947265625,,6.2161984
2026,Morocco,,,,,,,,,,,,0.9403489232063293,,19018.814453125,6.909845352172852,-1.4571291208267212,38.75541305541992,1.7420694828033447,-5.9417853355407715,25.993772506713867,22.945554733276367,16.204641342163086,,50.46179962158203,,6.1187077
2027,Morocco,,,,,,,,,,,,17.459529876708984,,14798.6279296875,6.531344413757324,-9.834272384643555,5.371694087982178,0.9353287220001221,-0.510374903678894,24.525798797607422,26.324874877929688,14.061928749084473,,46.25833511352539,,6.3258667
2028,Morocco,,,,,,,,,,,,1.422998070716858,,10741.2080078125,8.021472930908203,6.584990978240967,29.512039184570312,3.9658710956573486,0.15955576300621033,29.209312438964844,23.57270622253418,16.012409210205078,,46.403587341308594,,5.990001
2029,Morocco,,,,,,,,,,,,15.840544700622559,,10376.9677734375,8.796113014221191,-10.231793403625488,1.8264895677566528,1.8282111883163452,-3.8406903743743896,26.095321655273438,28.721342086791992,12.444952964782715,,43.9193000793457,,5.962665
2030,Morocco,,,,,,,,,,,,-1.5333315134048462,,19668.1484375,6.780396938323975,10.143858909606934,32.702510833740234,2.9187610149383545,0.6351840496063232,32.05923080444336,21.878164291381836,17.812915802001953,,55.524566650390625,,6.354639
2025,Mozambique,,,,,,,,,,,,30.12619400024414,,3519.93359375,6.680135726928711,4.4647955894470215,0.5832337737083435,5.03204870223999,-0.5745458602905273,25.10650062561035,23.88641357421875,15.311925888061523,,50.63103103637695,,5.3509097
2026,Mozambique,,,,,,,,,,,,1.395274043083191,,10617.591796875,8.898890495300293,7.6884613037109375,15.619720458984375,3.865624189376831,-9.442704200744629,22.91958999633789,22.973861694335938,17.75836753845215,,53.03974151611328,,5.971548
2027,Mozambique,,,,,,,,,,,,10.940882682800293,,3876.795166015625,8.879389762878418,0.5083436965942383,1.910718321800232,3.568953514099121,-4.289992332458496,24.24554443359375,24.7027530670166,14.918000221252441,,49.87055206298828,,5.209056
2028,Mozambique,,,,,,,,,,,,1.6845036745071411,,10641.396484375,9.174188613891602,9.857826232910156,12.676201820373535,4.076658725738525,-4.637604236602783,27.912839889526367,22.73907470703125,17.956605911254883,,59.28852462768555,,6.4151444
2029,Mozambique,,,,,,,,,,,,8.772651672363281,,8009.4521484375,6.865530967712402,4.612367153167725,2.152696371078491,3.3570773601531982,-6.0357537269592285,24.32706642150879,27.582433700561523,13.757597923278809,,47.43159866333008,,5.5067053
2030,Mozambique,,,,,,,,,,,,2.161304235458374,,8956.2421875,7.881947040557861,10.438186645507812,8.791728019714355,3.510148763656616,-2.0546910762786865,29.216997146606445,23.072599411010742,17.455036163330078,,43.240081787109375,,6.32884
2025,Myanmar,,,,,,,,,,,,30.12619400024414,,3596.83203125,6.680135726928711,4.177024841308594,0.5417464375495911,4.949986934661865,-0.6325362920761108,25.113216400146484,23.88641357421875,15.059362411499023,,50.38853454589844,,5.34766
2026,Myanmar,,,,,,,,,,,,1.2835420370101929,,10739.9169921875,9.149613380432129,7.615449905395508,15.619720458984375,3.856113910675049,-8.84536075592041,22.675376892089844,23.00874137878418,17.65646743774414,,52.71799087524414,,5.9600425
2027,Myanmar,,,,,,,,,,,,10.93671703338623,,3384.76123046875,8.625829696655273,0.5333350896835327,1.910718321800232,3.5275821685791016,-4.221853256225586,24.233070373535156,23.88069725036621,15.028454780578613,,50.18687057495117,,5.1948037
2028,Myanmar,,,,,,,,,,,,1.6845036745071411,,10956.8134765625,7.938201904296875,9.57496166229248,12.74194622039795,4.132420063018799,-5.452510833740234,27.690088272094727,22.020103454589844,17.870323181152344,,61.420658111572266,,6.4315033
2029,Myanmar,,,,,,,,,,,,8.534544944763184,,9763.796875,6.749980926513672,3.2043774127960205,2.1705594062805176,3.3293983936309814,-5.8458638191223145,24.497976303100586,27.600500106811523,13.239201545715332,,43.02460861206055,,5.915576
2030,Myanmar,,,,,,,,,,,,2.1089043617248535,,10602.3447265625,5.368404865264893,10.156987190246582,9.163344383239746,3.518831491470337,-1.9180318117141724,28.366924285888672,23.112415313720703,17.312705993652344,,42.609962463378906,,6.401077
2025,Namibia,,,,,,,,,,,,79.55970764160156,,3539.0234375,7.859255313873291,-0.6948764324188232,-0.5467619895935059,5.237257480621338,-5.958343029022217,25.12624168395996,23.9367733001709,15.29432201385498,,50.37598419189453,,5.3575416
2026,Namibia,,,,,,,,,,,,0.974605143070221,,12651.91796875,8.34342098236084,0.5340191721916199,27.525367736816406,0.8424301743507385,-8.490166664123535,25.533798217773438,22.620372772216797,18.000774383544922,,63.46162414550781,,5.966359
2027,Namibia,,,,,,,,,,,,16.505178451538086,,14727.771484375,10.865644454956055,-4.212151050567627,3.635829448699951,2.5599303245544434,-3.251203775405884,25.580490112304688,26.597747802734375,13.573640823364258,,51.35668182373047,,5.9135647
2028,Namibia,,,,,,,,,,,,3.400595188140869,,11421.7548828125,8.253194808959961,8.867294311523438,22.4797306060791,4.005349636077881,-1.438872218132019,30.041383743286133,23.812910079956055,16.56319236755371,,55.956512451171875,,6.468514
2029,Namibia,,,,,,,,,,,,13.348166465759277,,9827.734375,8.751114845275879,-7.289682388305664,2.8211183547973633,1.3914611339569092,-4.664206504821777,26.407381057739258,28.875558853149414,12.94134521484375,,44.93014907836914,,5.988014
2030,Namibia,,,,,,,,,,,,-0.3551315367221832,,18038.36328125,8.382013320922852,10.903399467468262,27.3474063873291,3.345163106918335,2.775405168533325,31.75448989868164,23.2404842376709,17.7379093170166,,49.12543869018555,,6.3606763
2025,Nepal,,,,,,,,,,,,86.74722290039062,,5308.53662109375,6.680135726928711,5.428765296936035,3.1029741764068604,4.175868988037109,-3.2904276847839355,25.3234920501709,23.98735809326172,15.298196792602539,,51.06605529785156,,5.941333
2026,Nepal,,,,,,,,,,,,2.6090688705444336,,6951.744140625,8.66563892364502,0.6723963618278503,24.42328453063965,1.722185492515564,-8.250336647033691,23.631521224975586,23.2180118560791,17.704092025756836,,54.415687561035156,,5.6164775
2027,Nepal,,,,,,,,,,,,13.494439125061035,,13038.5302734375,12.362960815429688,-5.065724849700928,4.5632123947143555,1.9922772645950317,-4.588506698608398,26.149194717407227,25.748720169067383,15.0299654006958,,50.53650665283203,,5.7171273
2028,Nepal,,,,,,,,,,,,2.327838659286499,,6577.57470703125,7.448742389678955,6.92983865737915,24.574729919433594,3.3172695636749268,-1.2451058626174927,29.436670303344727,23.503854751586914,16.45662498474121,,54.78615188598633,,5.767539
2029,Nepal,,,,,,,,,,,,13.58737850189209,,13008.2041015625,13.412027359008789,-8.8785400390625,2.6530985832214355,0.8960875868797302,-6.014131546020508,24.128482818603516,29.04001808166504,13.139753341674805,,38.75146484375,,5.3113227
2030,Nepal,,,,,,,,,,,,1.241539716720581,,7815.00634765625,6.2304816246032715,9.999859809875488,29.279260635375977,3.596712112426758,3.4856741428375244,31.99321746826172,22.903602600097656,17.997108459472656,,55.35343933105469,,5.7773
2025,Netherlands,,,,,,,,,,,,30.12619400024414,,6247.34228515625,7.714235782623291,2.5938880443573,-0.4884902834892273,3.24470853805542,-3.4175477027893066,25.121706008911133,23.963090896606445,15.310628890991211,,49.744346618652344,,5.7558246
2026,Netherlands,,,,,,,,,,,,1.2034797668457031,,15984.634765625,9.44725513458252,7.361036777496338,15.078686714172363,2.559223175048828,-8.32181167602539,24.632356643676758,23.282018661499023,17.07943344116211,,49.34852981567383,,6.1681585
2027,Netherlands,,,,,,,,,,,,10.23071575164795,,1519.2388916015625,7.204392910003662,-0.5048485398292542,1.4195080995559692,3.6551249027252197,-4.11630916595459,26.800989151000977,25.444507598876953,14.654989242553711,,52.695125579833984,,4.6168194
2028,Netherlands,,,,,,,,,,,,1.2494980096817017,,16010.9892578125,6.906578540802002,9.919028282165527,13.160501480102539,3.980081558227539,-4.130600452423096,26.86871337890625,22.82671356201172,18.13301658630371,,56.747100830078125,,6.49752
2029,Netherlands,,,,,,,,,,,,8.426746368408203,,12882.119140625,5.337337970733643,0.013410186395049095,1.4229480028152466,3.874197483062744,-5.189819812774658,22.539670944213867,25.962574005126953,15.3590669631958,,44.96974563598633,,5.979132
2030,Netherlands,,,,,,,,,,,,0.8871573805809021,,12383.0810546875,6.449576377868652,7.595047950744629,10.862274169921875,4.4643168449401855,-1.9929105043411255,28.35870361328125,22.161468505859375,16.83350944519043,,49.30417251586914,,6.31804
2025,New Zealand,,,,,,,,,,,,28.120859146118164,,8123.98388671875,7.622411727905273,1.0209029912948608,0.1449275016784668,2.6950666904449463,-5.3056721687316895,24.994674682617188,24.516422271728516,15.288817405700684,,49.811126708984375,,5.72527
2026,New Zealand,,,,,,,,,,,,1.0428460836410522,,16838.353515625,8.572304725646973,6.636043071746826,15.670750617980957,2.704193592071533,-7.347860336303711,26.844749450683594,22.956632614135742,16.627267837524414,,47.34740447998047,,6.0612426
2027,New Zealand,,,,,,,,,,,,10.247153282165527,,6599.48486328125,6.133763313293457,-0.6130003929138184,1.638559341430664,2.8386783599853516,-3.8592686653137207,26.258222579956055,26.549503326416016,14.757880210876465,,48.75182342529297,,5.9313207
2028,New Zealand,,,,,,,,,,,,1.1915438175201416,,19430.619140625,10.441986083984375,9.18397045135498,12.29195499420166,3.4722695350646973,-0.5261484384536743,29.929338455200195,24.104808807373047,16.865304946899414,,48.21221923828125,,6.176963
2029,New Zealand,,,,,,,,,,,,8.043961524963379,,6334.39892578125,7.277749538421631,-1.092790126800537,0.9684691429138184,3.3573479652404785,-2.8243472576141357,26.723417282104492,29.11261558532715,13.21541976928711,,46.638282775878906,,5.646713
2030,New Zealand,,,,,,,,,,,,0.5573804974555969,,16284.287109375,8.279300689697266,11.25214672088623,13.880582809448242,3.1017611026763916,-0.3368222713470459,29.083751678466797,24.82439613342285,18.283971786499023,,52.68885040283203,,6.2196007
2025,Nicaragua,,,,,,,,,,,,32.60033416748047,,4397.61474609375,7.986211776733398,2.8638124465942383,1.3095213174819946,3.377265453338623,-5.1964216232299805,25.63267707824707,23.879526138305664,15.256568908691406,,49.4239501953125,,5.518646
2026,Nicaragua,,,,,,,,,,,,1.5502091646194458,,9211.875,9.339851379394531,7.405179977416992,26.532020568847656,1.840085744857788,-9.49367904663086,25.82866668701172,23.49107551574707,17.895240783691406,,57.06098175048828,,5.8767323
2027,Nicaragua,,,,,,,,,,,,15.141229629516602,,7225.1845703125,11.007993698120117,-3.672133684158325,2.2238776683807373,1.7598005533218384,-4.886386394500732,26.29943084716797,26.010236740112305,14.448837280273438,,53.573631286621094,,5.216423
2028,Nicaragua,,,,,,,,,,,,2.72887921333313,,14179.4716796875,10.184356689453125,9.716760635375977,20.952640533447266,2.844498634338379,-2.1887834072113037,29.994544982910156,23.89738655090332,17.032197952270508,,54.62782669067383,,6.428117
2029,Nicaragua,,,,,,,,,,,,13.363455772399902,,9514.3037109375,8.966432571411133,-4.741966247558594,2.5794339179992676,1.8415735960006714,-5.243758678436279,26.57768440246582,28.748395919799805,13.216948509216309,,46.920936584472656,,5.8901787
2030,Nicaragua,,,,,,,,,,,,1.3575714826583862,,14716.5439453125,6.739182472229004,10.92091178894043,23.669591903686523,2.941326141357422,0.6053512096405029,31.780698776245117,23.6079158782959,17.756595611572266,,49.10359573364258,,6.3489676
2025,Niger,,,,,,,,,,,,31.848712921142578,,13912.4873046875,7.407685279846191,1.8179373741149902,2.5914440155029297,4.47775411605835,-1.5517420768737793,24.897619247436523,23.631717681884766,14.38909912109375,,46.94371032714844,,6.3817973
2026,Niger,,,,,,,,,,,,1.7640109062194824,,13416.26171875,7.119862079620361,5.126954555511475,15.168076515197754,4.16829776763916,-5.126227378845215,24.626985549926758,23.619869232177734,15.739219665527344,,47.696075439453125,,6.2419333
2027,Niger,,,,,,,,,,,,10.281493186950684,,9120.3896484375,6.087738513946533,0.061512649059295654,2.497957468032837,3.6382827758789062,-3.6486868858337402,25.26555824279785,25.044849395751953,14.468379020690918,,47.0058708190918,,6.143129
2028,Niger,,,,,,,,,,,,1.9641650915145874,,12804.04296875,7.755214691162109,9.124512672424316,10.724625587463379,3.4755380153656006,-2.2917497158050537,27.85449981689453,23.50271224975586,16.288209915161133,,41.53169250488281,,6.4606915
2029,Niger,,,,,,,,,,,,7.621542453765869,,11313.884765625,6.110605716705322,2.340923547744751,2.2013912200927734,3.034284830093384,-4.930524826049805,26.422565460205078,27.03451156616211,13.623248100280762,,45.61919403076172,,6.3483067
2030,Niger,,,,,,,,,,,,1.8460147380828857,,15971.07421875,7.341602802276611,9.07412052154541,8.275315284729004,3.316842794418335,-2.201937198638916,28.544601440429688,23.968767166137695,16.991436004638672,,37.72795486450195,,6.298201
2025,Nigeria,,,,,,,,,,,,30.12619400024414,,3596.83203125,6.680135726928711,4.177024841308594,0.5417464375495911,4.949986934661865,-0.6325362920761108,25.113216400146484,23.88641357421875,15.059362411499023,,50.38853454589844,,5.34766
2026,Nigeria,,,,,,,,,,,,1.2835420370101929,,10739.9169921875,9.149613380432129,7.615449905395508,15.619720458984375,3.856113910675049,-8.84536075592041,22.675376892089844,23.00874137878418,17.65646743774414,,52.71799087524414,,5.9600425
2027,Nigeria,,,,,,,,,,,,10.93671703338623,,3384.76123046875,8.625829696655273,0.5333350896835327,1.910718321800232,3.5275821685791016,-4.221853256225586,24.233070373535156,23.88069725036621,15.028454780578613,,50.18687057495117,,5.1948037
2028,Nigeria,,,,,,,,,,,,1.6845036745071411,,10956.8134765625,7.938201904296875,9.57496166229248,12.74194622039795,4.132420063018799,-5.452510833740234,27.690088272094727,22.020103454589844,17.870323181152344,,61.420658111572266,,6.4315033
2029,Nigeria,,,,,,,,,,,,8.534544944763184,,9763.796875,6.749980926513672,3.2043774127960205,2.1705594062805176,3.3293983936309814,-5.8458638191223145,24.497976303100586,27.600500106811523,13.239201545715332,,43.02460861206055,,5.915576
2030,Nigeria,,,,,,,,,,,,2.1089043617248535,,10602.3447265625,5.368404865264893,10.156987190246582,9.163344383239746,3.518831491470337,-1.9180318117141724,28.366924285888672,23.112415313720703,17.312705993652344,,42.609962463378906,,6.401077
2025,North Macedonia,,,,,,,,,,,,81.8746109008789,,4925.1357421875,7.714235782623291,0.4326150417327881,0.7229973077774048,1.5788923501968384,-6.610395908355713,25.310550689697266,24.010234832763672,15.270444869995117,,50.26263427734375,,5.6774178
2026,North Macedonia,,,,,,,,,,,,1.0883562564849854,,14227.306640625,9.585247993469238,-0.7391177415847778,27.093584060668945,1.7268126010894775,-8.093955993652344,25.136016845703125,23.347768783569336,17.84379768371582,,59.696678161621094,,6.094191
2027,North Macedonia,,,,,,,,,,,,15.396986961364746,,9239.5771484375,7.704405784606934,-3.508732557296753,5.050022125244141,2.360781669616699,-1.8720910549163818,27.010690689086914,25.9304256439209,13.676011085510254,,54.36733627319336,,6.3194637
2028,North Macedonia,,,,,,,,,,,,4.1022186279296875,,14448.412109375,8.547872543334961,10.095881462097168,20.83979606628418,2.403139352798462,-1.134609341621399,29.513242721557617,25.028154373168945,15.456666946411133,,41.684295654296875,,6.3536797
2029,North Macedonia,,,,,,,,,,,,13.83897876739502,,6161.4501953125,7.747829437255859,-4.9800848960876465,3.734407424926758,1.9403619766235352,-4.345841884613037,27.63121795654297,27.95222282409668,13.61704158782959,,46.50096130371094,,5.462174
2030,North Macedonia,,,,,,,,,,,,2.128359317779541,,12816.2099609375,9.45876407623291,10.709640502929688,24.652402877807617,2.781507730484009,-0.27005743980407715,30.591169357299805,25.694793701171875,15.675395965576172,,50.932132720947266,,6.141832
2025,Norway,,,,,,,,,,,,30.12619400024414,,6650.046875,7.6667094230651855,1.701729655265808,-0.6078611016273499,3.2533912658691406,-4.130699634552002,25.116661071777344,23.963090896606445,15.288817405700684,,49.86433410644531,,5.7428875
2026,Norway,,,,,,,,,,,,1.2025666236877441,,17548.625,9.730761528015137,7.340216636657715,15.660562515258789,2.272341251373291,-8.349990844726562,24.84800148010254,23.06085205078125,16.936683654785156,,46.465877532958984,,6.110708
2027,Norway,,,,,,,,,,,,10.308317184448242,,2432.978271484375,6.866732120513916,-0.6631478071212769,1.3227812051773071,3.042482852935791,-3.055853843688965,27.218582153320312,25.660913467407227,14.666106224060059,,52.06229019165039,,5.144852
2028,Norway,,,,,,,,,,,,1.2670011520385742,,14503.3662109375,7.082965850830078,9.850829124450684,13.080511093139648,3.8092455863952637,-3.5372567176818848,27.281206130981445,23.337787628173828,17.1241397857666,,56.76475143432617,,6.5626454
2029,Norway,,,,,,,,,,,,8.094175338745117,,13213.08984375,5.8316216468811035,0.17709557712078094,1.6710875034332275,3.308993339538574,-5.4920806884765625,24.372224807739258,26.645566940307617,14.439898490905762,,45.117156982421875,,6.110078
2030,Norway,,,,,,,,,,,,1.1880979537963867,,12255.4501953125,6.872461795806885,7.976689338684082,10.796977996826172,3.740440607070923,-0.6835864782333374,28.61391830444336,23.87213134765625,16.644264221191406,,48.4459114074707,,6.203029
2025,Oman,,,,,,,,,,,,30.12619400024414,,3596.83203125,6.680135726928711,4.3181376457214355,0.5832337737083435,5.008167743682861,-0.7229099273681641,25.133634567260742,23.88641357421875,15.297889709472656,,50.38853454589844,,5.3750944
2026,Oman,,,,,,,,,,,,1.2835420370101929,,10617.591796875,9.087861061096191,7.940351486206055,15.619720458984375,3.865624189376831,-9.367646217346191,22.91958999633789,23.00874137878418,17.64483642578125,,53.03795623779297,,5.9972715
2027,Oman,,,,,,,,,,,,10.940882682800293,,3562.8759765625,8.855892181396484,0.6668720245361328,1.9252245426177979,3.568953514099121,-4.263125419616699,24.24554443359375,24.651103973388672,14.786375045776367,,50.73881149291992,,5.0943756
2028,Oman,,,,,,,,,,,,1.6845036745071411,,10399.3408203125,9.205435752868652,9.804682731628418,12.493781089782715,4.11531400680542,-4.5657639503479,27.912839889526367,22.1911678314209,18.06991195678711,,58.97488021850586,,6.4061
2029,Oman,,,,,,,,,,,,8.772651672363281,,8042.56005859375,7.1057448387146,4.174886703491211,2.1100873947143555,3.3293983936309814,-6.183128833770752,24.18816566467285,27.645444869995117,13.758052825927734,,47.207054138183594,,5.451313
2030,Oman,,,,,,,,,,,,2.1288609504699707,,9835.1337890625,7.998040199279785,10.461767196655273,8.791728019714355,3.5378024578094482,-1.9963369369506836,29.362382888793945,22.905675888061523,17.464704513549805,,43.142921447753906,,6.348921
2025,Pakistan,,,,,,,,,,,,22.75346565246582,,5495.794921875,7.270263671875,4.403890609741211,6.031754016876221,2.9860925674438477,-3.077275037765503,24.962139129638672,24.32536506652832,15.284008979797363,,49.56853485107422,,5.8157177
2026,Pakistan,,,,,,,,,,,,5.010527610778809,,7378.69970703125,9.090167045593262,7.249642372131348,17.37646484375,3.490388870239258,-7.6150617599487305,25.189512252807617,23.021589279174805,17.366134643554688,,51.7430534362793,,5.736745
2027,Pakistan,,,,,,,,,,,,11.22456169128418,,734.47607421875,11.347442626953125,0.6215759515762329,5.285900115966797,1.778717041015625,-6.293729782104492,24.17592430114746,25.750568389892578,15.574023246765137,,46.863975524902344,,3.9980085
2028,Pakistan,,,,,,,,,,,,4.291040420532227,,3588.657958984375,5.842129230499268,11.451123237609863,13.113130569458008,4.9196014404296875,-9.00990104675293,28.061975479125977,21.666275024414062,18.945133209228516,,54.36295700073242,,5.5710998
2029,Pakistan,,,,,,,,,,,,8.751520156860352,,6434.15673828125,14.21658706665039,2.3153204917907715,3.8584160804748535,3.8911185264587402,-8.820809364318848,21.077993392944336,28.46895980834961,14.75900650024414,,49.7980842590332,,4.7507954
2030,Pakistan,,,,,,,,,,,,2.9316532611846924,,3026.6689453125,7.93446683883667,7.805013656616211,9.509199142456055,3.7037622928619385,-1.3481017351150513,30.005525588989258,20.360897064208984,19.116497039794922,,52.03699493408203,,5.472213
2025,Panama,,,,,,,,,,,,87.87818908691406,,12448.5673828125,7.203429698944092,-0.08462423831224442,0.22021570801734924,2.672041416168213,-4.168872356414795,25.09998321533203,24.058988571166992,15.394787788391113,,53.09626770019531,,6.3006263
2026,Panama,,,,,,,,,,,,0.5687103271484375,,18863.31640625,7.367488384246826,-1.5770649909973145,38.964141845703125,2.083144187927246,-5.0542120933532715,26.171247482299805,22.941133499145508,16.149580001831055,,52.541351318359375,,6.196653
2027,Panama,,,,,,,,,,,,17.3839168548584,,17933.927734375,6.029216289520264,-10.31196117401123,5.297609806060791,0.7636777758598328,-0.5033628344535828,24.827987670898438,26.28990364074707,13.964950561523438,,46.91404342651367,,6.4071274
2028,Panama,,,,,,,,,,,,0.18232016265392303,,11086.4892578125,7.5185546875,7.057048320770264,28.7425479888916,3.709027051925659,0.971934974193573,29.40765380859375,23.97723388671875,15.822525024414062,,46.369895935058594,,5.9589877
2029,Panama,,,,,,,,,,,,17.21457290649414,,11233.095703125,8.747538566589355,-10.891895294189453,1.3514130115509033,1.8513743877410889,-4.022405624389648,25.140165328979492,29.02936363220215,11.865436553955078,,38.82107925415039,,5.8866568
2030,Panama,,,,,,,,,,,,-1.86159086227417,,16424.07421875,5.62339973449707,10.155454635620117,32.968994140625,4.196080684661865,2.181187152862549,31.565818786621094,20.841341018676758,17.759836196899414,,59.56806945800781,,6.3290977
2025,Paraguay,,,,,,,,,,,,102.86869812011719,,7413.79052734375,7.799880027770996,3.400888204574585,0.7443156838417053,2.814979076385498,-5.599588871002197,25.192838668823242,24.149459838867188,15.332723617553711,,49.66464614868164,,5.861617
2026,Paraguay,,,,,,,,,,,,1.2574360370635986,,10779.2314453125,9.417579650878906,-1.72662353515625,38.13650131225586,1.5092566013336182,-7.689070701599121,26.772371292114258,22.85610008239746,16.937152862548828,,43.97196578979492,,5.722964
2027,Paraguay,,,,,,,,,,,,17.162752151489258,,6806.201171875,8.515077590942383,-6.972202301025391,6.389172077178955,0.3613318204879761,-2.27266001701355,25.659744262695312,27.491439819335938,14.144505500793457,,49.14532470703125,,5.700822
2028,Paraguay,,,,,,,,,,,,2.6335015296936035,,8822.3984375,9.642266273498535,8.98488712310791,28.652326583862305,3.6108357906341553,-0.5633101463317871,30.60866928100586,24.081880569458008,16.599929809570312,,51.899776458740234,,6.1017337
2029,Paraguay,,,,,,,,,,,,16.033946990966797,,7401.33251953125,10.089862823486328,-9.301177024841309,2.576754570007324,1.2684056758880615,-6.882050037384033,26.642044067382812,29.13437271118164,12.995840072631836,,45.35356903076172,,5.0271378
2030,Paraguay,,,,,,,,,,,,0.015690691769123077,,13345.0888671875,9.669493675231934,11.20739459991455,30.5100040435791,3.0099258422851562,-0.605954647064209,31.31048011779785,23.217212677001953,18.48341941833496,,47.2576904296875,,6.0577474
2025,Peru,,,,,,,,,,,,28.120859146118164,,8939.5341796875,7.185527801513672,0.4562734067440033,0.06153608113527298,2.7801811695098877,-4.673403263092041,24.994810104370117,24.407854080200195,15.036676406860352,,53.2692985534668,,5.9071884
2026,Peru,,,,,,,,,,,,0.9403489232063293,,18933.7890625,8.293648719787598,7.284512996673584,15.861841201782227,2.3919155597686768,-6.6681342124938965,26.788713455200195,22.995527267456055,16.323347091674805,,49.872657775878906,,6.072596
2027,Peru,,,,,,,,,,,,10.493976593017578,,8062.5576171875,5.987792491912842,-1.2026623487472534,1.507375717163086,2.048720598220825,-3.0319325923919678,27.148876190185547,26.22102928161621,14.512619972229004,,49.62277603149414,,5.943484
2028,Peru,,,,,,,,,,,,0.9154958128929138,,17299.671875,9.689576148986816,8.673039436340332,13.563224792480469,3.1707680225372314,-1.344117522239685,30.532093048095703,25.132591247558594,15.647943496704102,,52.20439529418945,,6.347579
2029,Peru,,,,,,,,,,,,9.781245231628418,,7094.69970703125,7.452517509460449,-0.7501683831214905,1.4477324485778809,3.086381435394287,-3.1573123931884766,27.572185516357422,27.948951721191406,14.147135734558105,,47.72227478027344,,5.820568
2030,Peru,,,,,,,,,,,,0.8770419359207153,,15292.9345703125,9.303608894348145,10.434268951416016,12.434061050415039,2.9385247230529785,-0.28127023577690125,29.83340072631836,25.964275360107422,15.70609188079834,,49.20219421386719,,6.2016945
2025,Philippines,,,,,,,,,,,,30.422313690185547,,6380.572265625,7.6667094230651855,0.9733644723892212,-1.7550523281097412,3.1278529167175293,-3.163261651992798,25.096609115600586,23.621078491210938,15.021076202392578,,48.140438079833984,,5.822442
2026,Philippines,,,,,,,,,,,,0.9868692755699158,,18198.30859375,9.925597190856934,8.48814582824707,16.221237182617188,3.227067708969116,-7.196033000946045,24.680246353149414,23.508384704589844,13.885128021240234,,52.82415771484375,,6.430446
2027,Philippines,,,,,,,,,,,,10.300525665283203,,4024.604736328125,5.81152868270874,0.9526535272598267,1.4756475687026978,2.0422580242156982,-1.6861591339111328,27.490991592407227,24.350299835205078,14.292898178100586,,52.99327850341797,,5.7263107
2028,Philippines,,,,,,,,,,,,1.3218036890029907,,19310.646484375,10.115333557128906,9.837114334106445,10.607362747192383,3.042215347290039,-4.165494918823242,27.347862243652344,25.55897331237793,15.338628768920898,,51.00650405883789,,6.3437777
2029,Philippines,,,,,,,,,,,,7.733259677886963,,6597.3125,4.162089824676514,1.909468173980713,1.4798405170440674,3.377887487411499,-3.9061670303344727,28.31696319580078,24.93522071838379,14.613040924072266,,48.33868408203125,,5.865243
2030,Philippines,,,,,,,,,,,,1.6106598377227783,,11652.0224609375,9.87110710144043,8.274015426635742,8.191473960876465,3.012479066848755,-2.1902272701263428,25.924373626708984,25.977130889892578,15.602205276489258,,37.25389099121094,,5.9996576
2025,Poland,,,,,,,,,,,,30.06559944152832,,3908.26806640625,7.799880027770996,2.3623878955841064,-0.280272513628006,3.332146644592285,-2.8190886974334717,25.089717864990234,23.613927841186523,15.018216133117676,,49.21076202392578,,5.4545093
2026,Poland,,,,,,,,,,,,1.2034797668457031,,16329.650390625,9.95462417602539,8.009793281555176,16.36484146118164,2.757502794265747,-9.048659324645996,25.639440536499023,22.906179428100586,17.475563049316406,,52.71971893310547,,6.2091355
2027,Poland,,,,,,,,,,,,10.283289909362793,,3767.69189453125,8.502434730529785,-1.1389378309249878,1.4340143203735352,2.433321475982666,-4.595510959625244,25.77703285217285,26.093135833740234,14.624408721923828,,52.75931930541992,,5.4552364
2028,Poland,,,,,,,,,,,,0.799494743347168,,16288.6171875,9.485084533691406,9.75833797454834,14.409480094909668,3.7386083602905273,-2.6715381145477295,30.296131134033203,23.261667251586914,17.999645233154297,,67.0029525756836,,6.482062
2029,Poland,,,,,,,,,,,,9.747674942016602,,10126.34375,7.823691368103027,-0.7100898623466492,1.3821436166763306,3.0305964946746826,-5.219570636749268,26.006275177001953,29.342113494873047,12.574456214904785,,49.339927673339844,,6.3177714
2030,Poland,,,,,,,,,,,,0.8300122022628784,,18149.7578125,6.364635467529297,10.719735145568848,12.231176376342773,3.4050228595733643,2.08436918258667,31.522184371948242,21.8739013671875,17.76031494140625,,49.54586410522461,,6.3759694
2025,Portugal,,,,,,,,,,,,87.87818908691406,,10581.78515625,7.890637397766113,1.026885986328125,0.39125221967697144,2.62801456451416,-4.9648003578186035,25.199729919433594,24.074186325073242,15.383646011352539,,51.04561996459961,,6.21565
2026,Portugal,,,,,,,,,,,,0.9416628479957581,,15405.501953125,7.149596214294434,-1.621985673904419,39.2927131652832,2.297980308532715,-5.53437614440918,27.657800674438477,22.974149703979492,16.37725067138672,,47.562721252441406,,6.020801
2027,Portugal,,,,,,,,,,,,17.977502822875977,,14645.5673828125,6.819662570953369,-9.947694778442383,5.968159198760986,0.5756369829177856,-1.7593085765838623,24.18526840209961,28.09615707397461,12.763792991638184,,45.4577522277832,,6.343054
2028,Portugal,,,,,,,,,,,,0.8656263947486877,,12029.294921875,7.817897796630859,7.55417537689209,32.67934799194336,4.156741142272949,1.3446365594863892,30.281391143798828,22.627044677734375,16.073984146118164,,48.0758056640625,,6.050152
2029,Portugal,,,,,,,,,,,,17.529813766479492,,10875.2119140625,8.70907211303711,-12.576419830322266,1.7483153343200684,1.8779371976852417,-4.696325302124023,24.47857666015625,29.021739959716797,12.420594215393066,,40.1409912109375,,5.944373
2030,Portugal,,,,,,,,,,,,-1.6150245666503906,,17314.169921875,5.502257347106934,10.071944236755371,32.60904312133789,4.594576835632324,1.837568998336792,31.647489547729492,21.385953903198242,17.71160316467285,,59.8968505859375,,6.390316
2025,Puerto Rico,,,,,,,,,,,,3.2371556758880615,,9548.4638671875,10.746399879455566,6.810458183288574,5.4536638259887695,2.9822587966918945,0.48529088497161865,26.800832748413086,24.19574737548828,14.5977783203125,,55.620872497558594,,5.8004327
2026,Puerto Rico,,,,,,,,,,,,5.1648406982421875,,7638.58642578125,7.310163974761963,5.206182956695557,2.6185789108276367,3.0200183391571045,-4.836269855499268,27.60739517211914,24.573747634887695,15.87642765045166,,44.334251403808594,,5.7507434
2027,Puerto Rico,,,,,,,,,,,,2.4958951473236084,,11771.322265625,8.68347454071045,7.613981246948242,5.567962169647217,2.874277114868164,-5.8397088050842285,26.577505111694336,26.185049057006836,16.050168991088867,,39.403011322021484,,5.92576
2028,Puerto Rico,,,,,,,,,,,,4.954429626464844,,8217.0224609375,5.872457504272461,4.267175197601318,2.8651340007781982,3.2936601638793945,-4.127403259277344,29.409828186035156,24.09709358215332,17.606136322021484,,49.06703186035156,,5.9632998
2029,Puerto Rico,,,,,,,,,,,,2.480133056640625,,13652.02734375,13.643802642822266,7.338789939880371,4.570218563079834,2.7084386348724365,-4.770941734313965,24.98702049255371,28.158973693847656,15.290529251098633,,36.78852844238281,,5.4003572
2030,Puerto Rico,,,,,,,,,,,,3.301525354385376,,3001.642333984375,5.300395488739014,4.005512237548828,2.769956111907959,3.2772839069366455,-3.9703218936920166,31.553728103637695,22.733919143676758,17.72563934326172,,56.442562103271484,,5.5737543
2025,Qatar,,,,,,,,,,,,1.075631856918335,,68372.203125,2.062869071960449,-5.77962064743042,9.174267768859863,3.4982779026031494,11.096100807189941,25.03133201599121,24.932411193847656,14.953652381896973,,54.542720794677734,,7.041935
2026,Qatar,,,,,,,,,,,,2.6007237434387207,,25000.83984375,3.0591824054718018,-0.09555674344301224,9.88517951965332,3.6717238426208496,8.779253959655762,23.072296142578125,29.582780838012695,16.16574478149414,,67.82693481445312,,6.048427
2027,Qatar,,,,,,,,,,,,4.257304668426514,,28235.314453125,2.8495280742645264,2.3115897178649902,3.6074588298797607,3.9412286281585693,4.011376857757568,30.293800354003906,28.58228302001953,14.615130424499512,,39.648921966552734,,6.001734
2028,Qatar,,,,,,,,,,,,2.7045514583587646,,15488.955078125,4.087749481201172,4.0410590171813965,3.2750189304351807,2.523815155029297,2.631895065307617,28.90849494934082,27.902873992919922,14.85094928741455,,40.582767486572266,,6.0224156
2029,Qatar,,,,,,,,,,,,2.0499608516693115,,20740.744140625,6.139214515686035,2.8374853134155273,2.453087568283081,3.187717914581299,-0.552493691444397,29.521095275878906,26.896642684936523,14.85698127746582,,41.25938415527344,,6.198301
2030,Qatar,,,,,,,,,,,,1.7777228355407715,,18302.779296875,6.877995014190674,4.492545127868652,2.2015175819396973,2.683471202850342,-0.730687141418457,28.69099235534668,27.77574920654297,14.920626640319824,,43.43989562988281,,6.2009873
2025,Republic of Korea,,,,,,,,,,,,30.06559944152832,,6921.80419921875,7.890637397766113,0.2309482842683792,-0.6333351135253906,3.1451821327209473,-2.9083404541015625,25.096609115600586,23.65485954284668,14.86513900756836,,50.675357818603516,,5.77388
2026,Republic of Korea,,,,,,,,,,,,0.9868692755699158,,17015.4609375,10.251770973205566,7.671107769012451,16.752273559570312,2.834195375442505,-6.100948333740234,26.138851165771484,23.423458099365234,16.565044403076172,,51.77793502807617,,6.215126
2027,Republic of Korea,,,,,,,,,,,,10.633480072021484,,2751.45166015625,5.920650005340576,-1.8635815382003784,1.5226192474365234,2.0354011058807373,-3.5158097743988037,27.71497344970703,25.837392807006836,14.572909355163574,,47.422874450683594,,5.406932
2028,Republic of Korea,,,,,,,,,,,,1.3694753646850586,,17363.3515625,7.832313060760498,9.200600624084473,14.722671508789062,3.5734291076660156,-3.0283217430114746,27.682764053344727,24.67239761352539,16.340347290039062,,59.6893196105957,,6.50109
2029,Republic of Korea,,,,,,,,,,,,9.736750602722168,,11437.2412109375,4.984354496002197,0.1628255993127823,1.2991594076156616,2.598968267440796,-2.163792371749878,27.46552276611328,27.813583374023438,13.197420120239258,,42.36539840698242,,6.351505
2030,Republic of Korea,,,,,,,,,,,,1.2054736614227295,,17944.5078125,6.771160125732422,9.179551124572754,10.72614860534668,3.0610828399658203,0.7856540679931641,29.939653396606445,26.138643264770508,14.621883392333984,,43.842926025390625,,6.393187
2025,Republic of Moldova,,,,,,,,,,,,30.33921241760254,,1910.3099365234375,7.986211776733398,0.8262931108474731,-1.582049012184143,3.314817428588867,-2.251322031021118,25.15061378479004,23.573345184326172,14.783384323120117,,47.81725311279297,,4.7742906
2026,Republic of Moldova,,,,,,,,,,,,1.4420243501663208,,16772.248046875,8.972182273864746,9.503454208374023,17.463285446166992,2.872535228729248,-7.096482753753662,25.581045150756836,22.361608505249023,14.484915733337402,,57.808509826660156,,6.6862426
2027,Republic of Moldova,,,,,,,,,,,,10.474143028259277,,5574.37744140625,5.094940662384033,0.12173507362604141,1.5203006267547607,2.0494890213012695,-4.42332124710083,26.46087074279785,24.982086181640625,14.323391914367676,,54.24591827392578,,5.8169107
2028,Republic of Moldova,,,,,,,,,,,,1.3841763734817505,,19377.587890625,9.494481086730957,10.22372055053711,10.755542755126953,3.5768487453460693,-2.772991180419922,27.089975357055664,24.57291030883789,17.551225662231445,,54.39917755126953,,6.402275
2029,Republic of Moldova,,,,,,,,,,,,7.912517547607422,,9458.37890625,4.886163234710693,1.792194128036499,0.7282576560974121,3.5008151531219482,-2.900542974472046,26.568004608154297,26.703994750976562,14.794966697692871,,49.1155891418457,,6.262926
2030,Republic of Moldova,,,,,,,,,,,,1.1878498792648315,,16064.3408203125,8.540189743041992,8.786126136779785,8.95974063873291,3.1516315937042236,0.2857225835323334,28.518369674682617,24.48948860168457,16.783782958984375,,35.790802001953125,,6.066458
2025,Romania,,,,,,,,,,,,14.311809539794922,,9696.7333984375,6.525140762329102,-0.19657176733016968,-0.8990693688392639,-0.1983335316181183,-4.266000270843506,24.957714080810547,24.13119125366211,14.727336883544922,,52.61489486694336,,6.3120646
2026,Romania,,,,,,,,,,,,1.3222965002059937,,20189.298828125,8.837474822998047,9.835319519042969,15.208024024963379,2.1235625743865967,-2.485349178314209,27.096086502075195,22.986223220825195,16.333139419555664,,49.73980712890625,,6.476977
2027,Romania,,,,,,,,,,,,9.938676834106445,,8758.2431640625,4.982308864593506,-2.5103955268859863,0.6196556091308594,3.0939409732818604,-3.465407371520996,26.614166259765625,27.052148818969727,12.928839683532715,,50.60060119628906,,6.2609444
2028,Romania,,,,,,,,,,,,0.26478320360183716,,17451.724609375,9.356968879699707,11.216926574707031,14.224163055419922,3.0374536514282227,0.44355151057243347,28.701810836791992,23.99370574951172,16.51248550415039,,46.82452392578125,,6.2102184
2029,Romania,,,,,,,,,,,,10.283487319946289,,8547.6962890625,6.40368127822876,-2.991407632827759,0.7106137275695801,3.080328941345215,-3.0527045726776123,27.353857040405273,28.20832061767578,12.277405738830566,,51.14000701904297,,5.7827826
2030,Romania,,,,,,,,,,,,0.09748047590255737,,18459.533203125,8.083150863647461,10.04836654663086,16.4533634185791,2.5181586742401123,0.16283923387527466,30.068504333496094,23.299964904785156,16.10065269470215,,49.427913665771484,,6.5050087
2025,Russian Federation,,,,,,,,,,,,30.06559944152832,,3494.861328125,6.680135726928711,4.119966983795166,0.5417464375495911,4.949986934661865,0.13251377642154694,25.086048126220703,23.544401168823242,15.02237319946289,,50.19303894042969,,5.3849797
2026,Russian Federation,,,,,,,,,,,,1.2835420370101929,,10739.9169921875,8.005919456481934,7.525638580322266,15.619720458984375,3.8553466796875,-8.800432205200195,22.655414581298828,23.1019344329834,17.18994903564453,,52.60843276977539,,6.041279
2027,Russian Federation,,,,,,,,,,,,10.93671703338623,,4077.70947265625,8.624473571777344,0.7194685935974121,1.910718321800232,3.328219413757324,-3.750725507736206,25.912206649780273,23.905250549316406,14.908987045288086,,49.624935150146484,,5.4318666
2028,Russian Federation,,,,,,,,,,,,1.6603208780288696,,11632.46875,9.942327499389648,9.572653770446777,12.383811950683594,3.758469343185425,-5.375744342803955,27.607789993286133,23.59221076965332,17.698619842529297,,61.16891098022461,,6.423019
2029,Russian Federation,,,,,,,,,,,,8.534544944763184,,7129.1435546875,6.479676246643066,3.7815704345703125,2.2131683826446533,3.4631433486938477,-5.227198600769043,26.312332153320312,27.52625846862793,13.3558988571167,,47.03144836425781,,5.6358514
2030,Russian Federation,,,,,,,,,,,,2.0336062908172607,,13150.3857421875,9.32104206085205,10.271233558654785,8.802889823913574,3.147397041320801,-3.1203317642211914,27.1574649810791,23.824325561523438,17.69487762451172,,36.637386322021484,,6.1207066
2025,Rwanda,,,,,,,,,,,,3.392594337463379,,3071.4111328125,8.783358573913574,9.476357460021973,1.5585769414901733,5.193505764007568,-9.461519241333008,21.919240951538086,18.82075309753418,17.39856719970703,,55.637847900390625,,5.209203
2026,Rwanda,,,,,,,,,,,,2.543610095977783,,7407.89794921875,6.879004001617432,7.2587738037109375,3.1477394104003906,4.052733898162842,-8.895851135253906,21.685382843017578,22.091760635375977,15.11652946472168,,55.16895294189453,,5.3862367
2027,Rwanda,,,,,,,,,,,,2.6376519203186035,,10043.2763671875,8.883315086364746,6.47999382019043,2.6377010345458984,3.401850938796997,-5.931978702545166,22.72039031982422,21.077606201171875,17.40790557861328,,48.44620895385742,,5.8132796
2028,Rwanda,,,,,,,,,,,,2.545295476913452,,5538.68115234375,6.608353137969971,5.014937400817871,2.615990161895752,3.469010591506958,-5.762851715087891,24.401628494262695,22.326732635498047,16.587966918945312,,51.82075119018555,,5.6544337
2029,Rwanda,,,,,,,,,,,,2.4225428104400635,,9759.5458984375,8.70813274383545,6.5925140380859375,3.0383353233337402,3.3285603523254395,-5.584238052368164,22.374814987182617,23.887985229492188,17.847030639648438,,53.9266242980957,,5.807124
2030,Rwanda,,,,,,,,,,,,2.675225019454956,,8705.880859375,7.139104843139648,5.97873067855835,2.67060923576355,3.477363348007202,-4.668267250061035,26.054330825805664,22.393497467041016,17.182830810546875,,51.45551681518555,,5.938596
2025,Saudi Arabia,,,,,,,,,,,,30.12619400024414,,7487.203125,7.147250652313232,0.09432602673768997,-0.7018587589263916,3.2533912658691406,-2.558943271636963,25.089427947998047,24.004112243652344,15.118731498718262,,52.87285614013672,,5.733662
2026,Saudi Arabia,,,,,,,,,,,,0.9216727614402771,,19790.1796875,10.036396980285645,7.12448263168335,16.17994499206543,2.7565977573394775,-6.818968296051025,24.645984649658203,23.37306785583496,16.56124496459961,,49.523475646972656,,6.0453515
2027,Saudi Arabia,,,,,,,,,,,,10.459402084350586,,1578.75244140625,5.597293853759766,-1.0610723495483398,1.1611454486846924,2.2653443813323975,-2.333186388015747,28.16922378540039,25.092021942138672,14.300253868103027,,50.938236236572266,,4.7274427
2028,Saudi Arabia,,,,,,,,,,,,1.1481709480285645,,17691.015625,8.383846282958984,10.026963233947754,13.829995155334473,3.28110408782959,-4.247583389282227,27.170164108276367,24.56873893737793,16.00786018371582,,56.320770263671875,,6.51195
2029,Saudi Arabia,,,,,,,,,,,,10.609173774719238,,10272.302734375,4.633938312530518,0.17351138591766357,1.2957005500793457,3.4050633907318115,-2.6240456104278564,27.74236488342285,26.127933502197266,14.669828414916992,,48.294677734375,,6.2664604
2030,Saudi Arabia,,,,,,,,,,,,1.2996597290039062,,10629.94140625,8.721165657043457,7.913008213043213,10.673468589782715,3.3413777351379395,-0.6348265409469604,29.76988983154297,26.306886672973633,14.986953735351562,,43.373802185058594,,6.213279
2025,Senegal,,,,,,,,,,,,30.12619400024414,,3596.83203125,6.680135726928711,4.177024841308594,0.5417464375495911,4.949986934661865,-0.6325362920761108,25.113216400146484,23.88641357421875,15.059362411499023,,50.38853454589844,,5.34766
2026,Senegal,,,,,,,,,,,,1.2835420370101929,,10739.9169921875,9.149613380432129,7.615449905395508,15.619720458984375,3.856113910675049,-8.84536075592041,22.675376892089844,23.00874137878418,17.65646743774414,,52.71799087524414,,5.9600425
2027,Senegal,,,,,,,,,,,,10.93671703338623,,3384.76123046875,8.625829696655273,0.5333350896835327,1.910718321800232,3.5275821685791016,-4.221853256225586,24.233070373535156,23.88069725036621,15.028454780578613,,50.18687057495117,,5.1948037
2028,Senegal,,,,,,,,,,,,1.6845036745071411,,10956.8134765625,7.938201904296875,9.57496166229248,12.74194622039795,4.132420063018799,-5.452510833740234,27.690088272094727,22.020103454589844,17.870323181152344,,61.420658111572266,,6.4315033
2029,Senegal,,,,,,,,,,,,8.534544944763184,,9763.796875,6.749980926513672,3.2043774127960205,2.1705594062805176,3.3293983936309814,-5.8458638191223145,24.497976303100586,27.600500106811523,13.239201545715332,,43.02460861206055,,5.915576
2030,Senegal,,,,,,,,,,,,2.1089043617248535,,10602.3447265625,5.368404865264893,10.156987190246582,9.163344383239746,3.518831491470337,-1.9180318117141724,28.366924285888672,23.112415313720703,17.312705993652344,,42.609962463378906,,6.401077
2025,Serbia,,,,,,,,,,,,87.87818908691406,,6761.208984375,7.986211776733398,3.311363935470581,1.7682543992996216,2.814979076385498,-5.9570817947387695,25.421981811523438,24.015581130981445,15.435413360595703,,50.032203674316406,,5.817301
2026,Serbia,,,,,,,,,,,,2.0208160877227783,,10523.1494140625,9.036944389343262,-1.8858855962753296,38.547306060791016,1.8256733417510986,-7.355597019195557,26.823625564575195,22.761144638061523,17.305923461914062,,47.86597442626953,,5.755914
2027,Serbia,,,,,,,,,,,,17.7724552154541,,8412.6708984375,7.258143424987793,-7.894932746887207,6.8368239402771,0.16983187198638916,-2.5486114025115967,25.684032440185547,27.359745025634766,14.029787063598633,,50.628353118896484,,5.8965044
2028,Serbia,,,,,,,,,,,,2.2691683769226074,,9703.8017578125,9.513789176940918,8.38404655456543,30.524581909179688,3.791577100753784,-0.8508577346801758,30.587955474853516,23.89169692993164,16.34856605529785,,45.48204040527344,,6.110952
2029,Serbia,,,,,,,,,,,,16.300312042236328,,8771.4404296875,9.68424129486084,-9.055405616760254,2.6216182708740234,1.5893265008926392,-4.893453598022461,26.332679748535156,29.199975967407227,12.488241195678711,,46.371341705322266,,5.713195
2030,Serbia,,,,,,,,,,,,-0.23465168476104736,,15629.6474609375,8.93166446685791,11.163509368896484,30.769338607788086,2.862769365310669,-0.7830582857131958,32.3034553527832,21.70250129699707,17.75580596923828,,47.707054138183594,,6.215235
2025,Sierra Leone,,,,,,,,,,,,30.12619400024414,,2744.923583984375,7.603953838348389,1.407278299331665,2.7243597507476807,4.858836650848389,-3.292123794555664,25.068378448486328,23.908384323120117,15.254619598388672,,49.2906494140625,,5.3268867
2026,Sierra Leone,,,,,,,,,,,,2.4756357669830322,,13891.2783203125,8.264921188354492,6.725222110748291,16.640644073486328,4.1236653327941895,-8.577947616577148,23.621597290039062,22.13932228088379,17.93304443359375,,52.11137390136719,,5.968754
2027,Sierra Leone,,,,,,,,,,,,10.462098121643066,,4738.94775390625,7.865617275238037,-1.920040249824524,2.602156639099121,2.3962578773498535,-4.3549323081970215,24.493637084960938,25.363527297973633,14.194906234741211,,50.34077835083008,,5.4560437
2028,Sierra Leone,,,,,,,,,,,,1.4922155141830444,,13931.2685546875,9.224942207336426,10.448389053344727,14.206851959228516,3.9345149993896484,-2.5833232402801514,28.640830993652344,23.23906898498535,17.74109649658203,,54.3489875793457,,6.508974
2029,Sierra Leone,,,,,,,,,,,,10.110509872436523,,10309.4521484375,8.719533920288086,-2.5436294078826904,1.739162802696228,3.107140302658081,-5.6179914474487305,25.712970733642578,28.189367294311523,13.107524871826172,,51.25311279296875,,6.0903916
2030,Sierra Leone,,,,,,,,,,,,0.8472576141357422,,10921.6005859375,6.30325984954834,10.292692184448242,14.386101722717285,3.459373712539673,1.553960919380188,30.765544891357422,23.07807731628418,17.227691650390625,,61.35574722290039,,6.300333
2025,Singapore,,,,,,,,,,,,30.12619400024414,,7023.7744140625,7.890637397766113,0.37205949425697327,-0.5918476581573486,3.2033615112304688,-3.3648111820220947,25.144195556640625,23.996871948242188,15.278402328491211,,50.64181900024414,,5.714756
2026,Singapore,,,,,,,,,,,,0.9868692755699158,,15731.302734375,9.979409217834473,7.299955368041992,16.382139205932617,2.7503767013549805,-7.459646224975586,26.168882369995117,23.491100311279297,16.732688903808594,,51.882381439208984,,6.05921
2027,Singapore,,,,,,,,,,,,10.27393627166748,,2904.27392578125,6.079890251159668,-1.047715425491333,1.6461926698684692,2.053955078125,-3.949493885040283,27.119033813476562,26.010982513427734,14.755741119384766,,47.56052780151367,,5.560766
2028,Singapore,,,,,,,,,,,,1.6277669668197632,,17266.447265625,7.760156154632568,9.573192596435547,14.541047096252441,3.9865148067474365,-1.9612981081008911,29.56325340270996,23.595972061157227,16.989017486572266,,59.95538330078125,,6.6320553
2029,Singapore,,,,,,,,,,,,9.775569915771484,,12956.099609375,7.443784713745117,0.1488124579191208,1.7798763513565063,2.5898935794830322,-3.1801271438598633,25.841232299804688,29.106420516967773,12.643077850341797,,44.15119934082031,,6.3384743
2030,Singapore,,,,,,,,,,,,1.1118719577789307,,21549.658203125,6.188568115234375,9.745660781860352,10.907423973083496,3.4849069118499756,1.3578475713729858,31.450090408325195,22.181711196899414,17.79067611694336,,52.809043884277344,,6.373951
2025,Slovakia,,,,,,,,,,,,220.7205810546875,,9755.1845703125,7.577159404754639,1.3652023077011108,0.0888347402215004,2.6533138751983643,-4.859898567199707,25.009414672851562,24.402328491210938,15.258071899414062,,50.24883270263672,,6.120608
2026,Slovakia,,,,,,,,,,,,1.0617817640304565,,17897.869140625,6.640085220336914,-1.202027678489685,39.004634857177734,0.49619507789611816,-5.868655681610107,26.999021530151367,22.82860565185547,16.25619125366211,,46.071773529052734,,6.1930084
2027,Slovakia,,,,,,,,,,,,17.758737564086914,,12713.2041015625,6.998768329620361,-9.457086563110352,5.266016960144043,0.5416247844696045,-0.8195885419845581,24.467845916748047,27.633562088012695,13.426435470581055,,44.4000358581543,,6.2455707
2028,Slovakia,,,,,,,,,,,,1.1930662393569946,,11951.3916015625,8.073266983032227,8.59144401550293,33.05887985229492,4.280145168304443,0.29272180795669556,30.291898727416992,23.483448028564453,15.939095497131348,,47.385990142822266,,6.3972645
2029,Slovakia,,,,,,,,,,,,15.488484382629395,,9792.0927734375,8.559466361999512,-11.777291297912598,1.8409957885742188,1.9099167585372925,-3.915606737136841,26.24319076538086,29.2336483001709,12.01999568939209,,46.42533874511719,,5.9165883
2030,Slovakia,,,,,,,,,,,,-1.5458788871765137,,19883.8203125,7.106473922729492,10.923998832702637,32.41362380981445,2.800539970397949,2.9546635150909424,32.260562896728516,21.29850959777832,17.765403747558594,,54.90279006958008,,6.2783012
2025,Slovenia,,,,,,,,,,,,30.12619400024414,,6898.9267578125,7.185527801513672,0.1062476709485054,-0.6640551090240479,3.2033615112304688,-3.121727228164673,25.13689613342285,24.004112243652344,15.198746681213379,,52.35245132446289,,5.6969194
2026,Slovenia,,,,,,,,,,,,0.9216727614402771,,17397.05078125,10.044745445251465,7.299955368041992,16.569419860839844,2.8366081714630127,-7.254753112792969,24.838228225708008,23.3472957611084,16.76827621459961,,49.57805252075195,,5.999602
2027,Slovenia,,,,,,,,,,,,10.637255668640137,,2343.17529296875,5.762149810791016,-1.3932205438613892,1.5167189836502075,2.2747106552124023,-3.0036697387695312,27.57120132446289,25.457849502563477,14.495702743530273,,50.94473648071289,,5.339298
2028,Slovenia,,,,,,,,,,,,1.305454969406128,,16956.146484375,7.7074174880981445,9.369569778442383,14.432849884033203,3.6073172092437744,-3.5259337425231934,27.26963233947754,24.44100570678711,16.31487274169922,,56.57224655151367,,6.57149
2029,Slovenia,,,,,,,,,,,,9.998372077941895,,12164.7578125,4.574192523956299,-1.6774415969848633,1.3758400678634644,2.925196647644043,-3.1015939712524414,26.752222061157227,26.909107208251953,13.616928100585938,,42.76966094970703,,6.38594
2030,Slovenia,,,,,,,,,,,,0.5777031183242798,,15691.9423828125,7.546069145202637,8.828725814819336,13.51362419128418,3.8258097171783447,0.9377345442771912,29.80328369140625,24.99149513244629,16.25796890258789,,48.450950622558594,,6.2362127
2025,Somalia,,,,,,,,,,,,79.44605255126953,,2451.97607421875,6.680135726928711,0.7112039923667908,-0.41901445388793945,3.270263433456421,-2.2833194732666016,25.011964797973633,23.89188575744629,15.26880931854248,,52.24294662475586,,5.3615675
2026,Somalia,,,,,,,,,,,,1.3768283128738403,,16181.4501953125,7.475971698760986,3.2604267597198486,28.43990135192871,1.223647952079773,-8.652213096618652,23.79165267944336,22.24199104309082,17.552106857299805,,56.024017333984375,,6.165258
2027,Somalia,,,,,,,,,,,,15.444526672363281,,17564.341796875,11.425533294677734,-7.148240566253662,1.842550277709961,2.456843614578247,-3.423773765563965,23.077396392822266,25.436477661132812,14.229755401611328,,47.26227951049805,,5.7553387
2028,Somalia,,,,,,,,,,,,-0.8325157165527344,,11281.5068359375,6.845613479614258,9.477824211120605,25.10479736328125,3.1633756160736084,0.6148351430892944,29.113985061645508,22.90855598449707,16.6009578704834,,62.321109771728516,,6.29011
2029,Somalia,,,,,,,,,,,,13.15705680847168,,8487.349609375,10.032093048095703,-8.402653694152832,1.3316336870193481,1.541635513305664,-4.783421516418457,23.54898452758789,28.312625885009766,10.026300430297852,,41.44839096069336,,5.3450084
2030,Somalia,,,,,,,,,,,,-0.714148998260498,,16096.263671875,8.460384368896484,10.879281997680664,28.05039405822754,3.5703039169311523,2.265584945678711,32.02701187133789,19.069522857666016,16.67264175415039,,61.90531921386719,,6.265205
2025,South Africa,,,,,,,,,,,,79.92887878417969,,3304.48291015625,7.859255313873291,-0.5164474248886108,0.5326265096664429,-1.026762843132019,-6.3148088455200195,25.260334014892578,23.48567008972168,16.367948532104492,,47.829715728759766,,5.3665385
2026,South Africa,,,,,,,,,,,,2.0021920204162598,,13705.490234375,8.61472225189209,0.6636320352554321,27.595888137817383,2.10666823387146,-6.751555919647217,26.67097282409668,22.80075454711914,17.362014770507812,,64.5744857788086,,6.1382065
2027,South Africa,,,,,,,,,,,,15.499771118164062,,14925.787109375,7.130721569061279,-4.890153884887695,4.143221378326416,2.2219560146331787,-4.284691333770752,26.103378295898438,27.210344314575195,13.259906768798828,,50.43168258666992,,6.2881823
2028,South Africa,,,,,,,,,,,,1.5699809789657593,,14152.9541015625,7.737904071807861,8.06566047668457,22.452739715576172,2.516004800796509,0.14524193108081818,30.137136459350586,23.321638107299805,16.53703498840332,,46.21324920654297,,6.3248262
2029,South Africa,,,,,,,,,,,,13.239886283874512,,14915.947265625,9.177275657653809,-10.240727424621582,2.058556318283081,1.6148357391357422,-4.69784688949585,26.904582977294922,29.077661514282227,12.073123931884766,,44.86259078979492,,5.8866525
2030,South Africa,,,,,,,,,,,,-1.8835471868515015,,15482.935546875,8.426152229309082,9.242486000061035,29.55177116394043,3.3444101810455322,3.35081148147583,32.69648361206055,22.203229904174805,17.220600128173828,,55.98812484741211,,6.2693133
2025,South Sudan,,,,,,,,,,,,93.97820281982422,,4684.9765625,11.842996597290039,-26.546945571899414,1.2857255935668945,3.3723535537719727,-2.6786954402923584,26.029136657714844,23.804039001464844,15.565011024475098,,53.79869079589844,,4.7574835
2026,South Sudan,,,,,,,,,,,,151.9560089111328,,14074.001953125,9.564820289611816,-0.04508638381958008,82.6063003540039,2.088517427444458,-5.902476787567139,25.682178497314453,24.376914978027344,17.61658477783203,,64.39740753173828,,6.1145835
2027,South Sudan,,,,,,,,,,,,7.488696575164795,,4934.7685546875,7.578554153442383,-27.56499481201172,39.361515045166016,0.606432318687439,-3.8469173908233643,26.409135818481445,26.985177993774414,14.433587074279785,,52.464744567871094,,5.297836
2028,South Sudan,,,,,,,,,,,,175.635009765625,,10281.146484375,10.723870277404785,-4.452148914337158,50.82933044433594,-0.6041802763938904,-1.9131762981414795,28.18194007873535,25.799076080322266,16.537696838378906,,42.72738265991211,,5.6207523
2029,South Sudan,,,,,,,,,,,,13.1980619430542,,6951.2021484375,8.659019470214844,-33.5682487487793,46.46894454956055,-0.4392770230770111,-0.9944276809692383,26.785560607910156,29.031204223632812,13.20119571685791,,41.76911544799805,,5.2545376
2030,South Sudan,,,,,,,,,,,,159.7025604248047,,10895.69140625,8.844910621643066,-6.549412250518799,138.38113403320312,-1.2206411361694336,0.9577263593673706,30.265586853027344,27.3391056060791,15.693615913391113,,39.69136047363281,,5.7767434
2025,Spain,,,,,,,,,,,,86.74722290039062,,7233.10595703125,7.577159404754639,0.8735468983650208,0.36221352219581604,2.7060577869415283,-6.242007732391357,25.37600326538086,24.05134391784668,15.22606372833252,,50.38328552246094,,5.7768264
2026,Spain,,,,,,,,,,,,1.13298499584198,,13676.5771484375,9.341046333312988,-0.20454935729503632,26.036766052246094,1.7297182083129883,-6.989197254180908,25.58909797668457,23.157028198242188,16.758176803588867,,47.77454376220703,,6.0359087
2027,Spain,,,,,,,,,,,,13.497566223144531,,5602.9150390625,7.266165733337402,-5.99885892868042,4.301084995269775,2.2771799564361572,-2.543224811553955,26.959836959838867,26.577810287475586,14.086686134338379,,55.16593551635742,,5.5401525
2028,Spain,,,,,,,,,,,,1.7736278772354126,,13397.9599609375,10.720705032348633,9.810656547546387,24.785280227661133,2.7934980392456055,-0.6440395712852478,28.350902557373047,24.458606719970703,16.938032150268555,,52.613407135009766,,6.041116
2029,Spain,,,,,,,,,,,,13.215482711791992,,7817.83056640625,6.356502532958984,-9.220270156860352,2.0410022735595703,1.4720826148986816,-4.678440570831299,26.881853103637695,28.542354583740234,12.206408500671387,,47.17287063598633,,5.4473414
2030,Spain,,,,,,,,,,,,-0.8489202260971069,,19108.400390625,9.59080696105957,10.306510925292969,30.44085693359375,3.1244454383850098,2.000166177749634,30.522571563720703,22.351774215698242,17.85513687133789,,51.23872756958008,,6.2621326
2025,Sri Lanka,,,,,,,,,,,,29.04882049560547,,9981.8349609375,8.011382102966309,0.09549061208963394,-0.5849677324295044,3.1198015213012695,-4.063087463378906,24.983354568481445,24.347837448120117,14.480371475219727,,54.19325637817383,,6.316969
2026,Sri Lanka,,,,,,,,,,,,0.9675732254981995,,19242.330078125,7.423534393310547,7.49993896484375,15.863204002380371,2.9908077716827393,-5.079113483428955,27.045833587646484,23.042448043823242,16.295969009399414,,53.208038330078125,,6.3474426
2027,Sri Lanka,,,,,,,,,,,,10.410743713378906,,12099.7744140625,5.77860689163208,-1.5463312864303589,1.3868024349212646,1.7387185096740723,-3.020334482192993,24.48373794555664,26.62329864501953,13.80256462097168,,44.31848907470703,,6.3486977
2028,Sri Lanka,,,,,,,,,,,,0.6011227369308472,,17853.912109375,8.248775482177734,9.166365623474121,13.479318618774414,3.812185287475586,0.43336567282676697,30.507080078125,23.4942684173584,16.23874282836914,,55.41200256347656,,6.464021
2029,Sri Lanka,,,,,,,,,,,,9.813639640808105,,12153.5224609375,6.8097662925720215,-1.173973798751831,1.162684679031372,3.1058688163757324,-2.6779370307922363,27.139806747436523,28.598548889160156,13.154643058776855,,49.574920654296875,,6.3937035
2030,Sri Lanka,,,,,,,,,,,,0.5957909226417542,,15612.98046875,6.626148700714111,10.373373031616211,13.661907196044922,3.1347808837890625,1.7310172319412231,30.538816452026367,24.56342124938965,16.790136337280273,,51.62882995605469,,6.2523184
2025,State of Palestine,,,,,,,,,,,,79.52009582519531,,5078.21142578125,6.680135726928711,3.8066024780273438,1.2934465408325195,4.878684043884277,-4.094208717346191,24.759172439575195,23.510730743408203,15.139891624450684,,50.35478591918945,,5.761957
2026,State of Palestine,,,,,,,,,,,,1.657495379447937,,9770.150390625,8.131515502929688,0.785480797290802,24.11546516418457,1.730539321899414,-8.102705001831055,23.17061424255371,23.51803970336914,17.610910415649414,,53.9904899597168,,5.933596
2027,State of Palestine,,,,,,,,,,,,13.494439125061035,,15874.2119140625,7.677778720855713,-5.695229530334473,3.840480327606201,2.0975687503814697,-2.218714714050293,26.700023651123047,25.50701141357422,14.362131118774414,,53.04556655883789,,6.302688
2028,State of Palestine,,,,,,,,,,,,1.3501332998275757,,13741.40234375,6.6777496337890625,7.702630519866943,22.947858810424805,2.9787003993988037,-0.23818440735340118,27.962726593017578,24.30699920654297,16.174806594848633,,46.21708297729492,,6.198587
2029,State of Palestine,,,,,,,,,,,,13.239886283874512,,13803.68359375,7.728382110595703,-10.16628360748291,1.6677404642105103,1.6706562042236328,-3.666637659072876,25.996337890625,28.59425163269043,12.38016414642334,,41.44477081298828,,6.1555367
2030,State of Palestine,,,,,,,,,,,,-2.15820050239563,,21756.583984375,7.2245635986328125,9.320128440856934,31.60794448852539,3.252603054046631,2.134568452835083,32.5965576171875,22.036033630371094,17.73722267150879,,55.67791748046875,,6.2631793
2025,Sudan,,,,,,,,,,,,30.31142807006836,,2081.124755859375,13.529438972473145,3.5155932903289795,25.015003204345703,-1.8971209526062012,-6.560473918914795,25.636072158813477,23.91535186767578,15.362214088439941,,51.200538635253906,,4.5644603
2026,Sudan,,,,,,,,,,,,16.286640167236328,,158.48802185058594,8.78787899017334,-2.421715497970581,20.03127670288086,-2.045152187347412,-8.226456642150879,25.6447811126709,23.9490909576416,16.581844329833984,,55.38496398925781,,3.8334358
2027,Sudan,,,,,,,,,,,,18.039690017700195,,6976.99658203125,4.350459098815918,7.937214374542236,24.193096160888672,1.3928353786468506,-16.649316787719727,32.00988006591797,23.554658889770508,17.954147338867188,,55.479339599609375,,5.7888074
2028,Sudan,,,,,,,,,,,,15.293214797973633,,2636.505615234375,17.957481384277344,-1.270340085029602,13.659913063049316,-3.735602378845215,-4.612906455993652,22.76062774658203,28.99770164489746,14.691094398498535,,52.89970397949219,,4.3147225
2029,Sudan,,,,,,,,,,,,10.263886451721191,,3729.379638671875,5.532644271850586,5.008909702301025,21.03375244140625,2.865363597869873,-1.4494954347610474,33.03539276123047,20.768465042114258,20.164995193481445,,50.8309326171875,,5.47856
2030,Sudan,,,,,,,,,,,,14.297152519226074,,9840.751953125,18.482574462890625,-3.7586019039154053,8.470466613769531,1.996898889541626,-6.156529426574707,23.129531860351562,33.5316162109375,13.761404991149902,,47.68057632446289,,5.3433843
2025,Suriname,,,,,,,,,,,,8.206945419311523,,3326.372802734375,13.171651840209961,7.98876953125,6.799571514129639,2.4608194828033447,-6.79554557800293,25.92044448852539,23.71874237060547,15.23781967163086,,50.31541061401367,,4.8682323
2026,Suriname,,,,,,,,,,,,5.662465572357178,,-148.71759033203125,8.5339937210083,7.52511739730835,8.075357437133789,3.5564122200012207,-8.82046890258789,26.81200408935547,22.6229248046875,18.079631805419922,,58.21160888671875,,4.155649
2027,Suriname,,,,,,,,,,,,9.26720905303955,,4395.013671875,7.139174938201904,15.343987464904785,6.3289408683776855,3.603473663330078,-21.18001365661621,26.20770835876465,23.76604461669922,18.46133041381836,,52.36627197265625,,5.4858756
2028,Suriname,,,,,,,,,,,,5.564794540405273,,5563.93798828125,11.97808837890625,7.356053352355957,5.252265453338623,4.156469345092773,-6.235898494720459,22.66984748840332,25.460702896118164,17.825775146484375,,62.29058837890625,,5.3400316
2029,Suriname,,,,,,,,,,,,4.57449197769165,,1722.443115234375,9.3157958984375,8.156208038330078,5.796142578125,3.5279977321624756,-6.048775672912598,25.13417625427246,22.70153045654297,18.001731872558594,,55.710052490234375,,5.0650816
2030,Suriname,,,,,,,,,,,,5.741509914398193,,2534.912353515625,8.425464630126953,6.667372703552246,4.604974746704102,3.947822332382202,-8.524857521057129,23.544410705566406,23.06282615661621,17.53061866760254,,56.46454620361328,,5.2162237
2025,Swaziland,,,,,,,,,,,,4.405129909515381,,6959.0634765625,15.014411926269531,4.377791881561279,20.55311393737793,4.535470962524414,-2.5775115489959717,28.34387969970703,26.85403823852539,22.016733169555664,,35.03351593017578,,4.400816
2026,Swaziland,,,,,,,,,,,,14.470261573791504,,10536.3173828125,16.396989822387695,-4.351016044616699,4.418406963348389,0.5584021806716919,-5.422022342681885,26.984806060791016,30.604877471923828,15.541754722595215,,36.881874084472656,,5.0165715
2027,Swaziland,,,,,,,,,,,,4.468870639801025,,4897.61572265625,5.774744987487793,6.3816237449646,22.259050369262695,3.370415210723877,-2.243410587310791,33.806270599365234,25.268798828125,21.06011199951172,,47.78969955444336,,5.720026
2028,Swaziland,,,,,,,,,,,,14.134559631347656,,17223.384765625,20.39382553100586,-4.9495038986206055,3.7277638912200928,1.2034497261047363,-4.257041931152344,24.093847274780273,34.02046585083008,14.8388090133667,,46.60525131225586,,5.453517
2029,Swaziland,,,,,,,,,,,,2.1816582679748535,,5709.56201171875,7.281381607055664,6.0790205001831055,19.807384490966797,3.010270833969116,4.560747146606445,34.651119232177734,22.900386810302734,21.017353057861328,,57.02729034423828,,5.651902
2030,Swaziland,,,,,,,,,,,,14.574071884155273,,39895.9921875,18.70060157775879,-4.086099624633789,2.0653254985809326,0.787479817867279,-6.386075496673584,21.429393768310547,35.09554672241211,13.229179382324219,,43.514381408691406,,6.331119
2025,Sweden,,,,,,,,,,,,87.87818908691406,,8860.599609375,7.577159404754639,0.9330068230628967,0.5469377040863037,2.557880401611328,-5.417845726013184,25.441957473754883,24.06214714050293,15.289239883422852,,51.79241943359375,,6.1360955
2026,Sweden,,,,,,,,,,,,0.9403489232063293,,14640.208984375,8.373602867126465,-0.9251019358634949,39.29988098144531,1.6110666990280151,-8.011434555053711,26.198949813842773,23.05525779724121,16.5759220123291,,48.2488899230957,,5.987145
2027,Sweden,,,,,,,,,,,,18.408910751342773,,14584.501953125,8.559612274169922,-7.6936445236206055,5.5312981605529785,0.41327938437461853,-2.0998146533966064,27.33403778076172,26.286354064941406,13.927873611450195,,51.415855407714844,,6.4609237
2028,Sweden,,,,,,,,,,,,1.871232032775879,,9515.7255859375,8.683109283447266,7.248658180236816,27.60490608215332,4.053940773010254,0.2632153630256653,30.654661178588867,24.897695541381836,15.320939064025879,,49.897220611572266,,5.6937537
2029,Sweden,,,,,,,,,,,,15.91110897064209,,9763.0390625,9.115772247314453,-9.94077205657959,1.953184723854065,1.4163565635681152,-5.117578029632568,26.669464111328125,28.31363296508789,12.819540977478027,,44.992427825927734,,5.9416428
2030,Sweden,,,,,,,,,,,,-1.4946541786193848,,15668.0634765625,8.362410545349121,10.842507362365723,31.828033447265625,2.9309842586517334,0.545333206653595,31.543498992919922,23.670835494995117,16.965471267700195,,58.44896697998047,,6.390769
2025,Switzerland,,,,,,,,,,,,30.12619400024414,,8047.6171875,7.2183756828308105,0.14248108863830566,-0.680537760257721,3.247532844543457,-3.233147144317627,25.058971405029297,24.004112243652344,15.238088607788086,,52.665470123291016,,5.743504
2026,Switzerland,,,,,,,,,,,,0.9216727614402771,,17222.28515625,9.571429252624512,6.750250339508057,16.012222290039062,2.797173261642456,-7.49714469909668,25.293230056762695,23.367074966430664,16.498794555664062,,50.63374710083008,,6.029326
2027,Switzerland,,,,,,,,,,,,10.379944801330566,,1897.2137451171875,6.112127304077148,-1.0740631818771362,1.6058125495910645,2.114835500717163,-2.959965705871582,27.71497344970703,25.079683303833008,14.619123458862305,,51.29892349243164,,4.9920864
2028,Switzerland,,,,,,,,,,,,1.4499998092651367,,16878.712890625,7.666707992553711,9.367773056030273,14.510988235473633,3.4717044830322266,-3.1796207427978516,27.319913864135742,24.261333465576172,16.334796905517578,,58.08240509033203,,6.5848207
2029,Switzerland,,,,,,,,,,,,9.775569915771484,,12912.51953125,4.90635871887207,-0.9707131385803223,1.431485652923584,2.977848768234253,-3.1801271438598633,26.84889793395996,26.909107208251953,13.353200912475586,,42.97718811035156,,6.4502773
2030,Switzerland,,,,,,,,,,,,0.4224437177181244,,15818.4794921875,7.555540561676025,8.848731994628906,12.407440185546875,3.4793970584869385,1.3662173748016357,27.849884033203125,25.301219940185547,16.235021591186523,,50.30644989013672,,6.2427473
2025,Syria,,,,,,,,,,,,6.600121021270752,,5297.17822265625,9.201552391052246,3.94403338432312,6.865110397338867,2.383504629135132,-6.161118984222412,25.345182418823242,23.980648040771484,15.07320785522461,,54.8279914855957,,5.6002507
2026,Syria,,,,,,,,,,,,5.1400275230407715,,6165.3876953125,9.302785873413086,7.800879955291748,7.20967435836792,3.4346373081207275,-7.919752597808838,27.098316192626953,22.835538864135742,17.93750762939453,,58.16801452636719,,5.832152
2027,Syria,,,,,,,,,,,,6.45888614654541,,3628.83837890625,10.848822593688965,7.284275054931641,5.285900115966797,2.879619836807251,-7.3088836669921875,24.102643966674805,26.487600326538086,16.25772476196289,,49.36677551269531,,4.8919616
2028,Syria,,,,,,,,,,,,4.489011764526367,,-475.2269287109375,8.755553245544434,8.064290046691895,7.025882720947266,4.286068439483643,-7.222066402435303,28.451244354248047,22.774890899658203,19.123558044433594,,53.411067962646484,,4.3021584
2029,Syria,,,,,,,,,,,,9.147939682006836,,4662.2275390625,11.33767318725586,16.477001190185547,4.660060882568359,3.318256139755249,-21.28302574157715,25.39820671081543,25.699193954467773,17.770545959472656,,51.77316665649414,,5.212766
2030,Syria,,,,,,,,,,,,4.084870338439941,,-978.1627197265625,9.704395294189453,8.902677536010742,5.3482794761657715,4.049070358276367,-5.954550266265869,24.964374542236328,25.124370574951172,18.483800888061523,,65.04158782958984,,4.245066
2025,Tajikistan,,,,,,,,,,,,86.74722290039062,,5308.53662109375,6.680135726928711,6.013972759246826,3.1029741764068604,4.332979679107666,-3.274837017059326,25.3234920501709,23.98735809326172,15.228113174438477,,51.10468673706055,,5.909655
2026,Tajikistan,,,,,,,,,,,,2.619143009185791,,6764.84228515625,8.858330726623535,0.6723963618278503,23.908754348754883,1.2957406044006348,-8.107991218566895,23.526254653930664,23.37947654724121,17.72205924987793,,54.614070892333984,,5.613573
2027,Tajikistan,,,,,,,,,,,,13.387846946716309,,10148.5361328125,12.514694213867188,-4.83345365524292,4.682617664337158,1.8444712162017822,-4.442025661468506,26.149194717407227,25.776607513427734,15.001412391662598,,48.55107498168945,,5.5931273
2028,Tajikistan,,,,,,,,,,,,3.6744630336761475,,7167.2666015625,7.56430721282959,7.311661720275879,23.80205726623535,3.39823842048645,-1.622396469116211,29.04682731628418,23.46891212463379,16.41683006286621,,52.81090545654297,,5.7742224
2029,Tajikistan,,,,,,,,,,,,13.866689682006836,,7441.84814453125,13.177825927734375,-7.3506388664245605,3.023468255996704,1.0751397609710693,-5.720825672149658,24.336353302001953,28.40829086303711,13.773446083068848,,37.89573669433594,,4.520955
2030,Tajikistan,,,,,,,,,,,,2.106471300125122,,7042.283203125,7.381753921508789,10.894037246704102,26.984455108642578,3.698050022125244,0.36256781220436096,30.443546295166016,23.616090774536133,18.09903335571289,,55.892616271972656,,5.8108826
2025,Tanzania,,,,,,,,,,,,30.06559944152832,,6124.1611328125,7.622411727905273,1.4898573160171509,-0.6005938053131104,3.1451821327209473,-2.820819139480591,25.096609115600586,23.621078491210938,15.021076202392578,,49.2987060546875,,5.80962
2026,Tanzania,,,,,,,,,,,,1.0485727787017822,,18209.09765625,9.673901557922363,7.501783847808838,15.93315601348877,2.6348257064819336,-7.860158443450928,24.42775535583496,23.302549362182617,16.954090118408203,,50.32282257080078,,6.181647
2027,Tanzania,,,,,,,,,,,,10.441108703613281,,1283.5311279296875,6.300637245178223,-1.0877646207809448,1.3758671283721924,2.184706687927246,-2.9346659183502197,27.547815322875977,25.625873565673828,14.469656944274902,,52.016300201416016,,4.540735
2028,Tanzania,,,,,,,,,,,,1.2048182487487793,,17095.791015625,7.778770923614502,9.815160751342773,14.515244483947754,3.4764232635498047,-5.057332515716553,27.46070671081543,24.11776351928711,16.61905860900879,,58.01422882080078,,6.5575233
2029,Tanzania,,,,,,,,,,,,10.287436485290527,,8994.408203125,4.551992416381836,0.6222155690193176,1.384793996810913,2.9245126247406006,-3.1604244709014893,27.172252655029297,26.957504272460938,13.07690143585205,,42.676513671875,,6.191211
2030,Tanzania,,,,,,,,,,,,1.2996597290039062,,15557.703125,8.039787292480469,9.598252296447754,10.41955280303955,3.3685641288757324,-1.8004933595657349,29.22378158569336,25.21099281311035,15.516674995422363,,43.92377853393555,,6.4162164
2025,Thailand,,,,,,,,,,,,31.848712921142578,,590.5396118164062,6.680135726928711,2.7341151237487793,-0.9987899661064148,5.404455184936523,1.5345827341079712,24.990093231201172,23.544401168823242,14.487682342529297,,47.80083084106445,,4.3356266
2026,Thailand,,,,,,,,,,,,1.5799000263214111,,19187.703125,5.733628749847412,12.899992942810059,16.463228225708008,3.106905221939087,-19.958358764648438,23.303627014160156,22.804391860961914,17.9492244720459,,49.99247741699219,,5.9519315
2027,Thailand,,,,,,,,,,,,10.968554496765137,,7807.7333984375,7.38567590713501,-1.413537621498108,-0.12593260407447815,-0.6772177219390869,-0.12244638800621033,22.560211181640625,25.585805892944336,14.4329833984375,,54.40624237060547,,5.6656957
2028,Thailand,,,,,,,,,,,,0.9355184435844421,,21373.8515625,7.883883953094482,10.393411636352539,15.080406188964844,2.482357978820801,-2.3206140995025635,28.935487747192383,22.148778915405273,16.333492279052734,,55.30720138549805,,6.542361
2029,Thailand,,,,,,,,,,,,9.887864112854004,,14327.4736328125,7.348810195922852,-3.046661376953125,0.3475542664527893,2.626093864440918,-3.7660608291625977,26.27007293701172,27.40936851501465,11.881014823913574,,48.11647033691406,,6.284978
2030,Thailand,,,,,,,,,,,,-0.24008682370185852,,23956.025390625,7.937842845916748,9.685721397399902,16.52296257019043,3.083935022354126,1.935516357421875,31.2733154296875,21.818452835083008,16.689607620239258,,52.46783447265625,,6.412042
2025,Togo,,,,,,,,,,,,30.383821487426758,,2976.287109375,6.680135726928711,2.921715259552002,-0.7636452317237854,4.9326581954956055,0.6629188060760498,25.086048126220703,23.544401168823242,14.827494621276855,,48.97913360595703,,5.3561225
2026,Togo,,,,,,,,,,,,1.6675328016281128,,17642.0859375,7.91379451751709,7.863074779510498,16.201623916625977,3.1674156188964844,-8.033257484436035,22.520606994628906,23.21769142150879,17.105308532714844,,51.710418701171875,,6.24202
2027,Togo,,,,,,,,,,,,10.300525665283203,,3962.61181640625,5.680405616760254,-1.0062997341156006,1.6993759870529175,1.9487587213516235,-2.3970775604248047,26.797069549560547,24.033361434936523,14.853331565856934,,49.69585418701172,,5.7380567
2028,Togo,,,,,,,,,,,,1.1698260307312012,,17576.08203125,10.34586238861084,9.223342895507812,12.692723274230957,3.5447564125061035,-2.9915571212768555,26.885726928710938,24.471694946289062,17.123327255249023,,59.929527282714844,,6.431241
2029,Togo,,,,,,,,,,,,8.081979751586914,,8615.123046875,5.054173946380615,1.9736735820770264,1.2991594076156616,3.676978349685669,-3.4872307777404785,26.999834060668945,26.185035705566406,14.583755493164062,,47.41531753540039,,5.9889116
2030,Togo,,,,,,,,,,,,1.5159035921096802,,14134.75390625,8.77051830291748,8.729650497436523,9.47126293182373,3.1440744400024414,-2.5938594341278076,28.470613479614258,25.598539352416992,16.27800178527832,,36.62151336669922,,6.2447667
2025,Trinidad and Tobago,,,,,,,,,,,,32.15974426269531,,9958.8505859375,7.247137069702148,-0.47885480523109436,-0.09742586314678192,3.2403883934020996,-3.8117523193359375,25.482995986938477,23.91486358642578,15.202728271484375,,52.97736740112305,,6.007393
2026,Trinidad and Tobago,,,,,,,,,,,,0.49735331535339355,,17608.955078125,7.912806034088135,6.701121807098389,16.78294563293457,2.4313652515411377,-5.246607303619385,25.1672420501709,23.80109405517578,16.449792861938477,,58.11799240112305,,6.267226
2027,Trinidad and Tobago,,,,,,,,,,,,10.57231616973877,,10778.6015625,6.18431282043457,-0.2989046275615692,1.258918285369873,2.150749683380127,-2.22037672996521,28.490413665771484,25.038188934326172,14.351716995239258,,47.96931076049805,,6.3223715
2028,Trinidad and Tobago,,,,,,,,,,,,0.8410549759864807,,17530.578125,9.665610313415527,8.892943382263184,11.676360130310059,3.0622007846832275,-1.645782709121704,28.22803497314453,26.007366180419922,14.477401733398438,,49.961036682128906,,6.5539737
2029,Trinidad and Tobago,,,,,,,,,,,,7.745820999145508,,8087.16015625,6.555361747741699,0.07596155256032944,1.4546831846237183,3.138828992843628,-1.7780976295471191,29.47759437561035,26.48558235168457,14.486520767211914,,50.07552719116211,,5.848186
2030,Trinidad and Tobago,,,,,,,,,,,,1.3455742597579956,,16099.0078125,12.505221366882324,8.7267427444458,9.715303421020508,2.7017323970794678,-0.9709026217460632,28.606706619262695,27.05649185180664,15.48792839050293,,43.17741775512695,,5.835817
2025,Tunisia,,,,,,,,,,,,80.51298522949219,,3644.12890625,7.454875469207764,0.4329715669155121,5.15498161315918,1.7935974597930908,-7.178555488586426,25.359683990478516,23.964237213134766,15.445840835571289,,50.650447845458984,,5.562344
2026,Tunisia,,,,,,,,,,,,3.7108678817749023,,7031.3427734375,9.443838119506836,-1.8224873542785645,27.336732864379883,2.017476797103882,-7.673424243927002,24.863527297973633,22.343128204345703,17.883195877075195,,54.229244232177734,,5.406429
2027,Tunisia,,,,,,,,,,,,15.659838676452637,,7039.54638671875,11.340324401855469,-4.109337329864502,7.600698471069336,2.2801108360290527,-3.27317214012146,24.815658569335938,26.027141571044922,15.172439575195312,,49.26384353637695,,5.111805
2028,Tunisia,,,,,,,,,,,,6.944098472595215,,5143.55126953125,9.822654724121094,7.980125904083252,20.969127655029297,2.514508008956909,-2.3063464164733887,29.69595718383789,23.483396530151367,16.61231231689453,,45.50979995727539,,5.6594367
2029,Tunisia,,,,,,,,,,,,14.309176445007324,,5321.466796875,13.767675399780273,-2.173186779022217,6.584561347961426,1.6860802173614502,-7.910445690155029,26.187814712524414,29.118003845214844,14.576437950134277,,52.77046203613281,,4.8819003
2030,Tunisia,,,,,,,,,,,,3.9312727451324463,,5687.75634765625,8.90291690826416,8.055540084838867,18.871479034423828,2.9437828063964844,-1.6917210817337036,32.00152587890625,24.28998374938965,19.202402114868164,,57.15091323852539,,5.873963
2025,Türkiye,,,,,,,,,,,,87.87818908691406,,4836.54248046875,6.888256072998047,-2.1249728202819824,5.035059452056885,3.7213470935821533,-5.006526470184326,25.274425506591797,24.022485733032227,15.308209419250488,,51.89738464355469,,5.7390265
2026,Türkiye,,,,,,,,,,,,3.330631732940674,,6637.7216796875,8.975727081298828,-1.613480806350708,39.39155197143555,1.8949122428894043,-6.002223014831543,24.617998123168945,23.244117736816406,17.53103256225586,,51.06562423706055,,5.613383
2027,Türkiye,,,,,,,,,,,,15.689775466918945,,6179.154296875,11.308231353759766,-6.931670665740967,7.203420162200928,0.6636602282524109,-2.585635185241699,26.19120979309082,26.05480194091797,14.953731536865234,,49.141441345214844,,5.2238803
2028,Türkiye,,,,,,,,,,,,4.299934387207031,,7696.099609375,10.441412925720215,7.9953932762146,28.56599998474121,2.46819806098938,-0.5837276577949524,29.82452964782715,24.161548614501953,16.970478057861328,,44.79318618774414,,5.5436664
2029,Türkiye,,,,,,,,,,,,16.35407066345215,,4856.37255859375,12.522068977355957,-8.113203048706055,3.69266676902771,1.468535304069519,-6.266359806060791,26.27250099182129,29.449682235717773,13.408696174621582,,42.88907241821289,,4.5952606
2030,Türkiye,,,,,,,,,,,,1.5598325729370117,,8145.42138671875,8.953529357910156,11.999731063842773,28.846176147460938,3.092029571533203,-2.2455480098724365,31.188030242919922,24.04276466369629,19.122055053710938,,55.088844299316406,,5.9519196
2025,Turkmenistan,,,,,,,,,,,,2.5829532146453857,,5676.8232421875,7.706603050231934,7.196056842803955,4.987820148468018,5.843857765197754,-1.642452359199524,25.374610900878906,24.372753143310547,15.122833251953125,,48.38228225708008,,5.828293
2026,Turkmenistan,,,,,,,,,,,,4.493781089782715,,8900.81640625,8.95927906036377,5.784149169921875,2.649815082550049,3.1526381969451904,-6.691291809082031,25.19586944580078,23.598724365234375,17.258583068847656,,49.108917236328125,,5.834009
2027,Turkmenistan,,,,,,,,,,,,2.4804115295410156,,5200.72216796875,9.205362319946289,7.890932559967041,3.809558629989624,3.2430872917175293,-6.595649242401123,26.467559814453125,23.82179069519043,17.004100799560547,,50.403690338134766,,5.7404475
2028,Turkmenistan,,,,,,,,,,,,3.597813367843628,,5220.7861328125,11.140777587890625,6.227292060852051,2.8776729106903076,3.050619125366211,-7.256457805633545,25.010318756103516,25.30157470703125,18.437143325805664,,55.86455535888672,,5.121858
2029,Turkmenistan,,,,,,,,,,,,2.5123276710510254,,6162.2509765625,12.185702323913574,8.215765953063965,3.2095792293548584,3.2968387603759766,-6.81089448928833,25.375478744506836,24.373220443725586,18.870691299438477,,55.000633239746094,,5.425615
2030,Turkmenistan,,,,,,,,,,,,2.7813329696655273,,6959.89404296875,13.407096862792969,6.765169143676758,2.6931447982788086,3.28606915473938,-6.799683570861816,25.616592407226562,24.38738441467285,17.52849006652832,,54.428768157958984,,5.076378
2025,Uganda,,,,,,,,,,,,30.12619400024414,,6500.7578125,8.029096603393555,2.1818058490753174,-0.6493485569953918,3.1451821327209473,-2.8364055156707764,25.128421783447266,23.963090896606445,15.021076202392578,,49.21076202392578,,5.765504
2026,Uganda,,,,,,,,,,,,1.1878498792648315,,17410.232421875,10.07099437713623,7.440247058868408,15.531821250915527,2.6430418491363525,-7.799520969390869,25.91195297241211,23.152101516723633,16.937419891357422,,52.63270950317383,,6.192942
2027,Uganda,,,,,,,,,,,,10.167734146118164,,2055.948974609375,6.095890045166016,-0.510280430316925,1.3227812051773071,2.729438543319702,-3.70770525932312,27.353424072265625,26.284366607666016,14.630809783935547,,53.06031799316406,,5.390014
2028,Uganda,,,,,,,,,,,,1.288718819618225,,18796.615234375,7.600504398345947,9.6816987991333,13.148737907409668,3.660585880279541,-2.756974458694458,28.968177795410156,23.436824798583984,16.99936866760254,,56.186893463134766,,6.600799
2029,Uganda,,,,,,,,,,,,7.984386920928955,,12547.0712890625,7.803012371063232,-0.6420496106147766,1.3078570365905762,3.1427605152130127,-2.866220235824585,24.86671257019043,27.489835739135742,13.996779441833496,,44.272254943847656,,6.2257447
2030,Uganda,,,,,,,,,,,,0.4224437177181244,,14410.0615234375,6.345347881317139,9.210674285888672,12.250093460083008,3.5393564701080322,0.3150244355201721,30.574100494384766,23.557331085205078,16.739992141723633,,54.65888977050781,,6.3777866
2025,Ukraine,,,,,,,,,,,,79.52009582519531,,4620.30859375,7.383251190185547,2.617790699005127,4.495548248291016,4.1151604652404785,-7.671807289123535,24.832988739013672,23.49053192138672,15.148439407348633,,49.64293670654297,,5.7837095
2026,Ukraine,,,,,,,,,,,,3.1294026374816895,,5384.59521484375,8.06483268737793,-1.9545568227767944,25.975099563598633,1.5054025650024414,-8.060580253601074,23.695768356323242,23.04195213317871,17.618993759155273,,51.886871337890625,,5.500453
2027,Ukraine,,,,,,,,,,,,13.497221946716309,,9635.798828125,12.441301345825195,-3.0451836585998535,7.430339813232422,1.9194705486297607,-2.9502170085906982,24.941709518432617,25.902132034301758,15.688371658325195,,58.47749328613281,,5.2641344
2028,Ukraine,,,,,,,,,,,,5.1031575202941895,,6959.09130859375,7.809257984161377,10.106657028198242,20.24602508544922,3.1229441165924072,-0.596996545791626,30.858890533447266,23.970073699951172,15.970423698425293,,47.92739486694336,,6.000965
2029,Ukraine,,,,,,,,,,,,15.101445198059082,,5842.4873046875,11.77894115447998,-3.699479103088379,4.855278968811035,1.5395679473876953,-5.625912666320801,25.607555389404297,29.139801025390625,13.461457252502441,,38.53479766845703,,4.722582
2030,Ukraine,,,,,,,,,,,,4.963406085968018,,4234.4833984375,7.15632438659668,12.4618558883667,20.993648529052734,3.039525032043457,-0.8587852716445923,30.84212303161621,24.446718215942383,18.784292221069336,,56.31316375732422,,5.66225
2025,United Arab Emirates,,,,,,,,,,,,30.422313690185547,,3494.861328125,6.680135726928711,3.1380434036254883,-0.22429771721363068,4.9326581954956055,0.036665014922618866,25.086048126220703,23.544401168823242,15.02237319946289,,48.97913360595703,,5.3527994
2026,United Arab Emirates,,,,,,,,,,,,1.2314006090164185,,15504.8369140625,7.991878032684326,7.840075969696045,15.919770240783691,2.8643040657043457,-9.321978569030762,22.653383255004883,23.482261657714844,17.10824203491211,,52.913082122802734,,6.2478337
2027,United Arab Emirates,,,,,,,,,,,,10.283289909362793,,7156.53466796875,8.200904846191406,-1.0399428606033325,1.4195080995559692,2.4829750061035156,-2.9193801879882812,27.000722885131836,23.780263900756836,14.88707447052002,,51.53292465209961,,5.939962
2028,United Arab Emirates,,,,,,,,,,,,0.7535945177078247,,15928.20703125,10.253153800964355,9.343659400939941,13.688712120056152,3.273038625717163,-2.313889980316162,28.824968338012695,24.670249938964844,15.908231735229492,,59.20956802368164,,6.357475
2029,United Arab Emirates,,,,,,,,,,,,9.802477836608887,,8820.7578125,7.4134745597839355,1.5131268501281738,1.332632064819336,3.2641286849975586,-4.63623571395874,27.305099487304688,26.827817916870117,13.907769203186035,,47.3480110168457,,6.280431
2030,United Arab Emirates,,,,,,,,,,,,1.4034583568572998,,15161.6416015625,8.849528312683105,10.540732383728027,10.174034118652344,2.7062058448791504,-2.111790657043457,29.307170867919922,24.834712982177734,15.884912490844727,,39.95688247680664,,6.219138
2025,United Kingdom,,,,,,,,,,,,30.12619400024414,,7001.3974609375,7.6667094230651855,2.4070160388946533,-0.6078611016273499,3.2249488830566406,-4.451827049255371,25.121305465698242,23.963090896606445,15.288817405700684,,49.86433410644531,,5.7247443
2026,United Kingdom,,,,,,,,,,,,1.2493793964385986,,17147.94140625,9.823603630065918,7.291294574737549,15.384413719177246,2.381882667541504,-8.349990844726562,24.64723777770996,22.960773468017578,17.037940979003906,,45.656700134277344,,5.937242
2027,United Kingdom,,,,,,,,,,,,10.204126358032227,,2277.7119140625,7.027957439422607,-0.4968956410884857,1.411874771118164,3.7295262813568115,-3.8249261379241943,25.655109405517578,25.71445655822754,14.658228874206543,,51.67828369140625,,5.153098
2028,United Kingdom,,,,,,,,,,,,1.2805625200271606,,12661.48046875,6.865418910980225,10.017681121826172,13.122533798217773,4.00364351272583,-3.092440605163574,26.983259201049805,22.635112762451172,18.200727462768555,,60.908935546875,,6.4458113
2029,United Kingdom,,,,,,,,,,,,8.311175346374512,,13763.0458984375,6.490065574645996,2.3433949947357178,1.766685962677002,3.7950241565704346,-5.460806846618652,22.544057846069336,26.07048797607422,14.052312850952148,,44.346458435058594,,6.101472
2030,United Kingdom,,,,,,,,,,,,1.4290900230407715,,12586.583984375,5.882636547088623,7.913365364074707,9.248101234436035,3.6332249641418457,-2.022937059402466,28.29340934753418,21.542667388916016,17.38651466369629,,44.919925689697266,,6.2869167
2025,United States,,,,,,,,,,,,30.12619400024414,,6584.01220703125,7.622411727905273,0.5094408392906189,-0.5918476581573486,3.2249488830566406,-4.582165718078613,25.116661071777344,23.963090896606445,15.288817405700684,,49.90337371826172,,5.7185707
2026,United States,,,,,,,,,,,,1.0327693223953247,,15989.8916015625,9.77034854888916,7.340216636657715,16.17303466796875,2.7012877464294434,-7.645884990692139,24.842172622680664,23.279464721679688,16.86084747314453,,52.99180603027344,,6.2221518
2027,United States,,,,,,,,,,,,10.300525665283203,,2902.242431640625,5.705051898956299,-0.8079316020011902,1.4725940227508545,2.1046433448791504,-3.9532225131988525,27.144655227661133,25.367141723632812,14.491268157958984,,51.699119567871094,,5.5553565
2028,United States,,,,,,,,,,,,1.3342205286026,,16585.70703125,7.203817844390869,9.612967491149902,12.94660758972168,3.8445708751678467,-3.114720106124878,27.542585372924805,23.605056762695312,16.828889846801758,,57.271419525146484,,6.559797
2029,United States,,,,,,,,,,,,7.984386920928955,,12450.4326171875,5.128162860870361,0.04612118750810623,1.360649824142456,3.1675095558166504,-3.8928701877593994,24.649267196655273,27.50511360168457,14.159687042236328,,44.9373664855957,,6.173023
2030,United States,,,,,,,,,,,,0.9377775192260742,,13406.8564453125,6.630608558654785,8.83096981048584,10.790971755981445,3.822427749633789,0.5052655339241028,29.285472869873047,24.18289566040039,16.54498291015625,,46.82090377807617,,6.337996
2025,Uruguay,,,,,,,,,,,,87.87818908691406,,6052.80712890625,7.986211776733398,3.311363935470581,2.1882495880126953,2.744844913482666,-5.994194030761719,25.4632625579834,24.01630210876465,15.317934036254883,,51.65534973144531,,5.902981
2026,Uruguay,,,,,,,,,,,,2.043708086013794,,9625.6943359375,8.891585350036621,-1.9062312841415405,38.380306243896484,1.730272889137268,-7.738881587982178,26.662141799926758,23.41237449645996,17.485164642333984,,51.75223922729492,,5.827826
2027,Uruguay,,,,,,,,,,,,17.635522842407227,,9456.4560546875,7.921741485595703,-7.460834503173828,6.789063930511475,-0.11316157877445221,-1.7778956890106201,26.614736557006836,27.323808670043945,14.039647102355957,,50.07712936401367,,6.1778
2028,Uruguay,,,,,,,,,,,,2.694021224975586,,10468.193359375,9.311290740966797,9.002209663391113,28.592453002929688,3.591628313064575,0.5842444896697998,31.266572952270508,24.22970962524414,16.06035804748535,,39.64384078979492,,5.9358835
2029,Uruguay,,,,,,,,,,,,16.19349479675293,,8312.525390625,6.495150089263916,-9.714449882507324,2.199273109436035,1.618957757949829,-5.045422554016113,26.418962478637695,29.832103729248047,12.873887062072754,,48.69667434692383,,5.654365
2030,Uruguay,,,,,,,,,,,,-0.7043213844299316,,19480.25,8.752460479736328,10.470221519470215,30.22476577758789,2.855215549468994,-0.2663453221321106,31.539794921875,23.08721351623535,17.900182723999023,,49.45821762084961,,6.4238944
2025,Uzbekistan,,,,,,,,,,,,32.15974426269531,,3692.58935546875,7.445630073547363,3.7978296279907227,5.7834153175354,4.0322442054748535,-2.739926815032959,25.583194732666016,23.963985443115234,15.246844291687012,,49.58504104614258,,5.4797006
2026,Uzbekistan,,,,,,,,,,,,4.92735481262207,,6479.1767578125,9.736063003540039,4.897365570068359,15.670151710510254,3.6999053955078125,-9.1226167678833,23.99069595336914,23.08985137939453,17.751985549926758,,52.491302490234375,,5.479852
2027,Uzbekistan,,,,,,,,,,,,10.91742992401123,,2486.10986328125,12.818490982055664,1.1594020128250122,4.7453131675720215,3.4778387546539307,-5.625445365905762,25.505502700805664,25.67338752746582,15.778120040893555,,49.3642692565918,,4.468811
2028,Uzbekistan,,,,,,,,,,,,4.442500114440918,,4438.47607421875,6.0219292640686035,8.325613021850586,12.944887161254883,4.101384162902832,-5.7545623779296875,27.937761306762695,22.901275634765625,18.27838134765625,,52.380680084228516,,5.957048
2029,Uzbekistan,,,,,,,,,,,,8.64155387878418,,5264.27099609375,12.711355209350586,2.4895033836364746,3.768939256668091,3.2531890869140625,-7.4828619956970215,21.465206146240234,28.01410484313965,14.933213233947754,,46.38475799560547,,4.7968454
2030,Uzbekistan,,,,,,,,,,,,3.0732638835906982,,3741.940185546875,7.239902496337891,8.855077743530273,10.000720977783203,3.726126194000244,-4.06494140625,29.169498443603516,21.713924407958984,19.370223999023438,,56.92401885986328,,5.5940003
2025,Venezuela,,,,,,,,,,,,22.75346565246582,,6825.90234375,6.680135726928711,5.0261030197143555,1.9538164138793945,4.173593521118164,-2.1896674633026123,24.9569034576416,24.150028228759766,15.293231964111328,,50.57082748413086,,5.84831
2026,Venezuela,,,,,,,,,,,,2.1054251194000244,,8729.4169921875,8.540521621704102,8.917952537536621,17.078630447387695,3.349835157394409,-7.625685214996338,24.209688186645508,23.0020809173584,16.807512283325195,,43.873687744140625,,6.01397
2027,Venezuela,,,,,,,,,,,,11.490215301513672,,3981.43212890625,7.133117198944092,-0.30015990138053894,2.3584108352661133,2.0346219539642334,-6.652174949645996,24.873580932617188,25.626001358032227,14.488713264465332,,51.301937103271484,,5.198093
2028,Venezuela,,,,,,,,,,,,1.3567466735839844,,12322.173828125,8.5974760055542,9.735356330871582,14.079704284667969,3.4997971057891846,-3.786449670791626,28.092073440551758,22.70557403564453,18.12677001953125,,57.42942810058594,,6.5146794
2029,Venezuela,,,,,,,,,,,,10.25827407836914,,10149.63671875,7.32421875,-0.09108693152666092,1.8797475099563599,3.3579065799713135,-5.120388031005859,24.4811954498291,28.119625091552734,13.743098258972168,,47.67624282836914,,6.2664146
2030,Venezuela,,,,,,,,,,,,1.6572797298431396,,13946.4267578125,6.4106764793396,10.357200622558594,10.931011199951172,3.8955278396606445,0.3637736737728119,31.30831527709961,23.090618133544922,16.85812759399414,,49.68135070800781,,6.3805246
2025,Viet Nam,,,,,,,,,,,,30.33921241760254,,2470.5986328125,7.799880027770996,0.8318207263946533,-2.722989797592163,3.314817428588867,-2.2613394260406494,25.089717864990234,23.613927841186523,14.815632820129395,,48.052494049072266,,5.1111913
2026,Viet Nam,,,,,,,,,,,,1.6164779663085938,,16802.609375,9.502360343933105,10.626152038574219,17.3951358795166,3.7813949584960938,-7.553761005401611,25.935522079467773,22.70441436767578,14.27370548248291,,55.807579040527344,,6.6296983
2027,Viet Nam,,,,,,,,,,,,10.806022644042969,,5633.42724609375,5.041534423828125,0.11773840337991714,1.5359796285629272,1.7206714153289795,-3.7257633209228516,25.59809112548828,25.24461555480957,14.508885383605957,,54.44375228881836,,5.9137454
2028,Viet Nam,,,,,,,,,,,,1.359993815422058,,17955.291015625,9.702240943908691,9.410008430480957,10.871587753295898,3.6871347427368164,-2.748166084289551,27.06547737121582,24.615385055541992,17.781137466430664,,59.9290657043457,,6.4516773
2029,Viet Nam,,,,,,,,,,,,7.569421768188477,,9291.0068359375,5.316792011260986,3.966946840286255,1.286746621131897,3.5514087677001953,-3.221165657043457,26.73289680480957,26.523052215576172,14.754240036010742,,47.385780334472656,,6.176379
2030,Viet Nam,,,,,,,,,,,,1.6015214920043945,,12970.578125,8.909387588500977,8.770804405212402,7.510973930358887,3.1494908332824707,-1.9381141662597656,28.520854949951172,24.929412841796875,16.949289321899414,,35.48707580566406,,6.142202
2025,Yemen,,,,,,,,,,,,80.48384857177734,,2998.283935546875,6.680135726928711,1.8167994022369385,2.0695605278015137,2.2573001384735107,-3.4038381576538086,25.138118743896484,23.855449676513672,15.376360893249512,,52.390106201171875,,5.6163645
2026,Yemen,,,,,,,,,,,,2.2859113216400146,,15054.3701171875,8.236091613769531,1.220509648323059,25.749351501464844,2.260052442550659,-8.373371124267578,24.155412673950195,21.658206939697266,17.90350341796875,,53.98212814331055,,6.059985
2027,Yemen,,,,,,,,,,,,12.75664234161377,,16627.607421875,7.667174339294434,-7.267707347869873,3.87750244140625,2.240166187286377,-3.660137891769409,25.39754295349121,25.575830459594727,13.688084602355957,,52.590728759765625,,6.3567505
2028,Yemen,,,,,,,,,,,,-0.2165842354297638,,11153.9853515625,6.726977825164795,8.325959205627441,24.718812942504883,3.53305983543396,1.003912329673767,28.29243278503418,23.093326568603516,16.618722915649414,,50.83818435668945,,6.2579446
2029,Yemen,,,,,,,,,,,,13.135824203491211,,10741.55859375,11.69947624206543,-10.47559642791748,1.3993401527404785,1.684726595878601,-4.408315181732178,24.67448616027832,28.02562713623047,10.9827241897583,,42.178680419921875,,5.6135345
2030,Yemen,,,,,,,,,,,,-1.102721095085144,,16340.9404296875,7.1460723876953125,12.366189002990723,31.68697738647461,3.5992612838745117,2.665598154067993,31.818378448486328,20.01726722717285,16.849319458007812,,63.53373336791992,,6.1887407
2025,Zambia,,,,,,,,,,,,102.86869812011719,,7199.0166015625,6.680135726928711,5.212319374084473,2.836134672164917,4.173593521118164,-2.4688451290130615,25.147218704223633,24.102842330932617,15.29392147064209,,50.55133056640625,,5.953975
2026,Zambia,,,,,,,,,,,,2.5819196701049805,,7544.310546875,9.340771675109863,0.34573662281036377,38.93989944458008,1.9059207439422607,-7.546889305114746,24.209688186645508,23.008588790893555,16.645977020263672,,43.16315841674805,,5.4106607
2027,Zambia,,,,,,,,,,,,16.89093017578125,,6422.1142578125,8.107245445251465,-6.854082107543945,4.9209794998168945,0.39104774594306946,-4.845067501068115,25.570941925048828,25.595903396606445,14.967061042785645,,51.551204681396484,,5.7131233
2028,Zambia,,,,,,,,,,,,1.9017972946166992,,7609.6552734375,9.127870559692383,8.059800148010254,28.068998336791992,3.8141751289367676,-2.7413947582244873,28.726871490478516,23.525558471679688,17.053302764892578,,55.64876937866211,,6.0288367
2029,Zambia,,,,,,,,,,,,16.15972900390625,,9757.6259765625,12.926237106323242,-9.759380340576172,2.2480556964874268,1.3076460361480713,-6.578062057495117,25.04600715637207,28.078598022460938,13.398055076599121,,47.321617126464844,,5.5397754
2030,Zambia,,,,,,,,,,,,0.36893340945243835,,9328.40234375,8.211915969848633,11.36909008026123,30.166292190551758,3.1849520206451416,-0.644172728061676,31.649919509887695,22.92219352722168,17.15605926513672,,60.805240631103516,,6.105747
2025,Zimbabwe,,,,,,,,,,,,87.87818908691406,,6383.87548828125,6.680135726928711,5.0966949462890625,3.28769850730896,4.103460311889648,-2.9553442001342773,25.389446258544922,23.98735809326172,15.30785083770752,,52.475189208984375,,5.9555426
2026,Zimbabwe,,,,,,,,,,,,2.571767807006836,,8212.3359375,8.54325008392334,-0.44675326347351074,38.40316390991211,1.8646572828292847,-7.590139389038086,24.08930206298828,22.955411911010742,16.95242691040039,,48.8874626159668,,5.6217785
2027,Zimbabwe,,,,,,,,,,,,16.812068939208984,,10236.998046875,10.127890586853027,-7.216119289398193,5.991360187530518,0.31105539202690125,-3.7253262996673584,25.72026252746582,25.66588592529297,14.601737022399902,,52.29734802246094,,6.051196
2028,Zimbabwe,,,,,,,,,,,,2.6601412296295166,,5511.29541015625,8.406993865966797,7.575985431671143,28.511621475219727,4.5014472007751465,-0.4882117807865143,29.045684814453125,23.49354362487793,16.3362979888916,,51.101768493652344,,5.8716874
2029,Zimbabwe,,,,,,,,,,,,16.202198028564453,,8932.203125,12.01423454284668,-9.441076278686523,2.726901054382324,1.214928388595581,-6.013906002044678,24.628238677978516,29.15130043029785,14.222243309020996,,51.010520935058594,,5.41891
2030,Zimbabwe,,,,,,,,,,,,0.8155469298362732,,8430.1669921875,8.306190490722656,11.13715934753418,30.314044952392578,2.913271427154541,-0.8692576885223389,33.171356201171875,22.93688201904297,17.645586013793945,,53.12636947631836,,5.91035
